Date,Adv,Dec,Unch,Net,ADLine,Coverage,Index
2016-01-04,58,403,3,-345,-345,464,2012.66
2016-01-05,288,170,6,118,-227,464,2016.71
2016-01-06,79,380,5,-301,-528,464,1990.26
2016-01-07,28,433,3,-405,-933,464,1943.09
2016-01-08,67,393,4,-326,-1259,464,1922.03
2016-01-11,248,213,3,35,-1224,464,1923.67
2016-01-12,334,117,13,217,-1007,464,1938.68
2016-01-13,29,431,4,-402,-1409,464,1890.28
2016-01-14,383,77,4,306,-1103,464,1921.84
2016-01-15,43,417,4,-374,-1477,464,1880.33
2016-01-19,226,232,6,-6,-1483,464,1881.33
2016-01-20,110,351,3,-241,-1724,464,1859.33
2016-01-21,267,190,7,77,-1647,464,1868.99
2016-01-22,428,32,4,396,-1251,464,1906.90
2016-01-25,49,411,4,-362,-1613,464,1877.08
2016-01-26,409,53,2,356,-1257,464,1903.63
2016-01-27,118,341,5,-223,-1480,464,1882.95
2016-01-28,264,194,6,70,-1410,464,1893.36
2016-01-29,443,18,3,425,-985,464,1940.24
2016-02-01,241,216,7,25,-960,464,1939.38
2016-02-02,51,410,3,-359,-1319,464,1903.03
2016-02-03,300,159,5,141,-1178,464,1912.53
2016-02-04,293,167,4,126,-1052,464,1915.45
2016-02-05,90,369,5,-279,-1331,464,1880.05
2016-02-08,97,365,2,-268,-1599,464,1853.44
2016-02-09,248,211,5,37,-1562,464,1852.21
2016-02-10,264,196,4,68,-1494,464,1851.86
2016-02-11,69,391,4,-322,-1816,464,1829.08
2016-02-12,414,47,3,367,-1449,464,1864.78
2016-02-16,440,19,5,421,-1028,464,1895.58
2016-02-17,398,63,3,335,-693,464,1926.82
2016-02-18,182,274,8,-92,-785,464,1917.83
2016-02-19,250,209,5,41,-744,464,1917.78
2016-02-22,423,37,4,386,-358,464,1945.50
2016-02-23,99,360,5,-261,-619,464,1921.27
2016-02-24,312,146,6,166,-453,464,1929.80
2016-02-25,411,51,2,360,-93,464,1951.70
2016-02-26,246,211,7,35,-58,464,1948.05
2016-02-29,127,331,6,-204,-262,464,1932.23
2016-03-01,423,37,4,386,124,464,1978.35
2016-03-02,310,150,4,160,284,464,1986.45
2016-03-03,331,130,3,201,485,464,1993.40
2016-03-04,281,178,5,103,588,464,1999.99
2016-03-07,259,200,5,59,647,464,2001.76
2016-03-08,95,367,2,-272,375,464,1979.26
2016-03-09,312,147,5,165,540,464,1989.26
2016-03-10,226,232,6,-6,534,464,1989.57
2016-03-11,428,32,4,396,930,464,2022.19
2016-03-14,186,273,5,-87,843,464,2019.64
2016-03-15,173,286,5,-113,730,464,2015.93
2016-03-16,363,97,4,266,996,464,2027.22
2016-03-17,359,101,4,258,1254,464,2040.59
2016-03-18,294,165,5,129,1383,464,2049.58
2016-03-21,212,245,7,-33,1350,464,2051.60
2016-03-22,214,243,7,-29,1321,464,2049.80
2016-03-23,112,348,4,-236,1085,464,2036.71
2016-03-24,213,245,6,-32,1053,464,2035.94
2016-03-28,265,192,7,73,1126,464,2037.05
2016-03-29,404,55,5,349,1475,464,2055.01
2016-03-30,282,173,9,109,1584,464,2063.95
2016-03-31,230,227,7,3,1587,464,2059.74
2016-04-01,346,115,3,231,1818,464,2072.78
2016-04-04,115,344,5,-229,1589,464,2066.13
2016-04-05,60,401,3,-341,1248,464,2045.17
2016-04-06,376,83,5,293,1541,464,2066.66
2016-04-07,55,406,3,-351,1190,464,2041.91
2016-04-08,331,131,2,200,1390,464,2047.60
2016-04-11,173,287,4,-114,1276,464,2041.99
2016-04-12,377,80,7,297,1573,464,2061.72
2016-04-13,368,90,6,278,1851,464,2082.42
2016-04-14,186,276,2,-90,1761,464,2082.78
2016-04-15,258,200,6,58,1819,464,2080.73
2016-04-18,385,71,8,314,2133,464,2094.34
2016-04-19,283,174,7,109,2242,464,2100.80
2016-04-20,231,225,8,6,2248,464,2102.40
2016-04-21,130,330,4,-200,2048,464,2091.48
2016-04-22,332,126,6,206,2254,464,2091.58
2016-04-25,175,284,5,-109,2145,464,2087.79
2016-04-26,343,115,6,228,2373,464,2091.70
2016-04-27,327,133,4,194,2567,464,2095.15
2016-04-28,95,363,6,-268,2299,464,2075.81
2016-04-29,132,326,6,-194,2105,464,2065.30
2016-05-02,381,77,6,304,2409,464,2081.43
2016-05-03,80,379,5,-299,2110,464,2063.37
2016-05-04,150,305,9,-155,1955,464,2051.12
2016-05-05,234,220,10,14,1969,464,2050.63
2016-05-06,313,147,4,166,2135,464,2057.14
2016-05-09,271,188,5,83,2218,464,2058.69
2016-05-10,414,45,5,369,2587,464,2084.39
2016-05-11,79,378,7,-299,2288,464,2064.46
2016-05-12,259,201,4,58,2346,464,2064.11
2016-05-13,72,386,6,-314,2032,464,2046.61
2016-05-16,401,58,5,343,2375,464,2066.66
2016-05-17,85,373,6,-288,2087,464,2047.21
2016-05-18,221,235,8,-14,2073,464,2047.63
2016-05-19,144,314,6,-170,1903,464,2040.04
2016-05-20,387,73,4,314,2217,464,2052.32
2016-05-23,183,273,8,-90,2127,464,2048.04
2016-05-24,430,30,4,400,2527,464,2076.06
2016-05-25,298,160,6,138,2665,464,2090.54
2016-05-26,224,236,4,-12,2653,464,2090.10
2016-05-27,380,77,7,303,2956,464,2099.06
2016-05-31,221,236,7,-15,2941,464,2096.95
2016-06-01,305,151,8,154,3095,464,2099.33
2016-06-02,326,132,6,194,3289,464,2105.26
2016-06-03,172,287,5,-115,3174,464,2099.13
2016-06-06,314,148,2,166,3340,464,2109.41
2016-06-07,265,195,4,70,3410,464,2112.13
2016-06-08,317,140,7,177,3587,464,2119.12
2016-06-09,203,254,7,-51,3536,464,2115.48
2016-06-10,47,412,5,-365,3171,464,2096.07
2016-06-13,61,397,6,-336,2835,464,2079.06
2016-06-14,206,254,4,-48,2787,464,2075.32
2016-06-15,205,253,6,-48,2739,464,2071.50
2016-06-16,297,162,5,135,2874,464,2077.99
2016-06-17,201,259,4,-58,2816,464,2071.22
2016-06-20,382,78,4,304,3120,464,2083.25
2016-06-21,281,176,7,105,3225,464,2088.90
2016-06-22,187,271,6,-84,3141,464,2085.45
2016-06-23,434,28,2,406,3547,464,2113.32
2016-06-24,41,421,2,-380,3167,464,2037.41
2016-06-27,76,385,3,-309,2858,464,2000.54
2016-06-28,430,32,2,398,3256,464,2036.09
2016-06-29,440,22,2,418,3674,464,2070.77
2016-06-30,419,39,6,380,4054,464,2098.86
2016-07-01,250,207,7,43,4097,464,2102.95
2016-07-05,138,321,5,-183,3914,464,2088.55
2016-07-06,344,113,8,231,4145,465,2099.73
2016-07-07,250,204,11,46,4191,465,2097.90
2016-07-08,453,8,4,445,4636,465,2129.90
2016-07-11,322,136,7,186,4822,465,2137.16
2016-07-12,325,133,7,192,5014,465,2152.14
2016-07-13,244,217,4,27,5041,465,2152.43
2016-07-14,308,152,5,156,5197,465,2163.75
2016-07-15,211,246,8,-35,5162,465,2161.74
2016-07-18,264,196,5,68,5230,465,2166.89
2016-07-19,191,261,13,-70,5160,465,2163.78
2016-07-20,322,137,6,185,5345,465,2173.02
2016-07-21,128,331,6,-203,5142,465,2165.17
2016-07-22,384,77,4,307,5449,465,2175.03
2016-07-25,191,264,10,-73,5376,465,2168.48
2016-07-26,279,182,4,97,5473,465,2169.18
2016-07-27,150,310,5,-160,5313,465,2166.58
2016-07-28,266,191,8,75,5388,465,2170.06
2016-07-29,252,207,6,45,5433,465,2173.60
2016-08-01,218,238,9,-20,5413,465,2170.84
2016-08-02,73,386,6,-313,5100,465,2157.03
2016-08-03,293,168,4,125,5225,465,2163.79
2016-08-04,258,199,8,59,5284,465,2164.25
2016-08-05,363,98,4,265,5549,465,2182.87
2016-08-08,189,268,8,-79,5470,465,2180.89
2016-08-09,254,200,11,54,5524,465,2181.74
2016-08-10,198,260,7,-62,5462,465,2175.49
2016-08-11,339,117,9,222,5684,465,2185.79
2016-08-12,185,268,12,-83,5601,465,2184.05
2016-08-15,312,147,6,165,5766,465,2190.15
2016-08-16,79,379,7,-300,5466,465,2178.15
2016-08-17,280,180,5,100,5566,465,2182.22
2016-08-18,308,153,5,155,5721,466,2187.02
2016-08-19,233,224,9,9,5730,466,2183.87
2016-08-22,254,202,10,52,5782,466,2182.64
2016-08-23,285,173,8,112,5894,466,2186.90
2016-08-24,105,353,8,-248,5646,466,2175.44
2016-08-25,284,176,6,108,5754,466,2172.47
2016-08-26,183,276,7,-93,5661,466,2169.04
2016-08-29,389,67,10,322,5983,466,2180.38
2016-08-30,188,272,6,-84,5899,466,2176.12
2016-08-31,181,274,11,-93,5806,466,2170.95
2016-09-01,232,229,5,3,5809,466,2170.86
2016-09-02,371,91,4,280,6089,466,2179.98
2016-09-06,255,208,3,47,6136,466,2186.48
2016-09-07,248,211,7,37,6173,466,2186.16
2016-09-08,162,299,5,-137,6036,466,2181.30
2016-09-09,11,452,3,-441,5595,466,2127.81
2016-09-12,447,16,3,431,6026,466,2159.04
2016-09-13,22,441,3,-419,5607,466,2127.02
2016-09-14,199,260,7,-61,5546,466,2125.77
2016-09-15,436,27,3,409,5955,466,2147.26
2016-09-16,145,316,5,-171,5784,466,2139.16
2016-09-19,318,139,9,179,5963,466,2139.12
2016-09-20,213,242,11,-29,5934,466,2139.76
2016-09-21,434,27,5,407,6341,466,2163.12
2016-09-22,382,79,5,303,6644,466,2177.18
2016-09-23,113,348,5,-235,6409,466,2164.69
2016-09-26,87,375,4,-288,6121,466,2146.10
2016-09-27,346,117,3,229,6350,466,2159.93
2016-09-28,320,140,6,180,6530,466,2171.37
2016-09-29,68,394,4,-326,6204,466,2151.13
2016-09-30,364,98,4,266,6470,466,2168.27
2016-10-03,137,321,8,-184,6286,466,2161.20
2016-10-04,120,344,2,-224,6062,466,2150.49
2016-10-05,293,167,6,126,6188,466,2159.73
2016-10-06,256,206,5,50,6238,467,2160.77
2016-10-07,111,347,9,-236,6002,467,2153.74
2016-10-10,339,121,7,218,6220,467,2163.66
2016-10-11,19,445,3,-426,5794,467,2136.73
2016-10-12,296,165,6,131,5925,467,2139.18
2016-10-13,163,298,6,-135,5790,467,2132.55
2016-10-14,234,222,11,12,5802,467,2132.98
2016-10-17,162,299,6,-137,5665,467,2126.50
2016-10-18,375,89,3,286,5951,467,2139.60
2016-10-19,287,174,6,113,6064,467,2144.29
2016-10-20,166,295,6,-129,5935,467,2141.34
2016-10-21,176,282,9,-106,5829,467,2141.16
2016-10-24,356,106,5,250,6079,467,2151.33
2016-10-25,144,315,8,-171,5908,467,2143.16
2016-10-26,222,236,9,-14,5894,467,2139.43
2016-10-27,131,331,5,-200,5694,467,2133.04
2016-10-28,265,193,9,72,5766,467,2126.41
2016-10-31,291,172,4,119,5885,467,2126.15
2016-11-01,84,378,5,-294,5591,467,2111.72
2016-11-02,113,349,6,-236,5355,468,2097.94
2016-11-03,204,255,9,-51,5304,468,2088.66
2016-11-04,225,235,8,-10,5294,468,2085.18
2016-11-07,450,15,3,435,5729,468,2131.52
2016-11-08,334,130,4,204,5933,468,2139.56
2016-11-09,293,169,6,124,6057,468,2163.26
2016-11-10,256,209,3,47,6104,468,2167.48
2016-11-11,254,205,9,49,6153,468,2164.45
2016-11-14,296,165,7,131,6284,468,2164.20
2016-11-15,319,142,7,177,6461,468,2180.39
2016-11-16,180,280,8,-100,6361,468,2176.94
2016-11-17,306,151,11,155,6516,468,2187.12
2016-11-18,197,263,8,-66,6450,468,2181.90
2016-11-21,351,111,6,240,6690,468,2198.18
2016-11-22,279,181,8,98,6788,468,2202.94
2016-11-23,274,190,4,84,6872,468,2204.72
2016-11-25,358,97,13,261,7133,468,2213.35
2016-11-28,128,337,3,-209,6924,468,2201.72
2016-11-29,274,183,11,91,7015,468,2204.66
2016-11-30,162,304,2,-142,6873,468,2198.81
2016-12-01,170,292,6,-122,6751,468,2191.08
2016-12-02,254,208,6,46,6797,468,2191.95
2016-12-05,345,116,7,229,7026,468,2204.71
2016-12-06,317,144,7,173,7199,468,2212.23
2016-12-07,401,63,4,338,7537,468,2241.35
2016-12-08,307,156,5,151,7688,468,2246.19
2016-12-09,275,191,2,84,7772,468,2259.53
2016-12-12,199,264,5,-65,7707,468,2256.96
2016-12-13,317,141,10,176,7883,468,2271.72
2016-12-14,79,384,5,-305,7578,468,2253.28
2016-12-15,323,141,4,182,7760,468,2262.03
2016-12-16,187,272,9,-85,7675,468,2258.07
2016-12-19,282,179,7,103,7778,468,2262.53
2016-12-20,321,142,5,179,7957,468,2270.76
2016-12-21,137,320,11,-183,7774,468,2265.18
2016-12-22,174,280,14,-106,7668,468,2260.96
2016-12-23,304,151,13,153,7821,468,2263.79
2016-12-27,334,125,9,209,8030,468,2268.88
2016-12-28,21,443,4,-422,7608,468,2249.92
2016-12-29,263,199,6,64,7672,468,2249.26
2016-12-30,104,359,5,-255,7417,468,2238.83
2017-01-03,345,118,5,227,7644,468,2257.83
2017-01-04,395,69,4,326,7970,468,2270.75
2017-01-05,185,277,6,-92,7878,468,2269.00
2017-01-06,288,174,6,114,7992,468,2276.98
2017-01-09,141,321,6,-180,7812,468,2268.90
2017-01-10,259,201,8,58,7870,468,2268.90
2017-01-11,309,154,5,155,8025,468,2275.32
2017-01-12,165,295,8,-130,7895,468,2270.44
2017-01-13,297,162,9,135,8030,468,2274.64
2017-01-17,181,282,5,-101,7929,468,2267.89
2017-01-18,319,142,7,177,8106,468,2271.89
2017-01-19,116,347,5,-231,7875,468,2263.69
2017-01-20,330,134,4,196,8071,468,2271.31
2017-01-23,161,301,6,-140,7931,468,2265.20
2017-01-24,378,86,4,292,8223,468,2280.07
2017-01-25,349,112,7,237,8460,468,2298.37
2017-01-26,182,282,4,-100,8360,468,2296.68
2017-01-27,201,262,5,-61,8299,468,2294.69
2017-01-30,112,352,4,-240,8059,468,2280.90
2017-01-31,237,227,4,10,8069,468,2278.87
2017-02-01,190,271,7,-81,7988,468,2279.55
2017-02-02,267,195,7,72,8060,469,2280.85
2017-02-03,392,73,4,319,8379,469,2297.42
2017-02-06,170,293,6,-123,8256,469,2292.56
2017-02-07,255,206,8,49,8305,469,2293.08
2017-02-08,273,189,7,84,8389,469,2294.67
2017-02-09,354,108,7,246,8635,469,2307.87
2017-02-10,335,130,4,205,8840,469,2316.10
2017-02-13,349,116,4,233,9073,469,2328.25
2017-02-14,261,201,7,60,9133,469,2337.58
2017-02-15,337,127,5,210,9343,469,2349.25
2017-02-16,217,246,6,-29,9314,469,2347.22
2017-02-17,287,174,8,113,9427,469,2351.16
2017-02-21,372,92,5,280,9707,469,2365.38
2017-02-22,184,272,13,-88,9619,469,2362.82
2017-02-23,226,238,5,-12,9607,469,2363.81
2017-02-24,311,151,7,160,9767,469,2367.34
2017-02-27,271,191,7,80,9847,469,2369.75
2017-02-28,147,316,6,-169,9678,469,2363.64
2017-03-01,387,77,5,310,9988,469,2395.96
2017-03-02,115,349,5,-234,9754,469,2381.92
2017-03-03,234,225,10,9,9763,469,2383.12
2017-03-06,119,343,7,-224,9539,469,2375.31
2017-03-07,139,323,7,-184,9355,469,2368.39
2017-03-08,205,255,9,-50,9305,469,2362.98
2017-03-09,202,260,7,-58,9247,469,2364.87
2017-03-10,336,125,8,211,9458,469,2372.60
2017-03-13,300,162,7,138,9596,469,2373.47
2017-03-14,120,343,6,-223,9373,469,2365.45
2017-03-15,411,57,1,354,9727,469,2385.26
2017-03-16,182,278,9,-96,9631,469,2381.38
2017-03-17,263,196,10,67,9698,469,2378.25
2017-03-20,154,306,9,-152,9546,469,2373.47
2017-03-21,65,403,1,-338,9208,469,2344.02
2017-03-22,322,139,8,183,9391,469,2348.45
2017-03-23,228,233,8,-5,9386,469,2345.96
2017-03-24,203,255,11,-52,9334,469,2343.98
2017-03-27,196,262,11,-66,9268,469,2341.59
2017-03-28,371,90,8,281,9549,469,2358.57
2017-03-29,220,240,9,-20,9529,469,2361.13
2017-03-30,299,164,6,135,9664,469,2368.06
2017-03-31,203,260,6,-57,9607,469,2362.72
2017-04-03,143,316,10,-173,9434,469,2358.84
2017-04-04,228,235,6,-7,9427,469,2360.16
2017-04-05,150,312,7,-162,9265,469,2352.95
2017-04-06,333,130,6,203,9468,469,2357.49
2017-04-07,179,279,11,-100,9368,469,2355.54
2017-04-10,267,194,8,73,9441,469,2357.16
2017-04-11,229,232,8,-3,9438,469,2353.78
2017-04-12,122,339,8,-217,9221,469,2344.93
2017-04-13,58,406,5,-348,8873,469,2328.95
2017-04-17,434,30,5,404,9277,469,2349.01
2017-04-18,211,254,4,-43,9234,469,2342.19
2017-04-19,242,223,4,19,9253,469,2338.17
2017-04-20,368,99,2,269,9522,469,2355.84
2017-04-21,163,300,6,-137,9385,469,2348.69
2017-04-24,411,53,5,358,9743,469,2374.15
2017-04-25,348,116,5,232,9975,469,2388.61
2017-04-26,236,227,6,9,9984,469,2387.45
2017-04-27,289,174,6,115,10099,469,2388.77
2017-04-28,136,328,5,-192,9907,469,2384.20
2017-05-01,246,213,11,33,9940,470,2388.33
2017-05-02,264,202,4,62,10002,470,2391.17
2017-05-03,188,277,5,-89,9913,470,2388.13
2017-05-04,280,182,8,98,10011,470,2389.52
2017-05-05,346,118,6,228,10239,470,2399.29
2017-05-08,153,310,7,-157,10082,470,2399.38
2017-05-09,219,245,6,-26,10056,470,2396.92
2017-05-10,294,171,5,123,10179,470,2399.63
2017-05-11,164,298,8,-134,10045,470,2394.44
2017-05-12,157,307,6,-150,9895,470,2390.90
2017-05-15,395,71,5,324,10219,471,2402.32
2017-05-16,213,252,6,-39,10180,471,2400.67
2017-05-17,73,393,5,-320,9860,471,2357.03
2017-05-18,309,157,5,152,10012,471,2365.72
2017-05-19,391,76,4,315,10327,471,2381.73
2017-05-22,380,84,7,296,10623,471,2394.02
2017-05-23,273,189,9,84,10707,471,2398.42
2017-05-24,317,148,6,169,10876,471,2404.39
2017-05-25,342,124,5,218,11094,471,2415.07
2017-05-26,235,226,10,9,11103,471,2415.82
2017-05-30,217,247,7,-30,11073,471,2412.91
2017-05-31,284,181,6,103,11176,471,2411.80
2017-06-01,411,54,6,357,11533,471,2430.06
2017-06-02,292,173,6,119,11652,471,2439.07
2017-06-05,169,299,3,-130,11522,471,2436.10
2017-06-06,132,332,7,-200,11322,471,2429.33
2017-06-07,293,173,5,120,11442,471,2433.14
2017-06-08,250,214,7,36,11478,471,2433.79
2017-06-09,269,198,4,71,11549,471,2431.77
2017-06-12,237,231,3,6,11555,471,2429.39
2017-06-13,375,94,2,281,11836,471,2440.35
2017-06-14,237,229,5,8,11844,471,2437.92
2017-06-15,232,236,3,-4,11840,471,2432.46
2017-06-16,262,201,8,61,11901,471,2433.15
2017-06-19,356,107,8,249,12150,471,2453.46
2017-06-20,97,368,6,-271,11879,471,2437.03
2017-06-21,182,285,4,-103,11776,471,2435.61
2017-06-22,201,262,8,-61,11715,471,2434.50
2017-06-23,301,165,5,136,11851,471,2438.30
2017-06-26,268,196,7,72,11923,471,2439.07
2017-06-27,81,383,7,-302,11621,471,2419.38
2017-06-28,383,83,5,300,11921,471,2440.69
2017-06-29,74,392,5,-318,11603,471,2419.70
2017-06-30,296,171,4,125,11728,471,2423.41
2017-07-03,259,204,8,55,11783,471,2429.01
2017-07-05,257,206,8,51,11834,471,2432.54
2017-07-06,47,420,4,-373,11461,471,2409.75
2017-07-07,399,69,3,330,11791,471,2425.18
2017-07-10,231,233,7,-2,11789,471,2427.43
2017-07-11,218,246,7,-28,11761,471,2425.53
2017-07-12,397,69,5,328,12089,471,2443.25
2017-07-13,235,230,6,5,12094,471,2447.83
2017-07-14,348,120,3,228,12322,471,2459.27
2017-07-17,263,201,7,62,12384,471,2459.14
2017-07-18,206,256,9,-50,12334,471,2460.61
2017-07-19,383,81,7,302,12636,471,2473.83
2017-07-20,242,221,8,21,12657,471,2473.45
2017-07-21,253,212,6,41,12698,471,2472.54
2017-07-24,236,227,8,9,12707,471,2469.91
2017-07-25,295,172,4,123,12830,471,2477.13
2017-07-26,206,259,6,-53,12777,471,2477.83
2017-07-27,199,267,5,-68,12709,471,2475.42
2017-07-28,234,232,5,2,12711,471,2472.10
2017-07-31,228,232,11,-4,12707,471,2470.30
2017-08-01,305,162,4,143,12850,471,2476.35
2017-08-02,190,277,4,-87,12763,471,2477.57
2017-08-03,223,236,12,-13,12750,471,2472.16
2017-08-04,269,195,7,74,12824,471,2476.83
2017-08-07,263,201,7,62,12886,471,2480.91
2017-08-08,154,307,10,-153,12733,471,2474.92
2017-08-09,200,261,10,-61,12672,471,2474.02
2017-08-10,48,420,3,-372,12300,471,2438.21
2017-08-11,244,220,7,24,12324,471,2441.32
2017-08-14,421,47,3,374,12698,471,2465.84
2017-08-15,223,242,6,-19,12679,471,2464.61
2017-08-16,310,152,9,158,12837,471,2468.11
2017-08-17,22,443,6,-421,12416,471,2430.01
2017-08-18,191,274,6,-83,12333,471,2425.55
2017-08-21,267,192,12,75,12408,471,2428.37
2017-08-22,406,62,3,344,12752,471,2452.51
2017-08-23,156,310,5,-154,12598,471,2444.04
2017-08-24,204,260,7,-56,12542,471,2438.97
2017-08-25,317,146,8,171,12713,471,2443.05
2017-08-28,242,223,6,19,12732,471,2444.24
2017-08-29,207,258,6,-51,12681,471,2446.30
2017-08-30,337,128,6,209,12890,471,2457.59
2017-08-31,358,109,4,249,13139,471,2471.65
2017-09-01,296,169,6,127,13266,471,2476.55
2017-09-05,137,331,3,-194,13072,471,2457.85
2017-09-06,270,195,6,75,13147,471,2465.54
2017-09-07,270,196,5,74,13221,471,2465.10
2017-09-08,261,206,4,55,13276,471,2461.43
2017-09-11,413,55,3,358,13634,471,2488.11
2017-09-12,290,175,6,115,13749,471,2496.48
2017-09-13,198,270,3,-72,13677,471,2498.37
2017-09-14,239,224,8,15,13692,471,2495.62
2017-09-15,303,164,4,139,13831,471,2500.23
2017-09-18,294,168,9,126,13957,471,2503.87
2017-09-19,244,224,3,20,13977,471,2506.65
2017-09-20,264,202,5,62,14039,471,2508.24
2017-09-21,171,292,8,-121,13918,471,2500.60
2017-09-22,273,194,4,79,13997,471,2502.22
2017-09-25,235,231,5,4,14001,471,2496.66
2017-09-26,229,237,5,-8,13993,471,2496.84
2017-09-27,307,160,4,147,14140,471,2507.04
2017-09-28,278,183,10,95,14235,471,2510.06
2017-09-29,305,157,9,148,14383,471,2519.36
2017-10-02,345,119,7,226,14609,471,2529.12
2017-10-03,277,186,8,91,14700,471,2534.58
2017-10-04,308,154,9,154,14854,471,2537.74
2017-10-05,323,141,7,182,15036,471,2552.07
2017-10-06,222,239,10,-17,15019,471,2549.33
2017-10-09,208,255,8,-47,14972,471,2544.73
2017-10-10,295,165,11,130,15102,471,2550.64
2017-10-11,287,180,4,107,15209,471,2555.24
2017-10-12,281,184,6,97,15306,471,2550.93
2017-10-13,266,198,7,68,15374,471,2553.17
2017-10-16,241,225,5,16,15390,471,2557.64
2017-10-17,208,254,9,-46,15344,471,2559.36
2017-10-18,251,209,11,42,15386,471,2561.26
2017-10-19,272,191,8,81,15467,471,2562.10
2017-10-20,354,107,10,247,15714,471,2575.21
2017-10-23,185,279,7,-94,15620,471,2564.98
2017-10-24,289,179,3,110,15730,471,2569.13
2017-10-25,125,341,5,-216,15514,471,2557.15
2017-10-26,311,155,5,156,15670,471,2560.40
2017-10-27,281,185,5,96,15766,471,2581.07
2017-10-30,133,333,5,-200,15566,471,2572.83
2017-10-31,276,189,6,87,15653,471,2575.26
2017-11-01,235,231,5,4,15657,471,2579.36
2017-11-02,258,206,7,52,15709,471,2579.85
2017-11-03,278,187,6,91,15800,471,2587.84
2017-11-06,250,217,4,33,15833,471,2591.13
2017-11-07,239,226,6,13,15846,471,2590.64
2017-11-08,279,183,9,96,15942,471,2594.38
2017-11-09,157,307,7,-150,15792,471,2584.62
2017-11-10,228,238,5,-10,15782,471,2582.30
2017-11-13,268,198,5,70,15852,471,2584.84
2017-11-14,244,220,7,24,15876,471,2578.87
2017-11-15,115,350,6,-235,15641,471,2564.62
2017-11-16,364,102,5,262,15903,471,2585.64
2017-11-17,225,238,8,-13,15890,471,2578.85
2017-11-20,293,171,7,122,16012,471,2582.14
2017-11-21,348,112,11,236,16248,471,2599.03
2017-11-22,171,291,9,-120,16128,471,2597.08
2017-11-24,286,175,10,111,16239,471,2602.42
2017-11-27,231,232,8,-1,16238,471,2601.42
2017-11-28,377,88,6,289,16527,471,2627.04
2017-11-29,258,209,4,49,16576,471,2626.07
2017-11-30,365,103,3,262,16838,471,2647.58
2017-12-01,174,295,2,-121,16717,471,2642.22
2017-12-04,247,220,4,27,16744,471,2639.44
2017-12-05,132,333,6,-201,16543,471,2629.57
2017-12-06,229,234,8,-5,16538,471,2629.27
2017-12-07,332,132,7,200,16738,471,2636.98
2017-12-08,378,88,5,290,17028,471,2651.50
2017-12-11,248,217,6,31,17059,471,2659.99
2017-12-12,209,255,7,-46,17013,471,2664.11
2017-12-13,237,230,4,7,17020,471,2662.85
2017-12-14,119,348,4,-229,16791,471,2652.01
2017-12-15,406,62,3,344,17135,471,2675.81
2017-12-18,327,137,7,190,17325,471,2690.16
2017-12-19,181,284,6,-103,17222,471,2681.47
2017-12-20,191,274,6,-83,17139,471,2679.25
2017-12-21,223,238,10,-15,17124,471,2684.57
2017-12-22,236,230,5,6,17130,471,2683.34
2017-12-26,233,230,8,3,17133,471,2680.50
2017-12-27,294,168,9,126,17259,471,2682.62
2017-12-28,337,127,7,210,17469,471,2687.54
2017-12-29,85,378,8,-293,17176,471,2673.61
2018-01-02,302,164,5,138,17314,471,2695.81
2018-01-03,335,133,4,202,17516,472,2713.06
2018-01-04,306,159,7,147,17663,472,2723.99
2018-01-05,338,129,5,209,17872,472,2743.15
2018-01-08,325,139,8,186,18058,472,2747.71
2018-01-09,239,228,5,11,18069,472,2751.29
2018-01-10,172,299,1,-127,17942,472,2748.23
2018-01-11,356,110,6,246,18188,472,2767.56
2018-01-12,323,144,5,179,18367,472,2786.24
2018-01-16,155,313,4,-158,18209,472,2776.42
2018-01-17,405,63,4,342,18551,472,2802.56
2018-01-18,182,287,3,-105,18446,472,2798.03
2018-01-19,360,104,8,256,18702,472,2810.30
2018-01-22,331,136,5,195,18897,472,2832.97
2018-01-23,267,201,4,66,18963,472,2839.13
2018-01-24,221,244,7,-23,18940,472,2837.54
2018-01-25,249,218,5,31,18971,472,2839.25
2018-01-26,379,89,4,290,19261,472,2872.87
2018-01-29,97,371,4,-274,18987,472,2853.53
2018-01-30,93,377,2,-284,18703,472,2822.43
2018-01-31,248,218,6,30,18733,472,2823.81
2018-02-01,205,264,3,-59,18674,472,2821.98
2018-02-02,26,443,3,-417,18257,472,2762.13
2018-02-05,3,467,2,-464,17793,472,2648.94
2018-02-06,359,108,5,251,18044,472,2695.14
2018-02-07,199,266,7,-67,17977,472,2681.66
2018-02-08,14,455,3,-441,17536,472,2581.00
2018-02-09,392,78,2,314,17850,472,2619.55
2018-02-12,397,70,5,327,18177,472,2656.00
2018-02-13,311,157,4,154,18331,472,2662.94
2018-02-14,376,91,5,285,18616,472,2698.63
2018-02-15,387,81,4,306,18922,472,2731.20
2018-02-16,267,204,1,63,18985,472,2732.22
2018-02-20,141,327,4,-186,18799,472,2716.26
2018-02-21,158,309,5,-151,18648,472,2701.33
2018-02-22,246,219,7,27,18675,472,2703.96
2018-02-23,435,36,1,399,19074,472,2747.30
2018-02-26,352,117,3,235,19309,472,2779.60
2018-02-27,56,415,1,-359,18950,472,2744.28
2018-02-28,82,388,2,-306,18644,472,2713.83
2018-03-01,112,358,2,-246,18398,472,2677.67
2018-03-02,335,134,3,201,18599,472,2691.25
2018-03-05,407,63,2,344,18943,472,2720.94
2018-03-06,328,141,3,187,19130,472,2728.12
2018-03-07,253,212,7,41,19171,472,2726.80
2018-03-08,312,153,7,159,19330,472,2738.97
2018-03-09,429,39,4,390,19720,472,2786.57
2018-03-12,202,264,6,-62,19658,472,2783.02
2018-03-13,167,300,5,-133,19525,472,2765.31
2018-03-14,143,323,6,-180,19345,472,2749.48
2018-03-15,213,249,10,-36,19309,472,2747.33
2018-03-16,335,133,4,202,19511,472,2752.01
2018-03-19,47,421,4,-374,19137,472,2712.92
2018-03-20,286,177,9,109,19246,472,2716.94
2018-03-21,198,271,3,-73,19173,472,2711.93
2018-03-22,43,427,2,-384,18789,472,2643.69
2018-03-23,30,440,2,-410,18379,472,2588.26
2018-03-26,452,17,3,435,18814,472,2658.55
2018-03-27,86,382,4,-296,18518,472,2612.62
2018-03-28,198,271,3,-73,18445,472,2605.00
2018-03-29,414,53,5,361,18806,472,2640.87
2018-04-02,15,453,4,-438,18368,472,2581.88
2018-04-03,426,43,3,383,18751,472,2614.45
2018-04-04,407,62,3,345,19096,472,2644.69
2018-04-05,358,109,5,249,19345,472,2662.84
2018-04-06,13,457,2,-444,18901,472,2604.47
2018-04-09,284,181,7,103,19004,472,2613.16
2018-04-10,402,69,1,333,19337,472,2656.87
2018-04-11,136,329,7,-193,19144,472,2642.19
2018-04-12,334,136,2,198,19342,472,2663.99
2018-04-13,183,284,5,-101,19241,472,2656.30
2018-04-16,415,53,4,362,19603,472,2677.84
2018-04-17,393,73,6,320,19923,472,2706.39
2018-04-18,270,198,4,72,19995,472,2708.64
2018-04-19,138,330,4,-192,19803,472,2693.13
2018-04-20,87,382,3,-295,19508,472,2670.14
2018-04-23,247,220,5,27,19535,472,2670.29
2018-04-24,113,358,1,-245,19290,472,2634.56
2018-04-25,268,196,8,72,19362,472,2639.40
2018-04-26,346,122,4,224,19586,472,2666.94
2018-04-27,282,188,2,94,19680,472,2669.91
2018-04-30,88,378,6,-290,19390,472,2648.05
2018-05-01,256,210,6,46,19436,472,2654.80
2018-05-02,136,330,6,-194,19242,472,2635.67
2018-05-03,228,237,7,-9,19233,472,2629.73
2018-05-04,413,56,3,357,19590,472,2663.42
2018-05-07,284,183,5,101,19691,472,2672.63
2018-05-08,235,229,8,6,19697,472,2671.92
2018-05-09,359,109,4,250,19947,472,2697.79
2018-05-10,396,72,4,324,20271,472,2723.07
2018-05-11,280,189,3,91,20362,472,2727.72
2018-05-14,201,264,7,-63,20299,472,2730.13
2018-05-15,136,325,11,-189,20110,472,2711.45
2018-05-16,304,163,5,141,20251,472,2722.46
2018-05-17,248,215,9,33,20284,472,2720.13
2018-05-18,221,243,8,-22,20262,472,2712.97
2018-05-21,372,96,4,276,20538,472,2733.01
2018-05-22,165,300,7,-135,20403,472,2724.44
2018-05-23,268,198,6,70,20473,472,2733.29
2018-05-24,220,242,10,-22,20451,472,2727.76
2018-05-25,214,253,5,-39,20412,472,2721.33
2018-05-29,114,353,5,-239,20173,472,2689.86
2018-05-30,428,40,4,388,20561,472,2724.01
2018-05-31,88,376,8,-288,20273,472,2705.27
2018-06-01,376,90,6,286,20559,472,2734.62
2018-06-04,339,131,2,208,20767,472,2746.87
2018-06-05,251,215,6,36,20803,472,2748.80
2018-06-06,358,110,4,248,21051,472,2772.35
2018-06-07,249,219,4,30,21081,472,2770.37
2018-06-08,333,130,9,203,21284,472,2779.03
2018-06-11,244,222,6,22,21306,472,2782.00
2018-06-12,294,169,9,125,21431,472,2786.85
2018-06-13,131,335,6,-204,21227,472,2775.63
2018-06-14,285,181,6,104,21331,472,2782.49
2018-06-15,252,216,4,36,21367,472,2779.66
2018-06-18,219,246,7,-27,21340,472,2773.75
2018-06-19,154,310,8,-156,21184,472,2762.59
2018-06-20,264,205,3,59,21243,472,2767.32
2018-06-21,135,334,3,-199,21044,472,2749.76
2018-06-22,281,187,4,94,21138,472,2754.88
2018-06-25,95,375,2,-280,20858,472,2717.07
2018-06-26,236,229,7,7,20865,472,2723.06
2018-06-27,89,381,2,-292,20573,472,2699.63
2018-06-28,340,130,2,210,20783,472,2716.31
2018-06-29,267,203,2,64,20847,472,2718.37
2018-07-02,281,187,4,94,20941,472,2726.71
2018-07-03,205,264,3,-59,20882,472,2713.22
2018-07-05,389,81,2,308,21190,472,2736.61
2018-07-06,401,66,5,335,21525,472,2759.82
2018-07-09,364,105,3,259,21784,472,2784.17
2018-07-10,302,165,5,137,21921,472,2793.84
2018-07-11,128,338,6,-210,21711,472,2774.02
2018-07-12,354,114,4,240,21951,472,2798.29
2018-07-13,267,194,11,73,22024,472,2801.31
2018-07-16,147,320,5,-173,21851,472,2798.43
2018-07-17,333,134,5,199,22050,472,2809.55
2018-07-18,257,210,5,47,22097,472,2815.62
2018-07-19,236,231,5,5,22102,472,2804.49
2018-07-20,175,289,8,-114,21988,472,2801.83
2018-07-23,234,230,8,4,21992,472,2806.98
2018-07-24,227,239,6,-12,21980,472,2820.40
2018-07-25,367,101,4,266,22246,472,2846.07
2018-07-26,293,175,5,118,22364,473,2837.44
2018-07-27,131,339,3,-208,22156,473,2818.82
2018-07-30,150,318,5,-168,21988,473,2802.60
2018-07-31,351,120,2,231,22219,473,2816.29
2018-08-01,170,297,6,-127,22092,473,2813.36
2018-08-02,305,165,3,140,22232,473,2827.22
2018-08-03,321,147,6,174,22406,474,2840.35
2018-08-06,323,147,4,176,22582,474,2850.40
2018-08-07,318,149,7,169,22751,474,2858.45
2018-08-08,202,264,8,-62,22689,474,2857.70
2018-08-09,217,253,4,-36,22653,474,2853.58
2018-08-10,108,360,6,-252,22401,474,2833.28
2018-08-13,142,325,7,-183,22218,474,2821.93
2018-08-14,390,80,4,310,22528,474,2839.96
2018-08-15,153,320,1,-167,22361,474,2818.37
2018-08-16,400,71,3,329,22690,474,2840.69
2018-08-17,363,98,13,265,22955,474,2850.13
2018-08-20,312,155,7,157,23112,474,2857.05
2018-08-21,287,184,3,103,23215,474,2862.96
2018-08-22,195,271,8,-76,23139,474,2861.82
2018-08-23,189,280,5,-91,23048,474,2856.98
2018-08-24,377,91,6,286,23334,474,2874.69
2018-08-27,331,136,7,195,23529,474,2896.74
2018-08-28,240,228,6,12,23541,474,2897.52
2018-08-29,315,149,10,166,23707,474,2914.04
2018-08-30,105,362,7,-257,23450,474,2901.13
2018-08-31,274,194,6,80,23530,474,2901.52
2018-09-04,231,236,7,-5,23525,474,2896.72
2018-09-05,244,222,8,22,23547,474,2888.60
2018-09-06,252,215,7,37,23584,474,2878.05
2018-09-07,177,293,4,-116,23468,474,2871.68
2018-09-10,323,148,3,175,23643,474,2877.13
2018-09-11,251,220,3,31,23674,474,2887.89
2018-09-12,254,215,5,39,23713,474,2888.92
2018-09-13,350,120,4,230,23943,474,2904.18
2018-09-14,268,200,6,68,24011,474,2904.98
2018-09-17,180,288,6,-108,23903,474,2888.80
2018-09-18,330,140,4,190,24093,474,2904.31
2018-09-19,217,253,4,-36,24057,474,2907.95
2018-09-20,390,80,4,310,24367,474,2930.75
2018-09-21,253,214,7,39,24406,474,2929.67
2018-09-24,128,340,6,-212,24194,474,2919.37
2018-09-25,187,281,6,-94,24100,474,2915.56
2018-09-26,135,334,5,-199,23901,474,2905.97
2018-09-27,259,210,5,49,23950,474,2914.00
2018-09-28,283,184,7,99,24049,474,2913.98
2018-10-01,229,242,3,-13,24036,474,2924.59
2018-10-02,231,236,7,-5,24031,474,2923.43
2018-10-03,233,237,4,-4,24027,474,2925.51
2018-10-04,142,329,3,-187,23840,474,2901.61
2018-10-05,156,315,3,-159,23681,474,2885.57
2018-10-08,255,215,4,40,23721,474,2884.43
2018-10-09,183,285,6,-102,23619,474,2880.34
2018-10-10,15,457,2,-442,23177,474,2785.68
2018-10-11,41,430,3,-389,22788,474,2728.37
2018-10-12,355,112,7,243,23031,474,2767.13
2018-10-15,216,254,4,-38,22993,474,2750.79
2018-10-16,451,20,3,431,23424,474,2809.92
2018-10-17,208,259,7,-51,23373,474,2809.21
2018-10-18,88,380,6,-292,23081,474,2768.78
2018-10-19,212,259,3,-47,23034,474,2767.78
2018-10-22,164,304,6,-140,22894,474,2755.88
2018-10-23,141,330,3,-189,22705,474,2740.69
2018-10-24,83,390,1,-307,22398,474,2656.10
2018-10-25,377,96,1,281,22679,474,2705.57
2018-10-26,82,388,4,-306,22373,474,2658.69
2018-10-29,229,241,4,-12,22361,474,2641.25
2018-10-30,412,60,2,352,22713,474,2682.63
2018-10-31,309,161,4,148,22861,474,2711.74
2018-11-01,354,115,5,239,23100,474,2740.37
2018-11-02,180,287,7,-107,22993,474,2723.06
2018-11-05,337,131,6,206,23199,474,2738.31
2018-11-06,363,106,5,257,23456,474,2755.45
2018-11-07,438,35,1,403,23859,474,2813.89
2018-11-08,244,223,7,21,23880,474,2806.83
2018-11-09,142,327,5,-185,23695,474,2781.01
2018-11-12,75,396,3,-321,23374,474,2726.22
2018-11-13,246,223,5,23,23397,474,2722.18
2018-11-14,152,318,4,-166,23231,474,2701.58
2018-11-15,358,115,1,243,23474,474,2730.20
2018-11-16,309,158,7,151,23625,474,2736.27
2018-11-19,128,340,6,-212,23413,474,2690.73
2018-11-20,76,397,1,-321,23092,474,2641.89
2018-11-21,319,152,3,167,23259,474,2649.93
2018-11-23,208,263,3,-55,23204,474,2632.56
2018-11-26,407,64,3,343,23547,474,2673.45
2018-11-27,236,235,3,1,23548,474,2682.17
2018-11-28,420,51,3,369,23917,474,2743.79
2018-11-29,198,271,5,-73,23844,474,2737.80
2018-11-30,337,133,4,204,24048,474,2760.17
2018-12-03,360,112,2,248,24296,474,2790.37
2018-12-04,30,442,2,-412,23884,474,2700.06
2018-12-06,213,255,6,-42,23842,474,2695.95
2018-12-07,47,424,3,-377,23465,474,2633.08
2018-12-10,234,236,5,-2,23463,475,2637.72
2018-12-11,224,248,3,-24,23439,475,2636.78
2018-12-12,345,129,1,216,23655,475,2651.07
2018-12-13,192,279,4,-87,23568,475,2650.54
2018-12-14,56,414,5,-358,23210,475,2599.95
2018-12-17,36,436,3,-400,22810,475,2545.94
2018-12-18,244,223,8,21,22831,475,2546.16
2018-12-19,64,409,2,-345,22486,475,2506.96
2018-12-20,69,402,4,-333,22153,475,2467.42
2018-12-21,51,420,4,-369,21784,475,2416.62
2018-12-24,11,459,5,-448,21336,475,2351.10
2018-12-26,470,4,1,466,21802,475,2467.70
2018-12-27,395,74,6,321,22123,475,2488.83
2018-12-28,188,281,6,-93,22030,475,2485.74
2018-12-31,411,61,3,350,22380,475,2506.85
2019-01-02,191,277,7,-86,22294,475,2510.03
2019-01-03,72,400,3,-328,21966,475,2447.89
2019-01-04,460,13,2,447,22413,475,2531.94
2019-01-07,357,117,1,240,22653,475,2549.69
2019-01-08,390,83,2,307,22960,475,2574.41
2019-01-09,319,149,7,170,23130,475,2584.96
2019-01-10,359,110,6,249,23379,475,2596.64
2019-01-11,257,209,9,48,23427,475,2596.26
2019-01-14,147,325,3,-178,23249,475,2582.61
2019-01-15,360,112,3,248,23497,475,2610.30
2019-01-16,281,188,6,93,23590,475,2616.10
2019-01-17,399,75,1,324,23914,475,2635.96
2019-01-18,429,43,3,386,24300,475,2670.71
2019-01-22,80,393,2,-313,23987,475,2632.90
2019-01-23,255,219,1,36,24023,475,2638.70
2019-01-24,299,175,1,124,24147,475,2642.33
2019-01-25,373,99,3,274,24421,475,2664.76
2019-01-28,155,315,5,-160,24261,475,2643.85
2019-01-29,260,211,4,49,24310,475,2640.00
2019-01-30,392,80,3,312,24622,475,2681.05
2019-01-31,336,136,3,200,24822,475,2704.10
2019-02-01,274,195,6,79,24901,475,2706.53
2019-02-04,350,120,5,230,25131,475,2724.87
2019-02-05,327,140,8,187,25318,475,2737.70
2019-02-06,205,264,6,-59,25259,475,2731.61
2019-02-07,164,306,5,-142,25117,475,2706.05
2019-02-08,277,193,5,84,25201,475,2707.88
2019-02-11,304,165,6,139,25340,475,2709.80
2019-02-12,398,74,3,324,25664,475,2744.73
2019-02-13,319,154,2,165,25829,475,2753.03
2019-02-14,195,275,5,-80,25749,475,2745.73
2019-02-15,414,59,2,355,26104,475,2775.60
2019-02-19,276,192,7,84,26188,475,2779.76
2019-02-20,297,170,8,127,26315,475,2784.70
2019-02-21,186,282,7,-96,26219,475,2774.88
2019-02-22,375,96,4,279,26498,475,2792.67
2019-02-25,228,240,7,-12,26486,475,2796.11
2019-02-26,174,291,10,-117,26369,475,2793.90
2019-02-27,249,214,12,35,26404,475,2792.38
2019-02-28,230,238,7,-8,26396,475,2784.49
2019-03-01,345,127,3,218,26614,475,2803.69
2019-03-04,159,309,7,-150,26464,475,2792.81
2019-03-05,169,302,4,-133,26331,475,2789.65
2019-03-06,93,377,5,-284,26047,475,2771.45
2019-03-07,103,371,1,-268,25779,475,2748.93
2019-03-08,198,272,5,-74,25705,475,2743.07
2019-03-11,446,26,3,420,26125,475,2783.30
2019-03-12,318,148,9,170,26295,475,2791.52
2019-03-13,390,83,3,307,26602,476,2810.92
2019-03-14,236,232,9,4,26606,477,2808.48
2019-03-15,322,149,6,173,26779,477,2822.48
2019-03-18,303,170,4,133,26912,477,2832.94
2019-03-19,195,278,4,-83,26829,477,2832.57
2019-03-20,146,326,5,-180,26649,477,2824.23
2019-03-21,428,49,1,379,27028,478,2854.88
2019-03-22,72,403,3,-331,26697,478,2800.71
2019-03-25,247,221,10,26,26723,478,2798.36
2019-03-26,397,80,1,317,27040,478,2818.46
2019-03-27,148,326,4,-178,26862,478,2805.37
2019-03-28,354,118,6,236,27098,478,2815.44
2019-03-29,389,85,4,304,27402,478,2834.40
2019-04-01,365,107,6,258,27660,478,2867.19
2019-04-02,224,249,5,-25,27635,478,2867.24
2019-04-03,308,164,6,144,27779,478,2873.40
2019-04-04,264,212,2,52,27831,478,2879.39
2019-04-05,378,96,4,282,28113,478,2892.74
2019-04-08,259,217,2,42,28155,478,2895.77
2019-04-09,108,367,3,-259,27896,478,2878.20
2019-04-10,343,130,5,213,28109,478,2888.21
2019-04-11,307,163,8,144,28253,478,2888.32
2019-04-12,367,109,2,258,28511,478,2907.41
2019-04-15,197,278,3,-81,28430,478,2905.58
2019-04-16,257,218,3,39,28469,478,2907.06
2019-04-17,171,303,4,-132,28337,478,2900.45
2019-04-18,283,188,7,95,28432,478,2905.03
2019-04-22,193,281,4,-88,28344,478,2907.97
2019-04-23,392,83,3,309,28653,478,2933.68
2019-04-24,252,221,5,31,28684,478,2927.25
2019-04-25,202,274,2,-72,28612,478,2926.17
2019-04-26,349,125,4,224,28836,478,2939.88
2019-04-29,235,240,3,-5,28831,478,2943.03
2019-04-30,317,158,3,159,28990,478,2945.83
2019-05-01,85,388,5,-303,28687,478,2923.73
2019-05-02,276,197,5,79,28766,478,2917.52
2019-05-03,404,69,5,335,29101,478,2945.64
2019-05-06,140,329,9,-189,28912,478,2932.47
2019-05-07,31,443,4,-412,28500,478,2884.05
2019-05-08,199,275,4,-76,28424,478,2879.42
2019-05-09,210,259,9,-49,28375,478,2870.72
2019-05-10,338,134,6,204,28579,478,2881.40
2019-05-13,51,425,3,-374,28205,479,2811.87
2019-05-14,383,92,4,291,28496,479,2834.41
2019-05-15,318,155,6,163,28659,479,2850.96
2019-05-16,389,86,4,303,28962,479,2876.32
2019-05-17,124,350,5,-226,28736,479,2859.53
2019-05-20,165,309,5,-144,28592,479,2840.23
2019-05-21,417,57,5,360,28952,479,2864.36
2019-05-22,200,270,9,-70,28882,479,2856.27
2019-05-23,95,381,3,-286,28596,479,2822.24
2019-05-24,283,191,5,92,28688,479,2826.06
2019-05-28,77,397,6,-320,28368,480,2802.39
2019-05-29,130,347,3,-217,28151,480,2783.02
2019-05-30,307,167,6,140,28291,480,2788.86
2019-05-31,119,355,6,-236,28055,480,2752.06
2019-06-03,333,143,4,190,28245,480,2744.45
2019-06-04,421,55,4,366,28611,480,2803.27
2019-06-05,350,125,5,225,28836,480,2826.15
2019-06-06,338,137,5,201,29037,480,2843.49
2019-06-07,366,110,4,256,29293,480,2873.34
2019-06-10,307,169,4,138,29431,480,2886.73
2019-06-11,206,270,4,-64,29367,480,2885.72
2019-06-12,256,222,2,34,29401,480,2879.84
2019-06-13,344,133,4,211,29612,481,2891.64
2019-06-14,208,269,4,-61,29551,481,2886.98
2019-06-17,220,257,4,-37,29514,481,2889.67
2019-06-18,361,117,3,244,29758,481,2917.75
2019-06-19,335,142,4,193,29951,481,2926.46
2019-06-20,405,70,6,335,30286,481,2954.18
2019-06-21,171,308,2,-137,30149,481,2950.46
2019-06-24,192,286,3,-94,30055,481,2945.35
2019-06-25,109,367,5,-258,29797,481,2917.38
2019-06-26,203,276,2,-73,29724,481,2913.78
2019-06-27,369,105,7,264,29988,481,2924.92
2019-06-28,391,82,8,309,30297,481,2941.76
2019-07-01,353,124,4,229,30526,481,2964.33
2019-07-02,275,204,2,71,30597,481,2973.01
2019-07-03,415,62,4,353,30950,481,2995.82
2019-07-05,187,285,9,-98,30852,481,2990.41
2019-07-08,125,351,5,-226,30626,481,2975.95
2019-07-09,272,203,6,69,30695,481,2979.63
2019-07-10,276,201,4,75,30770,481,2993.07
2019-07-11,282,195,4,87,30857,481,2999.91
2019-07-12,345,131,5,214,31071,481,3013.77
2019-07-15,245,230,6,15,31086,481,3014.30
2019-07-16,195,283,3,-88,30998,481,3004.04
2019-07-17,147,330,4,-183,30815,481,2984.42
2019-07-18,324,154,3,170,30985,481,2995.11
2019-07-19,130,349,2,-219,30766,481,2976.61
2019-07-22,251,224,6,27,30793,481,2985.03
2019-07-23,356,120,5,236,31029,481,3005.47
2019-07-24,328,146,7,182,31211,481,3019.56
2019-07-25,149,330,2,-181,31030,481,3003.67
2019-07-26,345,128,8,217,31247,481,3025.86
2019-07-29,207,269,5,-62,31185,481,3020.97
2019-07-30,240,235,6,5,31190,481,3013.18
2019-07-31,84,396,1,-312,30878,481,2980.38
2019-08-01,144,335,2,-191,30687,481,2953.56
2019-08-02,135,342,4,-207,30480,481,2932.05
2019-08-05,9,470,2,-461,30019,481,2844.74
2019-08-06,406,73,2,333,30352,481,2881.77
2019-08-07,278,202,1,76,30428,481,2883.98
2019-08-08,465,13,3,452,30880,481,2938.09
2019-08-09,130,343,8,-213,30667,481,2918.65
2019-08-12,61,416,4,-355,30312,481,2882.70
2019-08-13,427,52,2,375,30687,481,2926.32
2019-08-14,6,474,1,-468,30219,481,2840.60
2019-08-15,284,191,6,93,30312,481,2847.60
2019-08-16,457,21,3,436,30748,481,2888.68
2019-08-19,440,37,4,403,31151,481,2923.65
2019-08-20,81,399,1,-318,30833,481,2900.51
2019-08-21,413,64,4,349,31182,481,2924.43
2019-08-22,227,249,5,-22,31160,481,2922.95
2019-08-23,9,471,1,-462,30698,481,2847.11
2019-08-26,422,57,2,365,31063,481,2878.38
2019-08-27,171,309,1,-138,30925,481,2869.16
2019-08-28,380,97,4,283,31208,481,2887.94
2019-08-29,437,41,3,396,31604,481,2924.58
2019-08-30,296,178,7,118,31722,481,2926.46
2019-09-03,151,329,1,-178,31544,481,2906.27
2019-09-04,427,48,6,379,31923,481,2937.78
2019-09-05,379,101,1,278,32201,481,2976.00
2019-09-06,286,191,4,95,32296,481,2978.71
2019-09-09,250,226,5,24,32320,481,2978.43
2019-09-10,269,207,5,62,32382,481,2979.39
2019-09-11,345,133,3,212,32594,481,3000.93
2019-09-12,287,189,5,98,32692,481,3009.57
2019-09-13,247,229,5,18,32710,481,3007.39
2019-09-16,219,256,6,-37,32673,481,2997.96
2019-09-17,292,183,6,109,32782,481,3005.70
2019-09-18,236,242,3,-6,32776,481,3006.73
2019-09-19,217,259,5,-42,32734,481,3006.79
2019-09-20,152,323,7,-171,32563,482,2992.07
2019-09-23,243,232,7,11,32574,482,2991.78
2019-09-24,127,352,3,-225,32349,482,2966.60
2019-09-25,338,139,5,199,32548,482,2984.87
2019-09-26,221,257,4,-36,32512,482,2977.62
2019-09-27,166,311,5,-145,32367,482,2961.79
2019-09-30,328,148,6,180,32547,482,2976.74
2019-10-01,55,425,2,-370,32177,482,2940.25
2019-10-02,28,450,4,-422,31755,482,2887.61
2019-10-03,380,100,2,280,32035,482,2910.63
2019-10-04,432,48,2,384,32419,482,2952.01
2019-10-07,114,365,3,-251,32168,482,2938.79
2019-10-08,37,441,4,-404,31764,482,2893.06
2019-10-09,418,60,4,358,32122,482,2919.40
2019-10-10,365,113,4,252,32374,482,2938.13
2019-10-11,387,91,4,296,32670,482,2970.27
2019-10-14,190,287,5,-97,32573,482,2966.15
2019-10-15,376,103,3,273,32846,482,2995.68
2019-10-16,209,270,3,-61,32785,482,2989.69
2019-10-17,328,152,2,176,32961,482,2997.95
2019-10-18,237,237,8,0,32961,482,2986.20
2019-10-21,349,129,4,220,33181,482,3006.72
2019-10-22,222,256,4,-34,33147,482,2995.99
2019-10-23,300,178,4,122,33269,482,3004.52
2019-10-24,259,217,6,42,33311,482,3010.29
2019-10-25,297,182,3,115,33426,482,3022.55
2019-10-28,293,186,3,107,33533,482,3039.42
2019-10-29,268,208,6,60,33593,482,3036.89
2019-10-30,281,198,3,83,33676,482,3046.77
2019-10-31,143,337,2,-194,33482,482,3037.56
2019-11-01,347,130,5,217,33699,482,3066.91
2019-11-04,275,204,3,71,33770,482,3078.27
2019-11-05,223,255,4,-32,33738,482,3074.62
2019-11-06,258,223,1,35,33773,482,3076.78
2019-11-07,265,212,5,53,33826,482,3085.18
2019-11-08,284,191,7,93,33919,482,3093.08
2019-11-11,206,271,5,-65,33854,482,3087.01
2019-11-12,252,222,8,30,33884,482,3091.84
2019-11-13,268,208,6,60,33944,482,3094.04
2019-11-14,295,184,3,111,34055,482,3096.63
2019-11-15,376,104,2,272,34327,482,3120.46
2019-11-18,241,228,13,13,34340,482,3122.03
2019-11-19,274,204,4,70,34410,482,3120.18
2019-11-20,190,290,2,-100,34310,482,3108.46
2019-11-21,172,308,2,-136,34174,482,3103.54
2019-11-22,305,169,8,136,34310,482,3110.29
2019-11-25,369,111,2,258,34568,482,3133.64
2019-11-26,309,170,3,139,34707,482,3140.52
2019-11-27,347,130,5,217,34924,482,3153.63
2019-11-29,88,388,6,-300,34624,482,3140.98
2019-12-02,79,398,5,-319,34305,482,3113.87
2019-12-03,140,340,2,-200,34105,482,3093.20
2019-12-04,369,111,2,258,34363,482,3112.76
2019-12-05,289,187,6,102,34465,482,3117.43
2019-12-06,381,99,2,282,34747,482,3145.91
2019-12-09,193,283,6,-90,34657,482,3135.96
2019-12-10,207,272,3,-65,34592,482,3132.52
2019-12-11,303,175,4,128,34720,482,3141.63
2019-12-12,352,130,0,222,34942,482,3168.57
2019-12-13,221,260,1,-39,34903,482,3168.80
2019-12-16,371,105,6,266,35169,482,3191.45
2019-12-17,250,224,8,26,35195,482,3192.52
2019-12-18,232,246,4,-14,35181,482,3191.14
2019-12-19,319,160,3,159,35340,482,3205.37
2019-12-20,367,112,3,255,35595,482,3221.22
2019-12-23,205,271,6,-66,35529,482,3224.01
2019-12-24,247,230,5,17,35546,482,3223.38
2019-12-26,332,144,6,188,35734,482,3239.91
2019-12-27,225,245,12,-20,35714,482,3240.02
2019-12-30,118,356,8,-238,35476,482,3221.29
2019-12-31,357,116,9,241,35717,482,3230.78
2020-01-02,300,181,1,119,35836,482,3257.85
2020-01-03,142,339,1,-197,35639,482,3234.85
2020-01-06,261,217,4,44,35683,482,3246.28
2020-01-07,189,288,5,-99,35584,482,3237.18
2020-01-08,337,144,1,193,35777,482,3253.05
2020-01-09,364,114,4,250,36027,482,3274.70
2020-01-10,189,291,2,-102,35925,482,3265.35
2020-01-13,377,101,4,276,36201,482,3288.13
2020-01-14,243,235,4,8,36209,482,3283.15
2020-01-15,296,182,4,114,36323,482,3289.29
2020-01-16,418,60,4,358,36681,482,3316.81
2020-01-17,303,171,8,132,36813,482,3329.62
2020-01-21,216,263,3,-47,36766,482,3320.79
2020-01-22,249,228,5,21,36787,482,3321.75
2020-01-23,296,180,6,116,36903,482,3325.54
2020-01-24,92,386,4,-294,36609,482,3295.47
2020-01-27,58,421,3,-363,36246,482,3243.63
2020-01-28,398,77,7,321,36567,482,3276.24
2020-01-29,198,277,7,-79,36488,482,3273.40
2020-01-30,285,192,5,93,36581,482,3283.66
2020-01-31,39,441,2,-402,36179,482,3225.52
2020-02-03,360,120,2,240,36419,482,3248.92
2020-02-04,401,79,2,322,36741,482,3297.59
2020-02-05,370,108,4,262,37003,482,3334.69
2020-02-06,246,231,5,15,37018,482,3345.78
2020-02-07,140,341,1,-201,36817,482,3327.71
2020-02-10,359,122,1,237,37054,482,3352.09
2020-02-11,349,129,4,220,37274,482,3357.75
2020-02-12,335,139,8,196,37470,482,3379.45
2020-02-13,259,221,2,38,37508,482,3373.94
2020-02-14,269,209,4,60,37568,482,3380.16
2020-02-18,181,295,6,-114,37454,482,3370.29
2020-02-19,298,182,2,116,37570,482,3386.15
2020-02-20,238,237,7,1,37571,482,3373.23
2020-02-21,129,351,2,-222,37349,482,3337.75
2020-02-24,14,467,1,-453,36896,482,3225.89
2020-02-25,11,470,1,-459,36437,482,3128.21
2020-02-26,122,359,1,-237,36200,482,3116.39
2020-02-27,16,465,1,-449,35751,482,2978.76
2020-02-28,116,364,2,-248,35503,482,2954.22
2020-03-02,450,32,0,418,35921,482,3090.23
2020-03-03,52,428,2,-376,35545,482,3003.37
2020-03-04,463,18,1,445,35990,482,3130.12
2020-03-05,28,454,0,-426,35564,482,3023.94
2020-03-06,80,401,1,-321,35243,482,2972.37
2020-03-09,8,472,2,-464,34779,482,2746.56
2020-03-10,451,28,3,423,35202,482,2882.23
2020-03-11,11,469,2,-458,34744,482,2741.38
2020-03-12,2,479,1,-477,34267,482,2480.64
2020-03-13,460,21,1,439,34706,482,2711.02
2020-03-16,7,473,2,-466,34240,482,2386.13
2020-03-17,385,95,2,290,34530,482,2529.19
2020-03-18,53,427,2,-374,34156,482,2398.10
2020-03-19,282,200,0,82,34238,482,2409.39
2020-03-20,98,384,2,-286,33952,484,2304.92
2020-03-23,111,371,2,-260,33692,484,2237.40
2020-03-24,472,10,2,462,34154,484,2447.33
2020-03-25,348,134,2,214,34368,484,2475.56
2020-03-26,449,33,2,416,34784,484,2630.07
2020-03-27,72,409,3,-337,34447,484,2541.47
2020-03-30,399,85,0,314,34761,484,2626.65
2020-03-31,113,366,5,-253,34508,484,2584.59
2020-04-01,25,458,1,-433,34075,484,2470.50
2020-04-02,341,141,2,200,34275,484,2526.90
2020-04-03,107,376,1,-269,34006,484,2488.65
2020-04-06,473,10,1,463,34469,484,2663.68
2020-04-07,276,208,0,68,34537,484,2659.41
2020-04-08,462,21,1,441,34978,484,2749.98
2020-04-09,364,116,4,248,35226,484,2789.82
2020-04-13,95,386,3,-291,34935,484,2761.63
2020-04-14,422,60,2,362,35297,484,2846.06
2020-04-15,39,443,2,-404,34893,484,2783.36
2020-04-16,248,236,0,12,34905,484,2799.55
2020-04-17,452,30,2,422,35327,484,2874.56
2020-04-20,78,404,2,-326,35001,484,2823.16
2020-04-21,26,455,3,-429,34572,484,2736.56
2020-04-22,409,71,4,338,34910,484,2799.31
2020-04-23,250,233,1,17,34927,484,2797.80
2020-04-24,399,83,2,316,35243,484,2836.74
2020-04-27,426,57,1,369,35612,484,2878.48
2020-04-28,297,186,1,111,35723,484,2863.39
2020-04-29,381,100,3,281,36004,484,2939.51
2020-04-30,69,413,2,-344,35660,484,2912.43
2020-05-01,27,454,3,-427,35233,484,2830.71
2020-05-04,248,234,2,14,35247,484,2842.74
2020-05-05,344,137,3,207,35454,484,2868.44
2020-05-06,139,341,4,-202,35252,484,2848.42
2020-05-07,376,105,3,271,35523,484,2881.19
2020-05-08,430,53,1,377,35900,484,2929.80
2020-05-11,169,315,0,-146,35754,484,2930.19
2020-05-12,41,442,1,-401,35353,484,2870.12
2020-05-13,54,429,1,-375,34978,484,2820.00
2020-05-14,375,109,0,266,35244,484,2852.50
2020-05-15,274,204,6,70,35314,484,2863.70
2020-05-18,445,38,1,407,35721,484,2953.91
2020-05-19,112,370,2,-258,35463,484,2922.94
2020-05-20,408,74,2,334,35797,484,2971.61
2020-05-21,140,341,3,-201,35596,484,2948.51
2020-05-22,272,210,2,62,35658,484,2955.45
2020-05-26,382,102,0,280,35938,484,2991.77
2020-05-27,400,83,1,317,36255,484,3036.13
2020-05-28,215,268,1,-53,36202,484,3029.73
2020-05-29,262,221,1,41,36243,484,3044.31
2020-06-01,327,155,2,172,36415,484,3055.73
2020-06-02,372,110,2,262,36677,484,3080.82
2020-06-03,392,89,3,303,36980,484,3122.87
2020-06-04,216,266,2,-50,36930,484,3112.35
2020-06-05,434,46,4,388,37318,484,3193.93
2020-06-08,361,119,4,242,37560,484,3232.39
2020-06-09,70,414,0,-344,37216,484,3207.18
2020-06-10,128,354,2,-226,36990,484,3190.14
2020-06-11,2,481,1,-479,36511,484,3002.10
2020-06-12,391,91,2,300,36811,484,3041.31
2020-06-15,388,94,2,294,37105,484,3066.59
2020-06-16,449,35,0,414,37519,484,3124.74
2020-06-17,162,318,4,-156,37363,484,3113.49
2020-06-18,227,251,6,-24,37339,484,3115.34
2020-06-19,145,334,5,-189,37150,484,3097.74
2020-06-22,266,216,2,50,37200,484,3117.86
2020-06-23,241,243,0,-2,37198,484,3131.29
2020-06-24,19,463,2,-444,36754,484,3050.33
2020-06-25,370,110,4,260,37014,484,3083.76
2020-06-26,59,424,1,-365,36649,484,3009.05
2020-06-29,425,57,2,368,37017,484,3053.24
2020-06-30,424,57,3,367,37384,484,3100.29
2020-07-01,217,266,1,-49,37335,484,3115.86
2020-07-02,332,149,3,183,37518,484,3130.01
2020-07-06,388,93,3,295,37813,484,3179.72
2020-07-07,77,404,3,-327,37486,484,3145.32
2020-07-08,297,183,4,114,37600,484,3169.94
2020-07-09,126,358,0,-232,37368,484,3152.05
2020-07-10,362,118,4,244,37612,484,3185.04
2020-07-13,194,287,3,-93,37519,484,3155.22
2020-07-14,427,55,2,372,37891,484,3197.52
2020-07-15,397,86,1,311,38202,484,3226.56
2020-07-16,219,262,3,-43,38159,484,3215.57
2020-07-17,306,176,2,130,38289,484,3224.73
2020-07-20,192,290,2,-98,38191,484,3251.84
2020-07-21,331,151,2,180,38371,484,3257.30
2020-07-22,361,120,3,241,38612,484,3276.02
2020-07-23,193,290,1,-97,38515,484,3235.66
2020-07-24,104,374,6,-270,38245,484,3215.63
2020-07-27,303,179,2,124,38369,484,3239.41
2020-07-28,152,328,4,-176,38193,484,3218.44
2020-07-29,411,72,1,339,38532,484,3258.44
2020-07-30,143,338,3,-195,38337,484,3246.22
2020-07-31,231,249,4,-18,38319,484,3271.12
2020-08-03,285,195,4,90,38409,484,3294.61
2020-08-04,287,192,5,95,38504,484,3306.51
2020-08-05,308,173,3,135,38639,484,3327.77
2020-08-06,238,245,1,-7,38632,484,3349.16
2020-08-07,332,148,4,184,38816,484,3351.28
2020-08-10,308,173,3,135,38951,484,3360.47
2020-08-11,208,273,3,-65,38886,484,3333.69
2020-08-12,350,134,0,216,39102,484,3380.35
2020-08-13,186,298,0,-112,38990,484,3373.43
2020-08-14,236,241,7,-5,38985,484,3372.85
2020-08-17,250,232,2,18,39003,484,3381.99
2020-08-18,171,311,2,-140,38863,484,3389.78
2020-08-19,156,324,4,-168,38695,484,3374.85
2020-08-20,159,316,9,-157,38538,484,3385.51
2020-08-21,225,256,3,-31,38507,484,3397.16
2020-08-24,374,107,3,267,38774,484,3431.28
2020-08-25,237,242,5,-5,38769,484,3443.62
2020-08-26,234,247,3,-13,38756,484,3478.73
2020-08-27,292,188,4,104,38860,484,3484.55
2020-08-28,356,125,3,231,39091,484,3508.01
2020-08-31,147,333,4,-186,38905,484,3500.31
2020-09-01,298,184,2,114,39019,484,3526.65
2020-09-02,442,40,2,402,39421,484,3580.84
2020-09-03,40,442,2,-402,39019,484,3455.06
2020-09-04,170,311,3,-141,38878,484,3426.96
2020-09-08,45,438,1,-393,38485,484,3331.84
2020-09-09,395,86,3,309,38794,484,3398.96
2020-09-10,56,425,3,-369,38425,484,3339.19
2020-09-11,304,178,2,126,38551,484,3340.97
2020-09-14,436,46,2,390,38941,484,3383.54
2020-09-15,285,196,3,89,39030,484,3401.20
2020-09-16,281,200,3,81,39111,484,3385.49
2020-09-17,159,323,2,-164,38947,484,3357.01
2020-09-18,99,384,1,-285,38662,484,3319.47
2020-09-21,80,403,1,-323,38339,484,3281.06
2020-09-22,335,146,3,189,38528,484,3315.57
2020-09-23,27,457,0,-430,38098,484,3236.92
2020-09-24,297,183,4,114,38212,484,3246.59
2020-09-25,420,59,5,361,38573,484,3298.46
2020-09-28,449,32,3,417,38990,484,3351.60
2020-09-29,143,340,1,-197,38793,484,3335.47
2020-09-30,350,131,3,219,39012,484,3363.00
2020-10-01,283,197,5,86,39098,485,3380.80
2020-10-02,288,193,4,95,39193,485,3348.42
2020-10-05,436,47,2,389,39582,485,3408.60
2020-10-06,106,374,5,-268,39314,485,3360.97
2020-10-07,426,57,2,369,39683,485,3419.44
2020-10-08,405,78,2,327,40010,485,3446.83
2020-10-09,291,192,2,99,40109,485,3477.14
2020-10-12,370,112,3,258,40367,485,3534.22
2020-10-13,145,338,2,-193,40174,485,3511.93
2020-10-14,180,304,1,-124,40050,485,3488.67
2020-10-15,300,180,5,120,40170,485,3483.34
2020-10-16,258,217,10,41,40211,485,3483.81
2020-10-19,49,431,5,-382,39829,485,3426.92
2020-10-20,329,153,3,176,40005,485,3443.12
2020-10-21,158,321,6,-163,39842,485,3435.56
2020-10-22,345,138,2,207,40049,485,3453.49
2020-10-23,332,146,7,186,40235,485,3465.39
2020-10-26,40,443,2,-403,39832,485,3400.97
2020-10-27,129,355,1,-226,39606,485,3390.68
2020-10-28,19,466,0,-447,39159,485,3271.03
2020-10-29,343,140,2,203,39362,485,3310.11
2020-10-30,187,296,2,-109,39253,485,3269.96
2020-11-02,416,67,2,349,39602,485,3310.24
2020-11-03,433,49,3,384,39986,485,3369.16
2020-11-04,255,228,2,27,40013,485,3443.44
2020-11-05,402,81,2,321,40334,485,3510.45
2020-11-06,235,247,3,-12,40322,485,3509.44
2020-11-09,330,154,1,176,40498,485,3550.50
2020-11-10,303,178,4,125,40623,485,3545.53
2020-11-11,247,235,3,12,40635,485,3572.66
2020-11-12,66,418,1,-352,40283,485,3537.01
2020-11-13,446,38,1,408,40691,485,3585.15
2020-11-16,403,80,2,323,41014,485,3626.91
2020-11-17,178,306,1,-128,40886,485,3609.53
2020-11-18,102,378,5,-276,40610,485,3567.79
2020-11-19,302,176,7,126,40736,485,3581.87
2020-11-20,163,320,2,-157,40579,485,3557.54
2020-11-23,350,133,2,217,40796,485,3577.59
2020-11-24,385,98,2,287,41083,485,3635.41
2020-11-25,156,327,2,-171,40912,485,3629.65
2020-11-27,240,241,4,-1,40911,485,3638.35
2020-11-30,146,336,3,-190,40721,485,3621.63
2020-12-01,370,110,5,260,40981,485,3662.45
2020-12-02,254,228,3,26,41007,485,3669.01
2020-12-03,276,203,6,73,41080,485,3666.72
2020-12-04,398,84,3,314,41394,485,3699.12
2020-12-07,170,312,3,-142,41252,485,3691.96
2020-12-08,288,193,4,95,41347,485,3702.25
2020-12-09,202,280,3,-78,41269,485,3672.82
2020-12-10,193,289,4,-96,41173,486,3668.10
2020-12-11,199,283,5,-84,41089,487,3663.46
2020-12-14,150,335,2,-185,40904,487,3647.49
2020-12-15,429,55,3,374,41278,487,3694.62
2020-12-16,212,274,1,-62,41216,487,3701.17
2020-12-17,361,120,6,241,41457,487,3722.48
2020-12-18,212,274,1,-62,41395,487,3709.41
2020-12-21,134,351,2,-217,41178,487,3694.92
2020-12-22,184,299,4,-115,41063,487,3687.26
2020-12-23,282,202,3,80,41143,487,3690.01
2020-12-24,313,169,5,144,41287,487,3703.06
2020-12-28,274,210,3,64,41351,487,3735.36
2020-12-29,117,366,4,-249,41102,487,3727.04
2020-12-30,348,134,5,214,41316,487,3732.04
2020-12-31,395,89,3,306,41622,487,3756.07
2021-01-04,73,413,1,-340,41282,487,3700.65
2021-01-05,356,130,1,226,41508,487,3726.86
2021-01-06,376,109,2,267,41775,487,3748.14
2021-01-07,346,139,2,207,41982,487,3803.79
2021-01-08,260,223,4,37,42019,487,3824.68
2021-01-11,212,272,3,-60,41959,487,3799.61
2021-01-12,299,183,5,116,42075,487,3801.19
2021-01-13,200,283,4,-83,41992,487,3809.84
2021-01-14,253,232,2,21,42013,487,3795.54
2021-01-15,181,305,1,-124,41889,487,3768.25
2021-01-19,300,184,3,116,42005,487,3798.91
2021-01-20,326,159,2,167,42172,487,3851.85
2021-01-21,155,329,3,-174,41998,487,3853.07
2021-01-22,178,306,3,-128,41870,487,3841.47
2021-01-25,233,251,3,-18,41852,487,3855.36
2021-01-26,164,321,2,-157,41695,487,3849.62
2021-01-27,67,418,2,-351,41344,487,3750.77
2021-01-28,356,127,4,229,41573,487,3787.38
2021-01-29,58,427,2,-369,41204,487,3714.24
2021-02-01,390,96,1,294,41498,487,3773.86
2021-02-02,395,90,2,305,41803,487,3826.31
2021-02-03,234,250,3,-16,41787,487,3830.17
2021-02-04,386,101,0,285,42072,487,3871.74
2021-02-05,307,179,1,128,42200,487,3886.83
2021-02-08,357,127,3,230,42430,487,3915.59
2021-02-09,240,243,4,-3,42427,487,3911.23
2021-02-10,279,205,3,74,42501,487,3909.88
2021-02-11,237,249,2,-12,42489,488,3916.38
2021-02-12,307,174,7,133,42622,488,3934.83
2021-02-16,214,268,6,-54,42568,488,3932.59
2021-02-17,228,259,1,-31,42537,488,3931.33
2021-02-18,189,297,2,-108,42429,488,3913.97
2021-02-19,279,205,4,74,42503,488,3906.71
2021-02-22,222,261,5,-39,42464,488,3876.50
2021-02-23,248,236,4,12,42476,488,3881.37
2021-02-24,370,117,1,253,42729,488,3925.43
2021-02-25,44,440,4,-396,42333,488,3829.34
2021-02-26,168,317,3,-149,42184,488,3811.15
2021-03-01,450,36,2,414,42598,488,3901.82
2021-03-02,179,305,4,-126,42472,488,3870.29
2021-03-03,184,300,4,-116,42356,488,3819.72
2021-03-04,100,386,2,-286,42070,488,3768.47
2021-03-05,435,50,3,385,42455,488,3841.94
2021-03-08,313,175,0,138,42593,488,3821.35
2021-03-09,269,218,1,51,42644,488,3875.44
2021-03-10,361,125,2,236,42880,488,3898.81
2021-03-11,307,179,2,128,43008,488,3939.34
2021-03-12,332,155,1,177,43185,488,3943.34
2021-03-15,366,119,3,247,43432,488,3968.94
2021-03-16,151,331,6,-180,43252,488,3962.71
2021-03-17,293,191,4,102,43354,488,3974.12
2021-03-18,159,328,1,-169,43185,488,3915.46
2021-03-19,225,260,3,-35,43150,488,3913.10
2021-03-22,284,200,4,84,43234,488,3940.59
2021-03-23,129,357,2,-228,43006,488,3910.52
2021-03-24,253,231,4,22,43028,488,3889.14
2021-03-25,384,102,2,282,43310,488,3909.52
2021-03-26,433,53,2,380,43690,488,3974.54
2021-03-29,194,293,1,-99,43591,488,3971.09
2021-03-30,241,246,1,-5,43586,488,3958.55
2021-03-31,218,269,1,-51,43535,488,3972.89
2021-04-01,381,103,4,278,43813,488,4019.87
2021-04-05,394,92,2,302,44115,488,4077.91
2021-04-06,266,219,3,47,44162,488,4073.94
2021-04-07,183,304,1,-121,44041,488,4079.95
2021-04-08,262,225,1,37,44078,488,4097.17
2021-04-09,347,138,3,209,44287,488,4128.80
2021-04-12,294,192,2,102,44389,488,4127.99
2021-04-13,237,249,2,-12,44377,488,4141.59
2021-04-14,247,238,3,9,44386,488,4124.66
2021-04-15,385,100,4,285,44671,489,4170.42
2021-04-16,343,146,1,197,44868,490,4185.47
2021-04-19,156,330,4,-174,44694,490,4163.26
2021-04-20,175,310,5,-135,44559,490,4134.94
2021-04-21,391,97,2,294,44853,490,4173.42
2021-04-22,145,343,2,-198,44655,490,4134.98
2021-04-23,395,93,2,302,44957,490,4180.17
2021-04-26,250,236,4,14,44971,490,4187.62
2021-04-27,266,221,3,45,45016,490,4186.72
2021-04-28,221,268,1,-47,44969,490,4183.18
2021-04-29,370,117,3,253,45222,490,4211.47
2021-04-30,129,360,1,-231,44991,490,4181.17
2021-05-03,317,169,4,148,45139,490,4192.66
2021-05-04,221,269,0,-48,45091,490,4164.66
2021-05-05,252,238,0,14,45105,490,4167.59
2021-05-06,353,134,3,219,45324,490,4201.62
2021-05-07,387,97,6,290,45614,490,4232.60
2021-05-10,204,281,5,-77,45537,490,4188.43
2021-05-11,96,393,1,-297,45240,490,4152.10
2021-05-12,34,456,0,-422,44818,490,4063.04
2021-05-13,429,59,2,370,45188,490,4112.50
2021-05-14,426,63,1,363,45551,490,4173.85
2021-05-17,178,309,3,-131,45420,490,4163.29
2021-05-18,113,375,2,-262,45158,490,4127.83
2021-05-19,147,341,2,-194,44964,490,4115.68
2021-05-20,360,130,0,230,45194,490,4159.12
2021-05-21,272,214,4,58,45252,490,4155.86
2021-05-24,370,118,2,252,45504,490,4197.05
2021-05-25,170,318,2,-148,45356,490,4188.13
2021-05-26,320,167,3,153,45509,490,4195.99
2021-05-27,313,176,1,137,45646,490,4200.88
2021-05-28,286,200,4,86,45732,490,4204.11
2021-06-01,266,223,1,43,45775,490,4202.04
2021-06-02,256,231,3,25,45800,490,4208.12
2021-06-03,234,251,5,-17,45783,490,4192.85
2021-06-04,347,142,1,205,45988,490,4229.89
2021-06-07,171,314,5,-143,45845,490,4226.52
2021-06-08,275,212,3,63,45908,490,4227.26
2021-06-09,165,321,4,-156,45752,490,4219.55
2021-06-10,291,198,1,93,45845,490,4239.18
2021-06-11,347,140,3,207,46052,490,4247.44
2021-06-14,196,292,2,-96,45956,490,4255.15
2021-06-15,259,227,4,32,45988,490,4246.59
2021-06-16,106,382,2,-276,45712,490,4223.70
2021-06-17,194,293,3,-99,45613,490,4221.86
2021-06-18,54,434,2,-380,45233,490,4166.45
2021-06-21,460,30,0,430,45663,490,4224.79
2021-06-22,257,229,4,28,45691,490,4246.44
2021-06-23,201,285,4,-84,45607,490,4241.84
2021-06-24,361,126,3,235,45842,490,4266.49
2021-06-25,380,109,1,271,46113,490,4280.70
2021-06-28,209,281,0,-72,46041,490,4290.61
2021-06-29,227,259,4,-32,46009,490,4291.80
2021-06-30,269,217,4,52,46061,490,4297.50
2021-07-01,384,104,2,280,46341,490,4319.94
2021-07-02,307,179,4,128,46469,490,4352.34
2021-07-06,161,328,1,-167,46302,490,4343.54
2021-07-07,331,158,1,173,46475,490,4358.13
2021-07-08,62,424,4,-362,46113,490,4320.82
2021-07-09,449,40,1,409,46522,490,4369.55
2021-07-12,286,200,4,86,46608,490,4384.63
2021-07-13,71,417,2,-346,46262,490,4369.21
2021-07-14,230,256,4,-26,46236,490,4374.30
2021-07-15,237,252,1,-15,46221,490,4360.03
2021-07-16,166,323,1,-157,46064,490,4327.16
2021-07-19,68,421,1,-353,45711,490,4258.49
2021-07-20,441,46,3,395,46106,490,4323.06
2021-07-21,363,127,0,236,46342,490,4358.69
2021-07-22,202,286,2,-84,46258,490,4367.48
2021-07-23,399,90,1,309,46567,490,4411.79
2021-07-26,259,229,2,30,46597,490,4422.30
2021-07-27,240,249,1,-9,46588,490,4401.46
2021-07-28,232,256,2,-24,46564,490,4400.64
2021-07-29,372,113,5,259,46823,490,4419.15
2021-07-30,207,283,1,-76,46747,491,4395.26
2021-08-02,210,279,2,-69,46678,491,4387.16
2021-08-03,374,116,1,258,46936,491,4423.15
2021-08-04,128,361,2,-233,46703,491,4402.66
2021-08-05,345,143,3,202,46905,491,4429.10
2021-08-06,302,188,1,114,47019,491,4436.52
2021-08-09,182,302,7,-120,46899,491,4432.35
2021-08-10,294,194,3,100,46999,491,4436.75
2021-08-11,360,127,4,233,47232,491,4442.41
2021-08-12,241,247,3,-6,47226,491,4460.83
2021-08-13,276,214,1,62,47288,491,4468.00
2021-08-16,270,217,4,53,47341,491,4479.71
2021-08-17,145,346,0,-201,47140,491,4448.08
2021-08-18,64,426,1,-362,46778,491,4400.27
2021-08-19,224,265,2,-41,46737,491,4405.80
2021-08-20,408,81,2,327,47064,491,4441.67
2021-08-23,335,152,4,183,47247,491,4479.53
2021-08-24,299,190,2,109,47356,491,4486.23
2021-08-25,355,132,4,223,47579,491,4496.19
2021-08-26,110,379,2,-269,47310,491,4470.00
2021-08-27,423,65,3,358,47668,491,4509.37
2021-08-30,262,226,3,36,47704,491,4528.79
2021-08-31,251,239,1,12,47716,491,4522.68
2021-09-01,249,240,2,9,47725,491,4524.09
2021-09-02,374,115,2,259,47984,491,4536.95
2021-09-03,166,320,5,-154,47830,491,4535.43
2021-09-07,88,400,3,-312,47518,491,4520.03
2021-09-08,248,241,2,7,47525,491,4514.07
2021-09-09,179,308,4,-129,47396,491,4493.28
2021-09-10,130,358,3,-228,47168,491,4458.58
2021-09-13,284,205,2,79,47247,491,4468.73
2021-09-14,135,352,4,-217,47030,491,4443.05
2021-09-15,383,106,2,277,47307,491,4480.70
2021-09-16,193,297,1,-104,47203,491,4473.75
2021-09-17,104,386,1,-282,46921,491,4432.99
2021-09-20,53,437,1,-384,46537,491,4357.73
2021-09-21,183,304,4,-121,46416,491,4354.19
2021-09-22,406,83,2,323,46739,491,4395.64
2021-09-23,411,80,0,331,47070,491,4448.98
2021-09-24,252,238,1,14,47084,491,4455.48
2021-09-27,238,253,0,-15,47069,491,4443.11
2021-09-28,46,441,4,-395,46674,491,4352.63
2021-09-29,285,203,3,82,46756,491,4359.46
2021-09-30,58,428,5,-370,46386,491,4307.54
2021-10-01,378,109,4,269,46655,491,4357.04
2021-10-04,144,345,2,-201,46454,491,4300.46
2021-10-05,364,125,2,239,46693,491,4345.72
2021-10-06,288,198,5,90,46783,491,4363.55
2021-10-07,385,106,0,279,47062,491,4399.76
2021-10-08,182,304,5,-122,46940,491,4391.34
2021-10-11,133,355,3,-222,46718,491,4361.19
2021-10-12,242,243,6,-1,46717,491,4350.65
2021-10-13,294,192,5,102,46819,491,4363.80
2021-10-14,464,26,1,438,47257,491,4438.26
2021-10-15,319,169,3,150,47407,491,4471.37
2021-10-18,242,247,2,-5,47402,491,4486.46
2021-10-19,365,123,3,242,47644,491,4519.63
2021-10-20,378,112,1,266,47910,491,4536.19
2021-10-21,283,206,2,77,47987,491,4549.78
2021-10-22,321,166,4,155,48142,491,4544.90
2021-10-25,273,217,1,56,48198,491,4566.48
2021-10-26,231,254,6,-23,48175,491,4574.79
2021-10-27,83,407,1,-324,47851,491,4551.68
2021-10-28,399,88,4,311,48162,491,4596.42
2021-10-29,220,268,3,-48,48114,491,4605.38
2021-11-01,318,172,1,146,48260,491,4613.67
2021-11-02,280,206,5,74,48334,491,4630.65
2021-11-03,327,162,2,165,48499,491,4660.57
2021-11-04,219,271,1,-52,48447,491,4680.06
2021-11-05,314,175,2,139,48586,491,4697.53
2021-11-08,266,221,4,45,48631,491,4701.70
2021-11-09,247,238,6,9,48640,491,4685.25
2021-11-10,184,306,1,-122,48518,491,4646.71
2021-11-11,277,213,1,64,48582,491,4649.27
2021-11-12,325,164,2,161,48743,491,4682.85
2021-11-15,266,224,1,42,48785,491,4682.80
2021-11-16,261,227,3,34,48819,491,4700.90
2021-11-17,171,317,3,-146,48673,491,4688.67
2021-11-18,171,319,1,-148,48525,491,4704.54
2021-11-19,175,314,2,-139,48386,491,4697.96
2021-11-22,257,234,0,23,48409,491,4682.94
2021-11-23,300,190,1,110,48519,491,4690.70
2021-11-24,250,236,5,14,48533,491,4701.46
2021-11-26,33,458,0,-425,48108,491,4594.62
2021-11-29,340,148,3,192,48300,491,4655.27
2021-11-30,10,480,1,-470,47830,491,4567.00
2021-12-01,102,387,2,-285,47545,491,4513.04
2021-12-02,443,47,1,396,47941,491,4577.10
2021-12-03,183,305,3,-122,47819,491,4538.43
2021-12-06,403,87,1,316,48135,491,4591.67
2021-12-07,429,60,2,369,48504,491,4686.75
2021-12-08,299,190,2,109,48613,491,4701.21
2021-12-09,113,375,3,-262,48351,491,4667.45
2021-12-10,345,145,1,200,48551,491,4712.02
2021-12-13,177,313,1,-136,48415,491,4668.97
2021-12-14,149,339,3,-190,48225,491,4634.09
2021-12-15,397,91,3,306,48531,491,4709.85
2021-12-16,250,239,2,11,48542,491,4668.67
2021-12-17,141,348,2,-207,48335,491,4620.64
2021-12-20,80,408,3,-328,48007,491,4568.02
2021-12-21,415,76,0,339,48346,491,4649.23
2021-12-22,390,99,2,291,48637,491,4696.56
2021-12-23,389,102,0,287,48924,491,4725.79
2021-12-27,440,49,2,391,49315,491,4791.19
2021-12-28,288,199,4,89,49404,491,4786.35
2021-12-29,332,154,5,178,49582,491,4793.06
2021-12-30,180,308,3,-128,49454,491,4778.73
2021-12-31,276,213,2,63,49517,491,4766.18
2022-01-03,239,252,0,-13,49504,491,4796.56
2022-01-04,310,178,3,132,49636,491,4793.54
2022-01-05,88,400,3,-312,49324,491,4700.58
2022-01-06,277,213,1,64,49388,491,4696.05
2022-01-07,215,274,2,-59,49329,491,4677.03
2022-01-10,191,297,3,-106,49223,491,4670.29
2022-01-11,375,116,0,259,49482,491,4713.07
2022-01-12,281,207,3,74,49556,491,4726.35
2022-01-13,202,288,1,-86,49470,491,4659.03
2022-01-14,206,281,4,-75,49395,491,4662.85
2022-01-18,55,434,2,-379,49016,491,4577.11
2022-01-19,112,377,2,-265,48751,491,4532.76
2022-01-20,92,396,4,-304,48447,492,4482.73
2022-01-21,86,401,5,-315,48132,492,4397.94
2022-01-24,306,185,1,121,48253,492,4410.13
2022-01-25,109,382,1,-273,47980,492,4356.45
2022-01-26,153,338,1,-185,47795,492,4349.93
2022-01-27,180,310,2,-130,47665,492,4326.51
2022-01-28,435,56,1,379,48044,492,4431.85
2022-01-31,422,68,2,354,48398,492,4515.55
2022-02-01,335,156,1,179,48577,492,4546.54
2022-02-02,364,127,1,237,48814,492,4589.38
2022-02-03,78,412,2,-334,48480,492,4477.44
2022-02-04,216,274,2,-58,48422,492,4500.53
2022-02-07,248,241,3,7,48429,492,4483.87
2022-02-08,368,122,2,246,48675,492,4521.54
2022-02-09,415,74,3,341,49016,492,4587.18
2022-02-10,62,430,0,-368,48648,492,4504.08
2022-02-11,92,399,1,-307,48341,492,4418.64
2022-02-14,112,376,4,-264,48077,492,4401.67
2022-02-15,392,99,1,293,48370,492,4471.07
2022-02-16,295,195,2,100,48470,492,4475.01
2022-02-17,70,419,3,-349,48121,492,4380.26
2022-02-18,166,324,2,-158,47963,492,4348.87
2022-02-22,107,383,2,-276,47687,492,4304.76
2022-02-23,59,431,2,-372,47315,492,4225.50
2022-02-24,320,170,2,150,47465,492,4288.70
2022-02-25,467,25,0,442,47907,492,4384.65
2022-02-28,151,341,0,-190,47717,492,4373.94
2022-03-01,100,391,1,-291,47426,492,4306.26
2022-03-02,454,37,1,417,47843,492,4386.54
2022-03-03,235,255,2,-20,47823,492,4363.49
2022-03-04,194,297,1,-103,47720,492,4328.87
2022-03-07,70,422,0,-352,47368,492,4201.09
2022-03-08,196,293,3,-97,47271,492,4170.70
2022-03-09,417,75,0,342,47613,492,4277.88
2022-03-10,193,297,2,-104,47509,492,4259.52
2022-03-11,98,389,5,-291,47218,492,4204.31
2022-03-14,204,286,2,-82,47136,492,4173.11
2022-03-15,436,54,2,382,47518,492,4262.45
2022-03-16,410,82,0,328,47846,492,4357.86
2022-03-17,417,73,2,344,48190,492,4411.67
2022-03-18,352,139,1,213,48403,492,4463.12
2022-03-21,185,302,5,-117,48286,492,4461.18
2022-03-22,344,146,2,198,48484,492,4511.61
2022-03-23,89,400,3,-311,48173,492,4456.24
2022-03-24,434,58,0,376,48549,492,4520.16
2022-03-25,361,130,1,231,48780,492,4543.06
2022-03-28,307,181,4,126,48906,492,4575.52
2022-03-29,424,67,1,357,49263,492,4631.60
2022-03-30,178,312,2,-134,49129,492,4602.45
2022-03-31,70,421,1,-351,48778,492,4530.41
2022-04-01,337,154,1,183,48961,492,4545.86
2022-04-04,251,239,2,12,48973,492,4582.64
2022-04-05,144,346,2,-202,48771,492,4525.12
2022-04-06,212,279,1,-67,48704,492,4481.15
2022-04-07,269,221,2,48,48752,492,4500.21
2022-04-08,245,243,4,2,48754,492,4488.28
2022-04-11,99,390,3,-291,48463,492,4412.53
2022-04-12,198,294,0,-96,48367,492,4397.45
2022-04-13,398,93,1,305,48672,492,4446.59
2022-04-14,163,327,2,-164,48508,492,4392.59
2022-04-18,185,304,3,-119,48389,492,4391.69
2022-04-19,436,55,1,381,48770,492,4462.21
2022-04-20,364,124,4,240,49010,492,4459.45
2022-04-21,81,408,3,-327,48683,492,4393.66
2022-04-22,12,480,0,-468,48215,492,4271.78
2022-04-25,292,199,1,93,48308,492,4296.12
2022-04-26,30,461,1,-431,47877,492,4175.20
2022-04-27,257,230,5,27,47904,492,4183.96
2022-04-28,429,61,2,368,48272,492,4287.50
2022-04-29,11,481,0,-470,47802,492,4131.93
2022-05-02,269,221,2,48,47850,492,4155.38
2022-05-03,347,145,0,202,48052,492,4175.48
2022-05-04,470,21,1,449,48501,492,4300.17
2022-05-05,13,478,1,-465,48036,492,4146.87
2022-05-06,140,349,3,-209,47827,492,4123.34
2022-05-09,68,424,0,-356,47471,492,3991.24
2022-05-10,223,269,0,-46,47425,492,4001.05
2022-05-11,124,364,4,-240,47185,492,3935.18
2022-05-12,289,202,1,87,47272,492,3930.08
2022-05-13,456,36,0,420,47692,492,4023.89
2022-05-16,183,308,1,-125,47567,492,4008.01
2022-05-17,444,47,1,397,47964,492,4088.85
2022-05-18,7,485,0,-478,47486,492,3923.68
2022-05-19,228,264,0,-36,47450,492,3900.79
2022-05-20,286,201,5,85,47535,492,3901.36
2022-05-23,411,79,2,332,47867,492,3973.75
2022-05-24,203,288,1,-85,47782,492,3941.48
2022-05-25,374,116,2,258,48040,492,3978.73
2022-05-26,440,52,0,388,48428,492,4057.84
2022-05-27,472,19,1,453,48881,492,4158.24
2022-05-31,95,393,4,-298,48583,492,4132.15
2022-06-01,104,385,3,-281,48302,492,4101.23
2022-06-02,433,57,2,376,48678,492,4176.82
2022-06-03,67,423,2,-356,48322,492,4108.54
2022-06-06,309,181,2,128,48450,492,4121.43
2022-06-07,410,80,2,330,48780,492,4160.68
2022-06-08,52,438,2,-386,48394,492,4115.77
2022-06-09,22,469,1,-447,47947,492,4017.82
2022-06-10,33,457,2,-424,47523,492,3900.86
2022-06-13,5,486,1,-481,47042,492,3749.63
2022-06-14,176,311,5,-135,46907,492,3735.48
2022-06-15,391,99,2,292,47199,492,3789.99
2022-06-16,14,477,1,-463,46736,492,3666.77
2022-06-17,288,202,2,86,46822,492,3674.84
2022-06-21,430,61,1,369,47191,492,3764.79
2022-06-22,243,245,4,-2,47189,492,3759.89
2022-06-23,329,160,3,169,47358,492,3795.73
2022-06-24,477,15,0,462,47820,492,3911.74
2022-06-27,233,255,4,-22,47798,492,3900.11
2022-06-28,64,427,1,-363,47435,492,3821.55
2022-06-29,200,290,2,-90,47345,492,3818.83
2022-06-30,165,326,1,-161,47184,492,3785.38
2022-07-01,413,78,1,335,47519,492,3825.33
2022-07-05,217,274,1,-57,47462,492,3831.39
2022-07-06,271,217,4,54,47516,492,3845.08
2022-07-07,392,99,1,293,47809,492,3902.62
2022-07-08,161,328,3,-167,47642,492,3899.38
2022-07-11,131,358,3,-227,47415,492,3854.43
2022-07-12,158,330,4,-172,47243,492,3818.80
2022-07-13,164,326,2,-162,47081,492,3801.78
2022-07-14,151,338,3,-187,46894,492,3790.38
2022-07-15,459,31,2,428,47322,492,3863.16
2022-07-18,156,335,1,-179,47143,492,3830.85
2022-07-19,482,9,1,473,47616,492,3936.69
2022-07-20,338,151,3,187,47803,492,3959.90
2022-07-21,366,121,5,245,48048,492,3998.95
2022-07-22,174,314,4,-140,47908,492,3961.63
2022-07-25,284,204,4,80,47988,492,3966.84
2022-07-26,179,311,2,-132,47856,492,3921.05
2022-07-27,424,67,1,357,48213,492,4023.61
2022-07-28,407,82,3,325,48538,492,4072.43
2022-07-29,391,98,3,293,48831,492,4130.29
2022-08-01,220,268,4,-48,48783,492,4118.63
2022-08-02,128,362,2,-234,48549,492,4091.19
2022-08-03,392,99,1,293,48842,492,4155.17
2022-08-04,243,245,4,-2,48840,492,4151.94
2022-08-05,271,218,3,53,48893,492,4145.19
2022-08-08,306,181,5,125,49018,492,4140.06
2022-08-09,216,274,2,-58,48960,492,4122.47
2022-08-10,452,37,3,415,49375,492,4210.24
2022-08-11,283,208,1,75,49450,492,4207.27
2022-08-12,467,23,2,444,49894,492,4280.15
2022-08-15,293,195,4,98,49992,492,4297.14
2022-08-16,304,186,2,118,50110,492,4305.20
2022-08-17,107,384,1,-277,49833,492,4274.04
2022-08-18,313,171,8,142,49975,492,4283.74
2022-08-19,76,415,1,-339,49636,492,4228.48
2022-08-22,23,468,1,-445,49191,492,4137.99
2022-08-23,182,304,6,-122,49069,492,4128.73
2022-08-24,351,138,3,213,49282,492,4140.77
2022-08-25,457,35,0,422,49704,492,4199.12
2022-08-26,8,483,1,-475,49229,492,4057.66
2022-08-29,135,355,2,-220,49009,492,4030.61
2022-08-30,59,433,0,-374,48635,492,3986.16
2022-08-31,93,396,3,-303,48332,492,3955.00
2022-09-01,279,210,3,69,48401,492,3966.85
2022-09-02,83,406,3,-323,48078,492,3924.26
2022-09-06,194,296,2,-102,47976,492,3908.19
2022-09-07,465,26,1,439,48415,492,3979.87
2022-09-08,377,112,3,265,48680,492,4006.18
2022-09-09,443,47,2,396,49076,492,4067.36
2022-09-12,416,75,1,341,49417,492,4110.41
2022-09-13,5,486,1,-481,48936,492,3932.69
2022-09-14,239,250,3,-11,48925,492,3946.01
2022-09-15,132,355,5,-223,48702,492,3901.35
2022-09-16,136,355,1,-219,48483,492,3873.33
2022-09-19,374,116,2,258,48741,492,3899.89
2022-09-20,36,454,2,-418,48323,492,3855.93
2022-09-21,31,458,3,-427,47896,492,3789.93
2022-09-22,86,406,0,-320,47576,492,3757.99
2022-09-23,62,430,0,-368,47208,492,3693.23
2022-09-26,46,444,2,-398,46810,492,3655.04
2022-09-27,200,288,4,-88,46722,492,3647.29
2022-09-28,477,13,2,464,47186,492,3719.04
2022-09-29,42,450,0,-408,46778,492,3640.47
2022-09-30,87,405,0,-318,46460,492,3585.62
2022-10-03,477,13,2,464,46924,492,3678.43
2022-10-04,485,7,0,478,47402,492,3790.93
2022-10-05,179,311,2,-132,47270,492,3783.28
2022-10-06,95,395,2,-300,46970,492,3744.52
2022-10-07,23,469,0,-446,46524,492,3639.66
2022-10-10,184,305,3,-121,46403,492,3612.39
2022-10-11,192,299,1,-107,46296,492,3588.84
2022-10-12,149,341,2,-192,46104,492,3577.03
2022-10-13,447,44,1,403,46507,492,3669.91
2022-10-14,27,465,0,-438,46069,492,3583.07
2022-10-17,472,20,0,452,46521,492,3677.95
2022-10-18,439,50,3,389,46910,492,3719.98
2022-10-19,114,376,2,-262,46648,492,3695.16
2022-10-20,118,372,2,-254,46394,492,3665.78
2022-10-21,466,25,1,441,46835,492,3752.75
2022-10-24,397,90,5,307,47142,492,3797.34
2022-10-25,438,52,2,386,47528,492,3859.11
2022-10-26,275,212,5,63,47591,492,3830.60
2022-10-27,282,209,1,73,47664,492,3807.30
2022-10-28,442,50,0,392,48056,492,3901.06
2022-10-31,152,338,2,-186,47870,492,3871.98
2022-11-01,286,203,3,83,47953,492,3856.10
2022-11-02,32,458,2,-426,47527,492,3759.69
2022-11-03,205,285,2,-80,47447,492,3719.89
2022-11-04,389,103,0,286,47733,492,3770.55
2022-11-07,360,132,0,228,47961,492,3806.80
2022-11-08,347,143,2,204,48165,492,3828.11
2022-11-09,40,452,0,-412,47753,492,3748.57
2022-11-10,477,15,0,462,48215,492,3956.37
2022-11-11,300,191,1,109,48324,492,3992.93
2022-11-14,110,379,3,-269,48055,492,3957.25
2022-11-15,386,105,1,281,48336,492,3991.73
2022-11-16,151,340,1,-189,48147,492,3958.79
2022-11-17,171,321,0,-150,47997,492,3946.56
2022-11-18,375,116,1,259,48256,492,3965.34
2022-11-21,261,231,0,30,48286,492,3949.94
2022-11-22,429,59,4,370,48656,492,4003.58
2022-11-23,356,134,2,222,48878,492,4027.26
2022-11-25,330,157,5,173,49051,492,4026.12
2022-11-28,39,453,0,-414,48637,492,3963.94
2022-11-29,264,223,5,41,48678,492,3957.63
2022-11-30,471,19,2,452,49130,492,4080.11
2022-12-01,252,235,5,17,49147,492,4076.57
2022-12-02,235,253,4,-18,49129,492,4071.70
2022-12-05,22,470,0,-448,48681,492,3998.84
2022-12-06,104,388,0,-284,48397,492,3941.26
2022-12-07,220,270,2,-50,48347,492,3933.92
2022-12-08,356,134,2,222,48569,492,3963.51
2022-12-09,111,379,2,-268,48301,492,3934.38
2022-12-12,450,40,2,410,48711,492,3990.56
2022-12-13,342,146,4,196,48907,492,4019.65
2022-12-14,142,349,1,-207,48700,492,3995.32
2022-12-15,33,458,1,-425,48275,492,3895.75
2022-12-16,82,410,1,-328,47947,493,3852.36
2022-12-19,103,387,3,-284,47663,493,3817.66
2022-12-20,268,223,2,45,47708,493,3821.62
2022-12-21,455,38,0,417,48125,493,3878.44
2022-12-22,82,407,4,-325,47800,493,3822.39
2022-12-23,396,94,3,302,48102,493,3844.82
2022-12-27,288,203,2,85,48187,493,3829.25
2022-12-28,27,462,4,-435,47752,493,3783.22
2022-12-29,468,24,1,444,48196,493,3849.28
2022-12-30,130,358,5,-228,47968,493,3839.50
2023-01-03,252,238,3,14,47982,493,3824.14
2023-01-04,406,85,2,321,48303,493,3852.97
2023-01-05,109,383,1,-274,48029,493,3808.10
2023-01-06,468,25,0,443,48472,493,3895.08
2023-01-09,268,223,2,45,48517,493,3892.09
2023-01-10,353,137,3,216,48733,493,3919.25
2023-01-11,395,97,1,298,49031,493,3969.61
2023-01-12,287,204,2,83,49114,493,3983.17
2023-01-13,310,180,3,130,49244,493,3999.09
2023-01-17,191,296,6,-105,49139,493,3990.97
2023-01-18,50,442,1,-392,48747,493,3928.86
2023-01-19,110,379,4,-269,48478,493,3898.85
2023-01-20,453,40,0,413,48891,493,3972.61
2023-01-23,389,103,1,286,49177,493,4019.81
2023-01-24,230,258,5,-28,49149,493,4016.95
2023-01-25,271,219,3,52,49201,493,4016.22
2023-01-26,358,131,4,227,49428,493,4060.43
2023-01-27,254,236,3,18,49446,493,4070.56
2023-01-30,96,394,3,-298,49148,493,4017.77
2023-01-31,462,30,1,432,49580,493,4076.60
2023-02-01,368,122,3,246,49826,493,4119.21
2023-02-02,323,167,3,156,49982,493,4179.76
2023-02-03,114,377,2,-263,49719,493,4136.48
2023-02-06,155,336,2,-181,49538,493,4111.08
2023-02-07,348,143,2,205,49743,493,4164.00
2023-02-08,107,384,2,-277,49466,493,4117.86
2023-02-09,116,373,4,-257,49209,493,4081.50
2023-02-10,312,179,2,133,49342,493,4090.46
2023-02-13,437,56,0,381,49723,493,4137.29
2023-02-14,174,313,6,-139,49584,493,4136.13
2023-02-15,340,150,3,190,49774,493,4147.60
2023-02-16,79,412,2,-333,49441,493,4090.41
2023-02-17,245,246,2,-1,49440,493,4079.09
2023-02-21,33,459,1,-426,49014,493,3997.34
2023-02-22,199,291,3,-92,48922,493,3991.05
2023-02-23,306,183,4,123,49045,493,4012.32
2023-02-24,105,386,2,-281,48764,493,3970.04
2023-02-27,263,227,3,36,48800,493,3982.24
2023-02-28,203,288,2,-85,48715,493,3970.15
2023-03-01,181,311,1,-130,48585,493,3951.39
2023-03-02,369,122,2,247,48832,493,3981.35
2023-03-03,439,50,4,389,49221,493,4045.64
2023-03-06,177,314,2,-137,49084,493,4048.42
2023-03-07,31,460,2,-429,48655,493,3986.37
2023-03-08,284,206,3,78,48733,493,3992.01
2023-03-09,21,472,0,-451,48282,493,3918.32
2023-03-10,40,452,1,-412,47870,493,3861.59
2023-03-13,204,288,1,-84,47786,493,3855.76
2023-03-14,427,66,0,361,48147,493,3919.29
2023-03-15,139,352,2,-213,47934,493,3891.93
2023-03-16,423,69,1,354,48288,493,3960.28
2023-03-17,41,452,0,-411,47877,493,3916.64
2023-03-20,434,59,0,375,48252,493,3951.57
2023-03-21,382,104,7,278,48530,493,4002.87
2023-03-22,11,480,2,-469,48061,493,3936.97
2023-03-23,190,302,1,-112,47949,493,3948.72
2023-03-24,354,137,2,217,48166,493,3970.99
2023-03-27,355,135,3,220,48386,493,3977.53
2023-03-28,298,193,2,105,48491,493,3971.27
2023-03-29,454,37,2,417,48908,493,4027.81
2023-03-30,361,131,1,230,49138,493,4050.83
2023-03-31,466,25,2,441,49579,493,4109.31
2023-04-03,232,260,1,-28,49551,493,4124.51
2023-04-04,115,373,5,-258,49293,493,4100.60
2023-04-05,211,279,3,-68,49225,493,4090.38
2023-04-06,261,229,3,32,49257,493,4105.02
2023-04-10,342,149,2,193,49450,493,4109.11
2023-04-11,354,135,4,219,49669,493,4108.94
2023-04-12,181,311,1,-130,49539,493,4091.95
2023-04-13,387,104,2,283,49822,493,4146.22
2023-04-14,172,316,5,-144,49678,493,4137.64
2023-04-17,372,119,2,253,49931,493,4151.32
2023-04-18,257,233,3,24,49955,493,4154.87
2023-04-19,244,247,2,-3,49952,493,4154.52
2023-04-20,167,323,3,-156,49796,493,4129.79
2023-04-21,249,243,1,6,49802,493,4133.52
2023-04-24,300,189,4,111,49913,493,4137.04
2023-04-25,85,407,1,-322,49591,493,4071.63
2023-04-26,103,387,3,-284,49307,493,4055.99
2023-04-27,431,60,2,371,49678,493,4135.35
2023-04-28,392,101,0,291,49969,493,4169.48
2023-05-01,261,230,2,31,50000,493,4167.87
2023-05-02,93,399,1,-306,49694,493,4119.58
2023-05-03,150,342,1,-192,49502,493,4090.75
2023-05-04,152,338,3,-186,49316,493,4061.22
2023-05-05,453,39,2,414,49730,494,4136.25
2023-05-08,217,270,7,-53,49677,494,4138.12
2023-05-09,187,301,6,-114,49563,494,4119.17
2023-05-10,264,225,5,39,49602,494,4137.64
2023-05-11,158,333,3,-175,49427,494,4130.62
2023-05-12,249,237,8,12,49439,494,4124.08
2023-05-15,332,162,0,170,49609,494,4136.28
2023-05-16,61,431,2,-370,49239,494,4109.90
2023-05-17,380,111,3,269,49508,494,4158.77
2023-05-18,345,146,3,199,49707,494,4198.05
2023-05-19,191,299,4,-108,49599,494,4191.98
2023-05-22,280,211,3,69,49668,494,4192.63
2023-05-23,104,386,4,-282,49386,494,4145.58
2023-05-24,86,406,2,-320,49066,494,4115.24
2023-05-25,217,272,5,-55,49011,494,4151.28
2023-05-26,342,148,4,194,49205,494,4205.45
2023-05-30,211,282,1,-71,49134,494,4205.52
2023-05-31,175,316,3,-141,48993,494,4179.83
2023-06-01,372,119,3,253,49246,494,4221.02
2023-06-02,448,42,4,406,49652,494,4282.37
2023-06-05,189,302,3,-113,49539,494,4273.79
2023-06-06,319,174,1,145,49684,494,4283.85
2023-06-07,333,159,2,174,49858,494,4267.52
2023-06-08,263,229,2,34,49892,494,4293.93
2023-06-09,218,272,4,-54,49838,494,4298.86
2023-06-12,333,161,0,172,50010,494,4338.93
2023-06-13,391,99,4,292,50302,494,4369.01
2023-06-14,223,268,3,-45,50257,494,4372.59
2023-06-15,436,55,3,381,50638,494,4425.84
2023-06-16,214,278,2,-64,50574,494,4409.59
2023-06-20,98,396,0,-298,50276,494,4388.71
2023-06-21,256,235,3,21,50297,494,4365.69
2023-06-22,184,309,1,-125,50172,494,4381.89
2023-06-23,97,396,1,-299,49873,494,4348.33
2023-06-26,324,168,2,156,50029,494,4328.82
2023-06-27,410,83,1,327,50356,494,4378.41
2023-06-28,211,281,2,-70,50286,494,4376.86
2023-06-29,382,109,3,273,50559,494,4396.44
2023-06-30,434,59,1,375,50934,494,4450.38
2023-07-03,304,187,3,117,51051,494,4455.59
2023-07-05,173,318,3,-145,50906,494,4446.82
2023-07-06,77,414,3,-337,50569,494,4411.59
2023-07-07,251,242,1,9,50578,494,4398.95
2023-07-10,365,128,1,237,50815,494,4409.53
2023-07-11,408,84,2,324,51139,494,4439.26
2023-07-12,322,172,0,150,51289,494,4472.16
2023-07-13,351,139,4,212,51501,494,4510.04
2023-07-14,173,319,2,-146,51355,494,4505.42
2023-07-17,276,215,3,61,51416,494,4522.79
2023-07-18,317,173,4,144,51560,494,4554.98
2023-07-19,311,180,3,131,51691,494,4565.72
2023-07-20,271,222,1,49,51740,494,4534.87
2023-07-21,293,196,5,97,51837,494,4536.34
2023-07-24,287,204,3,83,51920,494,4554.64
2023-07-25,291,203,0,88,52008,494,4567.46
2023-07-26,259,234,1,25,52033,494,4566.75
2023-07-27,119,373,2,-254,51779,494,4537.41
2023-07-28,333,160,1,173,51952,494,4582.23
2023-07-31,306,184,4,122,52074,494,4588.96
2023-08-01,184,307,3,-123,51951,494,4576.73
2023-08-02,129,361,4,-232,51719,494,4513.39
2023-08-03,218,274,2,-56,51663,494,4501.89
2023-08-04,158,332,4,-174,51489,494,4478.03
2023-08-07,406,86,2,320,51809,494,4518.44
2023-08-08,147,345,2,-198,51611,494,4499.38
2023-08-09,198,291,5,-93,51518,494,4467.71
2023-08-10,226,263,5,-37,51481,494,4468.83
2023-08-11,272,218,4,54,51535,494,4464.05
2023-08-14,242,251,1,-9,51526,494,4489.72
2023-08-15,43,450,1,-407,51119,494,4437.86
2023-08-16,116,377,1,-261,50858,494,4404.33
2023-08-17,124,369,1,-245,50613,494,4370.36
2023-08-18,299,191,4,108,50721,494,4369.71
2023-08-21,234,258,2,-24,50697,494,4399.77
2023-08-22,192,301,1,-109,50588,494,4387.55
2023-08-23,395,95,4,300,50888,494,4436.01
2023-08-24,87,404,3,-317,50571,494,4376.31
2023-08-25,373,118,3,255,50826,494,4405.71
2023-08-28,407,80,7,327,51153,494,4433.31
2023-08-29,432,58,4,374,51527,494,4497.63
2023-08-30,320,168,6,152,51679,494,4514.87
2023-08-31,184,307,3,-123,51556,494,4507.66
2023-09-01,331,161,2,170,51726,494,4515.77
2023-09-05,92,401,1,-309,51417,494,4496.83
2023-09-06,209,283,2,-74,51343,494,4465.48
2023-09-07,215,277,2,-62,51281,494,4451.14
2023-09-08,264,224,6,40,51321,494,4457.49
2023-09-11,303,186,5,117,51438,494,4487.46
2023-09-12,204,286,4,-82,51356,494,4461.90
2023-09-13,200,291,3,-91,51265,494,4467.44
2023-09-14,421,71,2,350,51615,494,4505.10
2023-09-15,87,406,1,-319,51296,494,4450.32
2023-09-18,240,253,1,-13,51283,494,4453.53
2023-09-19,194,298,2,-104,51179,494,4443.95
2023-09-20,166,326,2,-160,51019,494,4402.20
2023-09-21,34,460,0,-426,50593,494,4330.00
2023-09-22,185,306,3,-121,50472,494,4320.06
2023-09-25,296,195,3,101,50573,494,4337.44
2023-09-26,46,447,1,-401,50172,494,4273.53
2023-09-27,246,243,5,3,50175,494,4274.51
2023-09-28,369,123,2,246,50421,494,4299.70
2023-09-29,182,308,4,-126,50295,494,4288.05
2023-10-02,113,379,2,-266,50029,494,4288.39
2023-10-03,101,392,1,-291,49738,494,4229.45
2023-10-04,376,116,2,260,49998,494,4263.75
2023-10-05,217,276,2,-59,49939,495,4258.19
2023-10-06,397,97,1,300,50239,495,4308.50
2023-10-09,343,147,5,196,50435,495,4335.66
2023-10-10,378,115,2,263,50698,495,4358.24
2023-10-11,304,187,4,117,50815,495,4376.95
2023-10-12,85,407,3,-322,50493,495,4349.61
2023-10-13,207,284,4,-77,50416,495,4327.78
2023-10-16,450,44,1,406,50822,495,4373.63
2023-10-17,328,165,2,163,50985,495,4373.20
2023-10-18,78,417,0,-339,50646,495,4314.60
2023-10-19,68,426,1,-358,50288,495,4278.00
2023-10-20,62,430,3,-368,49920,495,4224.16
2023-10-23,141,351,3,-210,49710,495,4217.04
2023-10-24,353,139,3,214,49924,495,4247.68
2023-10-25,121,372,2,-251,49673,495,4186.77
2023-10-26,234,260,1,-26,49647,495,4137.23
2023-10-27,95,399,1,-304,49343,495,4117.37
2023-10-30,400,93,2,307,49650,495,4166.82
2023-10-31,414,80,1,334,49984,495,4193.80
2023-11-01,316,178,1,138,50122,495,4237.86
2023-11-02,441,52,2,389,50511,495,4317.78
2023-11-03,413,78,4,335,50846,495,4358.34
2023-11-06,161,333,1,-172,50674,495,4365.98
2023-11-07,216,276,3,-60,50614,495,4378.38
2023-11-08,230,262,3,-32,50582,495,4382.78
2023-11-09,128,366,1,-238,50344,495,4347.35
2023-11-10,430,62,3,368,50712,495,4415.24
2023-11-13,207,287,1,-80,50632,495,4411.55
2023-11-14,456,38,1,418,51050,495,4495.70
2023-11-15,291,201,3,90,51140,495,4502.88
2023-11-16,225,269,1,-44,51096,495,4508.24
2023-11-17,326,165,4,161,51257,495,4514.02
2023-11-20,340,150,5,190,51447,495,4547.38
2023-11-21,232,261,2,-29,51418,495,4538.19
2023-11-22,391,103,1,288,51706,495,4556.62
2023-11-24,380,113,2,267,51973,495,4559.34
2023-11-27,181,311,3,-130,51843,495,4550.43
2023-11-28,220,272,3,-52,51791,495,4554.89
2023-11-29,285,207,3,78,51869,495,4550.58
2023-11-30,390,100,5,290,52159,495,4567.80
2023-12-01,427,67,1,360,52519,495,4594.63
2023-12-04,248,245,2,3,52522,495,4569.78
2023-12-05,96,396,3,-300,52222,495,4567.18
2023-12-06,261,232,2,29,52251,495,4549.34
2023-12-07,324,167,4,157,52408,495,4585.59
2023-12-08,305,186,4,119,52527,495,4604.37
2023-12-11,387,104,4,283,52810,495,4622.44
2023-12-12,305,187,3,118,52928,495,4643.70
2023-12-13,442,53,0,389,53317,495,4707.09
2023-12-14,323,171,1,152,53469,495,4719.55
2023-12-15,135,358,2,-223,53246,495,4719.19
2023-12-18,290,201,4,89,53335,495,4740.56
2023-12-19,393,99,3,294,53629,495,4768.37
2023-12-20,20,475,0,-455,53174,495,4698.35
2023-12-21,450,41,4,409,53583,495,4746.75
2023-12-22,361,126,8,235,53818,495,4754.63
2023-12-26,406,87,2,319,54137,495,4774.75
2023-12-27,307,185,3,122,54259,495,4781.58
2023-12-28,328,163,4,165,54424,495,4783.35
2023-12-29,143,345,7,-202,54222,495,4769.83
2024-01-02,243,252,0,-9,54213,495,4742.83
2024-01-03,107,386,2,-279,53934,495,4704.81
2024-01-04,254,239,2,15,53949,495,4688.68
2024-01-05,274,217,4,57,54006,495,4697.24
2024-01-08,415,78,2,337,54343,495,4763.54
2024-01-09,148,345,2,-197,54146,495,4756.50
2024-01-10,282,210,3,72,54218,495,4783.45
2024-01-11,224,267,4,-43,54175,495,4780.24
2024-01-12,264,228,3,36,54211,495,4783.83
2024-01-16,140,351,4,-211,54000,495,4765.98
2024-01-17,106,387,2,-281,53719,495,4739.21
2024-01-18,332,160,3,172,53891,495,4780.94
2024-01-19,379,115,1,264,54155,495,4839.81
2024-01-22,351,141,3,210,54365,495,4850.43
2024-01-23,262,231,2,31,54396,495,4864.60
2024-01-24,146,345,4,-199,54197,495,4868.55
2024-01-25,386,107,2,279,54476,495,4894.16
2024-01-26,265,228,2,37,54513,495,4890.97
2024-01-29,363,130,2,233,54746,495,4927.93
2024-01-30,274,220,1,54,54800,495,4924.97
2024-01-31,74,417,4,-343,54457,495,4845.65
2024-02-01,398,95,2,303,54760,495,4906.19
2024-02-02,240,251,4,-11,54749,495,4958.61
2024-02-05,94,400,1,-306,54443,495,4942.81
2024-02-06,341,147,7,194,54637,495,4954.23
2024-02-07,322,169,4,153,54790,495,4995.06
2024-02-08,271,223,1,48,54838,495,4997.91
2024-02-09,316,177,2,139,54977,495,5026.61
2024-02-12,313,179,3,134,55111,495,5021.84
2024-02-13,56,438,1,-382,54729,495,4953.17
2024-02-14,391,99,5,292,55021,495,5000.62
2024-02-15,402,90,3,312,55333,495,5029.73
2024-02-16,169,321,5,-152,55181,495,5005.57
2024-02-20,191,302,2,-111,55070,495,4975.51
2024-02-21,313,179,3,134,55204,495,4981.80
2024-02-22,375,119,1,256,55460,495,5087.03
2024-02-23,330,160,5,170,55630,495,5088.80
2024-02-26,171,320,4,-149,55481,495,5069.53
2024-02-27,302,190,3,112,55593,495,5078.18
2024-02-28,258,234,3,24,55617,495,5069.76
2024-02-29,322,168,5,154,55771,495,5096.27
2024-03-01,308,186,1,122,55893,495,5137.08
2024-03-04,302,192,1,110,56003,495,5130.95
2024-03-05,171,321,3,-150,55853,495,5078.65
2024-03-06,370,123,2,247,56100,495,5104.76
2024-03-07,361,132,2,229,56329,495,5157.36
2024-03-08,232,260,3,-28,56301,495,5123.69
2024-03-11,272,221,2,51,56352,495,5117.94
2024-03-12,299,194,2,105,56457,495,5175.27
2024-03-13,265,227,3,38,56495,495,5165.31
2024-03-14,117,375,3,-258,56237,495,5150.48
2024-03-15,222,271,2,-49,56188,495,5117.09
2024-03-18,307,186,2,121,56309,495,5149.42
2024-03-19,373,118,4,255,56564,495,5178.51
2024-03-20,381,110,4,271,56835,495,5224.62
2024-03-21,373,120,2,253,57088,495,5241.53
2024-03-22,127,364,5,-237,56851,496,5234.18
2024-03-25,185,306,5,-121,56730,496,5218.19
2024-03-26,224,266,6,-42,56688,496,5203.58
2024-03-27,434,62,1,372,57060,497,5248.49
2024-03-28,351,146,1,205,57265,498,5254.35
2024-04-01,137,359,2,-222,57043,498,5243.77
2024-04-02,105,390,3,-285,56758,498,5205.81
2024-04-03,280,216,2,64,56822,498,5211.49
2024-04-04,69,427,2,-358,56464,498,5147.21
2024-04-05,370,127,1,243,56707,498,5204.34
2024-04-08,273,223,2,50,56757,498,5202.39
2024-04-09,312,184,2,128,56885,498,5209.91
2024-04-10,82,415,1,-333,56552,498,5160.64
2024-04-11,241,256,1,-15,56537,498,5199.06
2024-04-12,43,452,3,-409,56128,498,5123.41
2024-04-15,72,422,4,-350,55778,498,5061.82
2024-04-16,166,330,2,-164,55614,498,5051.41
2024-04-17,195,302,1,-107,55507,498,5022.21
2024-04-18,251,244,3,7,55514,498,5011.12
2024-04-19,312,183,3,129,55643,498,4967.23
2024-04-22,411,81,6,330,55973,498,5010.60
2024-04-23,393,100,5,293,56266,498,5070.55
2024-04-24,273,222,3,51,56317,498,5071.63
2024-04-25,202,294,2,-92,56225,498,5048.42
2024-04-26,266,229,3,37,56262,498,5099.96
2024-04-29,357,138,3,219,56481,498,5116.17
2024-04-30,59,436,3,-377,56104,498,5035.69
2024-05-01,240,256,2,-16,56088,498,5018.39
2024-05-02,355,142,1,213,56301,498,5064.20
2024-05-03,371,124,3,247,56548,498,5127.79
2024-05-06,387,109,2,278,56826,498,5180.74
2024-05-07,315,181,2,134,56960,498,5187.70
2024-05-08,249,247,2,2,56962,498,5187.67
2024-05-09,406,92,0,314,57276,498,5214.08
2024-05-10,296,195,7,101,57377,498,5222.68
2024-05-13,208,285,5,-77,57300,498,5221.42
2024-05-14,315,179,4,136,57436,498,5246.68
2024-05-15,368,126,4,242,57678,498,5308.15
2024-05-16,216,275,7,-59,57619,498,5297.10
2024-05-17,294,201,3,93,57712,498,5303.27
2024-05-20,225,269,4,-44,57668,498,5308.13
2024-05-21,250,244,4,6,57674,498,5321.41
2024-05-22,180,315,3,-135,57539,498,5307.01
2024-05-23,65,432,1,-367,57172,498,5267.84
2024-05-24,363,134,1,229,57401,498,5304.72
2024-05-28,138,356,4,-218,57183,498,5306.04
2024-05-29,56,440,2,-384,56799,498,5266.95
2024-05-30,353,142,3,211,57010,498,5235.48
2024-05-31,401,96,1,305,57315,498,5277.51
2024-06-03,169,326,3,-157,57158,498,5283.40
2024-06-04,223,274,1,-51,57107,498,5291.34
2024-06-05,334,162,2,172,57279,498,5354.03
2024-06-06,195,300,3,-105,57174,498,5352.96
2024-06-07,187,307,4,-120,57054,498,5346.99
2024-06-10,297,199,2,98,57152,498,5360.79
2024-06-11,178,315,5,-137,57015,498,5375.32
2024-06-12,301,195,2,106,57121,498,5421.03
2024-06-13,185,309,4,-124,56997,498,5433.74
2024-06-14,131,365,2,-234,56763,498,5431.60
2024-06-17,358,138,2,220,56983,498,5473.23
2024-06-18,318,177,3,141,57124,498,5487.03
2024-06-20,283,214,1,69,57193,498,5473.17
2024-06-21,286,209,3,77,57270,498,5464.62
2024-06-24,345,150,3,195,57465,498,5447.87
2024-06-25,134,361,3,-227,57238,498,5469.30
2024-06-26,167,330,1,-163,57075,498,5477.90
2024-06-27,290,206,2,84,57159,498,5482.87
2024-06-28,264,234,0,30,57189,498,5460.48
2024-07-01,134,361,3,-227,56962,498,5475.09
2024-07-02,338,158,2,180,57142,498,5509.01
2024-07-03,249,244,5,5,57147,498,5537.02
2024-07-05,240,254,4,-14,57133,498,5567.19
2024-07-08,274,223,1,51,57184,498,5572.85
2024-07-09,193,303,2,-110,57074,498,5576.98
2024-07-10,398,98,2,300,57374,498,5633.91
2024-07-11,386,112,0,274,57648,498,5584.54
2024-07-12,402,94,2,308,57956,498,5615.35
2024-07-15,283,215,0,68,58024,498,5631.22
2024-07-16,435,61,2,374,58398,498,5667.20
2024-07-17,234,263,1,-29,58369,498,5588.27
2024-07-18,115,381,2,-266,58103,498,5544.59
2024-07-19,145,351,2,-206,57897,498,5505.00
2024-07-22,396,99,3,297,58194,498,5564.41
2024-07-23,191,304,3,-113,58081,498,5555.74
2024-07-24,156,340,2,-184,57897,498,5427.13
2024-07-25,276,219,3,57,57954,498,5399.22
2024-07-26,435,61,2,374,58328,498,5459.10
2024-07-29,263,231,4,32,58360,498,5463.54
2024-07-30,321,175,2,146,58506,498,5436.44
2024-07-31,293,204,1,89,58595,498,5522.30
2024-08-01,164,333,1,-169,58426,498,5446.68
2024-08-02,124,374,0,-250,58176,498,5346.56
2024-08-05,23,475,0,-452,57724,498,5186.33
2024-08-06,398,98,2,300,58024,498,5240.03
2024-08-07,146,351,1,-205,57819,498,5199.50
2024-08-08,454,42,2,412,58231,498,5319.31
2024-08-09,298,198,2,100,58331,498,5344.16
2024-08-12,166,330,2,-164,58167,498,5344.39
2024-08-13,421,73,4,348,58515,498,5434.43
2024-08-14,307,187,4,120,58635,498,5455.21
2024-08-15,415,83,0,332,58967,498,5543.22
2024-08-16,315,180,3,135,59102,498,5554.25
2024-08-19,412,83,3,329,59431,498,5608.25
2024-08-20,173,322,3,-149,59282,498,5597.12
2024-08-21,405,92,1,313,59595,498,5620.85
2024-08-22,203,292,3,-89,59506,498,5570.64
2024-08-23,427,70,1,357,59863,498,5634.61
2024-08-26,262,234,2,28,59891,498,5616.84
2024-08-27,248,249,1,-1,59890,498,5625.80
2024-08-28,205,288,5,-83,59807,498,5592.18
2024-08-29,330,168,0,162,59969,498,5591.96
2024-08-30,437,59,2,378,60347,498,5648.40
2024-09-03,140,356,2,-216,60131,498,5528.93
2024-09-04,235,262,1,-27,60104,498,5520.07
2024-09-05,127,367,4,-240,59864,498,5503.41
2024-09-06,79,416,3,-337,59527,498,5408.42
2024-09-09,414,84,0,330,59857,498,5471.05
2024-09-10,269,225,4,44,59901,498,5495.52
2024-09-11,247,247,4,0,59901,498,5554.13
2024-09-12,372,125,1,247,60148,498,5595.76
2024-09-13,417,79,2,338,60486,498,5626.02
2024-09-16,383,114,1,269,60755,498,5633.09
2024-09-17,274,223,1,51,60806,498,5634.58
2024-09-18,208,285,5,-77,60729,498,5618.26
2024-09-19,355,141,2,214,60943,498,5713.64
2024-09-20,191,302,5,-111,60832,498,5702.55
2024-09-23,353,139,6,214,61046,498,5718.57
2024-09-24,249,246,3,3,61049,498,5732.93
2024-09-25,144,353,1,-209,60840,498,5722.26
2024-09-26,329,169,0,160,61000,498,5745.37
2024-09-27,323,172,3,151,61151,498,5738.17
2024-09-30,312,183,3,129,61280,498,5762.48
2024-10-01,164,334,0,-170,61110,498,5708.75
2024-10-02,231,265,2,-34,61076,498,5709.54
2024-10-03,116,380,2,-264,60812,498,5699.94
2024-10-04,366,132,0,234,61046,498,5751.07
2024-10-07,107,387,4,-280,60766,498,5695.94
2024-10-08,316,180,2,136,60902,498,5751.13
2024-10-09,378,120,0,258,61160,498,5792.04
2024-10-10,159,335,4,-176,60984,498,5780.05
2024-10-11,432,66,0,366,61350,498,5815.03
2024-10-14,393,105,0,288,61638,498,5859.85
2024-10-15,237,259,2,-22,61616,498,5815.26
2024-10-16,358,140,0,218,61834,498,5842.47
2024-10-17,237,259,2,-22,61812,498,5841.47
2024-10-18,313,182,3,131,61943,498,5864.67
2024-10-21,87,408,3,-321,61622,498,5853.98
2024-10-22,183,313,2,-130,61492,498,5851.20
2024-10-23,178,314,6,-136,61356,498,5797.42
2024-10-24,250,246,2,4,61360,498,5809.86
2024-10-25,155,339,4,-184,61176,498,5808.12
2024-10-28,355,143,0,212,61388,498,5823.52
2024-10-29,169,328,1,-159,61229,498,5832.92
2024-10-30,236,260,2,-24,61205,498,5813.67
2024-10-31,132,365,1,-233,60972,498,5705.45
2024-11-01,244,253,1,-9,60963,498,5728.80
2024-11-04,264,232,2,32,60995,498,5712.69
2024-11-05,442,56,0,386,61381,498,5782.76
2024-11-06,342,155,1,187,61568,498,5929.04
2024-11-07,272,226,0,46,61614,498,5973.10
2024-11-08,325,172,1,153,61767,498,5995.54
2024-11-11,308,190,0,118,61885,498,6001.35
2024-11-12,146,351,1,-205,61680,498,5983.99
2024-11-13,256,238,4,18,61698,498,5985.38
2024-11-14,138,360,0,-222,61476,498,5949.17
2024-11-15,181,315,2,-134,61342,498,5870.62
2024-11-18,331,166,1,165,61507,498,5893.62
2024-11-19,208,290,0,-82,61425,498,5916.98
2024-11-20,302,195,1,107,61532,498,5917.11
2024-11-21,432,66,0,366,61898,498,5948.71
2024-11-22,371,124,3,247,62145,498,5969.34
2024-11-25,374,123,1,251,62396,498,5987.37
2024-11-26,279,218,1,61,62457,498,6021.63
2024-11-27,262,233,3,29,62486,498,5998.74
2024-11-29,301,195,2,106,62592,498,6032.38
2024-12-02,183,313,2,-130,62462,498,6047.15
2024-12-03,165,331,2,-166,62296,498,6049.88
2024-12-04,248,249,1,-1,62295,498,6086.49
2024-12-05,181,316,1,-135,62160,498,6075.11
2024-12-06,214,281,3,-67,62093,498,6090.27
2024-12-09,207,290,1,-83,62010,498,6052.85
2024-12-10,145,352,1,-207,61803,498,6034.91
2024-12-11,247,249,2,-2,61801,498,6084.19
2024-12-12,177,318,3,-141,61660,498,6051.25
2024-12-13,164,329,5,-165,61495,498,6051.09
2024-12-16,197,301,0,-104,61391,498,6074.08
2024-12-17,114,381,3,-267,61124,498,6050.61
2024-12-18,18,480,0,-462,60662,498,5872.16
2024-12-19,202,293,3,-91,60571,498,5867.08
2024-12-20,446,51,1,395,60966,498,5930.85
2024-12-23,274,222,2,52,61018,498,5974.07
2024-12-24,461,36,1,425,61443,498,6040.04
2024-12-26,280,215,3,65,61508,498,6037.59
2024-12-27,47,450,1,-403,61105,498,5970.84
2024-12-30,35,462,1,-427,60678,498,5906.94
2024-12-31,278,214,6,64,60742,498,5881.63
2025-01-02,190,307,1,-117,60625,498,5868.55
2025-01-03,400,98,0,302,60927,498,5942.47
2025-01-06,236,260,2,-24,60903,498,5975.38
2025-01-07,203,293,2,-90,60813,498,5909.03
2025-01-08,292,202,4,90,60903,498,5918.25
2025-01-10,63,433,2,-370,60533,498,5827.04
2025-01-13,357,139,2,218,60751,498,5836.22
2025-01-14,381,114,3,267,61018,498,5842.91
2025-01-15,372,126,0,246,61264,498,5949.91
2025-01-16,375,120,3,255,61519,498,5937.34
2025-01-17,342,152,4,190,61709,498,5996.66
2025-01-21,416,81,1,335,62044,498,6049.24
2025-01-22,183,314,1,-131,61913,498,6086.37
2025-01-23,320,174,4,146,62059,498,6118.71
2025-01-24,247,245,6,2,62061,498,6101.24
2025-01-27,330,168,0,162,62223,498,6012.28
2025-01-28,166,329,3,-163,62060,498,6067.70
2025-01-29,217,281,0,-64,61996,498,6039.31
2025-01-30,412,85,1,327,62323,498,6071.17
2025-01-31,126,371,1,-245,62078,498,6040.53
2025-02-03,183,315,0,-132,61946,498,5994.57
2025-02-04,251,245,2,6,61952,498,6037.88
2025-02-05,354,142,2,212,62164,498,6061.48
2025-02-06,264,232,2,32,62196,498,6083.57
2025-02-07,137,358,3,-221,61975,498,6025.99
2025-02-10,291,204,3,87,62062,498,6066.44
2025-02-11,249,248,1,1,62063,498,6068.50
2025-02-12,162,335,1,-173,61890,498,6051.97
2025-02-13,384,114,0,270,62160,498,6115.07
2025-02-14,215,283,1,-68,62092,499,6114.63
2025-02-18,362,135,2,227,62319,499,6129.58
2025-02-19,291,208,0,83,62402,499,6144.15
2025-02-20,219,280,0,-61,62341,499,6117.52
2025-02-21,114,384,1,-270,62071,499,6013.13
2025-02-24,269,229,1,40,62111,499,5983.25
2025-02-25,286,212,1,74,62185,499,5955.25
2025-02-26,212,285,2,-73,62112,499,5956.06
2025-02-27,181,318,0,-137,61975,499,5861.57
2025-02-28,446,53,0,393,62368,499,5954.50
2025-03-03,161,337,1,-176,62192,499,5849.72
2025-03-04,82,416,1,-334,61858,499,5778.15
2025-03-05,379,119,1,260,62118,499,5842.63
2025-03-06,145,354,0,-209,61909,499,5738.52
2025-03-07,340,158,1,182,62091,499,5770.20
2025-03-10,141,356,2,-215,61876,499,5614.56
2025-03-11,132,365,2,-233,61643,499,5572.07
2025-03-12,199,299,1,-100,61543,499,5599.30
2025-03-13,125,374,0,-249,61294,499,5521.52
2025-03-14,453,46,0,407,61701,499,5638.94
2025-03-17,457,41,1,416,62117,499,5675.12
2025-03-18,154,344,1,-190,61927,499,5614.66
2025-03-19,374,124,1,250,62177,499,5675.29
2025-03-20,178,316,5,-138,62039,499,5662.89
2025-03-21,152,346,1,-194,61845,499,5667.56
2025-03-24,423,75,1,348,62193,499,5767.57
2025-03-25,222,275,2,-53,62140,499,5776.65
2025-03-26,247,250,2,-3,62137,499,5712.20
2025-03-27,202,294,3,-92,62045,499,5693.31
2025-03-28,85,414,0,-329,61716,499,5580.94
2025-03-31,378,119,2,259,61975,499,5611.85
2025-04-01,308,190,1,118,62093,499,5633.07
2025-04-02,394,105,0,289,62382,499,5670.97
2025-04-03,88,410,1,-322,62060,499,5396.52
2025-04-04,12,487,0,-475,61585,499,5074.08
2025-04-07,175,323,1,-148,61437,499,5062.25
2025-04-08,74,425,0,-351,61086,499,4982.77
2025-04-09,491,8,0,483,61569,499,5456.90
2025-04-10,72,426,1,-354,61215,499,5268.05
2025-04-11,432,65,2,367,61582,499,5363.36
2025-04-14,430,69,0,361,61943,499,5405.97
2025-04-15,207,290,2,-83,61860,499,5396.63
2025-04-16,64,434,1,-370,61490,499,5275.70
2025-04-17,373,125,1,248,61738,499,5282.70
2025-04-21,34,465,0,-431,61307,499,5158.20
2025-04-22,489,10,0,479,61786,499,5287.76
2025-04-23,371,126,2,245,62031,499,5375.86
2025-04-24,408,90,1,318,62349,499,5484.77
2025-04-25,214,283,2,-69,62280,499,5525.21
2025-04-28,337,161,1,176,62456,499,5528.75
2025-04-29,371,127,1,244,62700,499,5560.83
2025-04-30,314,183,2,131,62831,499,5569.06
2025-05-01,220,278,1,-58,62773,499,5604.14
2025-05-02,457,42,0,415,63188,499,5686.67
2025-05-05,196,300,3,-104,63084,499,5650.38
2025-05-06,145,351,3,-206,62878,499,5606.91
2025-05-07,363,133,3,230,63108,499,5631.28
2025-05-08,347,149,3,198,63306,499,5663.94
2025-05-09,237,259,3,-22,63284,499,5659.91
2025-05-12,407,91,1,316,63600,499,5844.19
2025-05-13,251,246,2,5,63605,499,5886.55
2025-05-14,156,340,3,-184,63421,499,5892.58
2025-05-15,360,139,0,221,63642,499,5916.93
2025-05-16,444,55,0,389,64031,499,5958.38
2025-05-19,252,244,3,8,64039,499,5963.60
2025-05-20,169,327,3,-158,63881,499,5940.46
2025-05-21,18,480,1,-462,63419,499,5844.61
2025-05-22,194,298,7,-104,63315,499,5842.01
2025-05-23,175,321,3,-146,63169,499,5802.82
2025-05-27,466,32,1,434,63603,499,5921.54
2025-05-28,85,413,1,-328,63275,499,5888.55
2025-05-29,347,146,6,201,63476,499,5912.17
2025-05-30,260,237,2,23,63499,499,5911.69
2025-06-02,241,256,2,-15,63484,499,5935.94
2025-06-03,357,141,1,216,63700,499,5970.37
2025-06-04,199,298,2,-99,63601,499,5970.81
2025-06-05,192,305,2,-113,63488,499,5939.30
2025-06-06,413,85,1,328,63816,499,6000.36
2025-06-09,254,242,3,12,63828,499,6005.88
2025-06-10,321,176,2,145,63973,499,6038.81
2025-06-11,172,326,1,-154,63819,499,6022.24
2025-06-12,305,192,2,113,63932,499,6045.26
2025-06-13,70,429,0,-359,63573,499,5976.97
2025-06-16,369,130,0,239,63812,499,6033.11
2025-06-17,92,406,1,-314,63498,499,5982.72
2025-06-18,249,246,4,3,63501,499,5980.87
2025-06-20,292,204,3,88,63589,499,5967.84
2025-06-23,395,103,1,292,63881,499,6025.17
2025-06-24,380,116,3,264,64145,499,6092.18
2025-06-25,144,355,0,-211,63934,499,6092.16
2025-06-26,377,122,0,255,64189,499,6141.02
2025-06-27,334,160,5,174,64363,499,6173.07
2025-06-30,356,141,2,215,64578,499,6204.95
2025-07-01,364,134,1,230,64808,499,6198.01
2025-07-02,290,207,2,83,64891,499,6227.42
2025-07-03,359,136,4,223,65114,499,6279.35
2025-07-07,100,396,3,-296,64818,499,6229.98
2025-07-08,258,239,2,19,64837,499,6225.52
2025-07-09,307,191,1,116,64953,499,6263.26
2025-07-10,349,148,2,201,65154,499,6280.46
2025-07-11,112,385,2,-273,64881,499,6259.75
2025-07-14,291,207,1,84,64965,499,6268.56
2025-07-15,56,443,0,-387,64578,499,6243.76
2025-07-16,337,160,2,177,64755,499,6263.70
2025-07-17,372,125,2,247,65002,499,6297.36
2025-07-18,259,238,2,21,65023,499,6296.79
2025-07-21,185,314,0,-129,64894,499,6305.60
2025-07-22,389,110,0,279,65173,499,6309.62
2025-07-23,347,152,0,195,65368,499,6358.91
2025-07-24,221,277,1,-56,65312,499,6363.35
2025-07-25,337,158,4,179,65491,499,6388.64
2025-07-28,155,343,1,-188,65303,499,6389.77
2025-07-29,253,243,3,10,65313,499,6370.86
2025-07-30,166,331,2,-165,65148,499,6362.90
2025-07-31,143,354,2,-211,64937,499,6339.39
2025-08-01,136,362,1,-226,64711,499,6238.01
2025-08-04,431,66,2,365,65076,499,6329.94
2025-08-05,215,282,2,-67,65009,499,6299.19
2025-08-06,242,257,0,-15,64994,499,6345.06
2025-08-07,247,247,5,0,64994,499,6340.00
2025-08-08,299,196,4,103,65097,499,6389.45
2025-08-11,175,318,6,-143,64954,499,6373.45
2025-08-12,399,98,2,301,65255,499,6445.76
2025-08-13,406,93,0,313,65568,499,6466.58
2025-08-14,143,354,2,-211,65357,499,6468.54
2025-08-15,208,289,2,-81,65276,499,6449.80
2025-08-18,239,260,0,-21,65255,499,6449.15
2025-08-19,339,158,2,181,65436,499,6411.37
2025-08-20,256,240,3,16,65452,499,6395.78
2025-08-21,165,333,1,-168,65284,499,6370.17
2025-08-22,421,78,0,343,65627,499,6466.91
2025-08-25,107,389,3,-282,65345,499,6439.32
2025-08-26,273,224,2,49,65394,499,6465.94
2025-08-27,339,158,2,181,65575,499,6481.40
2025-08-28,229,268,2,-39,65536,499,6501.86
2025-08-29,268,229,2,39,65575,499,6460.26
2025-09-02,127,370,2,-243,65332,499,6415.54
2025-09-03,228,271,0,-43,65289,499,6448.26
2025-09-04,370,127,2,243,65532,499,6502.08
2025-09-05,269,230,0,39,65571,499,6481.50
2025-09-08,246,250,3,-4,65567,499,6495.15
2025-09-09,212,285,2,-73,65494,499,6512.61
2025-09-10,213,285,1,-72,65422,499,6532.04
2025-09-11,429,67,3,362,65784,499,6587.47
2025-09-12,117,380,2,-263,65521,499,6584.29
2025-09-15,211,286,2,-75,65446,499,6615.28
2025-09-16,187,310,2,-123,65323,499,6606.76
2025-09-17,290,208,1,82,65405,499,6600.35
2025-09-18,325,172,2,153,65558,499,6631.96
2025-09-19,224,273,2,-49,65509,499,6664.36
2025-09-22,251,246,2,5,65514,499,6693.75
2025-09-23,271,225,3,46,65560,499,6656.92
2025-09-24,210,286,3,-76,65484,499,6637.97
2025-09-25,121,377,1,-256,65228,499,6604.72
2025-09-26,423,75,1,348,65576,499,6643.70
2025-09-29,309,190,0,119,65695,499,6661.21
2025-09-30,307,191,1,116,65811,499,6688.46
2025-10-01,218,280,1,-62,65749,499,6711.20
2025-10-02,272,223,4,49,65798,499,6715.35
2025-10-03,317,180,2,137,65935,499,6715.79
2025-10-06,242,257,0,-15,65920,499,6740.28
2025-10-07,196,301,2,-105,65815,499,6714.59
2025-10-08,270,227,2,43,65858,499,6753.72
2025-10-09,121,377,1,-256,65602,499,6735.11
2025-10-10,79,420,0,-341,65261,499,6552.51
2025-10-13,358,138,3,220,65481,499,6654.72
2025-10-14,379,119,1,260,65741,499,6644.31
2025-10-15,252,244,3,8,65749,499,6671.06
2025-10-16,132,366,1,-234,65515,499,6629.07
2025-10-17,352,146,1,206,65721,499,6664.01
2025-10-20,408,87,4,321,66042,499,6735.13
2025-10-21,292,205,2,87,66129,499,6735.35
2025-10-22,187,310,2,-123,66006,499,6699.40
2025-10-23,291,207,1,84,66090,499,6738.44
2025-10-24,267,229,3,38,66128,499,6791.69
2025-10-27,328,169,2,159,66287,499,6875.16
2025-10-28,108,391,1,-283,66004,500,6890.89
2025-10-29,134,365,1,-231,65773,500,6890.59
2025-10-30,227,271,2,-44,65729,500,6822.34
2025-10-31,268,228,4,40,65769,500,6840.20
2025-11-03,189,309,2,-120,65649,500,6851.97
2025-11-04,214,285,1,-71,65578,500,6771.55
2025-11-05,310,186,4,124,65702,500,6796.29
2025-11-06,163,337,0,-174,65528,500,6720.32
2025-11-07,385,114,1,271,65799,500,6728.80
2025-11-10,321,177,2,144,65943,500,6832.43
2025-11-11,336,163,1,173,66116,500,6846.61
2025-11-12,297,200,2,97,66213,499,6850.92
2025-11-13,126,371,2,-245,65968,499,6737.49
2025-11-14,189,305,6,-116,65852,500,6734.11
2025-11-17,98,402,0,-304,65548,500,6672.41
2025-11-18,245,255,0,-10,65538,500,6617.32
2025-11-19,204,292,4,-88,65450,500,6642.16
2025-11-20,146,353,1,-207,65243,500,6538.76
2025-11-21,443,56,1,387,65630,500,6602.99
2025-11-24,268,230,2,38,65668,500,6705.12
2025-11-25,422,75,3,347,66015,500,6765.88
2025-11-26,364,135,1,229,66244,500,6812.61
2025-11-28,382,117,1,265,66509,500,6849.09
2025-12-01,132,368,0,-236,66273,500,6812.63
2025-12-02,218,281,1,-63,66210,500,6829.37
2025-12-03,335,164,1,171,66381,500,6849.72
2025-12-04,259,239,2,20,66401,500,6857.12
2025-12-05,267,233,0,34,66435,500,6870.40
2025-12-08,159,340,1,-181,66254,500,6846.51
2025-12-09,214,285,1,-71,66183,500,6840.51
2025-12-10,390,109,1,281,66464,500,6886.68
2025-12-11,369,128,3,241,66705,500,6901.00
2025-12-12,211,288,1,-77,66628,500,6827.41
2025-12-15,289,208,3,81,66709,500,6816.51
2025-12-16,135,364,1,-229,66480,500,6800.26
2025-12-17,249,249,2,0,66480,500,6721.43
2025-12-18,271,226,3,45,66525,500,6774.76
2025-12-19,290,209,1,81,66606,500,6834.50
2025-12-22,396,104,0,292,66898,500,6878.49
2025-12-23,218,282,0,-64,66834,500,6909.79
2025-12-24,383,115,2,268,67102,500,6932.05
2025-12-26,260,232,8,28,67130,500,6929.94
2025-12-29,201,293,6,-92,67038,500,6905.74
2025-12-30,185,312,3,-127,66911,500,6896.24
2025-12-31,17,481,2,-464,66447,500,6845.50
2026-01-02,332,167,1,165,66612,500,6858.47
2026-01-05,340,158,2,182,66794,500,6902.05
2026-01-06,378,122,0,256,67050,500,6944.82
2026-01-07,116,384,0,-268,66782,500,6920.93
2026-01-08,348,152,0,196,66978,500,6921.46
2026-01-09,287,211,2,76,67054,500,6966.28
2026-01-12,252,247,1,5,67059,500,6977.27
2026-01-13,265,235,0,30,67089,500,6963.74
2026-01-14,309,190,1,119,67208,500,6926.60
2026-01-15,313,186,1,127,67335,500,6944.47
2026-01-16,232,268,0,-36,67299,500,6940.01
2026-01-20,98,400,2,-302,66997,500,6796.86
2026-01-21,408,92,0,316,67313,500,6875.62
2026-01-22,280,217,3,63,67376,500,6913.35
2026-01-23,182,317,1,-135,67241,500,6915.61
2026-01-26,316,184,0,132,67373,500,6950.23
2026-01-27,239,261,0,-22,67351,500,6978.60
2026-01-28,196,304,0,-108,67243,500,6978.03
2026-01-29,283,213,4,70,67313,500,6969.01
2026-01-30,241,258,1,-17,67296,500,6939.03
2026-02-02,297,203,0,94,67390,500,6976.44
2026-02-03,274,225,1,49,67439,500,6917.81
2026-02-04,354,146,0,208,67647,500,6882.72
2026-02-05,181,318,1,-137,67510,500,6798.40
2026-02-06,400,100,0,300,67810,500,6932.30
2026-02-09,267,232,1,35,67845,500,6964.82
2026-02-10,294,204,2,90,67935,500,6941.81
2026-02-11,284,216,0,68,68003,500,6941.47
2026-02-12,159,341,0,-182,67821,500,6832.76
2026-02-13,369,131,0,238,68059,500,6836.17
2026-02-17,246,253,1,-7,68052,500,6843.22
2026-02-18,316,183,1,133,68185,500,6881.31
2026-02-19,208,288,4,-80,68105,500,6861.89
2026-02-20,337,163,0,174,68279,500,6909.51
2026-02-23,175,323,2,-148,68131,500,6837.75
2026-02-24,356,142,2,214,68345,500,6890.07
2026-02-25,262,237,1,25,68370,500,6946.13
2026-02-26,342,155,3,187,68557,500,6908.86
2026-02-27,276,224,0,52,68609,500,6878.88
2026-03-02,244,254,2,-10,68599,500,6881.62
2026-03-03,130,369,1,-239,68360,500,6816.63
2026-03-04,284,215,1,69,68429,500,6869.50
2026-03-05,131,368,1,-237,68192,500,6830.71
2026-03-06,143,356,1,-213,67979,500,6740.02
2026-03-09,257,243,0,14,67993,500,6795.99
2026-03-10,154,346,0,-192,67801,500,6781.48
2026-03-11,174,323,3,-149,67652,500,6775.80
2026-03-12,109,390,1,-281,67371,500,6672.62
2026-03-13,263,234,3,29,67400,500,6632.19
2026-03-16,388,111,1,277,67677,500,6699.38
2026-03-17,317,179,4,138,67815,500,6716.09
2026-03-18,80,420,0,-340,67475,500,6624.70
2026-03-19,218,282,0,-64,67411,500,6606.49
2026-03-20,109,391,0,-282,67129,500,6506.48
2026-03-23,382,117,1,265,67394,500,6581.00
2026-03-24,288,212,0,76,67470,500,6556.37
2026-03-25,324,175,1,149,67619,500,6591.90
2026-03-26,183,316,1,-133,67486,500,6477.16
2026-03-27,109,388,3,-279,67207,500,6368.85
2026-03-30,269,229,2,40,67247,500,6343.72
2026-03-31,420,79,1,341,67588,500,6528.52
2026-04-01,305,193,2,112,67700,500,6575.32
2026-04-02,298,200,2,98,67798,500,6582.69
2026-04-06,318,179,3,139,67937,500,6611.83
2026-04-07,207,292,1,-85,67852,500,6616.85
2026-04-08,424,76,0,348,68200,500,6782.81
2026-04-09,289,210,1,79,68279,500,6824.66
2026-04-10,138,361,1,-223,68056,500,6816.89
2026-04-13,360,139,1,221,68277,500,6886.24
2026-04-14,289,207,4,82,68359,500,6967.38
2026-04-15,221,277,2,-56,68303,500,7022.95
2026-04-16,299,200,1,99,68402,500,7041.28
2026-04-17,392,106,2,286,68688,500,7126.06
2026-04-20,275,223,2,52,68740,500,7109.14
2026-04-21,166,334,0,-168,68572,500,7064.01
2026-04-22,219,280,1,-61,68511,500,7137.90
2026-04-23,273,226,1,47,68558,500,7108.40
2026-04-24,180,318,2,-138,68420,500,7165.08
2026-04-27,229,269,2,-40,68380,500,7173.91
2026-04-28,227,272,1,-45,68335,500,7138.80
2026-04-29,167,332,1,-165,68170,500,7135.95
2026-04-30,378,117,5,261,68431,500,7209.01
2026-05-01,178,320,2,-142,68289,500,7230.12
2026-05-04,156,341,3,-185,68104,500,7200.75
2026-05-05,320,180,0,140,68244,500,7259.22
2026-05-06,315,184,1,131,68375,500,7365.12
2026-05-07,173,327,0,-154,68221,500,7337.11
2026-05-08,213,287,0,-74,68147,500,7398.93
2026-05-11,221,279,0,-58,68089,500,7412.84
2026-05-12,260,239,1,21,68110,500,7400.96
2026-05-13,178,320,2,-142,67968,500,7444.25
2026-05-14,300,199,1,101,68069,500,7501.24
2026-05-15,138,360,2,-222,67847,500,7408.50
2026-05-18,352,146,2,206,68053,500,7403.05
2026-05-19,184,315,1,-131,67922,500,7353.61
2026-05-20,349,149,2,200,68122,500,7432.97
2026-05-21,287,209,4,78,68200,500,7445.72
2026-05-22,349,150,1,199,68399,500,7473.47
2026-05-26,253,246,1,7,68406,500,7519.12
2026-05-27,231,265,4,-34,68372,500,7520.36
2026-05-28,238,262,1,-24,68348,501,7563.63
2026-05-29,198,303,0,-105,68243,501,7580.06
2026-06-01,211,290,0,-79,68164,501,7599.96
2026-06-02,260,240,1,20,68184,501,7609.78
2026-06-03,202,297,2,-95,68089,501,7553.68
2026-06-04,359,141,1,218,68307,501,7584.31
2026-06-05,236,265,0,-29,68278,501,7383.74
2026-06-08,179,321,1,-142,68136,501,7405.73
2026-06-09,370,130,1,240,68376,501,7386.65
2026-06-10,173,327,1,-154,68222,501,7266.99
2026-06-11,322,177,2,145,68367,501,7394.30
2026-06-12,394,107,0,287,68654,501,7431.46
2026-06-15,263,237,1,26,68680,501,7554.29
2026-06-16,273,229,0,44,68724,502,7511.35
2026-06-17,74,427,1,-353,68371,502,7420.10
2026-06-18,265,236,1,29,68400,502,7500.58
2026-06-22,267,234,1,33,68433,502,7472.79
2026-06-23,282,219,1,63,68496,502,7365.46
2026-06-24,319,180,3,139,68635,502,7358.22
2026-06-25,302,200,0,102,68737,502,7357.49
2026-06-26,318,182,2,136,68873,502,7354.02
2026-06-29,231,269,2,-38,68835,502,7440.43
2026-06-30,214,288,0,-74,68761,502,7499.36
2026-07-01,296,206,0,90,68851,502,7483.23
2026-07-02,356,145,1,211,69062,502,7483.24
2026-07-06,222,278,2,-56,69006,502,7537.43
2026-07-07,283,218,1,65,69071,502,7503.85
2026-07-08,112,390,0,-278,68793,502,7482.71
2026-07-09,302,200,0,102,68895,502,7543.64
2026-07-10,337,163,2,174,69069,502,7575.39
2026-07-13,272,230,0,42,69111,502,7515.34
2026-07-14,206,293,3,-87,69024,502,7543.59
2026-07-15,253,249,0,4,69028,502,7572.40
2026-07-16,368,133,1,235,69263,502,7533.77
2026-07-17,148,354,0,-206,69057,502,7457.69
2026-07-20,164,337,1,-173,68884,502,7443.28
2026-07-21,233,266,3,-33,68851,502,7509.20
2026-07-22,245,253,4,-8,68843,502,7498.96
2026-07-23,213,289,0,-76,68767,502,7408.30
2026-07-24,360,142,0,218,68985,502,7411.98
2026-07-27,328,174,0,154,69139,502,7413.18
2026-07-28,353,148,1,205,69344,502,7428.78
2026-07-29,179,323,0,-144,69200,502,7316.15
2026-07-30,201,299,2,-98,69102,502,7437.63
2026-07-31,222,279,1,-57,69045,502,7489.72
2026-08-03,339,163,0,176,69221,502,7600.50
2026-08-04,360,139,3,221,69442,502,7736.52
2026-08-05,243,259,0,-16,69426,502,7723.55
2026-08-06,201,299,2,-98,69328,502,7709.96
2026-08-07,321,179,2,142,69470,502,7757.64
2026-08-10,232,267,3,-35,69435,502,7753.11
2026-08-11,276,224,2,52,69487,502,7728.20
2026-08-12,264,237,1,27,69514,502,7748.50
2026-08-13,316,185,1,131,69645,502,7798.99
2026-08-14,254,240,8,14,69659,502,7785.76
2026-08-17,134,366,2,-232,69427,502,7745.06
2026-08-18,225,274,3,-49,69378,502,7691.76
2026-08-19,285,216,1,69,69447,502,7707.98
2026-08-20,158,340,4,-182,69265,502,7641.16
2026-08-21,333,167,2,166,69431,502,7674.37
2026-08-24,304,196,2,108,69539,502,7652.86
2026-08-25,209,291,2,-82,69457,502,7677.28
2026-08-26,283,217,2,66,69523,502,7675.70
2026-08-27,151,349,2,-198,69325,502,7730.99
2026-08-28,226,275,1,-49,69276,502,7711.76
2026-08-31,135,362,5,-227,69049,502,7686.14
2026-09-01,161,338,3,-177,68872,502,7631.47
2026-09-02,299,202,1,97,68969,502,7666.60
2026-09-03,340,160,2,180,69149,502,7747.71
2026-09-04,179,322,1,-143,69006,502,7718.60
2026-09-08,148,353,1,-205,68801,502,7673.52
2026-09-09,99,403,0,-304,68497,502,7636.36
2026-09-10,166,332,4,-166,68331,502,7591.70
2026-09-11,340,162,0,178,68509,502,7656.98
2026-09-14,281,220,1,61,68570,502,7619.98
2026-09-15,161,340,1,-179,68391,502,7585.73
2026-09-16,161,339,2,-178,68213,502,7551.81
2026-09-17,296,203,3,93,68306,502,7637.76
2026-09-18,156,345,1,-189,68117,502,7650.50
2026-09-21,292,208,2,84,68201,502,7764.70
2026-09-22,248,253,1,-5,68196,502,7764.64
2026-09-23,170,331,1,-161,68035,502,7706.03
2026-09-24,175,326,1,-151,67884,502,7704.13
2026-09-25,329,171,2,158,68042,502,7743.41
2026-09-28,163,335,4,-172,67870,502,7683.69
2026-09-29,197,300,5,-103,67767,502,7670.84
2026-09-30,119,383,0,-264,67503,502,7651.54
2026-10-01,297,202,3,95,67598,502,7666.45
2026-10-02,295,204,3,91,67689,502,7722.72
2026-10-05,316,183,3,133,67822,502,7773.95
2026-10-06,340,161,2,179,68001,503,7818.93
