Date,Adv,Dec,Unch,Net,ADLine,Coverage,Index
2016-01-04,178,1060,14,-882,-882,1252,2012.66
2016-01-05,702,533,17,169,-713,1252,2016.71
2016-01-06,252,985,15,-733,-1446,1252,1990.26
2016-01-07,92,1151,9,-1059,-2505,1252,1943.09
2016-01-08,188,1052,12,-864,-3369,1252,1922.03
2016-01-11,636,599,17,37,-3332,1252,1923.67
2016-01-12,743,483,26,260,-3072,1252,1938.68
2016-01-13,69,1170,13,-1101,-4173,1252,1890.28
2016-01-14,966,275,11,691,-3482,1252,1921.84
2016-01-15,159,1082,11,-923,-4405,1252,1880.33
2016-01-19,477,758,17,-281,-4686,1252,1881.33
2016-01-20,507,731,14,-224,-4910,1252,1859.33
2016-01-21,647,586,19,61,-4849,1252,1868.99
2016-01-22,1150,93,9,1057,-3792,1252,1906.90
2016-01-25,129,1114,9,-985,-4777,1252,1877.08
2016-01-26,1110,134,8,976,-3801,1252,1903.63
2016-01-27,299,936,17,-637,-4438,1252,1882.95
2016-01-28,726,507,19,219,-4219,1252,1893.36
2016-01-29,1186,55,11,1131,-3088,1252,1940.24
2016-02-01,560,676,16,-116,-3204,1252,1939.38
2016-02-02,138,1104,10,-966,-4170,1252,1903.03
2016-02-03,759,472,21,287,-3883,1252,1912.53
2016-02-04,763,475,14,288,-3595,1252,1915.45
2016-02-05,210,1030,12,-820,-4415,1252,1880.05
2016-02-08,347,896,9,-549,-4964,1252,1853.44
2016-02-09,561,676,15,-115,-5079,1252,1852.21
2016-02-10,625,608,19,17,-5062,1252,1851.86
2016-02-11,244,999,9,-755,-5817,1252,1829.08
2016-02-12,1089,153,10,936,-4881,1252,1864.78
2016-02-16,1149,94,9,1055,-3826,1252,1895.58
2016-02-17,993,247,12,746,-3080,1252,1926.82
2016-02-18,520,708,24,-188,-3268,1252,1917.83
2016-02-19,676,556,20,120,-3148,1252,1917.78
2016-02-22,1032,210,10,822,-2326,1252,1945.50
2016-02-23,311,928,13,-617,-2943,1252,1921.27
2016-02-24,849,380,23,469,-2474,1252,1929.80
2016-02-25,989,246,17,743,-1731,1252,1951.70
2016-02-26,758,471,23,287,-1444,1252,1948.05
2016-02-29,460,770,22,-310,-1754,1252,1932.23
2016-03-01,1105,138,9,967,-787,1252,1978.35
2016-03-02,885,350,17,535,-252,1252,1986.45
2016-03-03,941,295,16,646,394,1252,1993.40
2016-03-04,772,468,12,304,698,1252,1999.99
2016-03-07,827,408,17,419,1117,1252,2001.76
2016-03-08,189,1052,11,-863,254,1252,1979.26
2016-03-09,824,413,15,411,665,1252,1989.26
2016-03-10,491,736,25,-245,420,1252,1989.57
2016-03-11,1135,107,10,1028,1448,1252,2022.19
2016-03-14,441,787,24,-346,1102,1252,2019.64
2016-03-15,344,892,16,-548,554,1252,2015.93
2016-03-16,941,294,17,647,1201,1252,2027.22
2016-03-17,1020,219,13,801,2002,1252,2040.59
2016-03-18,839,401,12,438,2440,1252,2049.58
2016-03-21,552,680,20,-128,2312,1252,2051.60
2016-03-22,529,706,17,-177,2135,1252,2049.80
2016-03-23,207,1031,14,-824,1311,1252,2036.71
2016-03-24,665,561,27,104,1415,1253,2035.94
2016-03-28,695,542,16,153,1568,1253,2037.05
2016-03-29,1132,108,13,1024,2592,1253,2055.01
2016-03-30,745,487,21,258,2850,1253,2063.95
2016-03-31,623,606,24,17,2867,1253,2059.74
2016-04-01,811,421,21,390,3257,1253,2072.78
2016-04-04,274,964,15,-690,2567,1253,2066.13
2016-04-05,194,1047,12,-853,1714,1253,2045.17
2016-04-06,956,282,15,674,2388,1253,2066.66
2016-04-07,175,1068,10,-893,1495,1253,2041.91
2016-04-08,892,344,17,548,2043,1253,2047.60
2016-04-11,551,681,21,-130,1913,1253,2041.99
2016-04-12,1008,228,17,780,2693,1253,2061.72
2016-04-13,1069,166,18,903,3596,1253,2082.42
2016-04-14,522,714,17,-192,3404,1253,2082.78
2016-04-15,715,507,31,208,3612,1253,2080.73
2016-04-18,984,242,28,742,4354,1254,2094.34
2016-04-19,774,463,17,311,4665,1254,2100.80
2016-04-20,639,590,25,49,4714,1254,2102.40
2016-04-21,365,864,25,-499,4215,1254,2091.48
2016-04-22,936,297,21,639,4854,1254,2091.58
2016-04-25,406,826,22,-420,4434,1254,2087.79
2016-04-26,1002,232,20,770,5204,1254,2091.70
2016-04-27,796,446,12,350,5554,1254,2095.15
2016-04-28,259,980,16,-721,4833,1255,2075.81
2016-04-29,391,840,24,-449,4384,1255,2065.30
2016-05-02,951,288,16,663,5047,1255,2081.43
2016-05-03,216,1026,13,-810,4237,1255,2063.37
2016-05-04,394,840,22,-446,3791,1256,2051.12
2016-05-05,524,709,23,-185,3606,1256,2050.63
2016-05-06,876,365,15,511,4117,1256,2057.14
2016-05-09,670,556,30,114,4231,1256,2058.69
2016-05-10,1057,178,21,879,5110,1256,2084.39
2016-05-11,227,1008,21,-781,4329,1256,2064.46
2016-05-12,598,635,23,-37,4292,1256,2064.11
2016-05-13,242,991,23,-749,3543,1256,2046.61
2016-05-16,1031,209,16,822,4365,1256,2066.66
2016-05-17,224,1015,17,-791,3574,1256,2047.21
2016-05-18,631,601,24,30,3604,1256,2047.63
2016-05-19,360,874,22,-514,3090,1256,2040.04
2016-05-20,1110,133,13,977,4067,1256,2052.32
2016-05-23,483,748,25,-265,3802,1256,2048.04
2016-05-24,1168,78,10,1090,4892,1256,2076.06
2016-05-25,827,408,21,419,5311,1256,2090.54
2016-05-26,565,666,25,-101,5210,1256,2090.10
2016-05-27,1013,229,15,784,5994,1257,2099.06
2016-05-31,656,576,25,80,6074,1257,2096.95
2016-06-01,853,377,27,476,6550,1257,2099.33
2016-06-02,863,371,23,492,7042,1257,2105.26
2016-06-03,424,814,19,-390,6652,1257,2099.13
2016-06-06,935,308,14,627,7279,1257,2109.41
2016-06-07,732,495,30,237,7516,1257,2112.13
2016-06-08,907,326,24,581,8097,1257,2119.12
2016-06-09,446,789,22,-343,7754,1257,2115.48
2016-06-10,132,1108,17,-976,6778,1257,2096.07
2016-06-13,158,1076,23,-918,5860,1257,2079.06
2016-06-14,510,736,11,-226,5634,1257,2075.32
2016-06-15,618,616,23,2,5636,1257,2071.50
2016-06-16,698,538,21,160,5796,1257,2077.99
2016-06-17,580,658,19,-78,5718,1257,2071.22
2016-06-20,1048,195,14,853,6571,1257,2083.25
2016-06-21,619,612,26,7,6578,1257,2088.90
2016-06-22,455,779,23,-324,6254,1257,2085.45
2016-06-23,1164,85,8,1079,7333,1257,2113.32
2016-06-24,94,1157,7,-1063,6270,1258,2037.41
2016-06-27,154,1094,10,-940,5330,1258,2000.54
2016-06-28,1109,140,9,969,6299,1258,2036.09
2016-06-29,1163,88,7,1075,7374,1258,2070.77
2016-06-30,1126,118,14,1008,8382,1258,2098.86
2016-07-01,672,567,19,105,8487,1258,2102.95
2016-07-05,270,975,13,-705,7782,1258,2088.55
2016-07-06,880,350,29,530,8312,1259,2099.73
2016-07-07,709,519,31,190,8502,1259,2097.90
2016-07-08,1213,37,9,1176,9678,1259,2129.90
2016-07-11,972,270,17,702,10380,1259,2137.16
2016-07-12,963,283,13,680,11060,1259,2152.14
2016-07-13,623,609,27,14,11074,1259,2152.43
2016-07-14,743,496,20,247,11321,1259,2163.75
2016-07-15,696,539,24,157,11478,1259,2161.74
2016-07-18,662,565,32,97,11575,1259,2166.89
2016-07-19,455,768,36,-313,11262,1259,2163.78
2016-07-20,867,369,23,498,11760,1259,2173.02
2016-07-21,376,858,25,-482,11278,1259,2165.17
2016-07-22,972,272,16,700,11978,1260,2175.03
2016-07-25,479,750,31,-271,11707,1260,2168.48
2016-07-26,831,406,23,425,12132,1260,2169.18
2016-07-27,535,697,28,-162,11970,1260,2166.58
2016-07-28,627,610,23,17,11987,1260,2170.06
2016-07-29,631,605,25,26,12013,1261,2173.60
2016-08-01,579,659,23,-80,11933,1261,2170.84
2016-08-02,172,1075,14,-903,11030,1261,2157.03
2016-08-03,851,390,20,461,11491,1261,2163.79
2016-08-04,683,548,30,135,11626,1261,2164.25
2016-08-05,1013,230,18,783,12409,1261,2182.87
2016-08-08,562,672,28,-110,12299,1262,2180.89
2016-08-09,660,576,26,84,12383,1262,2181.74
2016-08-10,492,748,22,-256,12127,1262,2175.49
2016-08-11,848,392,22,456,12583,1262,2185.79
2016-08-12,502,733,29,-231,12352,1264,2184.05
2016-08-15,913,328,23,585,12937,1264,2190.15
2016-08-16,229,1010,25,-781,12156,1264,2178.15
2016-08-17,645,598,21,47,12203,1264,2182.22
2016-08-18,933,314,18,619,12822,1265,2187.02
2016-08-19,640,605,20,35,12857,1265,2183.87
2016-08-22,708,525,32,183,13040,1265,2182.64
2016-08-23,871,367,27,504,13544,1265,2186.90
2016-08-24,340,899,26,-559,12985,1265,2175.44
2016-08-25,795,439,31,356,13341,1265,2172.47
2016-08-26,474,767,24,-293,13048,1265,2169.04
2016-08-29,975,264,26,711,13759,1265,2180.38
2016-08-30,624,619,22,5,13764,1265,2176.12
2016-08-31,423,813,29,-390,13374,1265,2170.95
2016-09-01,600,636,29,-36,13338,1265,2170.86
2016-09-02,1057,186,22,871,14209,1265,2179.98
2016-09-06,597,650,18,-53,14156,1265,2186.48
2016-09-07,848,400,17,448,14604,1265,2186.16
2016-09-08,455,795,15,-340,14264,1265,2181.30
2016-09-09,34,1225,6,-1191,13073,1265,2127.81
2016-09-12,1145,111,9,1034,14107,1265,2159.04
2016-09-13,66,1189,10,-1123,12984,1265,2127.02
2016-09-14,523,716,26,-193,12791,1265,2125.77
2016-09-15,1130,119,16,1011,13802,1265,2147.26
2016-09-16,434,814,17,-380,13422,1265,2139.16
2016-09-19,887,360,19,527,13949,1266,2139.12
2016-09-20,480,759,27,-279,13670,1266,2139.76
2016-09-21,1133,118,15,1015,14685,1266,2163.12
2016-09-22,1078,174,14,904,15589,1266,2177.18
2016-09-23,308,936,23,-628,14961,1267,2164.69
2016-09-26,253,1002,13,-749,14212,1268,2146.10
2016-09-27,862,388,19,474,14686,1269,2159.93
2016-09-28,919,334,16,585,15271,1269,2171.37
2016-09-29,202,1056,11,-854,14417,1269,2151.13
2016-09-30,1015,239,15,776,15193,1269,2168.27
2016-10-03,374,885,11,-511,14682,1270,2161.20
2016-10-04,403,855,12,-452,14230,1270,2150.49
2016-10-05,844,408,18,436,14666,1270,2159.73
2016-10-06,651,599,21,52,14718,1271,2160.77
2016-10-07,301,943,27,-642,14076,1271,2153.74
2016-10-10,988,262,21,726,14802,1271,2163.66
2016-10-11,75,1188,8,-1113,13689,1271,2136.73
2016-10-12,798,448,25,350,14039,1271,2139.18
2016-10-13,372,877,22,-505,13534,1271,2132.55
2016-10-14,619,624,28,-5,13529,1271,2132.98
2016-10-17,505,742,24,-237,13292,1271,2126.50
2016-10-18,932,317,23,615,13907,1272,2139.60
2016-10-19,814,421,37,393,14300,1272,2144.29
2016-10-20,431,815,26,-384,13916,1272,2141.34
2016-10-21,516,720,36,-204,13712,1272,2141.16
2016-10-24,960,290,22,670,14382,1272,2151.33
2016-10-25,352,893,27,-541,13841,1272,2143.16
2016-10-26,461,786,25,-325,13516,1272,2139.43
2016-10-27,371,873,28,-502,13014,1272,2133.04
2016-10-28,640,596,36,44,13058,1272,2126.41
2016-10-31,826,422,26,404,13462,1274,2126.15
2016-11-01,234,1017,23,-783,12679,1274,2111.72
2016-11-02,287,959,29,-672,12007,1275,2097.94
2016-11-03,566,679,30,-113,11894,1275,2088.66
2016-11-04,705,537,33,168,12062,1275,2085.18
2016-11-07,1196,66,13,1130,13192,1275,2131.52
2016-11-08,810,438,27,372,13564,1275,2139.56
2016-11-09,941,320,14,621,14185,1275,2163.26
2016-11-10,801,460,14,341,14526,1275,2167.48
2016-11-11,909,345,22,564,15090,1276,2164.45
2016-11-14,900,357,19,543,15633,1276,2164.20
2016-11-15,794,456,26,338,15971,1276,2180.39
2016-11-16,576,667,33,-91,15880,1276,2176.94
2016-11-17,818,426,34,392,16272,1278,2187.12
2016-11-18,684,556,38,128,16400,1278,2181.90
2016-11-21,877,362,39,515,16915,1278,2198.18
2016-11-22,899,349,30,550,17465,1278,2202.94
2016-11-23,807,437,34,370,17835,1278,2204.72
2016-11-25,888,333,57,555,18390,1278,2213.35
2016-11-28,318,943,17,-625,17765,1278,2201.72
2016-11-29,681,566,31,115,17880,1278,2204.66
2016-11-30,452,808,18,-356,17524,1278,2198.81
2016-12-01,547,710,21,-163,17361,1278,2191.08
2016-12-02,630,619,30,11,17372,1279,2191.95
2016-12-05,1050,211,18,839,18211,1279,2204.71
2016-12-06,939,313,27,626,18837,1279,2212.23
2016-12-07,1049,209,21,840,19677,1279,2241.35
2016-12-08,951,309,19,642,20319,1279,2246.19
2016-12-09,694,558,27,136,20455,1279,2259.53
2016-12-12,423,837,20,-414,20041,1280,2256.96
2016-12-13,708,545,27,163,20204,1280,2271.72
2016-12-14,180,1075,25,-895,19309,1280,2253.28
2016-12-15,866,389,25,477,19786,1280,2262.03
2016-12-16,540,711,29,-171,19615,1280,2258.07
2016-12-19,834,415,31,419,20034,1280,2262.53
2016-12-20,926,330,24,596,20630,1280,2270.76
2016-12-21,400,849,31,-449,20181,1280,2265.18
2016-12-22,389,851,40,-462,19719,1280,2260.96
2016-12-23,818,415,47,403,20122,1280,2263.79
2016-12-27,903,351,26,552,20674,1280,2268.88
2016-12-28,121,1138,21,-1017,19657,1280,2249.92
2016-12-29,723,524,33,199,19856,1280,2249.26
2016-12-30,332,926,22,-594,19262,1280,2238.83
2017-01-03,900,358,22,542,19804,1280,2257.83
2017-01-04,1116,149,15,967,20771,1280,2270.75
2017-01-05,364,899,19,-535,20236,1282,2269.00
2017-01-06,593,660,29,-67,20169,1282,2276.98
2017-01-09,342,914,26,-572,19597,1282,2268.90
2017-01-10,856,402,24,454,20051,1282,2268.90
2017-01-11,830,424,28,406,20457,1282,2275.32
2017-01-12,386,868,28,-482,19975,1282,2270.44
2017-01-13,896,357,29,539,20514,1282,2274.64
2017-01-17,386,877,19,-491,20023,1282,2267.89
2017-01-18,864,388,30,476,20499,1282,2271.89
2017-01-19,268,993,21,-725,19774,1282,2263.69
2017-01-20,908,349,25,559,20333,1282,2271.31
2017-01-23,469,783,30,-314,20019,1282,2265.20
2017-01-24,1081,193,8,888,20907,1282,2280.07
2017-01-25,956,297,29,659,21566,1282,2298.37
2017-01-26,434,825,23,-391,21175,1282,2296.68
2017-01-27,486,768,28,-282,20893,1282,2294.69
2017-01-30,255,1011,16,-756,20137,1282,2280.90
2017-01-31,747,513,22,234,20371,1282,2278.87
2017-02-01,546,711,25,-165,20206,1282,2279.55
2017-02-02,603,654,27,-51,20155,1284,2280.85
2017-02-03,1085,180,19,905,21060,1284,2297.42
2017-02-06,356,904,24,-548,20512,1284,2292.56
2017-02-07,566,687,31,-121,20391,1284,2293.08
2017-02-08,627,632,25,-5,20386,1284,2294.67
2017-02-09,1017,241,26,776,21162,1284,2307.87
2017-02-10,919,327,38,592,21754,1284,2316.10
2017-02-13,847,414,23,433,22187,1284,2328.25
2017-02-14,700,550,34,150,22337,1284,2337.58
2017-02-15,897,359,28,538,22875,1284,2349.25
2017-02-16,563,695,26,-132,22743,1284,2347.22
2017-02-17,664,582,38,82,22825,1284,2351.16
2017-02-21,969,292,23,677,23502,1284,2365.38
2017-02-22,512,727,45,-215,23287,1284,2362.82
2017-02-23,524,735,25,-211,23076,1284,2363.81
2017-02-24,730,520,34,210,23286,1284,2367.34
2017-02-27,838,414,32,424,23710,1284,2369.75
2017-02-28,269,999,16,-730,22980,1284,2363.64
2017-03-01,1086,182,16,904,23884,1284,2395.96
2017-03-02,305,962,18,-657,23227,1285,2381.92
2017-03-03,617,625,43,-8,23219,1285,2383.12
2017-03-06,284,983,18,-699,22520,1285,2375.31
2017-03-07,345,907,33,-562,21958,1285,2368.39
2017-03-08,455,804,26,-349,21609,1285,2362.98
2017-03-09,459,801,25,-342,21267,1285,2364.87
2017-03-10,884,367,34,517,21784,1285,2372.60
2017-03-13,784,459,42,325,22109,1285,2373.47
2017-03-14,360,887,38,-527,21582,1285,2365.45
2017-03-15,1092,174,19,918,22500,1285,2385.26
2017-03-16,640,609,36,31,22531,1285,2381.38
2017-03-17,772,481,32,291,22822,1285,2378.25
2017-03-20,352,907,26,-555,22267,1285,2373.47
2017-03-21,123,1152,10,-1029,21238,1285,2344.02
2017-03-22,672,576,37,96,21334,1285,2348.45
2017-03-23,800,459,26,341,21675,1285,2345.96
2017-03-24,571,668,46,-97,21578,1285,2343.98
2017-03-27,593,658,35,-65,21513,1286,2341.59
2017-03-28,976,277,33,699,22212,1286,2358.57
2017-03-29,685,558,43,127,22339,1286,2361.13
2017-03-30,892,365,29,527,22866,1286,2368.06
2017-03-31,654,595,37,59,22925,1286,2362.72
2017-04-03,287,964,35,-677,22248,1286,2358.84
2017-04-04,617,627,43,-10,22238,1287,2360.16
2017-04-05,325,938,24,-613,21625,1287,2352.95
2017-04-06,993,261,33,732,22357,1287,2357.49
2017-04-07,525,716,47,-191,22166,1288,2355.54
2017-04-10,722,529,38,193,22359,1289,2357.16
2017-04-11,855,404,30,451,22810,1289,2353.78
2017-04-12,258,1007,24,-749,22061,1289,2344.93
2017-04-13,185,1083,21,-898,21163,1289,2328.95
2017-04-17,1160,109,21,1051,22214,1290,2349.01
2017-04-18,613,634,43,-21,22193,1290,2342.19
2017-04-19,767,493,30,274,22467,1290,2338.17
2017-04-20,1031,234,25,797,23264,1290,2355.84
2017-04-21,494,762,34,-268,22996,1290,2348.69
2017-04-24,1085,189,16,896,23892,1290,2374.15
2017-04-25,974,289,27,685,24577,1290,2388.61
2017-04-26,770,494,26,276,24853,1290,2387.45
2017-04-27,670,589,31,81,24934,1290,2388.77
2017-04-28,268,1005,18,-737,24197,1291,2384.20
2017-05-01,741,518,33,223,24420,1292,2388.33
2017-05-02,591,673,28,-82,24338,1292,2391.17
2017-05-03,456,804,32,-348,23990,1292,2388.13
2017-05-04,693,572,27,121,24111,1292,2389.52
2017-05-05,863,395,35,468,24579,1293,2399.29
2017-05-08,483,778,32,-295,24284,1293,2399.38
2017-05-09,582,688,23,-106,24178,1293,2396.92
2017-05-10,817,447,29,370,24548,1293,2399.63
2017-05-11,404,862,27,-458,24090,1293,2394.44
2017-05-12,360,904,29,-544,23546,1293,2390.90
2017-05-15,1019,250,26,769,24315,1295,2402.32
2017-05-16,578,684,33,-106,24209,1295,2400.67
2017-05-17,151,1135,9,-984,23225,1295,2357.03
2017-05-18,781,488,26,293,23518,1295,2365.72
2017-05-19,967,299,29,668,24186,1295,2381.73
2017-05-22,960,305,30,655,24841,1295,2394.02
2017-05-23,755,507,33,248,25089,1295,2398.42
2017-05-24,722,535,38,187,25276,1295,2404.39
2017-05-25,782,484,30,298,25574,1296,2415.07
2017-05-26,594,658,44,-64,25510,1296,2415.82
2017-05-30,454,809,33,-355,25155,1296,2412.91
2017-05-31,693,573,30,120,25275,1296,2411.80
2017-06-01,1169,109,18,1060,26335,1296,2430.06
2017-06-02,799,467,30,332,26667,1296,2439.07
2017-06-05,393,871,32,-478,26189,1296,2436.10
2017-06-06,414,852,30,-438,25751,1296,2429.33
2017-06-07,786,489,21,297,26048,1296,2433.14
2017-06-08,869,407,20,462,26510,1296,2433.79
2017-06-09,821,450,25,371,26881,1296,2431.77
2017-06-12,658,619,19,39,26920,1296,2429.39
2017-06-13,935,333,28,602,27522,1296,2440.35
2017-06-14,532,741,23,-209,27313,1296,2437.92
2017-06-15,538,725,33,-187,27126,1296,2432.46
2017-06-16,609,654,33,-45,27081,1296,2433.15
2017-06-19,914,340,42,574,27655,1296,2453.46
2017-06-20,226,1044,26,-818,26837,1296,2437.03
2017-06-21,435,844,17,-409,26428,1296,2435.61
2017-06-22,634,631,31,3,26431,1296,2434.50
2017-06-23,880,392,24,488,26919,1296,2438.30
2017-06-26,765,498,33,267,27186,1296,2439.07
2017-06-27,343,927,26,-584,26602,1296,2419.38
2017-06-28,1099,181,16,918,27520,1296,2440.69
2017-06-29,362,908,26,-546,26974,1296,2419.70
2017-06-30,713,557,27,156,27130,1297,2423.41
2017-07-03,847,419,31,428,27558,1297,2429.01
2017-07-05,532,732,33,-200,27358,1297,2432.54
2017-07-06,136,1139,22,-1003,26355,1297,2409.75
2017-07-07,1083,198,17,885,27240,1298,2425.18
2017-07-10,487,782,29,-295,26945,1298,2427.43
2017-07-11,663,602,34,61,27006,1299,2425.53
2017-07-12,1021,247,31,774,27780,1299,2443.25
2017-07-13,650,613,36,37,27817,1299,2447.83
2017-07-14,831,441,27,390,28207,1299,2459.27
2017-07-17,757,498,44,259,28466,1299,2459.14
2017-07-18,484,774,42,-290,28176,1300,2460.61
2017-07-19,1063,208,29,855,29031,1300,2473.83
2017-07-20,646,617,37,29,29060,1300,2473.45
2017-07-21,575,695,30,-120,28940,1300,2472.54
2017-07-24,647,616,37,31,28971,1300,2469.91
2017-07-25,929,346,25,583,29554,1300,2477.13
2017-07-26,492,777,31,-285,29269,1300,2477.83
2017-07-27,545,727,28,-182,29087,1300,2475.42
2017-07-28,567,711,22,-144,28943,1300,2472.10
2017-07-31,632,635,33,-3,28940,1300,2470.30
2017-08-01,800,470,30,330,29270,1300,2476.35
2017-08-02,406,873,21,-467,28803,1300,2477.57
2017-08-03,504,759,37,-255,28548,1300,2472.16
2017-08-04,823,449,28,374,28922,1300,2476.83
2017-08-07,659,604,37,55,28977,1300,2480.91
2017-08-08,485,771,44,-286,28691,1300,2474.92
2017-08-09,417,853,30,-436,28255,1300,2474.02
2017-08-10,143,1141,16,-998,27257,1300,2438.21
2017-08-11,636,630,34,6,27263,1300,2441.32
2017-08-14,1134,151,15,983,28246,1300,2465.84
2017-08-15,433,836,31,-403,27843,1300,2464.61
2017-08-16,739,524,37,215,28058,1300,2468.11
2017-08-17,85,1193,22,-1108,26950,1300,2430.01
2017-08-18,552,717,31,-165,26785,1300,2425.55
2017-08-21,665,586,49,79,26864,1300,2428.37
2017-08-22,1073,207,20,866,27730,1300,2452.51
2017-08-23,500,773,27,-273,27457,1300,2444.04
2017-08-24,647,620,33,27,27484,1300,2438.97
2017-08-25,875,387,38,488,27972,1300,2443.05
2017-08-28,615,655,30,-40,27932,1300,2444.24
2017-08-29,580,686,34,-106,27826,1300,2446.30
2017-08-30,897,371,32,526,28352,1300,2457.59
2017-08-31,1003,271,26,732,29084,1300,2471.65
2017-09-01,911,361,28,550,29634,1300,2476.55
2017-09-05,344,942,14,-598,29036,1300,2457.85
2017-09-06,698,562,40,136,29172,1300,2465.54
2017-09-07,579,685,36,-106,29066,1300,2465.10
2017-09-08,757,509,34,248,29314,1300,2461.43
2017-09-11,1097,185,18,912,30226,1300,2488.11
2017-09-12,875,405,20,470,30696,1300,2496.48
2017-09-13,634,633,33,1,30697,1300,2498.37
2017-09-14,628,636,36,-8,30689,1300,2495.62
2017-09-15,851,422,27,429,31118,1300,2500.23
2017-09-18,827,445,28,382,31500,1300,2503.87
2017-09-19,683,590,27,93,31593,1300,2506.65
2017-09-20,782,494,24,288,31881,1300,2508.24
2017-09-21,525,735,41,-210,31671,1301,2500.60
2017-09-22,855,419,27,436,32107,1301,2502.22
2017-09-25,728,536,37,192,32299,1301,2496.66
2017-09-26,773,501,27,272,32571,1301,2496.84
2017-09-27,978,307,16,671,33242,1301,2507.04
2017-09-28,787,473,41,314,33556,1301,2510.06
2017-09-29,736,530,36,206,33762,1302,2519.36
2017-10-02,1009,270,23,739,34501,1302,2529.12
2017-10-03,745,520,37,225,34726,1302,2534.58
2017-10-04,643,628,31,15,34741,1302,2537.74
2017-10-05,827,444,31,383,35124,1302,2552.07
2017-10-06,572,698,32,-126,34998,1302,2549.33
2017-10-09,517,747,38,-230,34768,1302,2544.73
2017-10-10,814,451,37,363,35131,1302,2550.64
2017-10-11,703,564,35,139,35270,1302,2555.24
2017-10-12,664,597,41,67,35337,1302,2550.93
2017-10-13,644,614,45,30,35367,1303,2553.17
2017-10-16,715,562,26,153,35520,1303,2557.64
2017-10-17,489,782,32,-293,35227,1303,2559.36
2017-10-18,810,468,25,342,35569,1303,2561.26
2017-10-19,642,633,28,9,35578,1303,2562.10
2017-10-20,930,346,27,584,36162,1303,2575.21
2017-10-23,390,875,38,-485,35677,1303,2564.98
2017-10-24,797,477,29,320,35997,1303,2569.13
2017-10-25,368,901,34,-533,35464,1303,2557.15
2017-10-26,838,440,25,398,35862,1303,2560.40
2017-10-27,822,458,23,364,36226,1303,2581.07
2017-10-30,311,968,26,-657,35569,1305,2572.83
2017-10-31,855,424,26,431,36000,1305,2575.26
2017-11-01,547,732,26,-185,35815,1305,2579.36
2017-11-02,738,544,23,194,36009,1305,2579.85
2017-11-03,646,634,26,12,36021,1306,2587.84
2017-11-06,718,559,29,159,36180,1306,2591.13
2017-11-07,456,831,19,-375,35805,1306,2590.64
2017-11-08,717,563,26,154,35959,1306,2594.38
2017-11-09,436,839,31,-403,35556,1306,2584.62
2017-11-10,634,642,30,-8,35548,1306,2582.30
2017-11-13,721,548,37,173,35721,1306,2584.84
2017-11-14,633,646,27,-13,35708,1306,2578.87
2017-11-15,350,925,32,-575,35133,1307,2564.62
2017-11-16,1058,225,24,833,35966,1307,2585.64
2017-11-17,740,539,28,201,36167,1307,2578.85
2017-11-20,899,379,30,520,36687,1308,2582.14
2017-11-21,981,303,24,678,37365,1308,2599.03
2017-11-22,495,781,32,-286,37079,1308,2597.08
2017-11-24,721,546,41,175,37254,1308,2602.42
2017-11-27,582,687,39,-105,37149,1308,2601.42
2017-11-28,1086,208,14,878,38027,1308,2627.04
2017-11-29,806,480,22,326,38353,1308,2626.07
2017-11-30,823,457,28,366,38719,1308,2647.58
2017-12-01,445,846,17,-401,38318,1308,2642.22
2017-12-04,698,587,23,111,38429,1308,2639.44
2017-12-05,327,959,22,-632,37797,1308,2629.57
2017-12-06,516,764,28,-248,37549,1308,2629.27
2017-12-07,896,385,27,511,38060,1308,2636.98
2017-12-08,839,442,27,397,38457,1308,2651.50
2017-12-11,581,701,26,-120,38337,1308,2659.99
2017-12-12,606,680,22,-74,38263,1308,2664.11
2017-12-13,694,590,24,104,38367,1308,2662.85
2017-12-14,284,1012,12,-728,37639,1308,2652.01
2017-12-15,1111,179,18,932,38571,1308,2675.81
2017-12-18,1004,284,20,720,39291,1308,2690.16
2017-12-19,390,890,28,-500,38791,1308,2681.47
2017-12-20,631,646,31,-15,38776,1308,2679.25
2017-12-21,734,546,28,188,38964,1308,2684.57
2017-12-22,559,716,33,-157,38807,1308,2683.34
2017-12-26,647,629,32,18,38825,1308,2680.50
2017-12-27,681,593,34,88,38913,1308,2682.62
2017-12-28,934,338,36,596,39509,1308,2687.54
2017-12-29,249,1028,31,-779,38730,1308,2673.61
2018-01-02,857,428,23,429,39159,1308,2695.81
2018-01-03,706,580,23,126,39285,1309,2713.06
2018-01-04,771,510,28,261,39546,1309,2723.99
2018-01-05,863,419,27,444,39990,1309,2743.15
2018-01-08,822,456,31,366,40356,1309,2747.71
2018-01-09,562,723,24,-161,40195,1309,2751.29
2018-01-10,501,785,23,-284,39911,1309,2748.23
2018-01-11,1084,208,17,876,40787,1309,2767.56
2018-01-12,794,487,29,307,41094,1310,2786.24
2018-01-16,364,928,18,-564,40530,1310,2776.42
2018-01-17,1052,232,26,820,41350,1310,2802.56
2018-01-18,395,890,25,-495,40855,1310,2798.03
2018-01-19,1068,223,19,845,41700,1310,2810.30
2018-01-22,806,469,36,337,42037,1311,2832.97
2018-01-23,744,541,26,203,42240,1311,2839.13
2018-01-24,501,780,30,-279,41961,1311,2837.54
2018-01-25,675,609,27,66,42027,1311,2839.25
2018-01-26,867,423,22,444,42471,1312,2872.87
2018-01-29,282,1007,23,-725,41746,1312,2853.53
2018-01-30,253,1029,30,-776,40970,1312,2822.43
2018-01-31,551,725,36,-174,40796,1312,2823.81
2018-02-01,648,643,21,5,40801,1312,2821.98
2018-02-02,92,1207,13,-1115,39686,1312,2762.13
2018-02-05,28,1275,9,-1247,38439,1312,2648.94
2018-02-06,960,338,14,622,39061,1312,2695.14
2018-02-07,625,658,29,-33,39028,1312,2681.66
2018-02-08,71,1232,10,-1161,37867,1313,2581.00
2018-02-09,1007,292,16,715,38582,1315,2619.55
2018-02-12,1007,289,19,718,39300,1315,2656.00
2018-02-13,783,496,36,287,39587,1315,2662.94
2018-02-14,1067,229,19,838,40425,1315,2698.63
2018-02-15,1011,283,21,728,41153,1315,2731.20
2018-02-16,777,517,21,260,41413,1315,2732.22
2018-02-20,348,949,18,-601,40812,1315,2716.26
2018-02-21,602,690,23,-88,40724,1315,2701.33
2018-02-22,639,654,22,-15,40709,1315,2703.96
2018-02-23,1126,170,19,956,41665,1315,2747.30
2018-02-26,934,355,26,579,42244,1315,2779.60
2018-02-27,142,1155,18,-1013,41231,1315,2744.28
2018-02-28,206,1095,14,-889,40342,1315,2713.83
2018-03-01,457,831,27,-374,39968,1315,2677.67
2018-03-02,995,301,19,694,40662,1315,2691.25
2018-03-05,1054,241,20,813,41475,1315,2720.94
2018-03-06,1016,280,19,736,42211,1315,2728.12
2018-03-07,808,475,32,333,42544,1315,2726.80
2018-03-08,692,591,32,101,42645,1315,2738.97
2018-03-09,1156,141,18,1015,43660,1315,2786.57
2018-03-12,673,614,28,59,43719,1315,2783.02
2018-03-13,428,859,28,-431,43288,1315,2765.31
2018-03-14,412,876,27,-464,42824,1315,2749.48
2018-03-15,525,756,34,-231,42593,1315,2747.33
2018-03-16,985,314,17,671,43264,1316,2752.01
2018-03-19,229,1069,18,-840,42424,1316,2712.92
2018-03-20,678,606,32,72,42496,1316,2716.94
2018-03-21,676,618,22,58,42554,1316,2711.93
2018-03-22,117,1186,13,-1069,41485,1316,2643.69
2018-03-23,105,1202,9,-1097,40388,1316,2588.26
2018-03-26,1228,77,12,1151,41539,1317,2658.55
2018-03-27,236,1065,16,-829,40710,1317,2612.62
2018-03-28,657,630,30,27,40737,1317,2605.00
2018-03-29,1078,219,20,859,41596,1317,2640.87
2018-04-02,68,1238,11,-1170,40426,1317,2581.88
2018-04-03,1166,140,11,1026,41452,1317,2614.45
2018-04-04,1112,185,20,927,42379,1317,2644.69
2018-04-05,976,319,22,657,43036,1317,2662.84
2018-04-06,92,1214,11,-1122,41914,1317,2604.47
2018-04-09,614,666,37,-52,41862,1317,2613.16
2018-04-10,1127,171,19,956,42818,1317,2656.87
2018-04-11,504,771,42,-267,42551,1317,2642.19
2018-04-12,901,400,16,501,43052,1317,2663.99
2018-04-13,480,803,34,-323,42729,1317,2656.30
2018-04-16,1119,175,23,944,43673,1317,2677.84
2018-04-17,1027,273,17,754,44427,1317,2706.39
2018-04-18,724,566,27,158,44585,1317,2708.64
2018-04-19,406,878,33,-472,44113,1317,2693.13
2018-04-20,356,932,29,-576,43537,1317,2670.14
2018-04-23,679,612,26,67,43604,1317,2670.29
2018-04-24,412,886,19,-474,43130,1317,2634.56
2018-04-25,691,600,27,91,43221,1318,2639.40
2018-04-26,850,447,21,403,43624,1318,2666.94
2018-04-27,702,596,20,106,43730,1318,2669.91
2018-04-30,275,1030,15,-755,42975,1320,2648.05
2018-05-01,793,503,24,290,43265,1320,2654.80
2018-05-02,551,731,38,-180,43085,1320,2635.67
2018-05-03,560,739,21,-179,42906,1320,2629.73
2018-05-04,1110,197,14,913,43819,1321,2663.42
2018-05-07,892,409,21,483,44302,1322,2672.63
2018-05-08,761,534,28,227,44529,1323,2671.92
2018-05-09,917,386,20,531,45060,1323,2697.79
2018-05-10,996,299,28,697,45757,1323,2723.07
2018-05-11,685,606,34,79,45836,1325,2727.72
2018-05-14,489,810,26,-321,45515,1325,2730.13
2018-05-15,575,710,40,-135,45380,1325,2711.45
2018-05-16,972,330,23,642,46022,1325,2722.46
2018-05-17,826,462,37,364,46386,1325,2720.13
2018-05-18,659,637,29,22,46408,1325,2712.97
2018-05-21,1035,270,20,765,47173,1325,2733.01
2018-05-22,424,879,23,-455,46718,1326,2724.44
2018-05-23,703,588,35,115,46833,1326,2733.29
2018-05-24,662,629,35,33,46866,1326,2727.76
2018-05-25,623,664,39,-41,46825,1326,2721.33
2018-05-29,480,825,21,-345,46480,1326,2689.86
2018-05-30,1161,142,23,1019,47499,1326,2724.01
2018-05-31,253,1053,20,-800,46699,1326,2705.27
2018-06-01,1003,301,23,702,47401,1327,2734.62
2018-06-04,962,342,23,620,48021,1327,2746.87
2018-06-05,801,503,23,298,48319,1327,2748.80
2018-06-06,955,344,28,611,48930,1327,2772.35
2018-06-07,651,646,30,5,48935,1327,2770.37
2018-06-08,855,438,34,417,49352,1327,2779.03
2018-06-11,683,616,28,67,49419,1327,2782.00
2018-06-12,737,559,31,178,49597,1327,2786.85
2018-06-13,399,905,23,-506,49091,1327,2775.63
2018-06-14,832,469,26,363,49454,1327,2782.49
2018-06-15,678,618,31,60,49514,1327,2779.66
2018-06-18,745,554,28,191,49705,1327,2773.75
2018-06-19,546,747,34,-201,49504,1327,2762.59
2018-06-20,840,462,25,378,49882,1327,2767.32
2018-06-21,342,962,23,-620,49262,1327,2749.76
2018-06-22,703,605,20,98,49360,1328,2754.88
2018-06-25,233,1084,11,-851,48509,1328,2717.07
2018-06-26,764,534,30,230,48739,1328,2723.06
2018-06-27,197,1117,14,-920,47819,1328,2699.63
2018-06-28,832,464,32,368,48187,1328,2716.31
2018-06-29,653,646,30,7,48194,1329,2718.37
2018-07-02,868,447,14,421,48615,1329,2726.71
2018-07-03,665,627,37,38,48653,1329,2713.22
2018-07-05,1105,210,14,895,49548,1329,2736.61
2018-07-06,1092,214,23,878,50426,1329,2759.82
2018-07-09,969,344,16,625,51051,1329,2784.17
2018-07-10,651,658,20,-7,51044,1329,2793.84
2018-07-11,344,962,23,-618,50426,1329,2774.02
2018-07-12,839,465,25,374,50800,1329,2798.29
2018-07-13,673,624,32,49,50849,1329,2801.31
2018-07-16,464,834,31,-370,50479,1329,2798.43
2018-07-17,891,408,30,483,50962,1329,2809.55
2018-07-18,777,525,27,252,51214,1329,2815.62
2018-07-19,820,475,34,345,51559,1329,2804.49
2018-07-20,487,805,37,-318,51241,1329,2801.83
2018-07-23,637,656,36,-19,51222,1329,2806.98
2018-07-24,473,835,21,-362,50860,1329,2820.40
2018-07-25,839,467,23,372,51232,1329,2846.07
2018-07-26,895,412,23,483,51715,1330,2837.44
2018-07-27,281,1036,14,-755,50960,1331,2818.82
2018-07-30,464,833,34,-369,50591,1331,2802.60
2018-07-31,1006,311,14,695,51286,1331,2816.29
2018-08-01,533,778,20,-245,51041,1331,2813.36
2018-08-02,885,427,19,458,51499,1331,2827.22
2018-08-03,708,604,22,104,51603,1334,2840.35
2018-08-06,923,380,32,543,52146,1335,2850.40
2018-08-07,816,493,26,323,52469,1335,2858.45
2018-08-08,618,678,39,-60,52409,1335,2857.70
2018-08-09,627,682,26,-55,52354,1335,2853.58
2018-08-10,382,921,32,-539,51815,1335,2833.28
2018-08-13,405,901,29,-496,51319,1335,2821.93
2018-08-14,1095,217,23,878,52197,1335,2839.96
2018-08-15,358,959,18,-601,51596,1335,2818.37
2018-08-16,1081,226,28,855,52451,1335,2840.69
2018-08-17,977,323,35,654,53105,1335,2850.13
2018-08-20,890,420,25,470,53575,1335,2857.05
2018-08-21,977,342,16,635,54210,1335,2862.96
2018-08-22,558,749,28,-191,54019,1335,2861.82
2018-08-23,441,859,35,-418,53601,1335,2856.98
2018-08-24,954,353,28,601,54202,1335,2874.69
2018-08-27,834,475,26,359,54561,1335,2896.74
2018-08-28,615,692,28,-77,54484,1335,2897.52
2018-08-29,828,468,39,360,54844,1335,2914.04
2018-08-30,380,916,39,-536,54308,1335,2901.13
2018-08-31,818,488,29,330,54638,1335,2901.52
2018-09-04,564,744,27,-180,54458,1335,2896.72
2018-09-05,686,618,31,68,54526,1335,2888.60
2018-09-06,561,751,23,-190,54336,1335,2878.05
2018-09-07,511,797,27,-286,54050,1335,2871.68
2018-09-10,819,491,25,328,54378,1335,2877.13
2018-09-11,667,634,34,33,54411,1335,2887.89
2018-09-12,625,680,30,-55,54356,1335,2888.92
2018-09-13,813,502,20,311,54667,1335,2904.18
2018-09-14,831,477,28,354,55021,1336,2904.98
2018-09-17,422,891,23,-469,54552,1336,2888.80
2018-09-18,793,516,27,277,54829,1336,2904.31
2018-09-19,571,745,20,-174,54655,1336,2907.95
2018-09-20,1067,252,17,815,55470,1336,2930.75
2018-09-21,576,726,35,-150,55320,1337,2929.67
2018-09-24,370,951,16,-581,54739,1337,2919.37
2018-09-25,592,717,28,-125,54614,1337,2915.56
2018-09-26,319,994,24,-675,53939,1337,2905.97
2018-09-27,668,644,25,24,53963,1337,2914.00
2018-09-28,815,494,28,321,54284,1337,2913.98
2018-10-01,437,889,11,-452,53832,1337,2924.59
2018-10-02,496,821,20,-325,53507,1337,2923.43
2018-10-03,824,502,11,322,53829,1337,2925.51
2018-10-04,294,1035,9,-741,53088,1338,2901.61
2018-10-05,394,934,10,-540,52548,1338,2885.57
2018-10-08,716,607,15,109,52657,1338,2884.43
2018-10-09,532,789,17,-257,52400,1338,2880.34
2018-10-10,73,1260,5,-1187,51213,1338,2785.68
2018-10-11,147,1182,9,-1035,50178,1338,2728.37
2018-10-12,782,539,17,243,50421,1338,2767.13
2018-10-15,806,507,25,299,50720,1338,2750.79
2018-10-16,1274,57,7,1217,51937,1338,2809.92
2018-10-17,545,772,21,-227,51710,1338,2809.21
2018-10-18,186,1138,14,-952,50758,1338,2768.78
2018-10-19,489,837,12,-348,50410,1338,2767.78
2018-10-22,548,780,10,-232,50178,1338,2755.88
2018-10-23,417,908,13,-491,49687,1338,2740.69
2018-10-24,197,1133,8,-936,48751,1338,2656.10
2018-10-25,1107,221,10,886,49637,1338,2705.57
2018-10-26,326,998,15,-672,48965,1339,2658.69
2018-10-29,634,691,14,-57,48908,1339,2641.25
2018-10-30,1163,163,14,1000,49908,1340,2682.63
2018-10-31,774,555,11,219,50127,1340,2711.74
2018-11-01,1048,277,15,771,50898,1340,2740.37
2018-11-02,679,638,23,41,50939,1340,2723.06
2018-11-05,788,536,16,252,51191,1340,2738.31
2018-11-06,995,330,16,665,51856,1341,2755.45
2018-11-07,1148,185,8,963,52819,1341,2813.89
2018-11-08,663,661,17,2,52821,1341,2806.83
2018-11-09,320,1008,13,-688,52133,1341,2781.01
2018-11-12,238,1084,19,-846,51287,1341,2726.22
2018-11-13,690,628,23,62,51349,1341,2722.18
2018-11-14,445,885,12,-440,50909,1342,2701.58
2018-11-15,1012,318,12,694,51603,1342,2730.20
2018-11-16,797,528,17,269,51872,1342,2736.27
2018-11-19,314,1011,17,-697,51175,1342,2690.73
2018-11-20,220,1115,7,-895,50280,1342,2641.89
2018-11-21,993,334,15,659,50939,1342,2649.93
2018-11-23,660,664,18,-4,50935,1342,2632.56
2018-11-26,1084,245,13,839,51774,1342,2673.45
2018-11-27,485,844,13,-359,51415,1342,2682.17
2018-11-28,1214,120,8,1094,52509,1342,2743.79
2018-11-29,507,817,18,-310,52199,1342,2737.80
2018-11-30,939,387,16,552,52751,1342,2760.17
2018-12-03,950,380,12,570,53321,1342,2790.37
2018-12-04,58,1280,4,-1222,52099,1342,2700.06
2018-12-06,629,701,12,-72,52027,1342,2695.95
2018-12-07,178,1151,13,-973,51054,1342,2633.08
2018-12-10,527,802,14,-275,50779,1343,2637.72
2018-12-11,601,725,17,-124,50655,1343,2636.78
2018-12-12,991,343,9,648,51303,1343,2651.07
2018-12-13,382,946,15,-564,50739,1343,2650.54
2018-12-14,190,1139,14,-949,49790,1343,2599.95
2018-12-17,138,1190,15,-1052,48738,1343,2545.94
2018-12-18,673,654,16,19,48757,1343,2546.16
2018-12-19,166,1166,11,-1000,47757,1343,2506.96
2018-12-20,259,1075,9,-816,46941,1343,2467.42
2018-12-21,146,1184,13,-1038,45903,1343,2416.62
2018-12-24,96,1233,14,-1137,44766,1343,2351.10
2018-12-26,1320,18,5,1302,46068,1343,2467.70
2018-12-27,915,407,21,508,46576,1343,2488.83
2018-12-28,702,623,18,79,46655,1343,2485.74
2018-12-31,1071,263,9,808,47463,1343,2506.85
2019-01-02,708,624,11,84,47547,1343,2510.03
2019-01-03,268,1065,10,-797,46750,1343,2447.89
2019-01-04,1295,43,5,1252,48002,1343,2531.94
2019-01-07,1035,299,9,736,48738,1343,2549.69
2019-01-08,1111,224,8,887,49625,1343,2574.41
2019-01-09,966,362,15,604,50229,1343,2584.96
2019-01-10,927,397,19,530,50759,1343,2596.64
2019-01-11,758,564,21,194,50953,1343,2596.26
2019-01-14,396,933,14,-537,50416,1343,2582.61
2019-01-15,950,377,16,573,50989,1343,2610.30
2019-01-16,928,395,20,533,51522,1343,2616.10
2019-01-17,1104,232,7,872,52394,1343,2635.96
2019-01-18,1147,187,9,960,53354,1343,2670.71
2019-01-22,192,1140,11,-948,52406,1343,2632.90
2019-01-23,629,699,15,-70,52336,1343,2638.70
2019-01-24,883,450,10,433,52769,1343,2642.33
2019-01-25,1049,283,11,766,53535,1343,2664.76
2019-01-28,502,820,21,-318,53217,1343,2643.85
2019-01-29,683,642,18,41,53258,1343,2640.00
2019-01-30,1050,283,10,767,54025,1343,2681.05
2019-01-31,902,427,14,475,54500,1343,2704.10
2019-02-01,778,547,18,231,54731,1343,2706.53
2019-02-04,1022,303,18,719,55450,1343,2724.87
2019-02-05,854,468,21,386,55836,1343,2737.70
2019-02-06,588,739,16,-151,55685,1343,2731.61
2019-02-07,488,837,18,-349,55336,1343,2706.05
2019-02-08,657,669,17,-12,55324,1343,2707.88
2019-02-11,925,396,22,529,55853,1343,2709.80
2019-02-12,1076,254,13,822,56675,1343,2744.73
2019-02-13,878,449,16,429,57104,1343,2753.03
2019-02-14,598,728,17,-130,56974,1343,2745.73
2019-02-15,1157,177,9,980,57954,1343,2775.60
2019-02-19,831,495,17,336,58290,1343,2779.76
2019-02-20,861,459,23,402,58692,1343,2784.70
2019-02-21,512,814,17,-302,58390,1343,2774.88
2019-02-22,1022,307,14,715,59105,1343,2792.67
2019-02-25,574,751,18,-177,58928,1343,2796.11
2019-02-26,392,927,24,-535,58393,1343,2793.90
2019-02-27,730,588,25,142,58535,1343,2792.38
2019-02-28,572,748,23,-176,58359,1343,2784.49
2019-03-01,937,394,12,543,58902,1343,2803.69
2019-03-04,445,881,17,-436,58466,1343,2792.81
2019-03-05,478,846,19,-368,58098,1343,2789.65
2019-03-06,186,1145,12,-959,57139,1343,2771.45
2019-03-07,312,1020,11,-708,56431,1343,2748.93
2019-03-08,611,711,21,-100,56331,1343,2743.07
2019-03-11,1217,118,8,1099,57430,1343,2783.30
2019-03-12,740,573,30,167,57597,1343,2791.52
2019-03-13,962,362,20,600,58197,1344,2810.92
2019-03-14,582,743,20,-161,58036,1345,2808.48
2019-03-15,825,491,29,334,58370,1345,2822.48
2019-03-18,922,411,12,511,58881,1345,2832.94
2019-03-19,458,872,15,-414,58467,1345,2832.57
2019-03-20,378,954,13,-576,57891,1345,2824.23
2019-03-21,1129,208,9,921,58812,1346,2854.88
2019-03-22,116,1223,7,-1107,57705,1346,2800.71
2019-03-25,796,518,32,278,57983,1346,2798.36
2019-03-26,1104,231,11,873,58856,1346,2818.46
2019-03-27,560,769,17,-209,58647,1346,2805.37
2019-03-28,1045,285,16,760,59407,1346,2815.44
2019-03-29,877,454,15,423,59830,1346,2834.40
2019-04-01,1064,272,11,792,60622,1347,2867.19
2019-04-02,542,790,15,-248,60374,1347,2867.24
2019-04-03,889,436,22,453,60827,1347,2873.40
2019-04-04,889,448,10,441,61268,1347,2879.39
2019-04-05,1080,250,17,830,62098,1347,2892.74
2019-04-08,654,677,16,-23,62075,1347,2895.77
2019-04-09,213,1119,15,-906,61169,1347,2878.20
2019-04-10,1107,225,15,882,62051,1347,2888.21
2019-04-11,803,523,21,280,62331,1347,2888.32
2019-04-12,994,339,14,655,62986,1347,2907.41
2019-04-15,511,822,14,-311,62675,1347,2905.58
2019-04-16,792,534,21,258,62933,1347,2907.06
2019-04-17,509,818,20,-309,62624,1347,2900.45
2019-04-18,730,602,16,128,62752,1348,2905.03
2019-04-22,472,869,8,-397,62355,1349,2907.97
2019-04-23,1136,201,12,935,63290,1349,2933.68
2019-04-24,781,554,14,227,63517,1349,2927.25
2019-04-25,437,893,19,-456,63061,1349,2926.17
2019-04-26,1047,287,15,760,63821,1349,2939.88
2019-04-29,744,592,13,152,63973,1349,2943.03
2019-04-30,700,631,18,69,64042,1349,2945.83
2019-05-01,305,1032,12,-727,63315,1349,2923.73
2019-05-02,775,557,17,218,63533,1349,2917.52
2019-05-03,1161,176,13,985,64518,1350,2945.64
2019-05-06,533,794,23,-261,64257,1350,2932.47
2019-05-07,119,1222,9,-1103,63154,1350,2884.05
2019-05-08,495,843,12,-348,62806,1350,2879.42
2019-05-09,624,709,18,-85,62721,1351,2870.72
2019-05-10,867,472,12,395,63116,1351,2881.40
2019-05-13,133,1211,8,-1078,62038,1352,2811.87
2019-05-14,1069,265,18,804,62842,1352,2834.41
2019-05-15,839,494,19,345,63187,1352,2850.96
2019-05-16,1021,319,12,702,63889,1352,2876.32
2019-05-17,250,1088,14,-838,63051,1352,2859.53
2019-05-20,456,880,17,-424,62627,1353,2840.23
2019-05-21,1167,171,15,996,63623,1353,2864.36
2019-05-22,422,904,27,-482,63141,1353,2856.27
2019-05-23,200,1138,15,-938,62203,1353,2822.24
2019-05-24,906,425,22,481,62684,1353,2826.06
2019-05-28,292,1046,16,-754,61930,1354,2802.39
2019-05-29,381,962,12,-581,61349,1355,2783.02
2019-05-30,672,669,14,3,61352,1355,2788.86
2019-05-31,300,1043,12,-743,60609,1355,2752.06
2019-06-03,944,397,14,547,61156,1355,2744.45
2019-06-04,1213,134,8,1079,62235,1355,2803.27
2019-06-05,791,546,18,245,62480,1355,2826.15
2019-06-06,748,584,23,164,62644,1355,2843.49
2019-06-07,959,379,17,580,63224,1355,2873.34
2019-06-10,878,466,11,412,63636,1355,2886.73
2019-06-11,636,703,16,-67,63569,1355,2885.72
2019-06-12,677,661,17,16,63585,1355,2879.84
2019-06-13,1046,298,12,748,64333,1356,2891.64
2019-06-14,482,860,14,-378,63955,1356,2886.98
2019-06-17,653,690,14,-37,63918,1357,2889.67
2019-06-18,1028,316,13,712,64630,1357,2917.75
2019-06-19,843,495,19,348,64978,1357,2926.46
2019-06-20,1015,325,17,690,65668,1357,2954.18
2019-06-21,414,931,13,-517,65151,1358,2950.46
2019-06-24,352,994,12,-642,64509,1358,2945.35
2019-06-25,451,890,17,-439,64070,1358,2917.38
2019-06-26,667,679,12,-12,64058,1358,2913.78
2019-06-27,1147,202,9,945,65003,1358,2924.92
2019-06-28,1122,218,18,904,65907,1358,2941.76
2019-07-01,874,472,12,402,66309,1358,2964.33
2019-07-02,615,732,12,-117,66192,1359,2973.01
2019-07-03,1112,235,12,877,67069,1359,2995.82
2019-07-05,700,635,24,65,67134,1359,2990.41
2019-07-08,332,1012,15,-680,66454,1359,2975.95
2019-07-09,702,643,14,59,66513,1359,2979.63
2019-07-10,698,642,19,56,66569,1359,2993.07
2019-07-11,669,670,20,-1,66568,1359,2999.91
2019-07-12,1035,308,16,727,67295,1359,3013.77
2019-07-15,574,771,14,-197,67098,1359,3014.30
2019-07-16,707,630,22,77,67175,1359,3004.04
2019-07-17,384,962,13,-578,66597,1359,2984.42
2019-07-18,880,463,16,417,67014,1359,2995.11
2019-07-19,462,884,13,-422,66592,1359,2976.61
2019-07-22,615,724,20,-109,66483,1359,2985.03
2019-07-23,1029,313,17,716,67199,1359,3005.47
2019-07-24,1080,268,11,812,68011,1359,3019.56
2019-07-25,351,997,11,-646,67365,1359,3003.67
2019-07-26,1061,281,17,780,68145,1359,3025.86
2019-07-29,528,811,20,-283,67862,1359,3020.97
2019-07-30,869,476,14,393,68255,1359,3013.18
2019-07-31,316,1035,8,-719,67536,1359,2980.38
2019-08-01,338,1014,7,-676,66860,1359,2953.56
2019-08-02,348,994,18,-646,66214,1360,2932.05
2019-08-05,49,1304,7,-1255,64959,1360,2844.74
2019-08-06,1064,288,8,776,65735,1360,2881.77
2019-08-07,701,642,17,59,65794,1360,2883.98
2019-08-08,1261,94,5,1167,66961,1360,2938.09
2019-08-09,296,1044,20,-748,66213,1360,2918.65
2019-08-12,221,1125,14,-904,65309,1360,2882.70
2019-08-13,1145,202,13,943,66252,1360,2926.32
2019-08-14,30,1326,4,-1296,64956,1360,2840.60
2019-08-15,661,685,14,-24,64932,1360,2847.60
2019-08-16,1283,65,12,1218,66150,1360,2888.68
2019-08-19,1154,193,13,961,67111,1360,2923.65
2019-08-20,281,1069,10,-788,66323,1360,2900.51
2019-08-21,1090,252,18,838,67161,1360,2924.43
2019-08-22,643,690,27,-47,67114,1360,2922.95
2019-08-23,34,1321,5,-1287,65827,1360,2847.11
2019-08-26,1107,237,16,870,66697,1360,2878.38
2019-08-27,312,1039,9,-727,65970,1360,2869.16
2019-08-28,1107,237,16,870,66840,1360,2887.94
2019-08-29,1231,121,8,1110,67950,1360,2924.58
2019-08-30,770,561,29,209,68159,1360,2926.46
2019-09-03,341,1014,5,-673,67486,1360,2906.27
2019-09-04,1124,223,13,901,68387,1360,2937.78
2019-09-05,1115,237,8,878,69265,1360,2976.00
2019-09-06,635,711,14,-76,69189,1360,2978.71
2019-09-09,887,460,13,427,69616,1360,2978.43
2019-09-10,882,462,16,420,70036,1360,2979.39
2019-09-11,1095,255,10,840,70876,1360,3000.93
2019-09-12,747,603,10,144,71020,1360,3009.57
2019-09-13,734,609,17,125,71145,1360,3007.39
2019-09-16,658,681,22,-23,71122,1361,2997.96
2019-09-17,675,669,17,6,71128,1361,3005.70
2019-09-18,559,782,20,-223,70905,1361,3006.73
2019-09-19,543,804,15,-261,70644,1362,3006.79
2019-09-20,519,821,23,-302,70342,1363,2992.07
2019-09-23,712,634,17,78,70420,1363,2991.78
2019-09-24,285,1066,12,-781,69639,1363,2966.60
2019-09-25,1066,283,14,783,70422,1363,2984.87
2019-09-26,479,870,14,-391,70031,1363,2977.62
2019-09-27,474,873,17,-399,69632,1364,2961.79
2019-09-30,866,481,17,385,70017,1364,2976.74
2019-10-01,155,1201,8,-1046,68971,1364,2940.25
2019-10-02,187,1162,15,-975,67996,1364,2887.61
2019-10-03,901,439,24,462,68458,1364,2910.63
2019-10-04,1161,190,13,971,69429,1364,2952.01
2019-10-07,453,896,15,-443,68986,1364,2938.79
2019-10-08,112,1241,11,-1129,67857,1364,2893.06
2019-10-09,1057,291,16,766,68623,1364,2919.40
2019-10-10,946,397,21,549,69172,1364,2938.13
2019-10-11,1170,182,12,988,70160,1364,2970.27
2019-10-14,488,859,18,-371,69789,1365,2966.15
2019-10-15,1068,287,10,781,70570,1365,2995.68
2019-10-16,644,698,23,-54,70516,1365,2989.69
2019-10-17,1021,333,11,688,71204,1365,2997.95
2019-10-18,665,683,17,-18,71186,1365,2986.20
2019-10-21,1050,303,12,747,71933,1365,3006.72
2019-10-22,694,659,12,35,71968,1365,2995.99
2019-10-23,792,556,17,236,72204,1365,3004.52
2019-10-24,620,728,17,-108,72096,1365,3010.29
2019-10-25,864,483,18,381,72477,1365,3022.55
2019-10-28,912,441,13,471,72948,1366,3039.42
2019-10-29,814,538,15,276,73224,1367,3036.89
2019-10-30,658,696,13,-38,73186,1367,3046.77
2019-10-31,395,964,8,-569,72617,1367,3037.56
2019-11-01,1063,290,14,773,73390,1367,3066.91
2019-11-04,874,482,11,392,73782,1367,3078.27
2019-11-05,735,618,14,117,73899,1367,3074.62
2019-11-06,599,758,10,-159,73740,1367,3076.78
2019-11-07,758,588,21,170,73910,1367,3085.18
2019-11-08,761,584,22,177,74087,1367,3093.08
2019-11-11,569,779,19,-210,73877,1367,3087.01
2019-11-12,695,649,23,46,73923,1367,3091.84
2019-11-13,608,739,20,-131,73792,1367,3094.04
2019-11-14,748,600,19,148,73940,1367,3096.63
2019-11-15,926,424,17,502,74442,1367,3120.46
2019-11-18,600,738,29,-138,74304,1367,3122.03
2019-11-19,790,551,26,239,74543,1367,3120.18
2019-11-20,493,861,13,-368,74175,1367,3108.46
2019-11-21,472,879,17,-407,73768,1368,3103.54
2019-11-22,832,511,25,321,74089,1368,3110.29
2019-11-25,1172,191,5,981,75070,1368,3133.64
2019-11-26,802,545,21,257,75327,1368,3140.52
2019-11-27,998,351,19,647,75974,1368,3153.63
2019-11-29,261,1093,14,-832,75142,1368,3140.98
2019-12-02,253,1100,15,-847,74295,1368,3113.87
2019-12-03,413,944,11,-531,73764,1368,3093.20
2019-12-04,1023,330,15,693,74457,1368,3112.76
2019-12-05,832,517,19,315,74772,1368,3117.43
2019-12-06,1116,241,11,875,75647,1368,3145.91
2019-12-09,513,836,19,-323,75324,1368,3135.96
2019-12-10,639,705,24,-66,75258,1368,3132.52
2019-12-11,810,534,24,276,75534,1368,3141.63
2019-12-12,981,377,10,604,76138,1368,3168.57
2019-12-13,535,826,8,-291,75847,1369,3168.80
2019-12-16,1003,353,13,650,76497,1369,3191.45
2019-12-17,828,515,26,313,76810,1369,3192.52
2019-12-18,736,618,15,118,76928,1369,3191.14
2019-12-19,837,516,16,321,77249,1369,3205.37
2019-12-20,895,460,14,435,77684,1369,3221.22
2019-12-23,603,751,15,-148,77536,1369,3224.01
2019-12-24,714,627,28,87,77623,1369,3223.38
2019-12-26,812,532,25,280,77903,1369,3239.91
2019-12-27,535,806,28,-271,77632,1369,3240.02
2019-12-30,508,831,30,-323,77309,1369,3221.29
2019-12-31,878,472,19,406,77715,1369,3230.78
2020-01-02,764,595,10,169,77884,1369,3257.85
2020-01-03,498,860,11,-362,77522,1369,3234.85
2020-01-06,653,698,18,-45,77477,1369,3246.28
2020-01-07,478,877,14,-399,77078,1369,3237.18
2020-01-08,887,471,11,416,77494,1369,3253.05
2020-01-09,844,502,23,342,77836,1369,3274.70
2020-01-10,499,859,11,-360,77476,1369,3265.35
2020-01-13,1081,269,19,812,78288,1369,3288.13
2020-01-14,726,622,21,104,78392,1369,3283.15
2020-01-15,784,570,15,214,78606,1369,3289.29
2020-01-16,1175,185,9,990,79596,1369,3316.81
2020-01-17,673,671,25,2,79598,1369,3329.62
2020-01-21,471,883,15,-412,79186,1369,3320.79
2020-01-22,674,676,19,-2,79184,1369,3321.75
2020-01-23,783,568,18,215,79399,1369,3325.54
2020-01-24,226,1133,10,-907,78492,1369,3295.47
2020-01-27,210,1145,14,-935,77557,1369,3243.63
2020-01-28,1071,282,16,789,78346,1369,3276.24
2020-01-29,503,850,16,-347,77999,1369,3273.40
2020-01-30,773,576,20,197,78196,1369,3283.66
2020-01-31,103,1261,5,-1158,77038,1369,3225.52
2020-02-03,1052,308,10,744,77782,1370,3248.92
2020-02-04,1092,269,9,823,78605,1370,3297.59
2020-02-05,1112,249,9,863,79468,1370,3334.69
2020-02-06,577,778,15,-201,79267,1370,3345.78
2020-02-07,333,1033,5,-700,78567,1371,3327.71
2020-02-10,926,434,11,492,79059,1371,3352.09
2020-02-11,980,380,11,600,79659,1371,3357.75
2020-02-12,974,375,22,599,80258,1371,3379.45
2020-02-13,782,580,9,202,80460,1371,3373.94
2020-02-14,654,703,14,-49,80411,1371,3380.16
2020-02-18,490,863,18,-373,80038,1371,3370.29
2020-02-19,821,533,17,288,80326,1371,3386.15
2020-02-20,772,585,14,187,80513,1371,3373.23
2020-02-21,337,1017,17,-680,79833,1371,3337.75
2020-02-24,52,1315,4,-1263,78570,1371,3225.89
2020-02-25,49,1317,5,-1268,77302,1371,3128.21
2020-02-26,345,1016,10,-671,76631,1371,3116.39
2020-02-27,93,1271,7,-1178,75453,1371,2978.76
2020-02-28,371,992,8,-621,74832,1371,2954.22
2020-03-02,1206,162,3,1044,75876,1371,3090.23
2020-03-03,188,1176,7,-988,74888,1371,3003.37
2020-03-04,1270,92,9,1178,76066,1371,3130.12
2020-03-05,85,1282,4,-1197,74869,1371,3023.94
2020-03-06,285,1082,4,-797,74072,1371,2972.37
2020-03-09,20,1348,3,-1328,72744,1371,2746.56
2020-03-10,1186,178,7,1008,73752,1371,2882.23
2020-03-11,38,1329,4,-1291,72461,1371,2741.38
2020-03-12,23,1346,2,-1323,71138,1371,2480.64
2020-03-13,1277,87,7,1190,72328,1371,2711.02
2020-03-16,32,1336,3,-1304,71024,1371,2386.13
2020-03-17,1009,354,8,655,71679,1371,2529.19
2020-03-18,142,1225,4,-1083,70596,1371,2398.10
2020-03-19,967,401,3,566,71162,1371,2409.39
2020-03-20,333,1033,7,-700,70462,1373,2304.92
2020-03-23,454,915,4,-461,70001,1373,2237.40
2020-03-24,1314,54,5,1260,71261,1373,2447.33
2020-03-25,901,459,13,442,71703,1373,2475.56
2020-03-26,1239,130,4,1109,72812,1373,2630.07
2020-03-27,211,1155,7,-944,71868,1373,2541.47
2020-03-30,1008,361,4,647,72515,1373,2626.65
2020-03-31,477,887,9,-410,72105,1373,2584.59
2020-04-01,70,1296,7,-1226,70879,1373,2470.50
2020-04-02,877,487,9,390,71269,1373,2526.90
2020-04-03,264,1100,9,-836,70433,1373,2488.65
2020-04-06,1332,37,4,1295,71728,1373,2663.68
2020-04-07,842,526,5,316,72044,1373,2659.41
2020-04-08,1286,82,5,1204,73248,1373,2749.98
2020-04-09,1135,228,10,907,74155,1373,2789.82
2020-04-13,231,1131,12,-900,73255,1374,2761.63
2020-04-14,1054,308,12,746,74001,1374,2846.06
2020-04-15,98,1272,4,-1174,72827,1374,2783.36
2020-04-16,585,782,7,-197,72630,1374,2799.55
2020-04-17,1283,86,5,1197,73827,1374,2874.56
2020-04-20,248,1119,7,-871,72956,1374,2823.16
2020-04-21,177,1189,8,-1012,71944,1374,2736.56
2020-04-22,1025,336,13,689,72633,1374,2799.31
2020-04-23,869,500,5,369,73002,1374,2797.80
2020-04-24,1040,324,10,716,73718,1374,2836.74
2020-04-27,1245,122,7,1123,74841,1374,2878.48
2020-04-28,971,396,8,575,75416,1375,2863.39
2020-04-29,1187,180,8,1007,76423,1375,2939.51
2020-04-30,166,1202,8,-1036,75387,1376,2912.43
2020-05-01,90,1277,9,-1187,74200,1376,2830.71
2020-05-04,616,747,13,-131,74069,1376,2842.74
2020-05-05,815,545,16,270,74339,1376,2868.44
2020-05-06,380,986,10,-606,73733,1376,2848.42
2020-05-07,1050,315,11,735,74468,1376,2881.19
2020-05-08,1240,130,6,1110,75578,1376,2929.80
2020-05-11,403,967,6,-564,75014,1376,2930.19
2020-05-12,122,1249,5,-1127,73887,1376,2870.12
2020-05-13,126,1247,3,-1121,72766,1376,2820.00
2020-05-14,947,420,9,527,73293,1376,2852.50
2020-05-15,842,519,15,323,73616,1376,2863.70
2020-05-18,1295,75,6,1220,74836,1376,2953.91
2020-05-19,311,1057,8,-746,74090,1376,2922.94
2020-05-20,1176,195,5,981,75071,1376,2971.61
2020-05-21,583,777,16,-194,74877,1376,2948.51
2020-05-22,735,622,19,113,74990,1376,2955.45
2020-05-26,1166,205,5,961,75951,1376,2991.77
2020-05-27,1183,187,6,996,76947,1376,3036.13
2020-05-28,374,994,8,-620,76327,1376,3029.73
2020-05-29,569,802,5,-233,76094,1376,3044.31
2020-06-01,932,433,11,499,76593,1376,3055.73
2020-06-02,993,377,6,616,77209,1376,3080.82
2020-06-03,1164,204,8,960,78169,1376,3122.87
2020-06-04,774,597,6,177,78346,1377,3112.35
2020-06-05,1222,149,7,1073,79419,1378,3193.93
2020-06-08,1024,344,11,680,80099,1379,3232.39
2020-06-09,207,1170,2,-963,79136,1379,3207.18
2020-06-10,240,1133,6,-893,78243,1379,3190.14
2020-06-11,8,1368,3,-1360,76883,1379,3002.10
2020-06-12,1161,206,12,955,77838,1379,3041.31
2020-06-15,1102,268,9,834,78672,1379,3066.59
2020-06-16,1239,130,10,1109,79781,1379,3124.74
2020-06-17,330,1042,7,-712,79069,1379,3113.49
2020-06-18,605,758,16,-153,78916,1379,3115.34
2020-06-19,390,974,15,-584,78332,1379,3097.74
2020-06-22,779,585,15,194,78526,1379,3117.86
2020-06-23,714,656,10,58,78584,1380,3131.29
2020-06-24,70,1306,4,-1236,77348,1380,3050.33
2020-06-25,1062,306,12,756,78104,1380,3083.76
2020-06-26,175,1197,8,-1022,77082,1380,3009.05
2020-06-29,1238,135,8,1103,78185,1381,3053.24
2020-06-30,1127,245,9,882,79067,1381,3100.29
2020-07-01,472,902,7,-430,78637,1381,3115.86
2020-07-02,868,498,15,370,79007,1381,3130.01
2020-07-06,1061,307,13,754,79761,1381,3179.72
2020-07-07,196,1179,6,-983,78778,1381,3145.32
2020-07-08,796,569,16,227,79005,1381,3169.94
2020-07-09,255,1122,4,-867,78138,1381,3152.05
2020-07-10,1083,289,9,794,78932,1381,3185.04
2020-07-13,526,846,9,-320,78612,1381,3155.22
2020-07-14,1083,294,4,789,79401,1381,3197.52
2020-07-15,1216,161,4,1055,80456,1381,3226.56
2020-07-16,535,828,18,-293,80163,1381,3215.57
2020-07-17,761,609,11,152,80315,1381,3224.73
2020-07-20,460,910,11,-450,79865,1381,3251.84
2020-07-21,1034,338,9,696,80561,1381,3257.30
2020-07-22,850,520,11,330,80891,1381,3276.02
2020-07-23,705,665,11,40,80931,1381,3235.66
2020-07-24,266,1096,19,-830,80101,1381,3215.63
2020-07-27,869,502,10,367,80468,1381,3239.41
2020-07-28,439,931,11,-492,79976,1381,3218.44
2020-07-29,1194,182,5,1012,80988,1381,3258.44
2020-07-30,404,965,12,-561,80427,1381,3246.22
2020-07-31,513,855,13,-342,80085,1381,3271.12
2020-08-03,886,487,8,399,80484,1381,3294.61
2020-08-04,812,560,9,252,80736,1381,3306.51
2020-08-05,1008,364,9,644,81380,1381,3327.77
2020-08-06,606,761,14,-155,81225,1381,3349.16
2020-08-07,1015,358,8,657,81882,1381,3351.28
2020-08-10,943,432,6,511,82393,1381,3360.47
2020-08-11,700,663,18,37,82430,1381,3333.69
2020-08-12,863,507,11,356,82786,1381,3380.35
2020-08-13,451,919,11,-468,82318,1381,3373.43
2020-08-14,712,650,20,62,82380,1382,3372.85
2020-08-17,646,724,12,-78,82302,1382,3381.99
2020-08-18,364,1008,10,-644,81658,1382,3389.78
2020-08-19,535,829,18,-294,81364,1382,3374.85
2020-08-20,417,950,16,-533,80831,1383,3385.51
2020-08-21,490,884,10,-394,80437,1384,3397.16
2020-08-24,1109,268,7,841,81278,1384,3431.28
2020-08-25,671,693,20,-22,81256,1384,3443.62
2020-08-26,510,861,13,-351,80905,1384,3478.73
2020-08-27,890,485,9,405,81310,1384,3484.55
2020-08-28,975,388,21,587,81897,1384,3508.01
2020-08-31,315,1056,13,-741,81156,1384,3500.31
2020-09-01,922,454,8,468,81624,1384,3526.65
2020-09-02,1113,256,15,857,82481,1384,3580.84
2020-09-03,209,1166,9,-957,81524,1384,3455.06
2020-09-04,569,804,11,-235,81289,1384,3426.96
2020-09-08,188,1186,10,-998,80291,1384,3331.84
2020-09-09,1008,364,12,644,80935,1384,3398.96
2020-09-10,206,1169,9,-963,79972,1384,3339.19
2020-09-11,668,708,8,-40,79932,1384,3340.97
2020-09-14,1205,174,5,1031,80963,1384,3383.54
2020-09-15,699,674,11,25,80988,1384,3401.20
2020-09-16,855,511,18,344,81332,1384,3385.49
2020-09-17,479,886,20,-407,80925,1385,3357.01
2020-09-18,341,1036,9,-695,80230,1386,3319.47
2020-09-21,179,1203,4,-1024,79206,1386,3281.06
2020-09-22,883,493,10,390,79596,1386,3315.57
2020-09-23,107,1275,4,-1168,78428,1386,3236.92
2020-09-24,806,568,14,238,78666,1388,3246.59
2020-09-25,1121,243,25,878,79544,1389,3298.46
2020-09-28,1281,101,7,1180,80724,1389,3351.60
2020-09-29,406,968,15,-562,80162,1389,3335.47
2020-09-30,866,514,9,352,80514,1389,3363.00
2020-10-01,936,441,13,495,81009,1390,3380.80
2020-10-02,930,450,10,480,81489,1390,3348.42
2020-10-05,1218,164,9,1054,82543,1391,3408.60
2020-10-06,483,888,20,-405,82138,1391,3360.97
2020-10-07,1170,211,10,959,83097,1391,3419.44
2020-10-08,1135,249,7,886,83983,1391,3446.83
2020-10-09,762,621,8,141,84124,1391,3477.14
2020-10-12,1023,356,12,667,84791,1391,3534.22
2020-10-13,365,1016,10,-651,84140,1391,3511.93
2020-10-14,469,908,14,-439,83701,1391,3488.67
2020-10-15,997,378,16,619,84320,1391,3483.34
2020-10-16,607,763,22,-156,84164,1392,3483.81
2020-10-19,225,1155,13,-930,83234,1393,3426.92
2020-10-20,949,434,10,515,83749,1393,3443.12
2020-10-21,528,849,16,-321,83428,1393,3435.56
2020-10-22,1086,297,10,789,84217,1393,3453.49
2020-10-23,941,436,16,505,84722,1393,3465.39
2020-10-26,126,1260,7,-1134,83588,1393,3400.97
2020-10-27,326,1056,11,-730,82858,1393,3390.68
2020-10-28,90,1300,3,-1210,81648,1393,3271.03
2020-10-29,1008,376,10,632,82280,1394,3310.11
2020-10-30,520,865,10,-345,81935,1395,3269.96
2020-11-02,1175,209,11,966,82901,1395,3310.24
2020-11-03,1243,146,6,1097,83998,1395,3369.16
2020-11-04,619,763,13,-144,83854,1395,3443.44
2020-11-05,1175,212,8,963,84817,1395,3510.45
2020-11-06,497,891,7,-394,84423,1395,3509.44
2020-11-09,1038,353,4,685,85108,1395,3550.50
2020-11-10,983,400,12,583,85691,1395,3545.53
2020-11-11,608,775,12,-167,85524,1395,3572.66
2020-11-12,188,1204,3,-1016,84508,1395,3537.01
2020-11-13,1268,121,6,1147,85655,1395,3585.15
2020-11-16,1187,201,7,986,86641,1395,3626.91
2020-11-17,661,728,6,-67,86574,1395,3609.53
2020-11-18,315,1067,13,-752,85822,1395,3567.79
2020-11-19,881,497,17,384,86206,1395,3581.87
2020-11-20,555,828,12,-273,85933,1395,3557.54
2020-11-23,1076,314,6,762,86695,1396,3577.59
2020-11-24,1133,258,5,875,87570,1396,3635.41
2020-11-25,416,967,14,-551,87019,1397,3629.65
2020-11-27,657,725,15,-68,86951,1397,3638.35
2020-11-30,298,1094,5,-796,86155,1397,3621.63
2020-12-01,1075,308,14,767,86922,1397,3662.45
2020-12-02,769,614,14,155,87077,1397,3669.01
2020-12-03,853,531,13,322,87399,1397,3666.72
2020-12-04,1190,200,7,990,88389,1397,3699.12
2020-12-07,511,874,12,-363,88026,1397,3691.96
2020-12-08,909,470,18,439,88465,1397,3702.25
2020-12-09,675,715,8,-40,88425,1398,3672.82
2020-12-10,700,686,13,14,88439,1399,3668.10
2020-12-11,534,853,13,-319,88120,1400,3663.46
2020-12-14,507,881,13,-374,87746,1401,3647.49
2020-12-15,1261,134,6,1127,88873,1401,3694.62
2020-12-16,538,852,11,-314,88559,1401,3701.17
2020-12-17,980,399,22,581,89140,1401,3722.48
2020-12-18,548,844,9,-296,88844,1401,3709.41
2020-12-21,440,946,15,-506,88338,1401,3694.92
2020-12-22,619,764,18,-145,88193,1401,3687.26
2020-12-23,943,448,10,495,88688,1401,3690.01
2020-12-24,789,596,16,193,88881,1401,3703.06
2020-12-28,804,585,12,219,89100,1401,3735.36
2020-12-29,252,1137,12,-885,88215,1401,3727.04
2020-12-30,1039,347,15,692,88907,1401,3732.04
2020-12-31,955,437,9,518,89425,1401,3756.07
2021-01-04,281,1114,6,-833,88592,1401,3700.65
2021-01-05,1109,285,8,824,89416,1402,3726.86
2021-01-06,1192,204,6,988,90404,1402,3748.14
2021-01-07,945,448,9,497,90901,1402,3803.79
2021-01-08,598,789,15,-191,90710,1402,3824.68
2021-01-11,663,723,16,-60,90650,1402,3799.61
2021-01-12,1034,357,11,677,91327,1402,3801.19
2021-01-13,451,942,9,-491,90836,1402,3809.84
2021-01-14,957,435,10,522,91358,1402,3795.54
2021-01-15,416,979,7,-563,90795,1402,3768.25
2021-01-19,897,493,12,404,91199,1402,3798.91
2021-01-20,888,504,10,384,91583,1402,3851.85
2021-01-21,419,970,13,-551,91032,1402,3853.07
2021-01-22,756,631,16,125,91157,1403,3841.47
2021-01-25,588,803,12,-215,90942,1403,3855.36
2021-01-26,433,960,10,-527,90415,1403,3849.62
2021-01-27,226,1171,6,-945,89470,1403,3750.77
2021-01-28,899,498,6,401,89871,1403,3787.38
2021-01-29,166,1231,6,-1065,88806,1403,3714.24
2021-02-01,1191,205,7,986,89792,1403,3773.86
2021-02-02,1131,268,4,863,90655,1403,3826.31
2021-02-03,712,679,12,33,90688,1403,3830.17
2021-02-04,1156,238,9,918,91606,1403,3871.74
2021-02-05,928,469,6,459,92065,1403,3886.83
2021-02-08,1139,256,8,883,92948,1403,3915.59
2021-02-09,747,648,9,99,93047,1404,3911.23
2021-02-10,706,686,12,20,93067,1404,3909.88
2021-02-11,731,661,13,70,93137,1405,3916.38
2021-02-12,830,558,17,272,93409,1405,3934.83
2021-02-16,672,722,11,-50,93359,1405,3932.59
2021-02-17,559,837,9,-278,93081,1405,3931.33
2021-02-18,417,981,7,-564,92517,1405,3913.97
2021-02-19,994,400,11,594,93111,1405,3906.71
2021-02-22,754,643,8,111,93222,1405,3876.50
2021-02-23,725,665,15,60,93282,1405,3881.37
2021-02-24,1131,268,6,863,94145,1405,3925.43
2021-02-25,136,1262,7,-1126,93019,1405,3829.34
2021-02-26,505,889,12,-384,92635,1406,3811.15
2021-03-01,1283,114,9,1169,93804,1406,3901.82
2021-03-02,367,1024,15,-657,93147,1406,3870.29
2021-03-03,667,728,11,-61,93086,1406,3819.72
2021-03-04,294,1103,9,-809,92277,1406,3768.47
2021-03-05,1234,165,7,1069,93346,1406,3841.94
2021-03-08,950,453,3,497,93843,1406,3821.35
2021-03-09,720,678,8,42,93885,1406,3875.44
2021-03-10,1089,308,9,781,94666,1406,3898.81
2021-03-11,976,419,11,557,95223,1406,3939.34
2021-03-12,982,415,9,567,95790,1406,3943.34
2021-03-15,926,474,7,452,96242,1407,3968.94
2021-03-16,326,1071,10,-745,95497,1407,3962.71
2021-03-17,899,494,14,405,95902,1407,3974.12
2021-03-18,369,1031,7,-662,95240,1407,3915.46
2021-03-19,691,703,13,-12,95228,1407,3913.10
2021-03-22,576,822,9,-246,94982,1407,3940.59
2021-03-23,215,1186,6,-971,94011,1407,3910.52
2021-03-24,560,833,14,-273,93738,1407,3889.14
2021-03-25,1187,212,9,975,94713,1408,3909.52
2021-03-26,1232,167,9,1065,95778,1408,3974.54
2021-03-29,322,1084,3,-762,95016,1409,3971.09
2021-03-30,944,457,8,487,95503,1409,3958.55
2021-03-31,656,748,5,-92,95411,1409,3972.89
2021-04-01,1134,267,8,867,96278,1409,4019.87
2021-04-05,1033,366,10,667,96945,1409,4077.91
2021-04-06,714,677,18,37,96982,1409,4073.94
2021-04-07,400,999,10,-599,96383,1409,4079.95
2021-04-08,832,564,13,268,96651,1409,4097.17
2021-04-09,920,478,11,442,97093,1409,4128.80
2021-04-12,861,535,13,326,97419,1409,4127.99
2021-04-13,523,873,13,-350,97069,1409,4141.59
2021-04-14,891,507,11,384,97453,1409,4124.66
2021-04-15,982,411,17,571,98024,1410,4170.42
2021-04-16,959,442,10,517,98541,1411,4185.47
2021-04-19,405,990,16,-585,97956,1411,4163.26
2021-04-20,340,1061,10,-721,97235,1411,4134.94
2021-04-21,1210,193,8,1017,98252,1411,4173.42
2021-04-22,432,971,10,-539,97713,1413,4134.98
2021-04-23,1178,227,8,951,98664,1413,4180.17
2021-04-26,813,587,13,226,98890,1413,4187.62
2021-04-27,726,674,14,52,98942,1414,4186.72
2021-04-28,702,699,13,3,98945,1414,4183.18
2021-04-29,906,499,10,407,99352,1415,4211.47
2021-04-30,302,1106,7,-804,98548,1415,4181.17
2021-05-03,973,432,10,541,99089,1415,4192.66
2021-05-04,589,815,12,-226,98863,1416,4164.66
2021-05-05,698,706,12,-8,98855,1416,4167.59
2021-05-06,935,471,10,464,99319,1416,4201.62
2021-05-07,1070,332,14,738,100057,1416,4232.60
2021-05-10,409,998,9,-589,99468,1416,4188.43
2021-05-11,369,1042,5,-673,98795,1416,4152.10
2021-05-12,108,1301,7,-1193,97602,1416,4063.04
2021-05-13,1191,218,7,973,98575,1416,4112.50
2021-05-14,1267,143,6,1124,99699,1416,4173.85
2021-05-17,605,804,8,-199,99500,1417,4163.29
2021-05-18,337,1068,12,-731,98769,1417,4127.83
2021-05-19,444,966,8,-522,98247,1418,4115.68
2021-05-20,950,451,17,499,98746,1418,4159.12
2021-05-21,828,576,14,252,98998,1418,4155.86
2021-05-24,954,455,9,499,99497,1418,4197.05
2021-05-25,369,1039,10,-670,98827,1418,4188.13
2021-05-26,1110,297,11,813,99640,1418,4195.99
2021-05-27,981,427,10,554,100194,1418,4200.88
2021-05-28,770,629,19,141,100335,1418,4204.11
2021-06-01,963,448,7,515,100850,1418,4202.04
2021-06-02,562,845,11,-283,100567,1418,4208.12
2021-06-03,619,790,9,-171,100396,1418,4192.85
2021-06-04,909,501,8,408,100804,1418,4229.89
2021-06-07,707,701,10,6,100810,1418,4226.52
2021-06-08,978,429,11,549,101359,1418,4227.26
2021-06-09,415,990,13,-575,100784,1418,4219.55
2021-06-10,655,754,10,-99,100685,1419,4239.18
2021-06-11,1048,358,14,690,101375,1420,4247.44
2021-06-14,477,929,14,-452,100923,1420,4255.15
2021-06-15,771,635,14,136,101059,1420,4246.59
2021-06-16,491,916,13,-425,100634,1420,4223.70
2021-06-17,419,995,6,-576,100058,1420,4221.86
2021-06-18,164,1250,6,-1086,98972,1420,4166.45
2021-06-21,1299,114,7,1185,100157,1420,4224.79
2021-06-22,715,690,15,25,100182,1420,4246.44
2021-06-23,657,739,24,-82,100100,1420,4241.84
2021-06-24,1121,289,12,832,100932,1422,4266.49
2021-06-25,974,436,13,538,101470,1423,4280.70
2021-06-28,457,961,5,-504,100966,1423,4290.61
2021-06-29,576,829,18,-253,100713,1423,4291.80
2021-06-30,785,621,17,164,100877,1423,4297.50
2021-07-01,1098,312,15,786,101663,1425,4319.94
2021-07-02,588,821,17,-233,101430,1426,4352.34
2021-07-06,352,1068,6,-716,100714,1426,4343.54
2021-07-07,731,685,10,46,100760,1426,4358.13
2021-07-08,179,1233,14,-1054,99706,1426,4320.82
2021-07-09,1319,99,8,1220,100926,1426,4369.55
2021-07-12,888,524,14,364,101290,1426,4384.63
2021-07-13,147,1272,7,-1125,100165,1426,4369.21
2021-07-14,536,873,17,-337,99828,1426,4374.30
2021-07-15,623,797,6,-174,99654,1426,4360.03
2021-07-16,378,1040,8,-662,98992,1426,4327.16
2021-07-19,210,1211,5,-1001,97991,1426,4258.49
2021-07-20,1329,92,6,1237,99228,1427,4323.06
2021-07-21,1143,279,5,864,100092,1427,4358.69
2021-07-22,355,1067,6,-712,99380,1428,4367.48
2021-07-23,1129,292,10,837,100217,1431,4411.79
2021-07-26,847,574,10,273,100490,1431,4422.30
2021-07-27,531,890,10,-359,100131,1431,4401.46
2021-07-28,915,509,7,406,100537,1431,4400.64
2021-07-29,1105,313,14,792,101329,1432,4419.15
2021-07-30,593,834,6,-241,101088,1433,4395.26
2021-08-02,539,886,8,-347,100741,1433,4387.16
2021-08-03,1012,415,6,597,101338,1433,4423.15
2021-08-04,315,1112,6,-797,100541,1433,4402.66
2021-08-05,1114,305,14,809,101350,1433,4429.10
2021-08-06,957,469,7,488,101838,1433,4436.52
2021-08-09,457,960,16,-503,101335,1433,4432.35
2021-08-10,919,503,11,416,101751,1433,4436.75
2021-08-11,1043,373,17,670,102421,1433,4442.41
2021-08-12,576,839,18,-263,102158,1433,4460.83
2021-08-13,623,801,9,-178,101980,1433,4468.00
2021-08-16,612,809,12,-197,101783,1433,4479.71
2021-08-17,352,1075,6,-723,101060,1433,4448.08
2021-08-18,267,1156,10,-889,100171,1433,4400.27
2021-08-19,446,973,14,-527,99644,1433,4405.80
2021-08-20,1217,205,11,1012,100656,1433,4441.67
2021-08-23,1072,348,13,724,101380,1433,4479.53
2021-08-24,984,435,14,549,101929,1433,4486.23
2021-08-25,967,451,15,516,102445,1433,4496.19
2021-08-26,282,1143,8,-861,101584,1433,4470.00
2021-08-27,1313,111,9,1202,102786,1433,4509.37
2021-08-30,575,846,12,-271,102515,1433,4528.79
2021-08-31,750,675,8,75,102590,1433,4522.68
2021-09-01,766,654,13,112,102702,1433,4524.09
2021-09-02,1007,412,15,595,103297,1434,4536.95
2021-09-03,463,953,18,-490,102807,1434,4535.43
2021-09-07,321,1102,11,-781,102026,1434,4520.03
2021-09-08,565,861,8,-296,101730,1434,4514.07
2021-09-09,610,808,16,-198,101532,1434,4493.28
2021-09-10,359,1061,14,-702,100830,1434,4458.58
2021-09-13,931,493,10,438,101268,1434,4468.73
2021-09-14,311,1108,15,-797,100471,1434,4443.05
2021-09-15,1104,318,12,786,101257,1434,4480.70
2021-09-16,569,858,8,-289,100968,1435,4473.75
2021-09-17,484,946,6,-462,100506,1436,4432.99
2021-09-20,165,1264,7,-1099,99407,1436,4357.73
2021-09-21,579,845,12,-266,99141,1436,4354.19
2021-09-22,1201,229,6,972,100113,1436,4395.64
2021-09-23,1210,222,5,988,101101,1437,4448.98
2021-09-24,701,728,10,-27,101074,1439,4455.48
2021-09-27,952,481,6,471,101545,1439,4443.11
2021-09-28,178,1254,7,-1076,100469,1439,4352.63
2021-09-29,818,607,14,211,100680,1439,4359.46
2021-09-30,239,1192,9,-953,99727,1440,4307.54
2021-10-01,1213,215,12,998,100725,1440,4357.04
2021-10-04,524,900,16,-376,100349,1440,4300.46
2021-10-05,965,465,10,500,100849,1440,4345.72
2021-10-06,669,761,10,-92,100757,1440,4363.55
2021-10-07,1179,250,11,929,101686,1440,4399.76
2021-10-08,492,933,16,-441,101245,1441,4391.34
2021-10-11,426,1003,12,-577,100668,1441,4361.19
2021-10-12,833,594,14,239,100907,1441,4350.65
2021-10-13,769,659,13,110,101017,1441,4363.80
2021-10-14,1283,149,9,1134,102151,1441,4438.26
2021-10-15,740,688,13,52,102203,1441,4471.37
2021-10-18,733,694,14,39,102242,1441,4486.46
2021-10-19,905,521,15,384,102626,1441,4519.63
2021-10-20,1057,376,9,681,103307,1442,4536.19
2021-10-21,812,622,8,190,103497,1442,4549.78
2021-10-22,791,639,13,152,103649,1443,4544.90
2021-10-25,892,536,16,356,104005,1444,4566.48
2021-10-26,526,903,15,-377,103628,1444,4574.79
2021-10-27,204,1234,6,-1030,102598,1444,4551.68
2021-10-28,1183,252,9,931,103529,1444,4596.42
2021-10-29,667,764,13,-97,103432,1444,4605.38
2021-11-01,1153,289,2,864,104296,1444,4613.67
2021-11-02,687,747,10,-60,104236,1444,4630.65
2021-11-03,1087,351,6,736,104972,1444,4660.57
2021-11-04,614,821,9,-207,104765,1444,4680.06
2021-11-05,1046,392,6,654,105419,1444,4697.53
2021-11-08,729,706,9,23,105442,1444,4701.70
2021-11-09,684,740,20,-56,105386,1444,4685.25
2021-11-10,525,907,12,-382,105004,1444,4646.71
2021-11-11,887,553,4,334,105338,1444,4649.27
2021-11-12,839,599,6,240,105578,1444,4682.85
2021-11-15,745,694,5,51,105629,1444,4682.80
2021-11-16,740,691,13,49,105678,1444,4700.90
2021-11-17,430,1002,12,-572,105106,1444,4688.67
2021-11-18,503,930,11,-427,104679,1444,4704.54
2021-11-19,476,962,6,-486,104193,1444,4697.96
2021-11-22,819,618,7,201,104394,1444,4682.94
2021-11-23,827,608,9,219,104613,1444,4690.70
2021-11-24,675,755,14,-80,104533,1444,4701.46
2021-11-26,90,1352,2,-1262,103271,1444,4594.62
2021-11-29,760,674,10,86,103357,1444,4655.27
2021-11-30,87,1351,6,-1264,102093,1444,4567.00
2021-12-01,297,1139,8,-842,101251,1444,4513.04
2021-12-02,1322,117,5,1205,102456,1444,4577.10
2021-12-03,396,1041,7,-645,101811,1444,4538.43
2021-12-06,1250,190,4,1060,102871,1444,4591.67
2021-12-07,1148,287,9,861,103732,1444,4686.75
2021-12-08,941,497,6,444,104176,1444,4701.21
2021-12-09,221,1217,7,-996,103180,1445,4667.45
2021-12-10,826,611,8,215,103395,1445,4712.02
2021-12-13,418,1020,7,-602,102793,1445,4668.97
2021-12-14,493,942,10,-449,102344,1445,4634.09
2021-12-15,1121,314,10,807,103151,1445,4709.85
2021-12-16,508,930,7,-422,102729,1445,4668.67
2021-12-17,602,832,11,-230,102499,1445,4620.64
2021-12-20,234,1202,9,-968,101531,1445,4568.02
2021-12-21,1294,145,6,1149,102680,1445,4649.23
2021-12-22,1164,269,12,895,103575,1445,4696.56
2021-12-23,1122,316,7,806,104381,1445,4725.79
2021-12-27,1262,180,3,1082,105463,1445,4791.19
2021-12-28,760,671,14,89,105552,1445,4786.35
2021-12-29,944,487,14,457,106009,1445,4793.06
2021-12-30,522,909,14,-387,105622,1445,4778.73
2021-12-31,790,642,13,148,105770,1445,4766.18
2022-01-03,864,577,4,287,106057,1445,4796.56
2022-01-04,937,500,8,437,106494,1445,4793.54
2022-01-05,206,1227,12,-1021,105473,1445,4700.58
2022-01-06,889,550,6,339,105812,1445,4696.05
2022-01-07,606,827,12,-221,105591,1445,4677.03
2022-01-10,560,877,8,-317,105274,1445,4670.29
2022-01-11,1023,412,10,611,105885,1445,4713.07
2022-01-12,621,814,10,-193,105692,1445,4726.35
2022-01-13,698,739,8,-41,105651,1445,4659.03
2022-01-14,681,751,13,-70,105581,1445,4662.85
2022-01-18,135,1307,3,-1172,104409,1445,4577.11
2022-01-19,279,1161,5,-882,103527,1445,4532.76
2022-01-20,219,1219,8,-1000,102527,1446,4482.73
2022-01-21,254,1181,11,-927,101600,1446,4397.94
2022-01-24,1079,360,7,719,102319,1446,4410.13
2022-01-25,379,1062,5,-683,101636,1446,4356.45
2022-01-26,348,1094,4,-746,100890,1446,4349.93
2022-01-27,343,1098,5,-755,100135,1446,4326.51
2022-01-28,1217,223,6,994,101129,1446,4431.85
2022-01-31,1259,181,6,1078,102207,1446,4515.55
2022-02-01,1005,430,11,575,102782,1446,4546.54
2022-02-02,719,719,8,0,102782,1446,4589.38
2022-02-03,225,1216,5,-991,101791,1446,4477.44
2022-02-04,740,699,7,41,101832,1446,4500.53
2022-02-07,791,641,14,150,101982,1446,4483.87
2022-02-08,1171,268,7,903,102885,1446,4521.54
2022-02-09,1154,284,8,870,103755,1446,4587.18
2022-02-10,242,1199,5,-957,102798,1446,4504.08
2022-02-11,415,1019,12,-604,102194,1446,4418.64
2022-02-14,457,978,11,-521,101673,1446,4401.67
2022-02-15,1240,202,4,1038,102711,1446,4471.07
2022-02-16,864,570,12,294,103005,1446,4475.01
2022-02-17,211,1229,6,-1018,101987,1446,4380.26
2022-02-18,512,922,12,-410,101577,1446,4348.87
2022-02-22,276,1164,6,-888,100689,1446,4304.76
2022-02-23,192,1245,9,-1053,99636,1446,4225.50
2022-02-24,981,461,4,520,100156,1446,4288.70
2022-02-25,1327,117,2,1210,101366,1446,4384.65
2022-02-28,578,862,6,-284,101082,1446,4373.94
2022-03-01,287,1153,6,-866,100216,1446,4306.26
2022-03-02,1313,129,4,1184,101400,1446,4386.54
2022-03-03,583,853,10,-270,101130,1446,4363.49
2022-03-04,454,987,5,-533,100597,1446,4328.87
2022-03-07,224,1217,5,-993,99604,1446,4201.09
2022-03-08,704,729,13,-25,99579,1446,4170.70
2022-03-09,1235,209,2,1026,100605,1446,4277.88
2022-03-10,635,801,10,-166,100439,1446,4259.52
2022-03-11,363,1070,13,-707,99732,1446,4204.31
2022-03-14,551,888,7,-337,99395,1446,4173.11
2022-03-15,1166,277,3,889,100284,1446,4262.45
2022-03-16,1241,200,5,1041,101325,1446,4357.86
2022-03-17,1093,343,10,750,102075,1446,4411.67
2022-03-18,976,465,5,511,102586,1446,4463.12
2022-03-21,500,927,19,-427,102159,1446,4461.18
2022-03-22,1006,430,10,576,102735,1446,4511.61
2022-03-23,235,1204,7,-969,101766,1446,4456.24
2022-03-24,1163,273,10,890,102656,1446,4520.16
2022-03-25,953,483,10,470,103126,1446,4543.06
2022-03-28,713,718,15,-5,103121,1446,4575.52
2022-03-29,1297,146,3,1151,104272,1446,4631.60
2022-03-30,351,1085,11,-734,103538,1447,4602.45
2022-03-31,261,1175,11,-914,102624,1447,4530.41
2022-04-01,987,449,11,538,103162,1447,4545.86
2022-04-04,676,761,10,-85,103077,1447,4582.64
2022-04-05,262,1177,8,-915,102162,1447,4525.12
2022-04-06,484,958,5,-474,101688,1447,4481.15
2022-04-07,639,803,5,-164,101524,1447,4500.21
2022-04-08,608,827,12,-219,101305,1447,4488.28
2022-04-11,480,950,17,-470,100835,1447,4412.53
2022-04-12,691,744,12,-53,100782,1447,4397.45
2022-04-13,1238,204,5,1034,101816,1447,4446.59
2022-04-14,489,951,7,-462,101354,1447,4392.59
2022-04-18,573,863,11,-290,101064,1447,4391.69
2022-04-19,1281,161,5,1120,102184,1447,4462.21
2022-04-20,1022,416,9,606,102790,1447,4459.45
2022-04-21,228,1211,8,-983,101807,1447,4393.66
2022-04-22,58,1386,3,-1328,100479,1447,4271.78
2022-04-25,876,567,4,309,100788,1447,4296.12
2022-04-26,77,1369,1,-1292,99496,1447,4175.20
2022-04-27,684,749,14,-65,99431,1447,4183.96
2022-04-28,1262,180,5,1082,100513,1447,4287.50
2022-04-29,62,1382,3,-1320,99193,1447,4131.93
2022-05-02,888,554,5,334,99527,1447,4155.38
2022-05-03,983,453,11,530,100057,1447,4175.48
2022-05-04,1337,107,3,1230,101287,1447,4300.17
2022-05-05,69,1374,4,-1305,99982,1447,4146.87
2022-05-06,382,1057,8,-675,99307,1447,4123.34
2022-05-09,246,1201,0,-955,98352,1447,3991.24
2022-05-10,575,862,10,-287,98065,1447,4001.05
2022-05-11,321,1118,8,-797,97268,1447,3935.18
2022-05-12,951,486,10,465,97733,1447,3930.08
2022-05-13,1307,138,2,1169,98902,1447,4023.89
2022-05-16,544,892,11,-348,98554,1447,4008.01
2022-05-17,1337,106,4,1231,99785,1447,4088.85
2022-05-18,64,1382,1,-1318,98467,1447,3923.68
2022-05-19,663,781,3,-118,98349,1447,3900.79
2022-05-20,734,698,15,36,98385,1447,3901.36
2022-05-23,1068,372,7,696,99081,1447,3973.75
2022-05-24,511,929,7,-418,98663,1447,3941.48
2022-05-25,1186,255,6,931,99594,1447,3978.73
2022-05-26,1283,159,5,1124,100718,1447,4057.84
2022-05-27,1369,73,5,1296,102014,1447,4158.24
2022-05-31,341,1091,15,-750,101264,1447,4132.15
2022-06-01,419,1017,11,-598,100666,1447,4101.23
2022-06-02,1285,156,6,1129,101795,1447,4176.82
2022-06-03,265,1175,7,-910,100885,1447,4108.54
2022-06-06,940,496,11,444,101329,1447,4121.43
2022-06-07,1144,293,10,851,102180,1447,4160.68
2022-06-08,181,1262,4,-1081,101099,1447,4115.77
2022-06-09,122,1323,2,-1201,99898,1447,4017.82
2022-06-10,107,1336,4,-1229,98669,1447,3900.86
2022-06-13,19,1426,2,-1407,97262,1447,3749.63
2022-06-14,615,816,16,-201,97061,1447,3735.48
2022-06-15,1139,299,9,840,97901,1447,3789.99
2022-06-16,41,1404,2,-1363,96538,1447,3666.77
2022-06-17,978,464,5,514,97052,1447,3674.84
2022-06-21,1171,268,8,903,97955,1447,3764.79
2022-06-22,707,726,14,-19,97936,1447,3759.89
2022-06-23,913,529,5,384,98320,1447,3795.73
2022-06-24,1364,80,3,1284,99604,1447,3911.74
2022-06-27,772,663,12,109,99713,1447,3900.11
2022-06-28,222,1221,4,-999,98714,1447,3821.55
2022-06-29,440,997,10,-557,98157,1447,3818.83
2022-06-30,528,915,4,-387,97770,1447,3785.38
2022-07-01,1179,263,5,916,98686,1447,3825.33
2022-07-05,731,708,8,23,98709,1447,3831.39
2022-07-06,543,893,11,-350,98359,1447,3845.08
2022-07-07,1189,253,5,936,99295,1447,3902.62
2022-07-08,503,931,13,-428,98867,1447,3899.38
2022-07-11,305,1131,11,-826,98041,1447,3854.43
2022-07-12,608,822,17,-214,97827,1447,3818.80
2022-07-13,535,900,12,-365,97462,1447,3801.78
2022-07-14,382,1058,7,-676,96786,1447,3790.38
2022-07-15,1358,83,6,1275,98061,1447,3863.16
2022-07-18,578,853,16,-275,97786,1447,3830.85
2022-07-19,1414,31,2,1383,99169,1447,3936.69
2022-07-20,1072,361,14,711,99880,1447,3959.90
2022-07-21,981,452,14,529,100409,1447,3998.95
2022-07-22,424,1011,12,-587,99822,1447,3961.63
2022-07-25,874,563,10,311,100133,1447,3966.84
2022-07-26,532,903,12,-371,99762,1447,3921.05
2022-07-27,1270,175,2,1095,100857,1447,4023.61
2022-07-28,1153,285,9,868,101725,1447,4072.43
2022-07-29,1086,353,8,733,102458,1447,4130.29
2022-08-01,710,723,14,-13,102445,1447,4118.63
2022-08-02,431,1009,7,-578,101867,1447,4091.19
2022-08-03,1079,360,8,719,102586,1447,4155.17
2022-08-04,632,804,11,-172,102414,1447,4151.94
2022-08-05,816,617,14,199,102613,1447,4145.19
2022-08-08,932,497,18,435,103048,1447,4140.06
2022-08-09,548,892,7,-344,102704,1447,4122.47
2022-08-10,1325,111,11,1214,103918,1447,4210.24
2022-08-11,911,528,8,383,104301,1447,4207.27
2022-08-12,1345,97,5,1248,105549,1447,4280.15
2022-08-15,874,556,17,318,105867,1447,4297.14
2022-08-16,889,553,5,336,106203,1447,4305.20
2022-08-17,239,1196,12,-957,105246,1447,4274.04
2022-08-18,952,475,20,477,105723,1447,4283.74
2022-08-19,175,1270,2,-1095,104628,1447,4228.48
2022-08-22,86,1355,6,-1269,103359,1447,4137.99
2022-08-23,617,816,14,-199,103160,1447,4128.73
2022-08-24,928,507,12,421,103581,1447,4140.77
2022-08-25,1327,118,2,1209,104790,1447,4199.12
2022-08-26,30,1416,1,-1386,103404,1447,4057.66
2022-08-29,339,1097,11,-758,102646,1447,4030.61
2022-08-30,231,1208,8,-977,101669,1447,3986.16
2022-08-31,314,1120,13,-806,100863,1447,3955.00
2022-09-01,540,895,12,-355,100508,1447,3966.85
2022-09-02,290,1141,16,-851,99657,1447,3924.26
2022-09-06,474,968,5,-494,99163,1447,3908.19
2022-09-07,1328,113,6,1215,100378,1447,3979.87
2022-09-08,990,442,15,548,100926,1447,4006.18
2022-09-09,1307,137,3,1170,102096,1447,4067.36
2022-09-12,1228,214,5,1014,103110,1447,4110.41
2022-09-13,20,1425,2,-1405,101705,1447,3932.69
2022-09-14,697,733,17,-36,101669,1447,3946.01
2022-09-15,461,969,17,-508,101161,1447,3901.35
2022-09-16,415,1021,11,-606,100555,1447,3873.33
2022-09-19,1089,349,10,740,101295,1448,3899.89
2022-09-20,158,1283,7,-1125,100170,1448,3855.93
2022-09-21,166,1270,12,-1104,99066,1448,3789.93
2022-09-22,170,1273,5,-1103,97963,1448,3757.99
2022-09-23,147,1298,3,-1151,96812,1448,3693.23
2022-09-26,194,1244,10,-1050,95762,1448,3655.04
2022-09-27,665,772,11,-107,95655,1448,3647.29
2022-09-28,1398,45,5,1353,97008,1448,3719.04
2022-09-29,144,1300,4,-1156,95852,1448,3640.47
2022-09-30,372,1063,13,-691,95161,1448,3585.62
2022-10-03,1364,76,8,1288,96449,1448,3678.43
2022-10-04,1427,20,1,1407,97856,1448,3790.93
2022-10-05,467,969,12,-502,97354,1448,3783.28
2022-10-06,409,1028,11,-619,96735,1448,3744.52
2022-10-07,66,1380,2,-1314,95421,1448,3639.66
2022-10-10,632,801,15,-169,95252,1448,3612.39
2022-10-11,728,711,9,17,95269,1448,3588.84
2022-10-12,527,907,14,-380,94889,1448,3577.03
2022-10-13,1302,140,6,1162,96051,1448,3669.91
2022-10-14,98,1343,7,-1245,94806,1448,3583.07
2022-10-17,1395,52,1,1343,96149,1448,3677.95
2022-10-18,1240,197,11,1043,97192,1448,3719.98
2022-10-19,292,1147,9,-855,96337,1448,3695.16
2022-10-20,341,1099,8,-758,95579,1448,3665.78
2022-10-21,1306,139,3,1167,96746,1448,3752.75
2022-10-24,1078,356,14,722,97468,1448,3797.34
2022-10-25,1304,136,8,1168,98636,1448,3859.11
2022-10-26,809,626,13,183,98819,1448,3830.60
2022-10-27,845,594,9,251,99070,1448,3807.30
2022-10-28,1289,159,1,1130,100200,1449,3901.06
2022-10-31,585,850,14,-265,99935,1449,3871.98
2022-11-01,870,567,12,303,100238,1449,3856.10
2022-11-02,110,1334,5,-1224,99014,1449,3759.69
2022-11-03,585,852,12,-267,98747,1449,3719.89
2022-11-04,1130,316,3,814,99561,1449,3770.55
2022-11-07,1020,421,8,599,100160,1449,3806.80
2022-11-08,865,575,9,290,100450,1449,3828.11
2022-11-09,162,1282,5,-1120,99330,1449,3748.57
2022-11-10,1409,38,2,1371,100701,1449,3956.37
2022-11-11,860,586,3,274,100975,1449,3992.93
2022-11-14,368,1073,8,-705,100270,1449,3957.25
2022-11-15,1168,276,5,892,101162,1449,3991.73
2022-11-16,324,1119,6,-795,100367,1449,3958.79
2022-11-17,505,938,6,-433,99934,1449,3946.56
2022-11-18,1007,435,7,572,100506,1449,3965.34
2022-11-21,716,724,9,-8,100498,1449,3949.94
2022-11-22,1224,212,13,1012,101510,1449,4003.58
2022-11-23,858,583,9,275,101785,1450,4027.26
2022-11-25,976,456,18,520,102305,1450,4026.12
2022-11-28,127,1321,2,-1194,101111,1450,3963.94
2022-11-29,852,589,9,263,101374,1450,3957.63
2022-11-30,1378,67,5,1311,102685,1450,4080.11
2022-12-01,709,722,19,-13,102672,1450,4076.57
2022-12-02,756,676,18,80,102752,1450,4071.70
2022-12-05,101,1348,1,-1247,101505,1450,3998.84
2022-12-06,328,1113,9,-785,100720,1450,3941.26
2022-12-07,594,840,16,-246,100474,1450,3933.92
2022-12-08,1004,432,14,572,101046,1450,3963.51
2022-12-09,331,1112,7,-781,100265,1450,3934.38
2022-12-12,1204,230,17,974,101239,1451,3990.56
2022-12-13,989,454,8,535,101774,1451,4019.65
2022-12-14,457,981,13,-524,101250,1451,3995.32
2022-12-15,114,1334,3,-1220,100030,1451,3895.75
2022-12-16,324,1115,13,-791,99239,1452,3852.36
2022-12-19,379,1066,7,-687,98552,1452,3817.66
2022-12-20,887,551,14,336,98888,1452,3821.62
2022-12-21,1311,134,7,1177,100065,1452,3878.44
2022-12-22,260,1176,16,-916,99149,1452,3822.39
2022-12-23,1104,333,15,771,99920,1452,3844.82
2022-12-27,762,673,17,89,100009,1452,3829.25
2022-12-28,104,1342,6,-1238,98771,1452,3783.22
2022-12-29,1401,49,2,1352,100123,1452,3849.28
2022-12-30,416,1018,18,-602,99521,1452,3839.50
2023-01-03,727,717,8,10,99531,1452,3824.14
2023-01-04,1131,312,9,819,100350,1452,3852.97
2023-01-05,392,1056,4,-664,99686,1452,3808.10
2023-01-06,1340,110,2,1230,100916,1452,3895.08
2023-01-09,745,699,8,46,100962,1452,3892.09
2023-01-10,1105,338,9,767,101729,1452,3919.25
2023-01-11,1151,296,5,855,102584,1452,3969.61
2023-01-12,1049,393,10,656,103240,1452,3983.17
2023-01-13,925,512,15,413,103653,1452,3999.09
2023-01-17,595,837,20,-242,103411,1452,3990.97
2023-01-18,234,1211,7,-977,102434,1452,3928.86
2023-01-19,391,1045,16,-654,101780,1452,3898.85
2023-01-20,1291,154,7,1137,102917,1452,3972.61
2023-01-23,1126,314,12,812,103729,1452,4019.81
2023-01-24,616,822,14,-206,103523,1452,4016.95
2023-01-25,833,605,14,228,103751,1452,4016.22
2023-01-26,1042,398,12,644,104395,1452,4060.43
2023-01-27,827,613,12,214,104609,1452,4070.56
2023-01-30,299,1142,11,-843,103766,1452,4017.77
2023-01-31,1387,64,1,1323,105089,1452,4076.60
2023-02-01,1137,301,14,836,105925,1452,4119.21
2023-02-02,1088,352,12,736,106661,1452,4179.76
2023-02-03,445,998,9,-553,106108,1452,4136.48
2023-02-06,317,1126,9,-809,105299,1452,4111.08
2023-02-07,1022,422,8,600,105899,1452,4164.00
2023-02-08,252,1196,4,-944,104955,1452,4117.86
2023-02-09,297,1147,8,-850,104105,1452,4081.50
2023-02-10,808,634,11,174,104279,1453,4090.46
2023-02-13,1257,185,11,1072,105351,1453,4137.29
2023-02-14,563,870,20,-307,105044,1453,4136.13
2023-02-15,1070,373,10,697,105741,1453,4147.60
2023-02-16,311,1133,9,-822,104919,1453,4090.41
2023-02-17,762,679,12,83,105002,1453,4079.09
2023-02-21,87,1362,4,-1275,103727,1453,3997.34
2023-02-22,709,729,15,-20,103707,1453,3991.05
2023-02-23,930,512,11,418,104125,1453,4012.32
2023-02-24,372,1071,10,-699,103426,1453,3970.04
2023-02-27,775,672,6,103,103529,1453,3982.24
2023-02-28,624,816,13,-192,103337,1453,3970.15
2023-03-01,692,751,10,-59,103278,1453,3951.39
2023-03-02,959,485,9,474,103752,1453,3981.35
2023-03-03,1225,216,12,1009,104761,1453,4045.64
2023-03-06,317,1130,6,-813,103948,1453,4048.42
2023-03-07,217,1228,8,-1011,102937,1453,3986.37
2023-03-08,824,612,17,212,103149,1453,3992.01
2023-03-09,90,1361,2,-1271,101878,1453,3918.32
2023-03-10,92,1358,4,-1266,100612,1454,3861.59
2023-03-13,431,1014,9,-583,100029,1454,3855.76
2023-03-14,1239,209,6,1030,101059,1454,3919.29
2023-03-15,348,1099,7,-751,100308,1454,3891.93
2023-03-16,1206,238,10,968,101276,1454,3960.28
2023-03-17,107,1344,3,-1237,100039,1454,3916.64
2023-03-20,1203,245,6,958,100997,1454,3951.57
2023-03-21,1198,245,11,953,101950,1454,4002.87
2023-03-22,52,1397,5,-1345,100605,1454,3936.97
2023-03-23,521,927,6,-406,100199,1454,3948.72
2023-03-24,1044,401,9,643,100842,1454,3970.99
2023-03-27,1122,315,17,807,101649,1454,3977.53
2023-03-28,841,594,19,247,101896,1454,3971.27
2023-03-29,1195,254,5,941,102837,1454,4027.81
2023-03-30,936,507,12,429,103266,1455,4050.83
2023-03-31,1383,69,3,1314,104580,1455,4109.31
2023-04-03,629,811,15,-182,104398,1455,4124.51
2023-04-04,280,1164,11,-884,103514,1455,4100.60
2023-04-05,494,947,14,-453,103061,1455,4090.38
2023-04-06,783,664,8,119,103180,1455,4105.02
2023-04-10,1088,355,12,733,103913,1455,4109.11
2023-04-11,1033,403,19,630,104543,1455,4108.94
2023-04-12,477,970,8,-493,104050,1455,4091.95
2023-04-13,1119,319,17,800,104850,1455,4146.22
2023-04-14,444,993,18,-549,104301,1455,4137.64
2023-04-17,1057,387,11,670,104971,1455,4151.32
2023-04-18,631,811,13,-180,104791,1455,4154.87
2023-04-19,796,647,12,149,104940,1455,4154.52
2023-04-20,484,956,15,-472,104468,1455,4129.79
2023-04-21,689,751,15,-62,104406,1455,4133.52
2023-04-24,738,704,13,34,104440,1455,4137.04
2023-04-25,171,1280,4,-1109,103331,1455,4071.63
2023-04-26,349,1090,16,-741,102590,1455,4055.99
2023-04-27,1217,230,8,987,103577,1455,4135.35
2023-04-28,1094,353,8,741,104318,1455,4169.48
2023-05-01,736,700,19,36,104354,1455,4167.87
2023-05-02,258,1190,7,-932,103422,1455,4119.58
2023-05-03,567,874,14,-307,103115,1455,4090.75
2023-05-04,411,1035,9,-624,102491,1455,4061.22
2023-05-05,1308,144,4,1164,103655,1456,4136.25
2023-05-08,607,831,18,-224,103431,1456,4138.12
2023-05-09,543,901,12,-358,103073,1456,4119.17
2023-05-10,800,639,17,161,103234,1456,4137.64
2023-05-11,452,995,9,-543,102691,1456,4130.62
2023-05-12,691,745,20,-54,102637,1456,4124.08
2023-05-15,1043,407,6,636,103273,1456,4136.28
2023-05-16,215,1232,9,-1017,102256,1456,4109.90
2023-05-17,1233,219,4,1014,103270,1456,4158.77
2023-05-18,1016,429,11,587,103857,1456,4198.05
2023-05-19,483,962,11,-479,103378,1456,4191.98
2023-05-22,932,512,12,420,103798,1456,4192.63
2023-05-23,460,982,14,-522,103276,1456,4145.58
2023-05-24,249,1197,10,-948,102328,1456,4115.24
2023-05-25,566,875,15,-309,102019,1456,4151.28
2023-05-26,1062,382,12,680,102699,1456,4205.45
2023-05-30,599,846,12,-247,102452,1457,4205.52
2023-05-31,444,1007,6,-563,101889,1457,4179.83
2023-06-01,1056,393,8,663,102552,1457,4221.02
2023-06-02,1363,90,4,1273,103825,1457,4282.37
2023-06-05,356,1093,9,-737,103088,1458,4273.79
2023-06-06,1190,264,4,926,104014,1458,4283.85
2023-06-07,1131,321,7,810,104824,1459,4267.52
2023-06-08,607,840,12,-233,104591,1459,4293.93
2023-06-09,472,975,12,-503,104088,1459,4298.86
2023-06-12,876,572,11,304,104392,1459,4338.93
2023-06-13,1145,305,9,840,105232,1459,4369.01
2023-06-14,478,968,13,-490,104742,1459,4372.59
2023-06-15,1163,281,15,882,105624,1459,4425.84
2023-06-16,549,897,14,-348,105276,1460,4409.59
2023-06-20,385,1073,3,-688,104588,1461,4388.71
2023-06-21,677,775,9,-98,104490,1461,4365.69
2023-06-22,466,987,8,-521,103969,1461,4381.89
2023-06-23,250,1204,7,-954,103015,1461,4348.33
2023-06-26,991,460,10,531,103546,1461,4328.82
2023-06-27,1247,210,4,1037,104583,1461,4378.41
2023-06-28,686,761,14,-75,104508,1461,4376.86
2023-06-29,1212,242,8,970,105478,1462,4396.44
2023-06-30,1022,432,9,590,106068,1463,4450.38
2023-07-03,928,527,8,401,106469,1463,4455.59
2023-07-05,362,1091,10,-729,105740,1463,4446.82
2023-07-06,227,1227,9,-1000,104740,1463,4411.59
2023-07-07,979,477,7,502,105242,1463,4398.95
2023-07-10,1132,321,10,811,106053,1463,4409.53
2023-07-11,1190,266,7,924,106977,1463,4439.26
2023-07-12,1047,409,7,638,107615,1463,4472.16
2023-07-13,1041,412,10,629,108244,1463,4510.04
2023-07-14,429,1026,8,-597,107647,1463,4505.42
2023-07-17,931,520,12,411,108058,1463,4522.79
2023-07-18,1063,392,8,671,108729,1463,4554.98
2023-07-19,935,518,10,417,109146,1463,4565.72
2023-07-20,649,801,13,-152,108994,1463,4534.87
2023-07-21,687,761,15,-74,108920,1463,4536.34
2023-07-24,880,575,8,305,109225,1463,4554.64
2023-07-25,804,651,8,153,109378,1463,4567.46
2023-07-26,876,580,7,296,109674,1463,4566.75
2023-07-27,331,1120,12,-789,108885,1463,4537.41
2023-07-28,1015,439,9,576,109461,1463,4582.23
2023-07-31,984,463,16,521,109982,1463,4588.96
2023-08-01,567,884,13,-317,109665,1464,4576.73
2023-08-02,389,1065,10,-676,108989,1464,4513.39
2023-08-03,641,811,12,-170,108819,1464,4501.89
2023-08-04,634,819,11,-185,108634,1464,4478.03
2023-08-07,1110,345,9,765,109399,1464,4518.44
2023-08-08,432,1023,9,-591,108808,1464,4499.38
2023-08-09,556,895,13,-339,108469,1464,4467.71
2023-08-10,608,840,16,-232,108237,1464,4468.83
2023-08-11,794,651,19,143,108380,1464,4464.05
2023-08-14,634,823,7,-189,108191,1464,4489.72
2023-08-15,213,1244,8,-1031,107160,1465,4437.86
2023-08-16,321,1133,11,-812,106348,1465,4404.33
2023-08-17,388,1069,8,-681,105667,1465,4370.36
2023-08-18,935,517,13,418,106085,1465,4369.71
2023-08-21,608,851,6,-243,105842,1465,4399.77
2023-08-22,596,857,12,-261,105581,1465,4387.55
2023-08-23,1167,290,8,877,106458,1465,4436.01
2023-08-24,319,1137,9,-818,105640,1465,4376.31
2023-08-25,954,495,16,459,106099,1465,4405.71
2023-08-28,1179,271,15,908,107007,1465,4433.31
2023-08-29,1255,195,15,1060,108067,1465,4497.63
2023-08-30,905,543,17,362,108429,1465,4514.87
2023-08-31,625,829,11,-204,108225,1465,4507.66
2023-09-01,1099,354,12,745,108970,1465,4515.77
2023-09-05,197,1264,4,-1067,107903,1465,4496.83
2023-09-06,588,868,9,-280,107623,1465,4465.48
2023-09-07,508,949,8,-441,107182,1465,4451.14
2023-09-08,700,747,18,-47,107135,1465,4457.49
2023-09-11,793,653,19,140,107275,1465,4487.46
2023-09-12,683,768,14,-85,107190,1465,4461.90
2023-09-13,478,973,14,-495,106695,1465,4467.44
2023-09-14,1243,212,11,1031,107726,1466,4505.10
2023-09-15,359,1097,10,-738,106988,1466,4450.32
2023-09-18,597,854,15,-257,106731,1466,4453.53
2023-09-19,580,873,13,-293,106438,1466,4443.95
2023-09-20,459,993,15,-534,105904,1467,4402.20
2023-09-21,182,1278,7,-1096,104808,1467,4330.00
2023-09-22,542,912,13,-370,104438,1467,4320.06
2023-09-25,921,532,14,389,104827,1467,4337.44
2023-09-26,163,1299,5,-1136,103691,1467,4273.53
2023-09-27,877,579,11,298,103989,1467,4274.51
2023-09-28,1147,310,11,837,104826,1468,4299.70
2023-09-29,539,912,17,-373,104453,1468,4288.05
2023-10-02,311,1151,6,-840,103613,1468,4288.39
2023-10-03,244,1221,3,-977,102636,1468,4229.45
2023-10-04,1062,396,10,666,103302,1468,4263.75
2023-10-05,710,748,11,-38,103264,1469,4258.19
2023-10-06,1072,383,14,689,103953,1469,4308.50
2023-10-09,992,464,13,528,104481,1469,4335.66
2023-10-10,1106,348,15,758,105239,1469,4358.24
2023-10-11,865,587,17,278,105517,1469,4376.95
2023-10-12,169,1285,16,-1116,104401,1470,4349.61
2023-10-13,494,968,8,-474,103927,1470,4327.78
2023-10-16,1340,123,7,1217,105144,1470,4373.63
2023-10-17,1113,350,7,763,105907,1470,4373.20
2023-10-18,173,1292,5,-1119,104788,1470,4314.60
2023-10-19,210,1251,9,-1041,103747,1470,4278.00
2023-10-20,259,1199,12,-940,102807,1470,4224.16
2023-10-23,349,1111,10,-762,102045,1470,4217.04
2023-10-24,981,481,8,500,102545,1470,4247.68
2023-10-25,327,1137,6,-810,101735,1470,4186.77
2023-10-26,808,653,9,155,101890,1470,4137.23
2023-10-27,294,1171,5,-877,101013,1470,4117.37
2023-10-30,1105,354,11,751,101764,1470,4166.82
2023-10-31,1148,316,6,832,102596,1470,4193.80
2023-11-01,904,555,11,349,102945,1470,4237.86
2023-11-02,1293,172,5,1121,104066,1470,4317.78
2023-11-03,1269,196,5,1073,105139,1470,4358.34
2023-11-06,405,1053,12,-648,104491,1470,4365.98
2023-11-07,587,872,11,-285,104206,1470,4378.38
2023-11-08,510,947,13,-437,103769,1470,4382.78
2023-11-09,345,1121,4,-776,102993,1470,4347.35
2023-11-10,1192,268,10,924,103917,1470,4415.24
2023-11-13,651,803,16,-152,103765,1470,4411.55
2023-11-14,1409,60,1,1349,105114,1470,4495.70
2023-11-15,848,610,12,238,105352,1470,4502.88
2023-11-16,395,1065,10,-670,104682,1470,4508.24
2023-11-17,1084,379,7,705,105387,1470,4514.02
2023-11-20,937,520,13,417,105804,1470,4547.38
2023-11-21,462,999,9,-537,105267,1470,4538.19
2023-11-22,1128,328,14,800,106067,1470,4556.62
2023-11-24,1115,344,11,771,106838,1470,4559.34
2023-11-27,550,903,17,-353,106485,1470,4550.43
2023-11-28,549,906,15,-357,106128,1470,4554.89
2023-11-29,882,575,14,307,106435,1471,4550.58
2023-11-30,994,467,10,527,106962,1471,4567.80
2023-12-01,1352,116,3,1236,108198,1471,4594.63
2023-12-04,1000,465,6,535,108733,1471,4569.78
2023-12-05,247,1211,13,-964,107769,1471,4567.18
2023-12-06,750,711,10,39,107808,1471,4549.34
2023-12-07,1026,429,16,597,108405,1471,4585.59
2023-12-08,948,509,14,439,108844,1471,4604.37
2023-12-11,1016,445,10,571,109415,1471,4622.44
2023-12-12,739,719,13,20,109435,1471,4643.70
2023-12-13,1358,111,2,1247,110682,1471,4707.09
2023-12-14,1103,364,4,739,111421,1471,4719.55
2023-12-15,397,1067,7,-670,110751,1471,4719.19
2023-12-18,759,701,11,58,110809,1471,4740.56
2023-12-19,1283,184,4,1099,111908,1471,4768.37
2023-12-20,118,1350,3,-1232,110676,1471,4698.35
2023-12-21,1337,127,7,1210,111886,1471,4746.75
2023-12-22,1072,380,19,692,112578,1471,4754.63
2023-12-26,1215,251,5,964,113542,1471,4774.75
2023-12-27,813,637,21,176,113718,1471,4781.58
2023-12-28,753,705,13,48,113766,1471,4783.35
2023-12-29,221,1239,11,-1018,112748,1471,4769.83
2024-01-02,631,833,7,-202,112546,1471,4742.83
2024-01-03,194,1273,4,-1079,111467,1471,4704.81
2024-01-04,679,776,16,-97,111370,1471,4688.68
2024-01-05,748,704,19,44,111414,1471,4697.24
2024-01-08,1232,233,6,999,112413,1471,4763.54
2024-01-09,357,1106,8,-749,111664,1471,4756.50
2024-01-10,851,609,11,242,111906,1471,4783.45
2024-01-11,550,909,12,-359,111547,1471,4780.24
2024-01-12,699,757,15,-58,111489,1471,4783.83
2024-01-16,389,1070,12,-681,110808,1471,4765.98
2024-01-17,338,1123,10,-785,110023,1471,4739.21
2024-01-18,1042,414,15,628,110651,1471,4780.94
2024-01-19,1103,354,14,749,111400,1471,4839.81
2024-01-22,1210,253,8,957,112357,1471,4850.43
2024-01-23,620,842,9,-222,112135,1471,4864.60
2024-01-24,415,1044,12,-629,111506,1471,4868.55
2024-01-25,1076,384,11,692,112198,1471,4894.16
2024-01-26,802,651,18,151,112349,1471,4890.97
2024-01-29,1160,303,9,857,113206,1472,4927.93
2024-01-30,628,832,12,-204,113002,1472,4924.97
2024-01-31,125,1341,6,-1216,111786,1472,4845.65
2024-02-01,1151,316,5,835,112621,1472,4906.19
2024-02-02,586,874,12,-288,112333,1472,4958.61
2024-02-05,220,1243,9,-1023,111310,1472,4942.81
2024-02-06,1034,422,16,612,111922,1472,4954.23
2024-02-07,789,667,16,122,112044,1472,4995.06
2024-02-08,1052,416,5,636,112680,1473,4997.91
2024-02-09,1057,411,5,646,113326,1473,5026.61
2024-02-12,1146,323,4,823,114149,1473,5021.84
2024-02-13,93,1378,2,-1285,112864,1473,4953.17
2024-02-14,1251,211,11,1040,113904,1473,5000.62
2024-02-15,1238,225,10,1013,114917,1473,5029.73
2024-02-16,409,1052,12,-643,114274,1473,5005.57
2024-02-20,456,1010,7,-554,113720,1473,4975.51
2024-02-21,768,694,11,74,113794,1473,4981.80
2024-02-22,980,487,6,493,114287,1473,5087.03
2024-02-23,919,538,16,381,114668,1473,5088.80
2024-02-26,582,878,13,-296,114372,1473,5069.53
2024-02-27,931,531,11,400,114772,1473,5078.18
2024-02-28,648,815,10,-167,114605,1473,5069.76
2024-02-29,1021,444,8,577,115182,1473,5096.27
2024-03-01,899,557,17,342,115524,1473,5137.08
2024-03-04,766,696,11,70,115594,1473,5130.95
2024-03-05,516,940,17,-424,115170,1473,5078.65
2024-03-06,1017,443,13,574,115744,1473,5104.76
2024-03-07,1057,408,8,649,116393,1473,5157.36
2024-03-08,715,747,11,-32,116361,1473,5123.69
2024-03-11,684,781,8,-97,116264,1473,5117.94
2024-03-12,771,690,12,81,116345,1473,5175.27
2024-03-13,774,686,13,88,116433,1473,5165.31
2024-03-14,263,1200,10,-937,115496,1473,5150.48
2024-03-15,786,675,12,111,115607,1473,5117.09
2024-03-18,673,789,11,-116,115491,1473,5149.42
2024-03-19,1086,375,12,711,116202,1473,5178.51
2024-03-20,1213,255,5,958,117160,1473,5224.62
2024-03-21,1150,312,11,838,117998,1473,5241.53
2024-03-22,322,1142,10,-820,117178,1474,5234.18
2024-03-25,640,813,21,-173,117005,1474,5218.19
2024-03-26,642,814,18,-172,116833,1474,5203.58
2024-03-27,1339,131,5,1208,118041,1475,5248.49
2024-03-28,1032,437,7,595,118636,1476,5254.35
2024-04-01,353,1118,5,-765,117871,1476,5243.77
2024-04-02,245,1226,5,-981,116890,1476,5205.81
2024-04-03,870,599,7,271,117161,1476,5211.49
2024-04-04,299,1167,10,-868,116293,1476,5147.21
2024-04-05,1016,451,9,565,116858,1476,5204.34
2024-04-08,951,516,9,435,117293,1476,5202.39
2024-04-09,923,542,11,381,117674,1476,5209.91
2024-04-10,174,1299,3,-1125,116549,1476,5160.64
2024-04-11,831,630,15,201,116750,1476,5199.06
2024-04-12,104,1365,7,-1261,115489,1476,5123.41
2024-04-15,240,1224,13,-984,114505,1477,5061.82
2024-04-16,436,1029,12,-593,113912,1477,5051.41
2024-04-17,461,1007,9,-546,113366,1477,5022.21
2024-04-18,745,717,15,28,113394,1477,5011.12
2024-04-19,1002,461,14,541,113935,1477,4967.23
2024-04-22,1178,286,13,892,114827,1477,5010.60
2024-04-23,1251,219,7,1032,115859,1477,5070.55
2024-04-24,728,729,20,-1,115858,1477,5071.63
2024-04-25,475,992,10,-517,115341,1477,5048.42
2024-04-26,906,555,16,351,115692,1477,5099.96
2024-04-29,1027,443,7,584,116276,1477,5116.17
2024-04-30,186,1285,6,-1099,115177,1477,5035.69
2024-05-01,819,650,8,169,115346,1477,5018.39
2024-05-02,1175,297,5,878,116224,1477,5064.20
2024-05-03,1087,383,7,704,116928,1477,5127.79
2024-05-06,1156,309,12,847,117775,1477,5180.74
2024-05-07,875,587,15,288,118063,1477,5187.70
2024-05-08,709,750,18,-41,118022,1477,5187.67
2024-05-09,1172,301,4,871,118893,1477,5214.08
2024-05-10,732,722,23,10,118903,1477,5222.68
2024-05-13,657,802,18,-145,118758,1477,5221.42
2024-05-14,1047,423,7,624,119382,1477,5246.68
2024-05-15,1011,453,13,558,119940,1477,5308.15
2024-05-16,606,853,18,-247,119693,1477,5297.10
2024-05-17,782,683,12,99,119792,1477,5303.27
2024-05-20,681,786,10,-105,119687,1477,5308.13
2024-05-21,712,754,11,-42,119645,1477,5321.41
2024-05-22,450,1016,11,-566,119079,1477,5307.01
2024-05-23,190,1283,4,-1093,117986,1477,5267.84
2024-05-24,1070,396,11,674,118660,1477,5304.72
2024-05-28,443,1026,8,-583,118077,1477,5306.04
2024-05-29,184,1284,9,-1100,116977,1477,5266.95
2024-05-30,1147,319,11,828,117805,1477,5235.48
2024-05-31,1183,289,5,894,118699,1477,5277.51
2024-06-03,518,949,10,-431,118268,1477,5283.40
2024-06-04,416,1055,6,-639,117629,1477,5291.34
2024-06-05,1033,437,7,596,118225,1477,5354.03
2024-06-06,546,913,18,-367,117858,1477,5352.96
2024-06-07,362,1104,12,-742,117116,1478,5346.99
2024-06-10,730,738,11,-8,117108,1479,5360.79
2024-06-11,512,956,11,-444,116664,1479,5375.32
2024-06-12,1067,401,11,666,117330,1479,5421.03
2024-06-13,419,1048,12,-629,116701,1479,5433.74
2024-06-14,276,1194,9,-918,115783,1479,5431.60
2024-06-17,1082,390,7,692,116475,1479,5473.23
2024-06-18,805,657,17,148,116623,1479,5487.03
2024-06-20,731,737,11,-6,116617,1479,5473.17
2024-06-21,853,614,12,239,116856,1479,5464.62
2024-06-24,1013,455,11,558,117414,1479,5447.87
2024-06-25,377,1096,6,-719,116695,1479,5469.30
2024-06-26,615,848,16,-233,116462,1479,5477.90
2024-06-27,909,562,8,347,116809,1479,5482.87
2024-06-28,970,505,4,465,117274,1479,5460.48
2024-07-01,356,1113,10,-757,116517,1479,5475.09
2024-07-02,973,492,14,481,116998,1479,5509.01
2024-07-03,777,685,17,92,117090,1479,5537.02
2024-07-05,534,936,9,-402,116688,1479,5567.19
2024-07-08,885,579,15,306,116994,1479,5572.85
2024-07-09,516,950,13,-434,116560,1479,5576.98
2024-07-10,1170,303,6,867,117427,1479,5633.91
2024-07-11,1302,175,2,1127,118554,1479,5584.54
2024-07-12,1168,300,11,868,119422,1479,5615.35
2024-07-15,1027,444,8,583,120005,1479,5631.22
2024-07-16,1361,115,3,1246,121251,1479,5667.20
2024-07-17,641,829,9,-188,121063,1479,5588.27
2024-07-18,255,1210,14,-955,120108,1479,5544.59
2024-07-19,461,1006,12,-545,119563,1479,5505.00
2024-07-22,1205,265,9,940,120503,1479,5564.41
2024-07-23,821,650,8,171,120674,1479,5555.74
2024-07-24,287,1187,5,-900,119774,1479,5427.13
2024-07-25,967,505,7,462,120236,1479,5399.22
2024-07-26,1293,183,4,1110,121346,1480,5459.10
2024-07-29,630,839,11,-209,121137,1480,5463.54
2024-07-30,936,533,11,403,121540,1480,5436.44
2024-07-31,873,602,5,271,121811,1480,5522.30
2024-08-01,317,1161,2,-844,120967,1480,5446.68
2024-08-02,236,1242,2,-1006,119961,1480,5346.56
2024-08-05,73,1405,2,-1332,118629,1480,5186.33
2024-08-06,1097,376,7,721,119350,1480,5240.03
2024-08-07,387,1083,10,-696,118654,1480,5199.50
2024-08-08,1329,147,4,1182,119836,1480,5319.31
2024-08-09,740,725,15,15,119851,1480,5344.16
2024-08-12,388,1084,8,-696,119155,1480,5344.39
2024-08-13,1268,206,6,1062,120217,1480,5434.43
2024-08-14,721,747,12,-26,120191,1480,5455.21
2024-08-15,1335,145,0,1190,121381,1480,5543.22
2024-08-16,880,580,20,300,121681,1480,5554.25
2024-08-19,1211,262,7,949,122630,1480,5608.25
2024-08-20,323,1143,14,-820,121810,1480,5597.12
2024-08-21,1242,228,10,1014,122824,1480,5620.85
2024-08-22,499,961,20,-462,122362,1480,5570.64
2024-08-23,1374,102,4,1272,123634,1480,5634.61
2024-08-26,688,783,9,-95,123539,1480,5616.84
2024-08-27,583,881,16,-298,123241,1480,5625.80
2024-08-28,576,884,20,-308,122933,1480,5592.18
2024-08-29,1012,456,12,556,123489,1480,5591.96
2024-08-30,1178,291,11,887,124376,1480,5648.40
2024-09-03,237,1234,9,-997,123379,1480,5528.93
2024-09-04,640,827,13,-187,123192,1480,5520.07
2024-09-05,417,1048,15,-631,122561,1480,5503.41
2024-09-06,208,1266,6,-1058,121503,1480,5408.42
2024-09-09,920,549,11,371,121874,1480,5471.05
2024-09-10,720,743,17,-23,121851,1480,5495.52
2024-09-11,733,736,11,-3,121848,1480,5554.13
2024-09-12,1149,320,11,829,122677,1480,5595.76
2024-09-13,1345,132,3,1213,123890,1480,5626.02
2024-09-16,1078,392,10,686,124576,1480,5633.09
2024-09-17,958,511,11,447,125023,1480,5634.58
2024-09-18,699,761,20,-62,124961,1480,5618.26
2024-09-19,1195,279,6,916,125877,1480,5713.64
2024-09-20,427,1039,14,-612,125265,1480,5702.55
2024-09-23,890,570,20,320,125585,1480,5718.57
2024-09-24,758,711,11,47,125632,1480,5732.93
2024-09-25,326,1152,3,-826,124806,1481,5722.26
2024-09-26,1017,455,9,562,125368,1481,5745.37
2024-09-27,959,504,19,455,125823,1482,5738.17
2024-09-30,907,560,15,347,126170,1482,5762.48
2024-10-01,370,1106,6,-736,125434,1482,5708.75
2024-10-02,635,837,10,-202,125232,1482,5709.54
2024-10-03,409,1064,10,-655,124577,1483,5699.94
2024-10-04,1157,321,5,836,125413,1483,5751.07
2024-10-07,325,1147,11,-822,124591,1483,5695.94
2024-10-08,783,688,12,95,124686,1483,5751.13
2024-10-09,1001,473,9,528,125214,1483,5792.04
2024-10-10,460,1009,14,-549,124665,1483,5780.05
2024-10-11,1317,161,5,1156,125821,1483,5815.03
2024-10-14,1077,399,7,678,126499,1483,5859.85
2024-10-15,796,678,9,118,126617,1483,5815.26
2024-10-16,1168,312,3,856,127473,1483,5842.47
2024-10-17,733,738,12,-5,127468,1483,5841.47
2024-10-18,737,739,7,-2,127466,1483,5864.67
2024-10-21,220,1255,8,-1035,126431,1483,5853.98
2024-10-22,539,935,9,-396,126035,1483,5851.20
2024-10-23,480,986,17,-506,125529,1483,5797.42
2024-10-24,809,663,11,146,125675,1483,5809.86
2024-10-25,521,954,8,-433,125242,1483,5808.12
2024-10-28,1157,322,4,835,126077,1483,5823.52
2024-10-29,581,892,11,-311,125766,1484,5832.92
2024-10-30,733,742,9,-9,125757,1484,5813.67
2024-10-31,282,1195,7,-913,124844,1484,5705.45
2024-11-01,797,681,6,116,124960,1484,5728.80
2024-11-04,833,646,5,187,125147,1484,5712.69
2024-11-05,1307,172,5,1135,126282,1484,5782.76
2024-11-06,1209,273,2,936,127218,1484,5929.04
2024-11-07,656,827,1,-171,127047,1484,5973.10
2024-11-08,948,522,14,426,127473,1484,5995.54
2024-11-11,1016,463,5,553,128026,1484,6001.35
2024-11-12,360,1114,10,-754,127272,1484,5983.99
2024-11-13,569,906,9,-337,126935,1484,5985.38
2024-11-14,380,1097,7,-717,126218,1484,5949.17
2024-11-15,455,1018,11,-563,125655,1484,5870.62
2024-11-18,827,646,11,181,125836,1484,5893.62
2024-11-19,673,803,8,-130,125706,1484,5916.98
2024-11-20,839,630,15,209,125915,1484,5917.11
2024-11-21,1304,175,5,1129,127044,1484,5948.71
2024-11-22,1238,233,13,1005,128049,1484,5969.34
2024-11-25,1188,293,3,895,128944,1484,5987.37
2024-11-26,583,891,10,-308,128636,1484,6021.63
2024-11-27,695,773,16,-78,128558,1484,5998.74
2024-11-29,858,614,12,244,128802,1484,6032.38
2024-12-02,710,764,10,-54,128748,1484,6047.15
2024-12-03,430,1043,11,-613,128135,1484,6049.88
2024-12-04,816,661,7,155,128290,1484,6086.49
2024-12-05,385,1095,4,-710,127580,1484,6075.11
2024-12-06,705,768,11,-63,127517,1484,6090.27
2024-12-09,655,820,9,-165,127352,1484,6052.85
2024-12-10,516,956,12,-440,126912,1484,6034.91
2024-12-11,846,625,13,221,127133,1484,6084.19
2024-12-12,454,1020,10,-566,126567,1484,6051.25
2024-12-13,452,1018,14,-566,126001,1484,6051.09
2024-12-16,730,748,6,-18,125983,1484,6074.08
2024-12-17,288,1191,5,-903,125080,1484,6050.61
2024-12-18,36,1448,0,-1412,123668,1484,5872.16
2024-12-19,591,883,10,-292,123376,1484,5867.08
2024-12-20,1104,372,8,732,124108,1484,5930.85
2024-12-23,767,704,13,63,124171,1484,5974.07
2024-12-24,1304,172,8,1132,125303,1484,6040.04
2024-12-26,992,477,15,515,125818,1484,6037.59
2024-12-27,125,1351,8,-1226,124592,1484,5970.84
2024-12-30,240,1230,14,-990,123602,1484,5906.94
2024-12-31,885,579,20,306,123908,1484,5881.63
2025-01-02,539,937,8,-398,123510,1484,5868.55
2025-01-03,1213,265,6,948,124458,1484,5942.47
2025-01-06,678,798,8,-120,124338,1484,5975.38
2025-01-07,509,964,11,-455,123883,1484,5909.03
2025-01-08,781,689,14,92,123975,1484,5918.25
2025-01-10,217,1261,6,-1044,122931,1484,5827.04
2025-01-13,1068,404,12,664,123595,1484,5836.22
2025-01-14,1162,315,7,847,124442,1484,5842.91
2025-01-15,1214,263,7,951,125393,1484,5949.91
2025-01-16,1007,469,8,538,125931,1484,5937.34
2025-01-17,977,496,11,481,126412,1484,5996.66
2025-01-21,1246,232,6,1014,127426,1484,6049.24
2025-01-22,450,1030,4,-580,126846,1484,6086.37
2025-01-23,882,583,19,299,127145,1484,6118.71
2025-01-24,701,769,14,-68,127077,1484,6101.24
2025-01-27,915,569,0,346,127423,1484,6012.28
2025-01-28,622,850,12,-228,127195,1484,6067.70
2025-01-29,572,902,10,-330,126865,1484,6039.31
2025-01-30,1203,274,7,929,127794,1484,6071.17
2025-01-31,379,1098,7,-719,127075,1484,6040.53
2025-02-03,378,1102,4,-724,126351,1484,5994.57
2025-02-04,966,506,12,460,126811,1484,6037.88
2025-02-05,1060,416,8,644,127455,1484,6061.48
2025-02-06,755,718,12,37,127492,1485,6083.57
2025-02-07,320,1154,11,-834,126658,1485,6025.99
2025-02-10,785,693,7,92,126750,1485,6066.44
2025-02-11,759,718,8,41,126791,1485,6068.50
2025-02-12,398,1082,5,-684,126107,1485,6051.97
2025-02-13,1180,302,3,878,126985,1485,6115.07
2025-02-14,678,803,6,-125,126860,1487,6114.63
2025-02-18,1035,442,10,593,127453,1487,6129.58
2025-02-19,647,827,13,-180,127273,1487,6144.15
2025-02-20,508,976,3,-468,126805,1487,6117.52
2025-02-21,244,1236,7,-992,125813,1487,6013.13
2025-02-24,692,788,7,-96,125717,1487,5983.25
2025-02-25,830,652,5,178,125895,1487,5955.25
2025-02-26,650,823,14,-173,125722,1487,5956.06
2025-02-27,488,994,5,-506,125216,1487,5861.57
2025-02-28,1205,269,13,936,126152,1487,5954.50
2025-03-03,320,1163,4,-843,125309,1487,5849.72
2025-03-04,308,1176,3,-868,124441,1487,5778.15
2025-03-05,1102,380,5,722,125163,1487,5842.63
2025-03-06,436,1045,6,-609,124554,1487,5738.52
2025-03-07,941,540,6,401,124955,1487,5770.20
2025-03-10,307,1175,5,-868,124087,1487,5614.56
2025-03-11,533,947,7,-414,123673,1487,5572.07
2025-03-12,612,870,5,-258,123415,1487,5599.30
2025-03-13,299,1180,8,-881,122534,1487,5521.52
2025-03-14,1373,108,6,1265,123799,1487,5638.94
2025-03-17,1258,222,7,1036,124835,1487,5675.12
2025-03-18,450,1025,12,-575,124260,1487,5614.66
2025-03-19,1163,319,5,844,125104,1487,5675.29
2025-03-20,452,1022,13,-570,124534,1487,5662.89
2025-03-21,443,1024,20,-581,123953,1487,5667.56
2025-03-24,1342,142,3,1200,125153,1487,5767.57
2025-03-25,533,948,6,-415,124738,1487,5776.65
2025-03-26,657,817,13,-160,124578,1487,5712.20
2025-03-27,594,884,9,-290,124288,1487,5693.31
2025-03-28,204,1280,3,-1076,123212,1487,5580.94
2025-03-31,927,547,13,380,123592,1487,5611.85
2025-04-01,919,552,16,367,123959,1487,5633.07
2025-04-02,1252,232,3,1020,124979,1487,5670.97
2025-04-03,160,1324,3,-1164,123815,1487,5396.52
2025-04-04,84,1401,2,-1317,122498,1487,5074.08
2025-04-07,443,1040,4,-597,121901,1487,5062.25
2025-04-08,162,1320,5,-1158,120743,1487,4982.77
2025-04-09,1470,16,1,1454,122197,1487,5456.90
2025-04-10,140,1346,1,-1206,120991,1487,5268.05
2025-04-11,1188,291,8,897,121888,1487,5363.36
2025-04-14,1192,292,3,900,122788,1487,5405.97
2025-04-15,671,807,9,-136,122652,1487,5396.63
2025-04-16,320,1162,5,-842,121810,1487,5275.70
2025-04-17,1132,349,6,783,122593,1487,5282.70
2025-04-21,136,1345,6,-1209,121384,1487,5158.20
2025-04-22,1424,59,4,1365,122749,1487,5287.76
2025-04-23,1117,361,9,756,123505,1487,5375.86
2025-04-24,1238,246,3,992,124497,1487,5484.77
2025-04-25,660,816,11,-156,124341,1487,5525.21
2025-04-28,948,526,13,422,124763,1487,5528.75
2025-04-29,1058,421,8,637,125400,1487,5560.83
2025-04-30,655,817,15,-162,125238,1487,5569.06
2025-05-01,840,641,6,199,125437,1487,5604.14
2025-05-02,1346,133,8,1213,126650,1487,5686.67
2025-05-05,510,966,11,-456,126194,1487,5650.38
2025-05-06,456,1015,16,-559,125635,1487,5606.91
2025-05-07,932,541,14,391,126026,1487,5631.28
2025-05-08,1139,342,6,797,126823,1487,5663.94
2025-05-09,707,770,10,-63,126760,1487,5659.91
2025-05-12,1271,215,1,1056,127816,1487,5844.19
2025-05-13,839,639,9,200,128016,1487,5886.55
2025-05-14,404,1070,13,-666,127350,1487,5892.58
2025-05-15,956,523,8,433,127783,1487,5916.93
2025-05-16,1178,299,10,879,128662,1487,5958.38
2025-05-19,566,911,10,-345,128317,1487,5963.60
2025-05-20,527,951,9,-424,127893,1487,5940.46
2025-05-21,48,1437,2,-1389,126504,1487,5844.61
2025-05-22,586,878,23,-292,126212,1487,5842.01
2025-05-23,500,976,11,-476,125736,1487,5802.82
2025-05-27,1409,76,2,1333,127069,1487,5921.54
2025-05-28,246,1236,5,-990,126079,1487,5888.55
2025-05-29,1031,440,16,591,126670,1487,5912.17
2025-05-30,587,892,8,-305,126365,1487,5911.69
2025-06-02,605,870,12,-265,126100,1487,5935.94
2025-06-03,1159,323,5,836,126936,1487,5970.37
2025-06-04,584,893,10,-309,126627,1487,5970.81
2025-06-05,638,829,20,-191,126436,1487,5939.30
2025-06-06,1264,219,4,1045,127481,1487,6000.36
2025-06-09,943,535,9,408,127889,1487,6005.88
2025-06-10,991,488,8,503,128392,1487,6038.81
2025-06-11,484,995,8,-511,127881,1487,6022.24
2025-06-12,713,764,10,-51,127830,1487,6045.26
2025-06-13,185,1297,5,-1112,126718,1487,5976.97
2025-06-16,1059,426,2,633,127351,1487,6033.11
2025-06-17,330,1154,3,-824,126527,1487,5982.72
2025-06-18,855,614,18,241,126768,1487,5980.87
2025-06-20,733,740,14,-7,126761,1487,5967.84
2025-06-23,1159,321,7,838,127599,1487,6025.17
2025-06-24,1134,346,7,788,128387,1487,6092.18
2025-06-25,357,1123,7,-766,127621,1487,6092.16
2025-06-26,1231,251,6,980,128601,1488,6141.02
2025-06-27,883,592,13,291,128892,1488,6173.07
2025-06-30,814,660,14,154,129046,1488,6204.95
2025-07-01,1143,341,4,802,129848,1488,6198.01
2025-07-02,1057,424,7,633,130481,1488,6227.42
2025-07-03,1063,412,13,651,131132,1488,6279.35
2025-07-07,229,1253,6,-1024,130108,1488,6229.98
2025-07-08,918,561,9,357,130465,1488,6225.52
2025-07-09,945,530,13,415,130880,1488,6263.26
2025-07-10,1051,427,10,624,131504,1488,6280.46
2025-07-11,303,1180,5,-877,130627,1488,6259.75
2025-07-14,869,610,9,259,130886,1488,6268.56
2025-07-15,140,1347,1,-1207,129679,1488,6243.76
2025-07-16,1035,441,12,594,130273,1488,6263.70
2025-07-17,1118,360,10,758,131031,1488,6297.36
2025-07-18,580,896,12,-316,130715,1488,6296.79
2025-07-21,570,910,8,-340,130375,1488,6305.60
2025-07-22,1151,332,5,819,131194,1488,6309.62
2025-07-23,1081,399,8,682,131876,1488,6358.91
2025-07-24,435,1048,5,-613,131263,1488,6363.35
2025-07-25,990,483,15,507,131770,1488,6388.64
2025-07-28,540,942,6,-402,131368,1488,6389.77
2025-07-29,612,867,9,-255,131113,1488,6370.86
2025-07-30,430,1050,8,-620,130493,1488,6362.90
2025-07-31,386,1093,9,-707,129786,1488,6339.39
2025-08-01,327,1157,4,-830,128956,1488,6238.01
2025-08-04,1263,220,5,1043,129999,1488,6329.94
2025-08-05,787,685,16,102,130101,1488,6299.19
2025-08-06,662,815,11,-153,129948,1488,6345.06
2025-08-07,666,803,19,-137,129811,1488,6340.00
2025-08-08,801,675,12,126,129937,1488,6389.45
2025-08-11,566,908,14,-342,129595,1488,6373.45
2025-08-12,1323,162,3,1161,130756,1488,6445.76
2025-08-13,1286,199,3,1087,131843,1488,6466.58
2025-08-14,300,1179,9,-879,130964,1488,6468.54
2025-08-15,510,971,7,-461,130503,1488,6449.80
2025-08-18,793,683,12,110,130613,1488,6449.15
2025-08-19,920,556,12,364,130977,1488,6411.37
2025-08-20,619,858,11,-239,130738,1488,6395.78
2025-08-21,627,852,9,-225,130513,1488,6370.17
2025-08-22,1359,129,0,1230,131743,1488,6466.91
2025-08-25,300,1182,6,-882,130861,1488,6439.32
2025-08-26,819,653,16,166,131027,1488,6465.94
2025-08-27,1065,410,13,655,131682,1488,6481.40
2025-08-28,621,857,10,-236,131446,1488,6501.86
2025-08-29,706,766,16,-60,131386,1488,6460.26
2025-09-02,374,1106,8,-732,130654,1488,6415.54
2025-09-03,674,801,13,-127,130527,1488,6448.26
2025-09-04,1172,310,6,862,131389,1488,6502.08
2025-09-05,828,657,3,171,131560,1488,6481.50
2025-09-08,661,819,8,-158,131402,1488,6495.15
2025-09-09,467,1015,6,-548,130854,1488,6512.61
2025-09-10,610,869,9,-259,130595,1488,6532.04
2025-09-11,1308,173,7,1135,131730,1488,6587.47
2025-09-12,267,1213,8,-946,130784,1488,6584.29
2025-09-15,642,837,9,-195,130589,1488,6615.28
2025-09-16,587,889,12,-302,130287,1488,6606.76
2025-09-17,751,725,12,26,130313,1488,6600.35
2025-09-18,1158,324,6,834,131147,1488,6631.96
2025-09-19,392,1088,8,-696,130451,1488,6664.36
2025-09-22,736,738,14,-2,130449,1488,6693.75
2025-09-23,685,785,18,-100,130349,1488,6656.92
2025-09-24,549,929,10,-380,129969,1488,6637.97
2025-09-25,382,1093,13,-711,129258,1488,6604.72
2025-09-26,1238,242,8,996,130254,1488,6643.70
2025-09-29,684,793,11,-109,130145,1488,6661.21
2025-09-30,845,633,10,212,130357,1488,6688.46
2025-10-01,699,777,12,-78,130279,1488,6711.20
2025-10-02,812,664,12,148,130427,1488,6715.35
2025-10-03,945,535,8,410,130837,1488,6715.79
2025-10-06,681,801,6,-120,130717,1488,6740.28
2025-10-07,400,1079,9,-679,130038,1488,6714.59
2025-10-08,885,590,13,295,130333,1488,6753.72
2025-10-09,301,1178,9,-877,129456,1488,6735.11
2025-10-10,152,1333,3,-1181,128275,1488,6552.51
2025-10-13,1156,322,10,834,129109,1488,6654.72
2025-10-14,1184,301,3,883,129992,1488,6644.31
2025-10-15,786,687,15,99,130091,1488,6671.06
2025-10-16,408,1072,8,-664,129427,1488,6629.07
2025-10-17,920,553,15,367,129794,1488,6664.01
2025-10-20,1252,228,8,1024,130818,1488,6735.13
2025-10-21,930,549,10,381,131199,1489,6735.35
2025-10-22,549,926,14,-377,130822,1489,6699.40
2025-10-23,922,553,14,369,131191,1489,6738.44
2025-10-24,877,599,13,278,131469,1489,6791.69
2025-10-27,812,667,10,145,131614,1489,6875.16
2025-10-28,390,1091,9,-701,130913,1490,6890.89
2025-10-29,365,1120,5,-755,130158,1490,6890.59
2025-10-30,581,900,9,-319,129839,1490,6822.34
2025-10-31,822,659,9,163,130002,1490,6840.20
2025-11-03,705,776,9,-71,129931,1490,6851.97
2025-11-04,552,929,9,-377,129554,1490,6771.55
2025-11-05,996,478,16,518,130072,1490,6796.29
2025-11-06,418,1069,3,-651,129421,1490,6720.32
2025-11-07,1090,392,8,698,130119,1490,6728.80
2025-11-10,917,566,7,351,130470,1490,6832.43
2025-11-11,929,549,12,380,130850,1490,6846.61
2025-11-12,786,692,11,94,130944,1489,6850.92
2025-11-13,323,1155,11,-832,130112,1489,6737.49
2025-11-14,575,902,13,-327,129785,1490,6734.11
2025-11-17,193,1295,2,-1102,128683,1490,6672.41
2025-11-18,839,642,9,197,128880,1490,6617.32
2025-11-19,649,831,10,-182,128698,1490,6642.16
2025-11-20,410,1068,12,-658,128040,1490,6538.76
2025-11-21,1385,104,1,1281,129321,1490,6602.99
2025-11-24,860,616,14,244,129565,1490,6705.12
2025-11-25,1332,153,5,1179,130744,1490,6765.88
2025-11-26,954,524,12,430,131174,1490,6812.61
2025-11-28,918,558,14,360,131534,1490,6849.09
2025-12-01,533,949,8,-416,131118,1490,6812.63
2025-12-02,636,844,10,-208,130910,1490,6829.37
2025-12-03,1091,390,9,701,131611,1490,6849.72
2025-12-04,688,789,13,-101,131510,1490,6857.12
2025-12-05,732,747,11,-15,131495,1490,6870.40
2025-12-08,487,995,8,-508,130987,1490,6846.51
2025-12-09,767,711,12,56,131043,1490,6840.51
2025-12-10,1216,266,8,950,131993,1490,6886.68
2025-12-11,1088,392,10,696,132689,1490,6901.00
2025-12-12,553,924,13,-371,132318,1490,6827.41
2025-12-15,749,731,10,18,132336,1490,6816.51
2025-12-16,476,1003,12,-527,131809,1491,6800.26
2025-12-17,790,692,9,98,131907,1491,6721.43
2025-12-18,840,645,6,195,132102,1491,6774.76
2025-12-19,782,698,11,84,132186,1491,6834.50
2025-12-22,1053,426,12,627,132813,1491,6878.49
2025-12-23,535,942,14,-407,132406,1491,6909.79
2025-12-24,1053,420,18,633,133039,1491,6932.05
2025-12-26,738,719,34,19,133058,1491,6929.94
2025-12-29,513,954,24,-441,132617,1491,6905.74
2025-12-30,466,1009,16,-543,132074,1491,6896.24
2025-12-31,119,1366,6,-1247,130827,1491,6845.50
2026-01-02,981,498,12,483,131310,1491,6858.47
2026-01-05,1094,395,2,699,132009,1491,6902.05
2026-01-06,1145,338,8,807,132816,1491,6944.82
2026-01-07,412,1067,12,-655,132161,1491,6920.93
2026-01-08,1094,392,5,702,132863,1491,6921.46
2026-01-09,873,604,14,269,133132,1491,6966.28
2026-01-12,734,749,8,-15,133117,1491,6977.27
2026-01-13,712,777,2,-65,133052,1491,6963.74
2026-01-14,935,546,10,389,133441,1491,6926.60
2026-01-15,1068,417,6,651,134092,1491,6944.47
2026-01-16,605,877,9,-272,133820,1491,6940.01
2026-01-20,279,1203,9,-924,132896,1491,6796.86
2026-01-21,1275,209,7,1066,133962,1491,6875.62
2026-01-22,845,634,12,211,134173,1491,6913.35
2026-01-23,376,1113,2,-737,133436,1491,6915.61
2026-01-26,833,647,11,186,133622,1491,6950.23
2026-01-27,668,812,11,-144,133478,1491,6978.60
2026-01-28,515,967,9,-452,133026,1491,6978.03
2026-01-29,940,538,13,402,133428,1491,6969.01
2026-01-30,664,815,12,-151,133277,1491,6939.03
2026-02-02,984,504,3,480,133757,1491,6976.44
2026-02-03,841,642,8,199,133956,1491,6917.81
2026-02-04,1053,431,7,622,134578,1491,6882.72
2026-02-05,579,908,4,-329,134249,1491,6798.40
2026-02-06,1232,255,4,977,135226,1491,6932.30
2026-02-09,699,785,7,-86,135140,1491,6964.82
2026-02-10,839,645,7,194,135334,1491,6941.81
2026-02-11,724,760,7,-36,135298,1491,6941.47
2026-02-12,411,1072,8,-661,134637,1491,6832.76
2026-02-13,1107,379,5,728,135365,1491,6836.17
2026-02-17,729,754,8,-25,135340,1491,6843.22
2026-02-18,858,626,7,232,135572,1491,6881.31
2026-02-19,668,810,13,-142,135430,1491,6861.89
2026-02-20,975,509,7,466,135896,1491,6909.51
2026-02-23,384,1102,5,-718,135178,1491,6837.75
2026-02-24,1053,428,10,625,135803,1491,6890.07
2026-02-25,817,669,5,148,135951,1491,6946.13
2026-02-26,1010,475,6,535,136486,1491,6908.86
2026-02-27,606,881,4,-275,136211,1491,6878.88
2026-03-02,840,645,6,195,136406,1491,6881.62
2026-03-03,435,1050,6,-615,135791,1491,6816.63
2026-03-04,884,601,6,283,136074,1491,6869.50
2026-03-05,365,1117,9,-752,135322,1491,6830.71
2026-03-06,316,1169,6,-853,134469,1491,6740.02
2026-03-09,734,752,5,-18,134451,1491,6795.99
2026-03-10,482,999,10,-517,133934,1491,6781.48
2026-03-11,534,947,10,-413,133521,1491,6775.80
2026-03-12,316,1171,4,-855,132666,1491,6672.62
2026-03-13,708,769,14,-61,132605,1491,6632.19
2026-03-16,1020,465,6,555,133160,1491,6699.38
2026-03-17,989,493,9,496,133656,1491,6716.09
2026-03-18,255,1233,3,-978,132678,1491,6624.70
2026-03-19,754,722,15,32,132710,1491,6606.49
2026-03-20,273,1212,6,-939,131771,1491,6506.48
2026-03-23,1248,240,3,1008,132779,1491,6581.00
2026-03-24,888,595,8,293,133072,1491,6556.37
2026-03-25,1008,476,7,532,133604,1491,6591.90
2026-03-26,568,915,8,-347,133257,1491,6477.16
2026-03-27,242,1243,6,-1001,132256,1491,6368.85
2026-03-30,765,718,9,47,132303,1492,6343.72
2026-03-31,1268,221,3,1047,133350,1492,6528.52
2026-04-01,945,539,8,406,133756,1492,6575.32
2026-04-02,845,638,9,207,133963,1492,6582.69
2026-04-06,952,526,14,426,134389,1492,6611.83
2026-04-07,765,717,10,48,134437,1492,6616.85
2026-04-08,1248,243,1,1005,135442,1492,6782.81
2026-04-09,954,529,9,425,135867,1492,6824.66
2026-04-10,509,980,3,-471,135396,1492,6816.89
2026-04-13,1111,374,7,737,136133,1492,6886.24
2026-04-14,881,604,7,277,136410,1492,6967.38
2026-04-15,680,801,11,-121,136289,1492,7022.95
2026-04-16,819,667,6,152,136441,1492,7041.28
2026-04-17,1247,241,4,1006,137447,1492,7126.06
2026-04-20,886,598,8,288,137735,1492,7109.14
2026-04-21,473,1013,6,-540,137195,1492,7064.01
2026-04-22,690,794,8,-104,137091,1492,7137.90
2026-04-23,804,685,3,119,137210,1492,7108.40
2026-04-24,704,783,5,-79,137131,1492,7165.08
2026-04-27,807,676,9,131,137262,1492,7173.91
2026-04-28,673,805,14,-132,137130,1492,7138.80
2026-04-29,420,1069,3,-649,136481,1492,7135.95
2026-04-30,1126,352,14,774,137255,1492,7209.01
2026-05-01,671,810,11,-139,137116,1492,7230.12
2026-05-04,445,1038,9,-593,136523,1492,7200.75
2026-05-05,1041,448,3,593,137116,1492,7259.22
2026-05-06,976,513,3,463,137579,1492,7365.12
2026-05-07,537,951,4,-414,137165,1492,7337.11
2026-05-08,772,712,8,60,137225,1492,7398.93
2026-05-11,502,985,5,-483,136742,1492,7412.84
2026-05-12,589,896,7,-307,136435,1492,7400.96
2026-05-13,519,966,7,-447,135988,1492,7444.25
2026-05-14,938,546,8,392,136380,1492,7501.24
2026-05-15,350,1136,6,-786,135594,1492,7408.50
2026-05-18,1027,455,10,572,136166,1492,7403.05
2026-05-19,455,1026,11,-571,135595,1492,7353.61
2026-05-20,1155,334,3,821,136416,1492,7432.97
2026-05-21,827,658,7,169,136585,1492,7445.72
2026-05-22,991,485,16,506,137091,1492,7473.47
2026-05-26,958,530,4,428,137519,1492,7519.12
2026-05-27,721,761,10,-40,137479,1492,7520.36
2026-05-28,747,738,8,9,137488,1493,7563.63
2026-05-29,555,930,8,-375,137113,1493,7580.06
2026-06-01,606,882,5,-276,136837,1493,7599.96
2026-06-02,834,653,6,181,137018,1493,7609.78
2026-06-03,518,967,8,-449,136569,1493,7553.68
2026-06-04,1068,415,10,653,137222,1493,7584.31
2026-06-05,660,824,9,-164,137058,1493,7383.74
2026-06-08,709,775,9,-66,136992,1493,7405.73
2026-06-09,1104,381,8,723,137715,1493,7386.65
2026-06-10,576,912,5,-336,137379,1493,7266.99
2026-06-11,1054,432,7,622,138001,1493,7394.30
2026-06-12,1108,376,9,732,138733,1493,7431.46
2026-06-15,693,790,10,-97,138636,1493,7554.29
2026-06-16,791,694,9,97,138733,1494,7511.35
2026-06-17,277,1211,6,-934,137799,1494,7420.10
2026-06-18,989,501,4,488,138287,1494,7500.58
2026-06-22,741,743,10,-2,138285,1494,7472.79
2026-06-23,841,648,5,193,138478,1494,7365.46
2026-06-24,1023,464,7,559,139037,1494,7358.22
2026-06-25,956,531,7,425,139462,1494,7357.49
2026-06-26,1028,462,4,566,140028,1494,7354.02
2026-06-29,623,865,8,-242,139786,1496,7440.43
2026-06-30,731,755,10,-24,139762,1496,7499.36
2026-07-01,794,696,6,98,139860,1496,7483.23
2026-07-02,926,563,7,363,140223,1496,7483.24
2026-07-06,744,746,6,-2,140221,1496,7537.43
2026-07-07,686,808,2,-122,140099,1496,7503.85
2026-07-08,336,1155,5,-819,139280,1496,7482.71
2026-07-09,1025,467,4,558,139838,1496,7543.64
2026-07-10,916,572,8,344,140182,1496,7575.39
2026-07-13,773,708,15,65,140247,1496,7515.34
2026-07-14,721,759,16,-38,140209,1496,7543.59
2026-07-15,900,590,6,310,140519,1496,7572.40
2026-07-16,1090,403,3,687,141206,1496,7533.77
2026-07-17,452,1041,3,-589,140617,1496,7457.69
2026-07-20,436,1052,8,-616,140001,1496,7443.28
2026-07-21,816,672,8,144,140145,1496,7509.20
2026-07-22,648,835,13,-187,139958,1496,7498.96
2026-07-23,533,959,4,-426,139532,1496,7408.30
2026-07-24,1033,458,5,575,140107,1496,7411.98
2026-07-27,931,560,5,371,140478,1496,7413.18
2026-07-28,1054,439,3,615,141093,1496,7428.78
2026-07-29,493,999,4,-506,140587,1496,7316.15
2026-07-30,634,855,7,-221,140366,1496,7437.63
2026-07-31,687,799,11,-112,140254,1497,7489.72
2026-08-03,1102,391,4,711,140965,1497,7600.50
2026-08-04,1096,389,12,707,141672,1497,7736.52
2026-08-05,589,904,4,-315,141357,1497,7723.55
2026-08-06,518,974,5,-456,140901,1497,7709.96
2026-08-07,927,561,9,366,141267,1497,7757.64
2026-08-10,554,937,6,-383,140884,1497,7753.11
2026-08-11,851,635,11,216,141100,1497,7728.20
2026-08-12,843,645,9,198,141298,1497,7748.50
2026-08-13,945,542,10,403,141701,1497,7798.99
2026-08-14,828,656,13,172,141873,1497,7785.76
2026-08-17,431,1055,11,-624,141249,1497,7745.06
2026-08-18,536,953,8,-417,140832,1497,7691.76
2026-08-19,845,643,9,202,141034,1497,7707.98
2026-08-20,454,1029,14,-575,140459,1497,7641.16
2026-08-21,967,517,13,450,140909,1497,7674.37
2026-08-24,730,757,10,-27,140882,1497,7652.86
2026-08-25,680,805,12,-125,140757,1497,7677.28
2026-08-26,832,656,9,176,140933,1497,7675.70
2026-08-27,550,940,7,-390,140543,1497,7730.99
2026-08-28,611,871,15,-260,140283,1497,7711.76
2026-08-31,415,1071,11,-656,139627,1497,7686.14
2026-09-01,417,1071,9,-654,138973,1497,7631.47
2026-09-02,1000,491,6,509,139482,1497,7666.60
2026-09-03,982,504,11,478,139960,1497,7747.71
2026-09-04,758,727,12,31,139991,1497,7718.60
2026-09-08,417,1076,4,-659,139332,1497,7673.52
2026-09-09,298,1192,7,-894,138438,1497,7636.36
2026-09-10,488,999,10,-511,137927,1497,7591.70
2026-09-11,962,518,17,444,138371,1497,7656.98
2026-09-14,764,724,9,40,138411,1497,7619.98
2026-09-15,504,985,8,-481,137930,1497,7585.73
2026-09-16,548,940,9,-392,137538,1497,7551.81
2026-09-17,775,709,13,66,137604,1497,7637.76
2026-09-18,488,1002,7,-514,137090,1497,7650.50
2026-09-21,817,667,13,150,137240,1497,7764.70
2026-09-22,786,701,10,85,137325,1497,7764.64
2026-09-23,422,1069,6,-647,136678,1497,7706.03
2026-09-24,617,874,6,-257,136421,1497,7704.13
2026-09-25,955,529,13,426,136847,1497,7743.41
2026-09-28,440,1043,14,-603,136244,1497,7683.69
2026-09-29,581,904,12,-323,135921,1497,7670.84
2026-09-30,411,1075,11,-664,135257,1497,7651.54
2026-10-01,967,515,15,452,135709,1497,7666.45
2026-10-02,1009,477,11,532,136241,1497,7722.72
2026-10-05,836,650,11,186,136427,1497,7773.95
2026-10-06,841,641,16,200,136627,1498,7818.93
