Date,Adv,Dec,Unch,Net,ADLine,Coverage,Index
2016-01-04,3,27,0,-24,-24,30,17148.94
2016-01-05,20,10,0,10,-14,30,17158.66
2016-01-06,1,29,0,-28,-42,30,16906.51
2016-01-07,1,29,0,-28,-70,30,16514.10
2016-01-08,3,27,0,-24,-94,30,16346.45
2016-01-11,20,10,0,10,-84,30,16398.57
2016-01-12,26,4,0,22,-62,30,16516.22
2016-01-13,0,30,0,-30,-92,30,16151.41
2016-01-14,27,3,0,24,-68,30,16379.05
2016-01-15,0,30,0,-30,-98,30,15988.08
2016-01-19,18,11,1,7,-91,30,16016.02
2016-01-20,8,22,0,-14,-105,30,15766.74
2016-01-21,20,9,1,11,-94,30,15882.68
2016-01-22,28,2,0,26,-68,30,16093.51
2016-01-25,4,26,0,-22,-90,30,15885.22
2016-01-26,28,2,0,26,-64,30,16167.23
2016-01-27,6,24,0,-18,-82,30,15944.46
2016-01-28,20,10,0,10,-72,30,16069.64
2016-01-29,29,1,0,28,-44,30,16466.30
2016-02-01,15,15,0,0,-44,30,16449.18
2016-02-02,1,29,0,-28,-72,30,16153.54
2016-02-03,21,9,0,12,-60,30,16336.66
2016-02-04,19,11,0,8,-52,30,16416.58
2016-02-05,6,24,0,-18,-70,30,16204.97
2016-02-08,9,21,0,-12,-82,30,16027.05
2016-02-09,17,13,0,4,-78,30,16014.38
2016-02-10,13,17,0,-4,-82,30,15914.74
2016-02-11,4,26,0,-22,-104,30,15660.18
2016-02-12,30,0,0,30,-74,30,15973.84
2016-02-16,28,2,0,26,-48,30,16196.41
2016-02-17,29,1,0,28,-20,30,16453.83
2016-02-18,9,21,0,-12,-32,30,16413.43
2016-02-19,18,12,0,6,-26,30,16391.99
2016-02-22,28,2,0,26,0,30,16620.66
2016-02-23,4,26,0,-22,-22,30,16431.78
2016-02-24,22,8,0,14,-8,30,16484.99
2016-02-25,29,1,0,28,20,30,16697.29
2016-02-26,11,19,0,-8,12,30,16639.97
2016-02-29,5,25,0,-20,-8,30,16516.50
2016-03-01,30,0,0,30,22,30,16865.08
2016-03-02,16,14,0,2,24,30,16899.32
2016-03-03,14,16,0,-2,22,30,16943.90
2016-03-04,17,12,1,5,27,30,17006.77
2016-03-07,14,16,0,-2,25,30,17073.95
2016-03-08,10,20,0,-10,15,30,16964.10
2016-03-09,16,14,0,2,17,30,17000.36
2016-03-10,14,16,0,-2,15,30,16995.13
2016-03-11,28,2,0,26,41,30,17213.31
2016-03-14,17,13,0,4,45,30,17229.13
2016-03-15,18,12,0,6,51,30,17251.53
2016-03-16,23,7,0,16,67,30,17325.76
2016-03-17,20,10,0,10,77,30,17481.49
2016-03-18,20,10,0,10,87,30,17602.30
2016-03-21,16,14,0,2,89,30,17623.87
2016-03-22,15,15,0,0,89,30,17582.57
2016-03-23,10,20,0,-10,79,30,17502.59
2016-03-24,16,14,0,2,81,30,17515.73
2016-03-28,13,17,0,-4,77,30,17535.39
2016-03-29,26,4,0,22,99,30,17633.11
2016-03-30,20,10,0,10,109,30,17716.66
2016-03-31,11,19,0,-8,101,30,17685.09
2016-04-01,27,3,0,24,125,30,17792.75
2016-04-04,8,21,1,-13,112,30,17737.00
2016-04-05,3,27,0,-24,88,30,17603.32
2016-04-06,26,4,0,22,110,30,17716.05
2016-04-07,3,27,0,-24,86,30,17541.96
2016-04-08,16,14,0,2,88,30,17576.96
2016-04-11,9,21,0,-12,76,30,17556.41
2016-04-12,29,1,0,28,104,30,17721.25
2016-04-13,25,5,0,20,124,30,17908.28
2016-04-14,18,12,0,6,130,30,17926.43
2016-04-15,20,10,0,10,140,30,17897.46
2016-04-18,27,3,0,24,164,30,18004.16
2016-04-19,19,11,0,8,172,30,18053.60
2016-04-20,16,14,0,2,174,30,18096.27
2016-04-21,9,21,0,-12,162,30,17982.52
2016-04-22,14,15,1,-1,161,30,18003.75
2016-04-25,15,15,0,0,161,30,17977.24
2016-04-26,16,14,0,2,163,30,17990.32
2016-04-27,19,11,0,8,171,30,18041.55
2016-04-28,0,30,0,-30,141,30,17830.76
2016-04-29,9,20,1,-11,130,30,17773.64
2016-05-02,26,4,0,22,152,30,17891.16
2016-05-03,4,26,0,-22,130,30,17750.91
2016-05-04,8,21,1,-13,117,30,17651.26
2016-05-05,16,14,0,2,119,30,17660.71
2016-05-06,23,7,0,16,135,30,17740.63
2016-05-09,16,14,0,2,137,30,17705.91
2016-05-10,29,1,0,28,165,30,17928.35
2016-05-11,3,27,0,-24,141,30,17711.12
2016-05-12,15,15,0,0,141,30,17720.50
2016-05-13,5,25,0,-20,121,30,17535.32
2016-05-16,26,4,0,22,143,30,17710.71
2016-05-17,2,27,1,-25,118,30,17529.98
2016-05-18,16,14,0,2,120,30,17526.62
2016-05-19,7,23,0,-16,104,30,17435.40
2016-05-20,21,9,0,12,116,30,17500.94
2016-05-23,11,19,0,-8,108,30,17492.93
2016-05-24,28,2,0,26,134,30,17706.05
2016-05-25,24,6,0,18,152,30,17851.51
2016-05-26,10,20,0,-10,142,30,17828.29
2016-05-27,22,8,0,14,156,30,17873.22
2016-05-31,10,20,0,-10,146,30,17787.20
2016-06-01,17,13,0,4,150,30,17789.67
2016-06-02,22,8,0,14,164,30,17838.56
2016-06-03,13,17,0,-4,160,30,17807.06
2016-06-06,24,6,0,18,178,30,17920.33
2016-06-07,13,17,0,-4,174,30,17938.28
2016-06-08,22,8,0,14,188,30,18005.05
2016-06-09,11,17,2,-6,182,30,17985.19
2016-06-10,5,25,0,-20,162,30,17865.34
2016-06-13,4,26,0,-22,140,30,17732.48
2016-06-14,15,15,0,0,140,30,17674.82
2016-06-15,10,20,0,-10,130,30,17640.17
2016-06-16,24,6,0,18,148,30,17733.10
2016-06-17,9,21,0,-12,136,30,17675.16
2016-06-20,26,4,0,22,158,30,17804.87
2016-06-21,19,11,0,8,166,30,17829.73
2016-06-22,8,22,0,-14,152,30,17780.83
2016-06-23,28,2,0,26,178,30,18011.07
2016-06-24,0,30,0,-30,148,30,17400.75
2016-06-27,1,29,0,-28,120,30,17140.24
2016-06-28,30,0,0,30,150,30,17409.72
2016-06-29,29,1,0,28,178,30,17694.68
2016-06-30,29,1,0,28,206,30,17929.99
2016-07-01,18,12,0,6,212,30,17949.37
2016-07-05,13,17,0,-4,208,30,17840.62
2016-07-06,23,7,0,16,224,30,17918.62
2016-07-07,16,13,1,3,227,30,17895.88
2016-07-08,30,0,0,30,257,30,18146.74
2016-07-11,25,5,0,20,277,30,18226.93
2016-07-12,21,8,1,13,290,30,18347.67
2016-07-13,14,16,0,-2,288,30,18372.12
2016-07-14,25,5,0,20,308,30,18506.41
2016-07-15,13,17,0,-4,304,30,18516.55
2016-07-18,18,11,1,7,311,30,18533.05
2016-07-19,17,12,1,5,316,30,18559.01
2016-07-20,21,8,1,13,329,30,18595.03
2016-07-21,4,25,1,-21,308,30,18517.23
2016-07-22,23,7,0,16,324,30,18570.85
2016-07-25,12,18,0,-6,318,30,18493.06
2016-07-26,14,16,0,-2,316,30,18473.75
2016-07-27,11,19,0,-8,308,30,18472.17
2016-07-28,16,14,0,2,310,30,18456.35
2016-07-29,18,12,0,6,316,30,18432.24
2016-08-01,14,15,1,-1,315,30,18404.51
2016-08-02,7,22,1,-15,300,30,18313.77
2016-08-03,17,13,0,4,304,30,18355.00
2016-08-04,14,16,0,-2,302,30,18352.05
2016-08-05,28,2,0,26,328,30,18543.53
2016-08-08,11,19,0,-8,320,30,18529.29
2016-08-09,17,13,0,4,324,30,18533.05
2016-08-10,14,16,0,-2,322,30,18495.66
2016-08-11,26,4,0,22,344,30,18613.52
2016-08-12,12,18,0,-6,338,30,18576.47
2016-08-15,18,12,0,6,344,30,18636.05
2016-08-16,4,26,0,-22,322,30,18552.02
2016-08-17,19,11,0,8,330,30,18573.94
2016-08-18,19,11,0,8,338,30,18597.70
2016-08-19,12,17,1,-5,333,30,18552.57
2016-08-22,13,17,0,-4,329,30,18529.42
2016-08-23,20,10,0,10,339,30,18547.30
2016-08-24,7,22,1,-15,324,30,18481.48
2016-08-25,13,17,0,-4,320,30,18448.41
2016-08-26,10,20,0,-10,310,30,18395.40
2016-08-29,24,6,0,18,328,30,18502.99
2016-08-30,5,25,0,-20,308,30,18454.30
2016-08-31,10,19,1,-9,299,30,18400.88
2016-09-01,17,13,0,4,303,30,18419.30
2016-09-02,24,6,0,18,321,30,18491.96
2016-09-06,20,10,0,10,331,30,18538.12
2016-09-07,11,19,0,-8,323,30,18526.14
2016-09-08,11,19,0,-8,315,30,18479.91
2016-09-09,0,30,0,-30,285,30,18085.45
2016-09-12,30,0,0,30,315,30,18325.07
2016-09-13,1,29,0,-28,287,30,18066.75
2016-09-14,13,17,0,-4,283,30,18034.77
2016-09-15,30,0,0,30,313,30,18212.48
2016-09-16,9,21,0,-12,301,30,18123.80
2016-09-19,15,15,0,0,301,30,18120.17
2016-09-20,17,13,0,4,305,30,18129.96
2016-09-21,27,3,0,24,329,30,18293.70
2016-09-22,30,0,0,30,359,30,18392.46
2016-09-23,3,27,0,-24,335,30,18261.45
2016-09-26,2,28,0,-26,309,30,18094.83
2016-09-27,27,3,0,24,333,30,18228.30
2016-09-28,21,9,0,12,345,30,18339.24
2016-09-29,3,27,0,-24,321,30,18143.45
2016-09-30,29,1,0,28,349,30,18308.15
2016-10-03,8,22,0,-14,335,30,18253.85
2016-10-04,9,21,0,-12,323,30,18168.45
2016-10-05,19,11,0,8,331,30,18281.03
2016-10-06,14,16,0,-2,329,30,18268.50
2016-10-07,12,18,0,-6,323,30,18240.49
2016-10-10,20,6,4,14,337,30,18329.04
2016-10-11,2,28,0,-26,311,30,18128.66
2016-10-12,19,11,0,8,319,30,18144.20
2016-10-13,9,21,0,-12,307,30,18098.94
2016-10-14,19,11,0,8,315,30,18138.38
2016-10-17,9,21,0,-12,303,30,18086.40
2016-10-18,20,10,0,10,313,30,18161.94
2016-10-19,21,9,0,12,325,30,18202.62
2016-10-20,11,18,1,-7,318,30,18162.35
2016-10-21,14,16,0,-2,316,30,18145.71
2016-10-24,23,7,0,16,332,30,18223.03
2016-10-25,10,19,1,-9,323,30,18169.27
2016-10-26,17,13,0,4,327,30,18199.33
2016-10-27,10,20,0,-10,317,30,18169.68
2016-10-28,15,15,0,0,317,30,18161.19
2016-10-31,16,14,0,2,319,30,18142.42
2016-11-01,4,26,0,-22,297,30,18037.10
2016-11-02,7,23,0,-16,281,30,17959.64
2016-11-03,10,19,1,-9,272,30,17930.67
2016-11-04,10,20,0,-10,262,30,17888.28
2016-11-07,30,0,0,30,292,30,18259.60
2016-11-08,26,4,0,22,314,30,18332.74
2016-11-09,18,12,0,6,320,30,18589.69
2016-11-10,17,13,0,4,324,30,18807.88
2016-11-11,20,10,0,10,334,30,18847.66
2016-11-14,12,18,0,-6,328,30,18868.69
2016-11-15,22,8,0,14,342,30,18923.06
2016-11-16,14,16,0,-2,340,30,18868.14
2016-11-17,20,10,0,10,350,30,18903.82
2016-11-18,12,18,0,-6,344,30,18867.93
2016-11-21,22,8,0,14,358,30,18956.69
2016-11-22,23,7,0,16,374,30,19023.87
2016-11-23,18,12,0,6,380,30,19083.18
2016-11-25,23,6,1,17,397,30,19152.14
2016-11-28,7,23,0,-16,381,30,19097.90
2016-11-29,13,16,1,-3,378,30,19121.60
2016-11-30,7,23,0,-16,362,30,19123.58
2016-12-01,13,17,0,-4,358,30,19191.93
2016-12-02,14,16,0,-2,356,30,19170.42
2016-12-05,20,10,0,10,366,30,19216.24
2016-12-06,17,13,0,4,370,30,19251.78
2016-12-07,27,3,0,24,394,30,19549.62
2016-12-08,15,14,1,1,395,30,19614.81
2016-12-09,23,7,0,16,411,30,19756.85
2016-12-12,14,16,0,-2,409,30,19796.43
2016-12-13,25,5,0,20,429,30,19911.21
2016-12-14,9,20,1,-11,418,30,19792.53
2016-12-15,18,12,0,6,424,30,19852.24
2016-12-16,13,16,1,-3,421,30,19843.41
2016-12-19,18,12,0,6,427,30,19883.06
2016-12-20,22,8,0,14,441,30,19974.62
2016-12-21,10,19,1,-9,432,30,19941.96
2016-12-22,13,17,0,-4,428,30,19918.88
2016-12-23,16,13,1,3,431,30,19933.81
2016-12-27,21,9,0,12,443,30,19945.04
2016-12-28,2,28,0,-26,417,30,19833.68
2016-12-29,18,12,0,6,423,30,19819.78
2016-12-30,5,25,0,-20,403,30,19762.60
2017-01-03,25,5,0,20,423,30,19881.76
2017-01-04,19,11,0,8,431,30,19942.16
2017-01-05,14,15,1,-1,430,30,19899.29
2017-01-06,23,7,0,16,446,30,19963.80
2017-01-09,11,19,0,-8,438,30,19887.38
2017-01-10,11,19,0,-8,430,30,19855.53
2017-01-11,24,6,0,18,448,30,19954.28
2017-01-12,7,23,0,-16,432,30,19891.00
2017-01-13,18,12,0,6,438,30,19885.73
2017-01-17,11,19,0,-8,430,30,19826.77
2017-01-18,18,12,0,6,436,30,19804.72
2017-01-19,8,22,0,-14,422,30,19732.40
2017-01-20,22,8,0,14,436,30,19827.25
2017-01-23,18,12,0,6,442,30,19799.85
2017-01-24,21,9,0,12,454,30,19912.71
2017-01-25,24,6,0,18,472,30,20068.51
2017-01-26,19,11,0,8,480,30,20100.91
2017-01-27,18,12,0,6,486,30,20093.78
2017-01-30,8,22,0,-14,472,30,19971.13
2017-01-31,9,21,0,-12,460,30,19864.09
2017-02-01,14,16,0,-2,458,30,19890.94
2017-02-02,14,16,0,-2,456,30,19884.91
2017-02-03,23,7,0,16,472,30,20071.46
2017-02-06,11,19,0,-8,464,30,20052.42
2017-02-07,22,8,0,14,478,30,20090.29
2017-02-08,18,11,1,7,485,30,20054.34
2017-02-09,26,4,0,22,507,30,20172.40
2017-02-10,19,11,0,8,515,30,20269.37
2017-02-13,25,5,0,20,535,30,20412.16
2017-02-14,24,5,1,19,554,30,20504.41
2017-02-15,25,5,0,20,574,30,20611.86
2017-02-16,14,16,0,-2,572,30,20619.77
2017-02-17,23,7,0,16,588,30,20624.05
2017-02-21,24,6,0,18,606,30,20743.00
2017-02-22,13,16,1,-3,603,30,20775.60
2017-02-23,15,15,0,0,603,30,20810.32
2017-02-24,18,11,1,7,610,30,20821.76
2017-02-27,12,18,0,-6,604,30,20837.44
2017-02-28,11,18,1,-7,597,30,20812.24
2017-03-01,29,1,0,28,625,30,21115.55
2017-03-02,5,25,0,-20,605,30,21002.97
2017-03-03,14,16,0,-2,603,30,21005.71
2017-03-06,8,22,0,-14,589,30,20954.34
2017-03-07,15,15,0,0,589,30,20924.76
2017-03-08,13,16,1,-3,586,30,20855.73
2017-03-09,18,12,0,6,592,30,20858.19
2017-03-10,23,7,0,16,608,30,20902.98
2017-03-13,17,13,0,4,612,30,20881.48
2017-03-14,11,19,0,-8,604,30,20837.37
2017-03-15,24,6,0,18,622,30,20950.10
2017-03-16,13,17,0,-4,618,30,20934.55
2017-03-17,14,15,1,-1,617,30,20914.62
2017-03-20,17,13,0,4,621,30,20905.86
2017-03-21,2,28,0,-26,595,30,20668.01
2017-03-22,20,9,1,11,606,30,20661.30
2017-03-23,9,21,0,-12,594,30,20656.58
2017-03-24,9,21,0,-12,582,30,20596.72
2017-03-27,14,15,1,-1,581,30,20550.98
2017-03-28,26,4,0,22,603,30,20701.50
2017-03-29,12,18,0,-6,597,30,20659.32
2017-03-30,19,10,1,9,606,30,20728.49
2017-03-31,9,21,0,-12,594,30,20663.22
2017-04-03,8,21,1,-13,581,30,20650.21
2017-04-04,17,13,0,4,585,30,20689.24
2017-04-05,12,18,0,-6,579,30,20648.15
2017-04-06,18,12,0,6,585,30,20662.95
2017-04-07,7,23,0,-16,569,30,20656.10
2017-04-10,13,17,0,-4,565,30,20658.02
2017-04-11,14,16,0,-2,563,30,20651.30
2017-04-12,12,17,1,-5,558,30,20591.86
2017-04-13,2,28,0,-26,532,30,20453.25
2017-04-17,30,0,0,30,562,30,20636.92
2017-04-18,12,18,0,-6,556,30,20523.28
2017-04-19,10,20,0,-10,546,30,20404.49
2017-04-20,26,4,0,22,568,30,20578.71
2017-04-21,11,18,1,-7,561,30,20547.76
2017-04-24,27,3,0,24,585,30,20763.89
2017-04-25,26,4,0,22,607,30,20996.12
2017-04-26,14,16,0,-2,605,30,20975.09
2017-04-27,19,11,0,8,613,30,20981.33
2017-04-28,11,19,0,-8,605,30,20940.51
2017-05-01,13,17,0,-4,601,30,20913.46
2017-05-02,20,10,0,10,611,30,20949.89
2017-05-03,15,15,0,0,611,30,20957.90
2017-05-04,15,14,1,1,612,30,20951.47
2017-05-05,19,11,0,8,620,30,21006.94
2017-05-08,13,17,0,-4,616,30,21012.28
2017-05-09,16,14,0,2,618,30,20975.78
2017-05-10,17,13,0,4,622,30,20943.11
2017-05-11,11,19,0,-8,614,30,20919.42
2017-05-12,12,18,0,-6,608,30,20896.61
2017-05-15,21,9,0,12,620,30,20981.94
2017-05-16,19,11,0,8,628,30,20979.75
2017-05-17,5,25,0,-20,608,30,20606.93
2017-05-18,20,10,0,10,618,30,20663.02
2017-05-19,24,6,0,18,636,30,20804.84
2017-05-22,21,9,0,12,648,30,20894.83
2017-05-23,19,11,0,8,656,30,20937.91
2017-05-24,21,9,0,12,668,30,21012.42
2017-05-25,24,6,0,18,686,30,21082.95
2017-05-26,15,15,0,0,686,30,21080.28
2017-05-30,18,12,0,6,692,30,21029.47
2017-05-31,14,16,0,-2,690,30,21008.65
2017-06-01,27,3,0,24,714,30,21144.18
2017-06-02,21,9,0,12,726,30,21206.29
2017-06-05,18,12,0,6,732,30,21184.04
2017-06-06,8,22,0,-14,718,30,21136.23
2017-06-07,19,11,0,8,726,30,21173.69
2017-06-08,15,13,2,2,728,30,21182.53
2017-06-09,20,10,0,10,738,30,21271.97
2017-06-12,13,16,1,-3,735,30,21235.67
2017-06-13,24,6,0,18,753,30,21328.47
2017-06-14,17,13,0,4,757,30,21374.56
2017-06-15,11,19,0,-8,749,30,21359.90
2017-06-16,16,13,1,3,752,30,21384.28
2017-06-19,24,6,0,18,770,30,21528.99
2017-06-20,11,18,1,-7,763,30,21467.14
2017-06-21,15,15,0,0,763,30,21410.03
2017-06-22,11,19,0,-8,755,30,21397.29
2017-06-23,18,12,0,6,761,30,21394.76
2017-06-26,15,15,0,0,761,30,21409.55
2017-06-27,4,26,0,-22,739,30,21310.66
2017-06-28,27,3,0,24,763,30,21454.61
2017-06-29,2,28,0,-26,737,30,21287.03
2017-06-30,17,13,0,4,741,30,21349.63
2017-07-03,18,12,0,6,747,30,21479.27
2017-07-05,19,11,0,8,755,30,21478.17
2017-07-06,3,27,0,-24,731,30,21320.04
2017-07-07,24,6,0,18,749,30,21414.34
2017-07-10,17,13,0,4,753,30,21408.52
2017-07-11,14,16,0,-2,751,30,21409.07
2017-07-12,28,2,0,26,777,30,21532.14
2017-07-13,14,16,0,-2,775,30,21553.09
2017-07-14,26,4,0,22,797,30,21637.74
2017-07-17,14,16,0,-2,795,30,21629.72
2017-07-18,13,17,0,-4,791,30,21574.73
2017-07-19,25,5,0,20,811,30,21640.75
2017-07-20,16,13,1,3,814,30,21611.78
2017-07-21,14,16,0,-2,812,30,21580.07
2017-07-24,12,18,0,-6,806,30,21513.17
2017-07-25,20,10,0,10,816,30,21613.43
2017-07-26,14,16,0,-2,814,30,21711.01
2017-07-27,11,19,0,-8,806,30,21796.55
2017-07-28,15,15,0,0,806,30,21830.31
2017-07-31,16,14,0,2,808,30,21891.12
2017-08-01,22,8,0,14,822,30,21963.92
2017-08-02,12,18,0,-6,816,30,22016.24
2017-08-03,18,12,0,6,822,30,22026.10
2017-08-04,20,10,0,10,832,30,22092.81
2017-08-07,17,13,0,4,836,30,22118.42
2017-08-08,9,20,1,-11,825,30,22085.34
2017-08-09,13,16,1,-3,822,30,22048.70
2017-08-10,3,27,0,-24,798,30,21844.01
2017-08-11,15,14,1,1,799,30,21858.32
2017-08-14,26,4,0,22,821,30,21993.71
2017-08-15,16,14,0,2,823,30,21998.99
2017-08-16,21,9,0,12,835,30,22024.87
2017-08-17,0,30,0,-30,805,30,21750.73
2017-08-18,9,21,0,-12,793,30,21674.51
2017-08-21,17,13,0,4,797,30,21703.75
2017-08-22,27,2,1,25,822,30,21899.89
2017-08-23,7,23,0,-16,806,30,21812.09
2017-08-24,16,14,0,2,808,30,21783.40
2017-08-25,21,9,0,12,820,30,21813.67
2017-08-28,16,14,0,2,822,30,21808.40
2017-08-29,19,11,0,8,830,30,21865.37
2017-08-30,18,11,1,7,837,30,21892.43
2017-08-31,21,9,0,12,849,30,21948.10
2017-09-01,21,9,0,12,861,30,21987.56
2017-09-05,9,21,0,-12,849,30,21753.31
2017-09-06,17,12,1,5,854,30,21807.64
2017-09-07,20,10,0,10,864,30,21784.78
2017-09-08,10,20,0,-10,854,30,21797.79
2017-09-11,29,1,0,28,882,30,22057.37
2017-09-12,19,11,0,8,890,30,22118.86
2017-09-13,18,12,0,6,896,30,22158.18
2017-09-14,10,18,2,-8,888,30,22203.48
2017-09-15,19,11,0,8,896,30,22268.34
2017-09-18,13,17,0,-4,892,30,22331.35
2017-09-19,15,15,0,0,892,30,22370.80
2017-09-20,20,10,0,10,902,30,22412.59
2017-09-21,10,20,0,-10,892,30,22359.23
2017-09-22,13,17,0,-4,888,30,22349.59
2017-09-25,11,19,0,-8,880,30,22296.09
2017-09-26,13,16,1,-3,877,30,22284.32
2017-09-27,16,14,0,2,879,30,22340.71
2017-09-28,19,10,1,9,888,30,22381.20
2017-09-29,20,10,0,10,898,30,22405.09
2017-10-02,25,5,0,20,918,30,22557.60
2017-10-03,24,6,0,18,936,30,22641.67
2017-10-04,17,13,0,4,940,30,22661.64
2017-10-05,22,7,1,15,955,30,22775.39
2017-10-06,18,12,0,6,961,30,22773.67
2017-10-09,13,17,0,-4,957,30,22761.07
2017-10-10,19,10,1,9,966,30,22830.68
2017-10-11,19,11,0,8,974,30,22872.89
2017-10-12,16,13,1,3,977,30,22841.01
2017-10-13,23,7,0,16,993,30,22871.72
2017-10-16,19,11,0,8,1001,30,22956.96
2017-10-17,12,18,0,-6,995,30,22997.44
2017-10-18,20,10,0,10,1005,30,23157.60
2017-10-19,19,11,0,8,1013,30,23163.04
2017-10-20,24,6,0,18,1031,30,23328.63
2017-10-23,12,18,0,-6,1025,30,23273.96
2017-10-24,20,10,0,10,1035,30,23441.76
2017-10-25,10,20,0,-10,1025,30,23329.46
2017-10-26,21,8,1,13,1038,30,23400.86
2017-10-27,16,14,0,2,1040,30,23434.19
2017-10-30,10,19,1,-9,1031,30,23348.74
2017-10-31,16,14,0,2,1033,30,23377.24
2017-11-01,20,9,1,11,1044,30,23435.01
2017-11-02,18,12,0,6,1050,30,23516.26
2017-11-03,22,8,0,14,1064,30,23539.19
2017-11-06,13,17,0,-4,1060,30,23548.42
2017-11-07,21,9,0,12,1072,30,23557.23
2017-11-08,18,12,0,6,1078,30,23563.36
2017-11-09,10,20,0,-10,1068,30,23461.94
2017-11-10,11,19,0,-8,1060,30,23422.21
2017-11-13,19,11,0,8,1068,30,23439.70
2017-11-14,17,13,0,4,1072,30,23409.47
2017-11-15,6,24,0,-18,1054,30,23271.28
2017-11-16,25,5,0,20,1074,30,23458.36
2017-11-17,7,23,0,-16,1058,30,23358.24
2017-11-20,19,11,0,8,1066,30,23430.33
2017-11-21,27,3,0,24,1090,30,23590.83
2017-11-22,10,20,0,-10,1080,30,23526.18
2017-11-24,22,8,0,14,1094,30,23557.99
2017-11-27,16,13,1,3,1097,30,23580.78
2017-11-28,23,7,0,16,1113,30,23836.71
2017-11-29,16,14,0,2,1115,30,23940.68
2017-11-30,24,6,0,18,1133,30,24272.35
2017-12-01,18,12,0,6,1139,30,24231.59
2017-12-04,16,14,0,2,1141,30,24290.05
2017-12-05,12,18,0,-6,1135,30,24180.64
2017-12-06,14,16,0,-2,1133,30,24140.91
2017-12-07,19,11,0,8,1141,30,24211.48
2017-12-08,23,7,0,16,1157,30,24329.16
2017-12-11,19,11,0,8,1165,30,24386.03
2017-12-12,13,17,0,-4,1161,30,24504.80
2017-12-13,19,11,0,8,1169,30,24585.43
2017-12-14,10,20,0,-10,1159,30,24508.66
2017-12-15,27,3,0,24,1183,30,24651.74
2017-12-18,20,10,0,10,1193,30,24792.20
2017-12-19,11,19,0,-8,1185,30,24754.75
2017-12-20,10,20,0,-10,1175,30,24726.65
2017-12-21,11,19,0,-8,1167,30,24782.29
2017-12-22,12,17,1,-5,1162,30,24754.06
2017-12-26,15,15,0,0,1162,30,24746.21
2017-12-27,19,10,1,9,1171,30,24774.30
2017-12-28,22,7,1,15,1186,30,24837.51
2017-12-29,1,29,0,-28,1158,30,24719.22
2018-01-02,21,9,0,12,1170,30,24824.01
2018-01-03,21,9,0,12,1182,30,24922.68
2018-01-04,22,7,1,15,1197,30,25075.13
2018-01-05,23,7,0,16,1213,30,25295.87
2018-01-08,17,13,0,4,1217,30,25283.00
2018-01-09,18,12,0,6,1223,30,25385.80
2018-01-10,12,18,0,-6,1217,30,25369.13
2018-01-11,25,5,0,20,1237,30,25574.73
2018-01-12,27,3,0,24,1261,30,25803.19
2018-01-16,13,17,0,-4,1257,30,25792.86
2018-01-17,26,4,0,22,1279,30,26115.65
2018-01-18,13,17,0,-4,1275,30,26017.81
2018-01-19,21,9,0,12,1287,30,26071.72
2018-01-22,24,6,0,18,1305,30,26214.60
2018-01-23,19,11,0,8,1313,30,26210.81
2018-01-24,14,16,0,-2,1311,30,26252.12
2018-01-25,21,9,0,12,1323,30,26392.79
2018-01-26,25,5,0,20,1343,30,26616.71
2018-01-29,6,24,0,-18,1325,30,26439.48
2018-01-30,4,26,0,-22,1303,30,26076.89
2018-01-31,17,13,0,4,1307,30,26149.39
2018-02-01,13,17,0,-4,1303,30,26186.71
2018-02-02,2,28,0,-26,1277,30,25520.96
2018-02-05,0,30,0,-30,1247,30,24345.75
2018-02-06,27,3,0,24,1271,30,24912.77
2018-02-07,13,17,0,-4,1267,30,24893.35
2018-02-08,0,30,0,-30,1237,30,23860.46
2018-02-09,27,3,0,24,1261,30,24190.90
2018-02-12,28,2,0,26,1287,30,24601.27
2018-02-13,17,13,0,4,1291,30,24640.45
2018-02-14,24,5,1,19,1310,30,24893.49
2018-02-15,28,2,0,26,1336,30,25200.37
2018-02-16,17,13,0,4,1340,30,25219.38
2018-02-20,9,21,0,-12,1328,30,24964.75
2018-02-21,7,23,0,-16,1312,30,24797.78
2018-02-22,20,9,1,11,1323,30,24962.48
2018-02-23,30,0,0,30,1353,30,25309.99
2018-02-26,29,1,0,28,1381,30,25709.27
2018-02-27,1,29,0,-28,1353,30,25410.03
2018-02-28,2,28,0,-26,1327,30,25029.20
2018-03-01,4,26,0,-22,1305,30,24608.98
2018-03-02,19,11,0,8,1313,30,24538.06
2018-03-05,28,2,0,26,1339,30,24874.76
2018-03-06,17,13,0,4,1343,30,24884.12
2018-03-07,14,16,0,-2,1341,30,24801.36
2018-03-08,23,7,0,16,1357,30,24895.21
2018-03-09,30,0,0,30,1387,30,25335.74
2018-03-12,12,18,0,-6,1381,30,25178.61
2018-03-13,7,23,0,-16,1365,30,25007.03
2018-03-14,9,21,0,-12,1353,30,24758.12
2018-03-15,21,9,0,12,1365,30,24873.66
2018-03-16,18,12,0,6,1371,30,24946.51
2018-03-19,1,29,0,-28,1343,30,24610.91
2018-03-20,23,7,0,16,1359,30,24727.27
2018-03-21,9,21,0,-12,1347,30,24682.31
2018-03-22,0,30,0,-30,1317,30,23957.89
2018-03-23,2,28,0,-26,1291,30,23533.20
2018-03-26,30,0,0,30,1321,30,24202.60
2018-03-27,3,27,0,-24,1297,30,23857.71
2018-03-28,13,17,0,-4,1293,30,23848.42
2018-03-29,27,3,0,24,1317,30,24103.11
2018-04-02,2,28,0,-26,1291,30,23644.19
2018-04-03,29,1,0,28,1319,30,24033.36
2018-04-04,28,2,0,26,1345,30,24264.30
2018-04-05,24,6,0,18,1363,30,24505.22
2018-04-06,0,30,0,-30,1333,30,23932.76
2018-04-09,20,10,0,10,1343,30,23979.10
2018-04-10,28,2,0,26,1369,30,24408.00
2018-04-11,3,26,1,-23,1346,30,24189.45
2018-04-12,23,7,0,16,1362,30,24483.05
2018-04-13,11,19,0,-8,1354,30,24360.14
2018-04-16,24,6,0,18,1372,30,24573.04
2018-04-17,25,4,1,21,1393,30,24786.63
2018-04-18,14,16,0,-2,1391,30,24748.07
2018-04-19,7,23,0,-16,1375,30,24664.89
2018-04-20,5,25,0,-20,1355,30,24462.94
2018-04-23,15,15,0,0,1355,30,24448.69
2018-04-24,2,28,0,-26,1329,30,24024.13
2018-04-25,14,16,0,-2,1327,30,24083.83
2018-04-26,24,6,0,18,1345,30,24322.34
2018-04-27,16,14,0,2,1347,30,24311.19
2018-04-30,6,24,0,-18,1329,30,24163.15
2018-05-01,13,16,1,-3,1326,30,24099.05
2018-05-02,5,25,0,-20,1306,30,23924.98
2018-05-03,15,15,0,0,1306,30,23930.15
2018-05-04,29,1,0,28,1334,30,24262.51
2018-05-07,19,11,0,8,1342,30,24357.32
2018-05-08,13,17,0,-4,1338,30,24360.21
2018-05-09,24,6,0,18,1356,30,24542.54
2018-05-10,28,2,0,26,1382,30,24739.53
2018-05-11,19,11,0,8,1390,30,24831.17
2018-05-14,17,13,0,4,1394,30,24899.41
2018-05-15,5,25,0,-20,1374,30,24706.41
2018-05-16,19,11,0,8,1382,30,24768.93
2018-05-17,11,19,0,-8,1374,30,24713.98
2018-05-18,12,17,1,-5,1369,30,24715.09
2018-05-21,26,4,0,22,1391,30,25013.29
2018-05-22,8,22,0,-14,1377,30,24834.41
2018-05-23,20,10,0,10,1387,30,24886.81
2018-05-24,10,20,0,-10,1377,30,24811.76
2018-05-25,15,15,0,0,1377,30,24753.09
2018-05-29,2,28,0,-26,1351,30,24361.45
2018-05-30,27,3,0,24,1375,30,24667.78
2018-05-31,4,26,0,-22,1353,30,24415.84
2018-06-01,27,3,0,24,1377,30,24635.21
2018-06-04,27,3,0,24,1401,30,24813.69
2018-06-05,14,16,0,-2,1399,30,24799.98
2018-06-06,26,4,0,22,1421,30,25146.39
2018-06-07,17,13,0,4,1425,30,25241.41
2018-06-08,18,12,0,6,1431,30,25316.53
2018-06-11,18,12,0,6,1437,30,25322.31
2018-06-12,17,13,0,4,1441,30,25320.73
2018-06-13,8,22,0,-14,1427,30,25201.20
2018-06-14,14,16,0,-2,1425,30,25175.31
2018-06-15,13,16,1,-3,1422,30,25090.48
2018-06-18,8,22,0,-14,1408,30,24987.47
2018-06-19,8,21,1,-13,1395,30,24700.21
2018-06-20,12,17,1,-5,1390,30,24657.80
2018-06-21,4,26,0,-22,1368,30,24461.70
2018-06-22,19,11,0,8,1376,30,24580.89
2018-06-25,6,24,0,-18,1358,30,24252.80
2018-06-26,17,13,0,4,1362,30,24283.11
2018-06-27,2,28,0,-26,1336,30,24117.59
2018-06-28,24,6,0,18,1354,30,24216.05
2018-06-29,17,13,0,4,1358,30,24271.41
2018-07-02,21,9,0,12,1370,30,24307.18
2018-07-03,10,20,0,-10,1360,30,24174.82
2018-07-05,27,3,0,24,1384,30,24356.74
2018-07-06,25,5,0,20,1404,30,24456.48
2018-07-09,26,4,0,22,1426,30,24776.59
2018-07-10,25,4,1,21,1447,30,24919.66
2018-07-11,7,23,0,-16,1431,30,24700.45
2018-07-12,26,4,0,22,1453,30,24924.89
2018-07-13,18,12,0,6,1459,30,25019.41
2018-07-16,12,18,0,-6,1453,30,25064.36
2018-07-17,21,9,0,12,1465,30,25119.89
2018-07-18,15,15,0,0,1465,30,25199.29
2018-07-19,9,21,0,-12,1453,30,25064.50
2018-07-20,14,16,0,-2,1451,30,25058.12
2018-07-23,13,17,0,-4,1447,30,25044.29
2018-07-24,22,7,1,15,1462,30,25241.94
2018-07-25,26,4,0,22,1484,30,25414.10
2018-07-26,19,11,0,8,1492,30,25527.07
2018-07-27,11,19,0,-8,1484,30,25451.06
2018-07-30,12,18,0,-6,1478,30,25306.83
2018-07-31,19,11,0,8,1486,30,25415.19
2018-08-01,11,19,0,-8,1478,30,25333.82
2018-08-02,16,14,0,2,1480,30,25326.16
2018-08-03,24,6,0,18,1498,30,25462.58
2018-08-06,22,8,0,14,1512,30,25502.18
2018-08-07,24,6,0,18,1530,30,25628.91
2018-08-08,15,15,0,0,1530,30,25583.75
2018-08-09,15,15,0,0,1530,30,25509.23
2018-08-10,5,24,1,-19,1511,30,25313.14
2018-08-13,9,21,0,-12,1499,30,25187.70
2018-08-14,23,7,0,16,1515,30,25299.92
2018-08-15,11,19,0,-8,1507,30,25162.41
2018-08-16,26,4,0,22,1529,30,25558.73
2018-08-17,18,9,3,9,1538,30,25669.32
2018-08-20,19,11,0,8,1546,30,25758.69
2018-08-21,17,13,0,4,1550,30,25822.29
2018-08-22,12,18,0,-6,1544,30,25733.60
2018-08-23,15,15,0,0,1544,30,25656.98
2018-08-24,23,7,0,16,1560,30,25790.35
2018-08-27,26,4,0,22,1582,30,26049.64
2018-08-28,15,15,0,0,1582,30,26064.02
2018-08-29,22,8,0,14,1596,30,26124.57
2018-08-30,5,25,0,-20,1576,30,25986.92
2018-08-31,15,15,0,0,1576,30,25964.82
2018-09-04,15,15,0,0,1576,30,25952.48
2018-09-05,16,14,0,2,1578,30,25974.99
2018-09-06,17,13,0,4,1582,30,25995.87
2018-09-07,10,20,0,-10,1572,30,25916.54
2018-09-10,18,12,0,6,1578,30,25857.07
2018-09-11,17,13,0,4,1582,30,25971.06
2018-09-12,17,13,0,4,1586,30,25998.92
2018-09-13,25,5,0,20,1606,30,26145.99
2018-09-14,12,18,0,-6,1600,30,26154.67
2018-09-17,13,17,0,-4,1596,30,26062.12
2018-09-18,24,5,1,19,1615,30,26246.96
2018-09-19,19,10,1,9,1624,30,26405.76
2018-09-20,27,3,0,24,1648,30,26656.98
2018-09-21,19,10,1,9,1657,30,26743.50
2018-09-24,10,20,0,-10,1647,30,26562.05
2018-09-25,15,15,0,0,1647,30,26492.21
2018-09-26,10,20,0,-10,1637,30,26385.28
2018-09-27,17,13,0,4,1641,30,26439.93
2018-09-28,17,13,0,4,1645,30,26458.31
2018-10-01,24,6,0,18,1663,30,26651.21
2018-10-02,19,11,0,8,1671,30,26773.94
2018-10-03,15,15,0,0,1671,30,26828.39
2018-10-04,5,25,0,-20,1651,30,26627.48
2018-10-05,8,22,0,-14,1637,30,26447.05
2018-10-08,16,14,0,2,1639,30,26486.78
2018-10-09,12,18,0,-6,1633,30,26430.57
2018-10-10,0,30,0,-30,1603,30,25598.74
2018-10-11,1,29,0,-28,1575,30,25052.83
2018-10-12,26,4,0,22,1597,30,25339.99
2018-10-15,9,21,0,-12,1585,30,25250.55
2018-10-16,30,0,0,30,1615,30,25798.42
2018-10-17,16,14,0,2,1617,30,25706.68
2018-10-18,4,26,0,-22,1595,30,25379.45
2018-10-19,14,16,0,-2,1593,30,25444.34
2018-10-22,13,17,0,-4,1589,30,25317.41
2018-10-23,9,21,0,-12,1577,30,25191.43
2018-10-24,4,26,0,-22,1555,30,24583.42
2018-10-25,23,7,0,16,1571,30,24984.55
2018-10-26,3,27,0,-24,1547,30,24688.31
2018-10-29,12,18,0,-6,1541,30,24442.92
2018-10-30,26,4,0,22,1563,30,24874.64
2018-10-31,24,6,0,18,1581,30,25115.76
2018-11-01,20,10,0,10,1591,30,25380.74
2018-11-02,12,17,1,-5,1586,30,25270.83
2018-11-05,23,6,1,17,1603,30,25461.70
2018-11-06,23,7,0,16,1619,30,25635.01
2018-11-07,29,1,0,28,1647,30,26180.30
2018-11-08,19,11,0,8,1655,30,26191.22
2018-11-09,9,21,0,-12,1643,30,25989.30
2018-11-12,3,27,0,-24,1619,30,25387.18
2018-11-13,11,18,1,-7,1612,30,25286.49
2018-11-14,5,24,1,-19,1593,30,25080.50
2018-11-15,22,8,0,14,1607,30,25289.27
2018-11-16,17,13,0,4,1611,30,25413.22
2018-11-19,7,23,0,-16,1595,30,25017.44
2018-11-20,3,27,0,-24,1571,30,24465.64
2018-11-21,18,12,0,6,1577,30,24464.69
2018-11-23,7,23,0,-16,1561,30,24285.95
2018-11-26,27,3,0,24,1585,30,24640.24
2018-11-27,20,10,0,10,1595,30,24748.73
2018-11-28,30,0,0,30,1625,30,25366.43
2018-11-29,12,18,0,-6,1619,30,25338.84
2018-11-30,25,5,0,20,1639,30,25538.46
2018-12-03,22,8,0,14,1653,30,25826.43
2018-12-04,0,30,0,-30,1623,30,25027.07
2018-12-06,16,14,0,2,1625,30,24947.67
2018-12-07,0,30,0,-30,1595,30,24388.95
2018-12-10,18,12,0,6,1601,30,24423.26
2018-12-11,13,17,0,-4,1597,30,24370.24
2018-12-12,26,4,0,22,1619,30,24527.27
2018-12-13,17,13,0,4,1623,30,24597.38
2018-12-14,3,27,0,-24,1599,30,24100.51
2018-12-17,0,30,0,-30,1569,30,23592.98
2018-12-18,17,13,0,4,1573,30,23675.64
2018-12-19,0,30,0,-30,1543,30,23323.66
2018-12-20,1,29,0,-28,1515,30,22859.60
2018-12-21,3,27,0,-24,1491,30,22445.37
2018-12-24,0,30,0,-30,1461,30,21792.20
2018-12-26,30,0,0,30,1491,30,22878.45
2018-12-27,27,3,0,24,1515,30,23138.82
2018-12-28,7,23,0,-16,1499,30,23062.40
2018-12-31,28,2,0,26,1525,30,23327.46
2019-01-02,14,16,0,-2,1523,30,23346.24
2019-01-03,0,30,0,-30,1493,30,22686.22
2019-01-04,30,0,0,30,1523,30,23433.16
2019-01-07,22,8,0,14,1537,30,23531.35
2019-01-08,24,6,0,18,1555,30,23787.45
2019-01-09,18,12,0,6,1561,30,23879.12
2019-01-10,20,10,0,10,1571,30,24001.92
2019-01-11,14,16,0,-2,1569,30,23995.95
2019-01-14,9,21,0,-12,1557,30,23909.84
2019-01-15,22,8,0,14,1571,30,24065.59
2019-01-16,16,13,1,3,1574,30,24207.16
2019-01-17,26,4,0,22,1596,30,24370.10
2019-01-18,30,0,0,30,1626,30,24706.35
2019-01-22,4,26,0,-22,1604,30,24404.48
2019-01-23,18,11,1,7,1611,30,24575.62
2019-01-24,14,16,0,-2,1609,30,24553.24
2019-01-25,23,7,0,16,1625,30,24737.20
2019-01-28,6,24,0,-18,1607,30,24528.22
2019-01-29,17,13,0,4,1611,30,24579.96
2019-01-30,26,4,0,22,1633,30,25014.86
2019-01-31,22,8,0,14,1647,30,24999.67
2019-02-01,16,14,0,2,1649,30,25063.89
2019-02-04,25,5,0,20,1669,30,25239.37
2019-02-05,23,6,1,17,1686,30,25411.52
2019-02-06,14,15,1,-1,1685,30,25390.30
2019-02-07,3,27,0,-24,1661,30,25169.53
2019-02-08,17,13,0,4,1665,30,25106.33
2019-02-11,13,17,0,-4,1661,30,25053.11
2019-02-12,28,2,0,26,1687,30,25425.76
2019-02-13,23,7,0,16,1703,30,25543.27
2019-02-14,9,21,0,-12,1691,30,25439.39
2019-02-15,25,5,0,20,1711,30,25883.25
2019-02-19,11,19,0,-8,1703,30,25891.32
2019-02-20,18,12,0,6,1709,30,25954.44
2019-02-21,9,21,0,-12,1697,30,25850.63
2019-02-22,26,4,0,22,1719,30,26031.81
2019-02-25,19,11,0,8,1727,30,26091.95
2019-02-26,17,13,0,4,1731,30,26057.98
2019-02-27,16,13,1,3,1734,30,25985.16
2019-02-28,14,16,0,-2,1732,30,25916.00
2019-03-01,27,3,0,24,1756,30,26026.32
2019-03-04,12,18,0,-6,1750,30,25819.65
2019-03-05,12,18,0,-6,1744,30,25806.63
2019-03-06,8,22,0,-14,1730,30,25673.46
2019-03-07,1,29,0,-28,1702,30,25473.23
2019-03-08,12,18,0,-6,1696,30,25450.24
2019-03-11,29,1,0,28,1724,30,25650.88
2019-03-12,21,9,0,12,1736,30,25554.66
2019-03-13,28,2,0,26,1762,30,25702.89
2019-03-14,22,8,0,14,1776,30,25709.94
2019-03-15,24,6,0,18,1794,30,25848.87
2019-03-18,21,9,0,12,1806,30,25914.10
2019-03-19,18,12,0,6,1812,30,25887.38
2019-03-20,7,23,0,-16,1796,30,25745.67
2019-03-21,26,4,0,22,1818,30,25962.51
2019-03-22,3,27,0,-24,1794,30,25502.32
2019-03-25,12,18,0,-6,1788,30,25516.83
2019-03-26,23,7,0,16,1804,30,25657.73
2019-03-27,7,23,0,-16,1788,30,25625.59
2019-03-28,27,3,0,24,1812,30,25717.46
2019-03-29,28,2,0,26,1838,30,25928.68
2019-04-01,25,5,0,20,1858,30,26258.42
2019-04-02,12,18,0,-6,1852,30,26179.13
2019-04-03,19,10,1,9,1861,30,26218.13
2019-04-04,17,13,0,4,1865,30,26384.63
2019-04-05,24,6,0,18,1883,30,26424.99
2019-04-08,15,15,0,0,1883,30,26341.02
2019-04-09,4,26,0,-22,1861,30,26150.58
2019-04-10,21,9,0,12,1873,30,26157.16
2019-04-11,16,14,0,2,1875,30,26143.05
2019-04-12,21,9,0,12,1887,30,26412.30
2019-04-15,17,13,0,4,1891,30,26384.77
2019-04-16,20,10,0,10,1901,30,26452.66
2019-04-17,17,13,0,4,1905,30,26449.54
2019-04-18,20,10,0,10,1915,30,26559.54
2019-04-22,12,18,0,-6,1909,30,26511.05
2019-04-23,26,4,0,22,1931,30,26656.39
2019-04-24,12,18,0,-6,1925,30,26597.05
2019-04-25,15,15,0,0,1925,30,26462.08
2019-04-26,22,8,0,14,1939,30,26543.33
2019-04-29,14,16,0,-2,1937,30,26554.39
2019-04-30,17,13,0,4,1941,30,26592.91
2019-05-01,4,26,0,-22,1919,30,26430.14
2019-05-02,12,18,0,-6,1913,30,26307.79
2019-05-03,26,3,1,23,1936,30,26504.95
2019-05-06,10,20,0,-10,1926,30,26438.48
2019-05-07,0,30,0,-30,1896,30,25965.09
2019-05-08,13,17,0,-4,1892,30,25967.33
2019-05-09,7,23,0,-16,1876,30,25828.36
2019-05-10,20,9,1,11,1887,30,25942.37
2019-05-13,1,29,0,-28,1859,30,25324.99
2019-05-14,25,5,0,20,1879,30,25532.05
2019-05-15,22,8,0,14,1893,30,25648.02
2019-05-16,26,4,0,22,1915,30,25862.68
2019-05-17,8,22,0,-14,1901,30,25764.00
2019-05-20,9,21,0,-12,1889,30,25679.90
2019-05-21,23,7,0,16,1905,30,25877.33
2019-05-22,14,16,0,-2,1903,30,25776.61
2019-05-23,6,24,0,-18,1885,30,25490.47
2019-05-24,21,9,0,12,1897,30,25585.69
2019-05-28,4,26,0,-22,1875,30,25347.77
2019-05-29,2,28,0,-26,1849,30,25126.41
2019-05-30,20,10,0,10,1859,30,25169.88
2019-05-31,1,29,0,-28,1831,30,24815.04
2019-06-03,18,12,0,6,1837,30,24819.78
2019-06-04,30,0,0,30,1867,30,25332.18
2019-06-05,24,6,0,18,1885,30,25539.57
2019-06-06,25,5,0,20,1905,30,25720.66
2019-06-07,28,1,1,27,1932,30,25983.94
2019-06-10,21,9,0,12,1944,30,26062.68
2019-06-11,17,13,0,4,1948,30,26048.51
2019-06-12,15,15,0,0,1948,30,26004.83
2019-06-13,20,10,0,10,1958,30,26106.77
2019-06-14,14,16,0,-2,1956,30,26089.61
2019-06-17,16,14,0,2,1958,30,26112.53
2019-06-18,24,6,0,18,1976,30,26465.54
2019-06-19,21,9,0,12,1988,30,26504.00
2019-06-20,28,2,0,26,2014,30,26753.17
2019-06-21,10,20,0,-10,2004,30,26719.13
2019-06-24,18,12,0,6,2010,30,26727.54
2019-06-25,4,26,0,-22,1988,30,26548.22
2019-06-26,14,16,0,-2,1986,30,26536.82
2019-06-27,19,10,1,9,1995,30,26526.58
2019-06-28,19,11,0,8,2003,30,26599.96
2019-07-01,27,3,0,24,2027,30,26717.43
2019-07-02,21,9,0,12,2039,30,26786.68
2019-07-03,28,2,0,26,2065,30,26966.00
2019-07-05,11,19,0,-8,2057,30,26922.12
2019-07-08,9,21,0,-12,2045,30,26806.14
2019-07-09,15,15,0,0,2045,30,26783.49
2019-07-10,18,11,1,7,2052,30,26860.20
2019-07-11,22,8,0,14,2066,30,27088.08
2019-07-12,25,5,0,20,2086,30,27332.03
2019-07-15,22,7,1,15,2101,30,27359.16
2019-07-16,10,20,0,-10,2091,30,27335.63
2019-07-17,7,23,0,-16,2075,30,27219.85
2019-07-18,20,10,0,10,2085,30,27222.97
2019-07-19,5,25,0,-20,2065,30,27154.20
2019-07-22,18,12,0,6,2071,30,27171.90
2019-07-23,22,8,0,14,2085,30,27349.19
2019-07-24,14,15,1,-1,2084,30,27269.97
2019-07-25,10,19,1,-9,2075,30,27140.98
2019-07-26,20,10,0,10,2085,30,27192.45
2019-07-29,15,15,0,0,2085,30,27221.35
2019-07-30,11,19,0,-8,2077,30,27198.02
2019-07-31,3,27,0,-24,2053,30,26864.27
2019-08-01,7,23,0,-16,2037,30,26583.42
2019-08-02,10,20,0,-10,2027,30,26485.01
2019-08-05,0,30,0,-30,1997,30,25717.74
2019-08-06,27,3,0,24,2021,30,26029.52
2019-08-07,13,17,0,-4,2017,30,26007.07
2019-08-08,30,0,0,30,2047,30,26378.19
2019-08-09,9,21,0,-12,2035,30,26287.44
2019-08-12,1,29,0,-28,2007,30,25896.44
2019-08-13,29,1,0,28,2035,30,26279.91
2019-08-14,0,30,0,-30,2005,30,25479.42
2019-08-15,21,9,0,12,2017,30,25579.39
2019-08-16,30,0,0,30,2047,30,25886.01
2019-08-19,26,4,0,22,2069,30,26135.79
2019-08-20,3,27,0,-24,2045,30,25962.44
2019-08-21,29,1,0,28,2073,30,26202.73
2019-08-22,13,17,0,-4,2069,30,26252.24
2019-08-23,2,28,0,-26,2043,30,25628.90
2019-08-26,30,0,0,30,2073,30,25898.83
2019-08-27,11,19,0,-8,2065,30,25777.90
2019-08-28,25,5,0,20,2085,30,26036.10
2019-08-29,26,4,0,22,2107,30,26362.25
2019-08-30,17,13,0,4,2111,30,26403.28
2019-09-03,9,21,0,-12,2099,30,26118.02
2019-09-04,27,3,0,24,2123,30,26355.47
2019-09-05,25,5,0,20,2143,30,26728.15
2019-09-06,17,13,0,4,2147,30,26797.46
2019-09-09,11,19,0,-8,2139,30,26835.51
2019-09-10,15,15,0,0,2139,30,26909.43
2019-09-11,21,9,0,12,2151,30,27137.04
2019-09-12,21,9,0,12,2163,30,27182.45
2019-09-13,17,13,0,4,2167,30,27219.52
2019-09-16,5,25,0,-20,2147,30,27076.82
2019-09-17,19,11,0,8,2155,30,27110.80
2019-09-18,18,12,0,6,2161,30,27147.08
2019-09-19,14,16,0,-2,2159,30,27094.79
2019-09-20,10,20,0,-10,2149,30,26935.07
2019-09-23,18,11,1,7,2156,30,26949.99
2019-09-24,7,23,0,-16,2140,30,26807.77
2019-09-25,22,8,0,14,2154,30,26970.71
2019-09-26,12,18,0,-6,2148,30,26891.12
2019-09-27,11,19,0,-8,2140,30,26820.25
2019-09-30,19,10,1,9,2149,30,26916.83
2019-10-01,4,26,0,-22,2127,30,26573.04
2019-10-02,1,29,0,-28,2099,30,26078.62
2019-10-03,23,7,0,16,2115,30,26201.04
2019-10-04,30,0,0,30,2145,30,26573.72
2019-10-07,11,19,0,-8,2137,30,26478.02
2019-10-08,1,29,0,-28,2109,30,26164.04
2019-10-09,28,2,0,26,2135,30,26346.01
2019-10-10,20,9,1,11,2146,30,26496.67
2019-10-11,25,5,0,20,2166,30,26816.59
2019-10-14,13,15,2,-2,2164,30,26787.36
2019-10-15,25,5,0,20,2184,30,27024.80
2019-10-16,12,18,0,-6,2178,30,27001.98
2019-10-17,20,10,0,10,2188,30,27025.88
2019-10-18,12,18,0,-6,2182,30,26770.20
2019-10-21,21,9,0,12,2194,30,26827.64
2019-10-22,15,14,1,1,2195,30,26788.10
2019-10-23,18,12,0,6,2201,30,26833.95
2019-10-24,11,19,0,-8,2193,30,26805.53
2019-10-25,20,10,0,10,2203,30,26958.06
2019-10-28,23,7,0,16,2219,30,27090.72
2019-10-29,11,19,0,-8,2211,30,27071.46
2019-10-30,23,7,0,16,2227,30,27186.69
2019-10-31,6,24,0,-18,2209,30,27046.23
2019-11-01,21,9,0,12,2221,30,27347.36
2019-11-04,17,13,0,4,2225,30,27462.11
2019-11-05,15,15,0,0,2225,30,27492.63
2019-11-06,19,11,0,8,2233,30,27492.56
2019-11-07,22,8,0,14,2247,30,27674.80
2019-11-08,19,11,0,8,2255,30,27681.24
2019-11-11,8,22,0,-14,2241,30,27691.49
2019-11-12,19,11,0,8,2249,30,27691.49
2019-11-13,14,16,0,-2,2247,30,27783.59
2019-11-14,16,14,0,2,2249,30,27781.96
2019-11-15,21,9,0,12,2261,30,28004.89
2019-11-18,15,15,0,0,2261,30,28036.22
2019-11-19,16,14,0,2,2263,30,27934.02
2019-11-20,11,19,0,-8,2255,30,27821.09
2019-11-21,10,20,0,-10,2245,30,27766.29
2019-11-22,21,9,0,12,2257,30,27875.62
2019-11-25,23,7,0,16,2273,30,28066.47
2019-11-26,18,12,0,6,2279,30,28121.68
2019-11-27,19,11,0,8,2287,30,28164.00
2019-11-29,8,22,0,-14,2273,30,28051.41
2019-12-02,5,25,0,-20,2253,30,27783.04
2019-12-03,7,23,0,-16,2237,30,27502.81
2019-12-04,22,8,0,14,2251,30,27649.78
2019-12-05,17,13,0,4,2255,30,27677.79
2019-12-06,27,3,0,24,2279,30,28015.06
2019-12-09,9,20,1,-11,2268,30,27909.60
2019-12-10,14,16,0,-2,2266,30,27881.72
2019-12-11,18,12,0,6,2272,30,27911.30
2019-12-12,27,3,0,24,2296,30,28132.05
2019-12-13,18,12,0,6,2302,30,28135.38
2019-12-16,24,5,1,19,2321,30,28235.89
2019-12-17,15,13,2,2,2323,30,28267.16
2019-12-18,9,21,0,-12,2311,30,28239.28
2019-12-19,24,6,0,18,2329,30,28376.96
2019-12-20,19,11,0,8,2337,30,28455.09
2019-12-23,14,15,1,-1,2336,30,28551.53
2019-12-24,12,18,0,-6,2330,30,28515.45
2019-12-26,23,6,1,17,2347,30,28621.39
2019-12-27,19,11,0,8,2355,30,28645.26
2019-12-30,1,29,0,-28,2327,30,28462.14
2019-12-31,26,4,0,22,2349,30,28538.44
2020-01-02,25,5,0,20,2369,30,28868.80
2020-01-03,0,30,0,-30,2339,30,28634.88
2020-01-06,17,13,0,4,2343,30,28703.38
2020-01-07,10,20,0,-10,2333,30,28583.68
2020-01-08,22,8,0,14,2347,30,28745.09
2020-01-09,23,7,0,16,2363,30,28956.90
2020-01-10,10,20,0,-10,2353,30,28823.77
2020-01-13,22,8,0,14,2367,30,28907.05
2020-01-14,15,15,0,0,2367,30,28939.67
2020-01-15,17,13,0,4,2371,30,29030.22
2020-01-16,28,2,0,26,2397,30,29297.64
2020-01-17,20,10,0,10,2407,30,29348.10
2020-01-21,12,18,0,-6,2401,30,29196.04
2020-01-22,15,15,0,0,2401,30,29186.27
2020-01-23,13,17,0,-4,2397,30,29160.09
2020-01-24,5,25,0,-20,2377,30,28989.73
2020-01-27,4,26,0,-22,2355,30,28535.80
2020-01-28,27,3,0,24,2379,30,28722.85
2020-01-29,12,17,1,-5,2374,30,28734.45
2020-01-30,19,11,0,8,2382,30,28859.44
2020-01-31,3,27,0,-24,2358,30,28256.03
2020-02-03,22,8,0,14,2372,30,28399.81
2020-02-04,27,3,0,24,2396,30,28807.63
2020-02-05,21,9,0,12,2408,30,29290.85
2020-02-06,16,14,0,2,2410,30,29379.77
2020-02-07,5,25,0,-20,2390,30,29102.51
2020-02-10,24,6,0,18,2408,30,29276.82
2020-02-11,18,11,1,7,2415,30,29276.34
2020-02-12,22,7,1,15,2430,30,29551.42
2020-02-13,9,21,0,-12,2418,30,29423.31
2020-02-14,19,11,0,8,2426,30,29398.08
2020-02-18,10,20,0,-10,2416,30,29232.19
2020-02-19,21,9,0,12,2428,30,29348.03
2020-02-20,9,20,1,-11,2417,30,29219.98
2020-02-21,8,22,0,-14,2403,30,28992.41
2020-02-24,0,30,0,-30,2373,30,27960.80
2020-02-25,0,30,0,-30,2343,30,27081.36
2020-02-26,9,21,0,-12,2331,30,26957.59
2020-02-27,1,29,0,-28,2303,30,25766.64
2020-02-28,8,22,0,-14,2289,30,25409.36
2020-03-02,30,0,0,30,2319,30,26703.32
2020-03-03,2,28,0,-26,2293,30,25917.41
2020-03-04,30,0,0,30,2323,30,27090.86
2020-03-05,0,30,0,-30,2293,30,26121.28
2020-03-06,10,20,0,-10,2283,30,25864.78
2020-03-09,0,30,0,-30,2253,30,23851.02
2020-03-10,30,0,0,30,2283,30,25018.16
2020-03-11,0,30,0,-30,2253,30,23553.22
2020-03-12,0,30,0,-30,2223,30,21200.62
2020-03-13,30,0,0,30,2253,30,23185.62
2020-03-16,0,30,0,-30,2223,30,20188.52
2020-03-17,26,4,0,22,2245,30,21237.38
2020-03-18,4,26,0,-22,2223,30,19898.92
2020-03-19,20,10,0,10,2233,30,20087.19
2020-03-20,3,27,0,-24,2209,30,19173.98
2020-03-23,6,24,0,-18,2191,30,18591.93
2020-03-24,30,0,0,30,2221,30,20704.91
2020-03-25,15,15,0,0,2221,30,21200.55
2020-03-26,30,0,0,30,2251,30,22552.17
2020-03-27,2,28,0,-26,2225,30,21636.78
2020-03-30,29,1,0,28,2253,30,22327.48
2020-03-31,4,26,0,-22,2231,30,21917.16
2020-04-01,1,29,0,-28,2203,30,20943.51
2020-04-02,28,2,0,26,2229,30,21413.44
2020-04-03,4,26,0,-22,2207,30,21052.53
2020-04-06,30,0,0,30,2237,30,22679.99
2020-04-07,13,17,0,-4,2233,30,22653.86
2020-04-08,28,2,0,26,2259,30,23433.57
2020-04-09,17,13,0,4,2263,30,23719.37
2020-04-13,10,20,0,-10,2253,30,23390.77
2020-04-14,25,5,0,20,2273,30,23949.76
2020-04-15,6,24,0,-18,2255,30,23504.35
2020-04-16,16,14,0,2,2257,30,23537.68
2020-04-17,25,5,0,20,2277,30,24242.49
2020-04-20,5,25,0,-20,2257,30,23650.44
2020-04-21,0,29,1,-29,2228,30,23018.88
2020-04-22,27,3,0,24,2252,30,23475.82
2020-04-23,15,15,0,0,2252,30,23515.26
2020-04-24,27,3,0,24,2276,30,23775.27
2020-04-27,23,7,0,16,2292,30,24133.78
2020-04-28,12,18,0,-6,2286,30,24101.55
2020-04-29,23,7,0,16,2302,30,24633.86
2020-04-30,9,21,0,-12,2290,30,24345.72
2020-05-01,1,29,0,-28,2262,30,23723.69
2020-05-04,15,15,0,0,2262,30,23749.76
2020-05-05,23,7,0,16,2278,30,23883.09
2020-05-06,9,21,0,-12,2266,30,23664.64
2020-05-07,19,11,0,8,2274,30,23875.89
2020-05-08,30,0,0,30,2304,30,24331.32
2020-05-11,15,15,0,0,2304,30,24221.99
2020-05-12,1,29,0,-28,2276,30,23764.78
2020-05-13,2,28,0,-26,2250,30,23247.97
2020-05-14,24,6,0,18,2268,30,23625.34
2020-05-15,20,10,0,10,2278,30,23685.42
2020-05-18,28,2,0,26,2304,30,24597.37
2020-05-19,4,26,0,-22,2282,30,24206.86
2020-05-20,27,3,0,24,2306,30,24575.90
2020-05-21,7,23,0,-16,2290,30,24474.12
2020-05-22,16,14,0,2,2292,30,24465.16
2020-05-26,21,9,0,12,2304,30,24995.11
2020-05-27,24,6,0,18,2322,30,25548.27
2020-05-28,13,17,0,-4,2318,30,25400.64
2020-05-29,17,13,0,4,2322,30,25383.11
2020-06-01,18,12,0,6,2328,30,25475.02
2020-06-02,25,5,0,20,2348,30,25742.65
2020-06-03,23,7,0,16,2364,30,26269.89
2020-06-04,11,19,0,-8,2356,30,26281.82
2020-06-05,29,1,0,28,2384,30,27110.98
2020-06-08,23,7,0,16,2400,30,27572.44
2020-06-09,7,23,0,-16,2384,30,27272.30
2020-06-10,10,20,0,-10,2374,30,26989.99
2020-06-11,0,30,0,-30,2344,30,25128.17
2020-06-12,25,5,0,20,2364,30,25605.54
2020-06-15,24,6,0,18,2382,30,25763.16
2020-06-16,29,1,0,28,2410,30,26289.98
2020-06-17,10,20,0,-10,2400,30,26119.61
2020-06-18,12,18,0,-6,2394,30,26080.10
2020-06-19,9,21,0,-12,2382,30,25871.46
2020-06-22,16,14,0,2,2384,30,26024.96
2020-06-23,16,14,0,2,2386,30,26156.10
2020-06-24,0,30,0,-30,2356,30,25445.94
2020-06-25,24,6,0,18,2374,30,25745.60
2020-06-26,1,29,0,-28,2346,30,25015.55
2020-06-29,27,3,0,24,2370,30,25595.80
2020-06-30,28,2,0,26,2396,30,25812.88
2020-07-01,13,17,0,-4,2392,30,25734.97
2020-07-02,23,6,1,17,2409,30,25827.36
2020-07-06,28,2,0,26,2435,30,26287.03
2020-07-07,3,27,0,-24,2411,30,25890.18
2020-07-08,23,7,0,16,2427,30,26067.28
2020-07-09,10,20,0,-10,2417,30,25706.09
2020-07-10,24,6,0,18,2435,30,26075.30
2020-07-13,16,14,0,2,2437,30,26085.80
2020-07-14,29,1,0,28,2465,30,26642.59
2020-07-15,22,8,0,14,2479,30,26870.10
2020-07-16,13,17,0,-4,2475,30,26734.71
2020-07-17,15,15,0,0,2475,30,26671.95
2020-07-20,13,17,0,-4,2471,30,26680.87
2020-07-21,19,11,0,8,2479,30,26840.40
2020-07-22,22,8,0,14,2493,30,27005.84
2020-07-23,5,25,0,-20,2473,30,26652.33
2020-07-24,9,21,0,-12,2461,30,26469.89
2020-07-27,21,9,0,12,2473,30,26584.77
2020-07-28,9,21,0,-12,2461,30,26379.28
2020-07-29,21,9,0,12,2473,30,26539.57
2020-07-30,8,21,1,-13,2460,30,26313.65
2020-07-31,12,18,0,-6,2454,30,26428.32
2020-08-03,19,11,0,8,2462,30,26664.40
2020-08-04,18,12,0,6,2468,30,26828.47
2020-08-05,20,10,0,10,2478,30,27201.52
2020-08-06,21,9,0,12,2490,30,27386.98
2020-08-07,17,13,0,4,2494,30,27433.48
2020-08-10,18,12,0,6,2500,30,27791.44
2020-08-11,14,15,1,-1,2499,30,27686.91
2020-08-12,24,6,0,18,2517,30,27976.84
2020-08-13,12,18,0,-6,2511,30,27896.72
2020-08-14,14,16,0,-2,2509,30,27931.02
2020-08-17,15,15,0,0,2509,30,27844.91
2020-08-18,11,19,0,-8,2501,30,27778.07
2020-08-19,9,21,0,-12,2489,30,27692.88
2020-08-20,14,15,1,-1,2488,30,27739.73
2020-08-21,16,14,0,2,2490,30,27930.33
2020-08-24,25,5,0,20,2510,30,28308.46
2020-08-25,14,16,0,-2,2508,30,28248.44
2020-08-26,21,9,0,12,2520,30,28331.92
2020-08-27,21,9,0,12,2532,30,28492.27
2020-08-28,23,7,0,16,2548,30,28653.87
2020-08-31,7,23,0,-16,2532,30,28430.05
2020-09-01,20,10,0,10,2542,30,28645.66
2020-09-02,28,2,0,26,2568,30,29100.50
2020-09-03,1,29,0,-28,2540,30,28292.73
2020-09-04,11,19,0,-8,2532,30,28133.31
2020-09-08,4,26,0,-22,2510,30,27500.89
2020-09-09,27,3,0,24,2534,30,27940.47
2020-09-10,2,28,0,-26,2508,30,27534.58
2020-09-11,19,11,0,8,2516,30,27665.64
2020-09-14,25,5,0,20,2536,30,27993.33
2020-09-15,16,13,1,3,2539,30,27995.60
2020-09-16,12,18,0,-6,2533,30,28032.38
2020-09-17,10,20,0,-10,2523,30,27901.98
2020-09-18,4,26,0,-22,2501,30,27657.42
2020-09-21,6,24,0,-18,2483,30,27147.70
2020-09-22,22,7,1,15,2498,30,27288.18
2020-09-23,2,28,0,-26,2472,30,26763.13
2020-09-24,19,11,0,8,2480,30,26815.44
2020-09-25,26,4,0,22,2502,30,27173.96
2020-09-28,28,2,0,26,2528,30,27584.06
2020-09-29,6,24,0,-18,2510,30,27452.66
2020-09-30,26,4,0,22,2532,30,27781.70
2020-10-01,16,14,0,2,2534,30,27816.90
2020-10-02,12,17,1,-5,2529,30,27682.81
2020-10-05,30,0,0,30,2559,30,28148.64
2020-10-06,2,27,1,-25,2534,30,27772.76
2020-10-07,30,0,0,30,2564,30,28303.46
2020-10-08,22,8,0,14,2578,30,28425.51
2020-10-09,21,9,0,12,2590,30,28586.90
2020-10-12,24,5,1,19,2609,30,28837.52
2020-10-13,10,20,0,-10,2599,30,28679.81
2020-10-14,9,21,0,-12,2587,30,28514.00
2020-10-15,13,17,0,-4,2583,30,28494.20
2020-10-16,20,9,1,11,2594,30,28606.31
2020-10-19,0,30,0,-30,2564,30,28195.42
2020-10-20,25,5,0,20,2584,30,28308.79
2020-10-21,9,21,0,-12,2572,30,28210.82
2020-10-22,20,10,0,10,2582,30,28363.66
2020-10-23,16,13,1,3,2585,30,28335.57
2020-10-26,2,28,0,-26,2559,30,27685.38
2020-10-27,11,19,0,-8,2551,30,27463.19
2020-10-28,2,28,0,-26,2525,30,26519.95
2020-10-29,20,10,0,10,2535,30,26659.11
2020-10-30,11,19,0,-8,2527,30,26501.60
2020-11-02,24,5,1,19,2546,30,26925.05
2020-11-03,27,3,0,24,2570,30,27480.03
2020-11-04,17,13,0,4,2574,30,27847.66
2020-11-05,28,2,0,26,2600,30,28390.18
2020-11-06,13,17,0,-4,2596,30,28323.40
2020-11-09,20,10,0,10,2606,30,29157.97
2020-11-10,20,10,0,10,2616,30,29420.92
2020-11-11,14,16,0,-2,2614,30,29397.63
2020-11-12,5,25,0,-20,2594,30,29080.17
2020-11-13,29,1,0,28,2622,30,29479.81
2020-11-16,27,3,0,24,2646,30,29950.44
2020-11-17,6,24,0,-18,2628,30,29783.35
2020-11-18,3,27,0,-24,2604,30,29438.42
2020-11-19,20,10,0,10,2614,30,29483.23
2020-11-20,5,25,0,-20,2594,30,29263.48
2020-11-23,21,9,0,12,2606,30,29591.27
2020-11-24,25,4,1,21,2627,30,30046.24
2020-11-25,12,18,0,-6,2621,30,29872.47
2020-11-27,17,13,0,4,2625,30,29910.37
2020-11-30,12,18,0,-6,2619,30,29638.64
2020-12-01,21,9,0,12,2631,30,29823.92
2020-12-02,21,9,0,12,2643,30,29883.79
2020-12-03,13,17,0,-4,2639,30,29969.52
2020-12-04,23,7,0,16,2655,30,30218.26
2020-12-07,8,22,0,-14,2641,30,30069.79
2020-12-08,23,6,1,17,2658,30,30173.88
2020-12-09,15,15,0,0,2658,30,30068.81
2020-12-10,9,21,0,-12,2646,30,29999.26
2020-12-11,11,18,1,-7,2639,30,30046.37
2020-12-14,8,22,0,-14,2625,30,29861.55
2020-12-15,26,4,0,22,2647,30,30199.31
2020-12-16,10,19,1,-9,2638,30,30154.54
2020-12-17,21,8,1,13,2651,30,30303.37
2020-12-18,11,19,0,-8,2643,30,30179.05
2020-12-21,12,18,0,-6,2637,30,30216.45
2020-12-22,8,22,0,-14,2623,30,30015.51
2020-12-23,16,14,0,2,2625,30,30129.83
2020-12-24,19,11,0,8,2633,30,30199.87
2020-12-28,23,7,0,16,2649,30,30403.97
2020-12-29,9,21,0,-12,2637,30,30335.67
2020-12-30,17,13,0,4,2641,30,30409.56
2020-12-31,23,7,0,16,2657,30,30606.48
2021-01-04,5,25,0,-20,2637,30,30223.89
2021-01-05,23,7,0,16,2653,30,30391.60
2021-01-06,20,10,0,10,2663,30,30829.40
2021-01-07,21,9,0,12,2675,30,31041.13
2021-01-08,18,12,0,6,2681,30,31097.97
2021-01-11,12,18,0,-6,2675,30,31008.69
2021-01-12,15,15,0,0,2675,30,31068.69
2021-01-13,16,14,0,2,2677,30,31060.47
2021-01-14,12,18,0,-6,2671,30,30991.52
2021-01-15,8,22,0,-14,2657,30,30814.26
2021-01-19,20,10,0,10,2667,30,30930.52
2021-01-20,23,7,0,16,2683,30,31188.38
2021-01-21,12,18,0,-6,2677,30,31176.01
2021-01-22,10,20,0,-10,2667,30,30996.98
2021-01-25,16,14,0,2,2669,30,30960.00
2021-01-26,15,15,0,0,2669,30,30937.04
2021-01-27,3,27,0,-24,2645,30,30303.17
2021-01-28,22,8,0,14,2659,30,30603.36
2021-01-29,1,29,0,-28,2631,30,29982.62
2021-02-01,25,5,0,20,2651,30,30211.91
2021-02-02,26,4,0,22,2673,30,30687.48
2021-02-03,11,19,0,-8,2665,30,30723.60
2021-02-04,26,4,0,22,2687,30,31055.86
2021-02-05,21,9,0,12,2699,30,31148.24
2021-02-08,22,8,0,14,2713,30,31385.76
2021-02-09,10,19,1,-9,2704,30,31375.83
2021-02-10,17,13,0,4,2708,30,31437.80
2021-02-11,15,15,0,0,2708,30,31430.70
2021-02-12,18,12,0,6,2714,30,31458.40
2021-02-16,13,17,0,-4,2710,30,31522.75
2021-02-17,18,12,0,6,2716,30,31613.02
2021-02-18,15,15,0,0,2716,30,31493.34
2021-02-19,11,19,0,-8,2708,30,31494.32
2021-02-22,13,17,0,-4,2704,30,31521.69
2021-02-23,16,14,0,2,2706,30,31537.35
2021-02-24,23,7,0,16,2722,30,31961.86
2021-02-25,3,27,0,-24,2698,30,31402.01
2021-02-26,8,22,0,-14,2684,30,30932.37
2021-03-01,29,1,0,28,2712,30,31535.51
2021-03-02,8,22,0,-14,2698,30,31391.52
2021-03-03,10,20,0,-10,2688,30,31270.09
2021-03-04,4,26,0,-22,2666,30,30924.14
2021-03-05,28,2,0,26,2692,30,31496.30
2021-03-08,23,7,0,16,2708,30,31802.44
2021-03-09,16,14,0,2,2710,30,31832.74
2021-03-10,24,6,0,18,2728,30,32297.02
2021-03-11,17,13,0,4,2732,30,32485.59
2021-03-12,20,10,0,10,2742,30,32778.64
2021-03-15,19,11,0,8,2750,30,32953.46
2021-03-16,16,14,0,2,2752,30,32825.95
2021-03-17,18,12,0,6,2758,30,33015.37
2021-03-18,9,21,0,-12,2746,30,32862.30
2021-03-19,11,19,0,-8,2738,30,32627.97
2021-03-22,21,8,1,13,2751,30,32731.20
2021-03-23,10,20,0,-10,2741,30,32423.15
2021-03-24,13,17,0,-4,2737,30,32420.06
2021-03-25,22,8,0,14,2751,30,32619.48
2021-03-26,26,4,0,22,2773,30,33072.88
2021-03-29,20,10,0,10,2783,30,33171.37
2021-03-30,9,21,0,-12,2771,30,33066.96
2021-03-31,10,20,0,-10,2761,30,32981.55
2021-04-01,20,9,1,11,2772,30,33153.21
2021-04-05,26,4,0,22,2794,30,33527.19
2021-04-06,11,19,0,-8,2786,30,33430.24
2021-04-07,18,12,0,6,2792,30,33446.26
2021-04-08,18,12,0,6,2798,30,33503.57
2021-04-09,25,5,0,20,2818,30,33800.60
2021-04-12,14,16,0,-2,2816,30,33745.40
2021-04-13,14,16,0,-2,2814,30,33677.27
2021-04-14,13,17,0,-4,2810,30,33730.89
2021-04-15,24,6,0,18,2828,30,34035.99
2021-04-16,24,6,0,18,2846,30,34200.67
2021-04-19,11,19,0,-8,2838,30,34077.63
2021-04-20,11,19,0,-8,2830,30,33821.30
2021-04-21,26,4,0,22,2852,30,34137.31
2021-04-22,4,26,0,-22,2830,30,33815.90
2021-04-23,26,4,0,22,2852,30,34043.49
2021-04-26,14,16,0,-2,2850,30,33981.57
2021-04-27,14,16,0,-2,2848,30,33984.93
2021-04-28,14,16,0,-2,2846,30,33820.38
2021-04-29,24,6,0,18,2864,30,34060.36
2021-04-30,8,22,0,-14,2850,30,33874.85
2021-05-03,21,9,0,12,2862,30,34113.23
2021-05-04,13,17,0,-4,2858,30,34133.03
2021-05-05,17,13,0,4,2862,30,34230.34
2021-05-06,28,2,0,26,2888,30,34548.53
2021-05-07,24,6,0,18,2906,30,34777.76
2021-05-10,13,17,0,-4,2902,30,34742.82
2021-05-11,4,26,0,-22,2880,30,34269.16
2021-05-12,2,28,0,-26,2854,30,33587.66
2021-05-13,28,2,0,26,2880,30,34021.45
2021-05-14,27,3,0,24,2904,30,34382.13
2021-05-17,13,17,0,-4,2900,30,34327.79
2021-05-18,4,26,0,-22,2878,30,34060.66
2021-05-19,6,24,0,-18,2860,30,33896.04
2021-05-20,27,3,0,24,2884,30,34084.15
2021-05-21,15,14,1,1,2885,30,34207.84
2021-05-24,23,7,0,16,2901,30,34393.98
2021-05-25,14,16,0,-2,2899,30,34312.46
2021-05-26,18,12,0,6,2905,30,34323.05
2021-05-27,15,15,0,0,2905,30,34464.64
2021-05-28,14,16,0,-2,2903,30,34529.45
2021-06-01,13,17,0,-4,2899,30,34575.31
2021-06-02,19,11,0,8,2907,30,34600.38
2021-06-03,15,14,1,1,2908,30,34577.04
2021-06-04,24,6,0,18,2926,30,34756.39
2021-06-07,12,18,0,-6,2920,30,34630.24
2021-06-08,14,16,0,-2,2918,30,34599.82
2021-06-09,9,21,0,-12,2906,30,34447.14
2021-06-10,21,9,0,12,2918,30,34466.24
2021-06-11,16,14,0,2,2920,30,34479.60
2021-06-14,12,18,0,-6,2914,30,34393.75
2021-06-15,7,23,0,-16,2898,30,34299.33
2021-06-16,6,24,0,-18,2880,30,34033.67
2021-06-17,16,14,0,2,2882,30,33823.45
2021-06-18,0,30,0,-30,2852,30,33290.08
2021-06-21,28,2,0,26,2878,30,33876.97
2021-06-22,16,14,0,2,2880,30,33945.58
2021-06-23,7,23,0,-16,2864,30,33874.24
2021-06-24,27,3,0,24,2888,30,34196.82
2021-06-25,21,9,0,12,2900,30,34433.84
2021-06-28,11,19,0,-8,2892,30,34283.27
2021-06-29,14,16,0,-2,2890,30,34292.29
2021-06-30,22,8,0,14,2904,30,34502.51
2021-07-01,25,5,0,20,2924,30,34633.53
2021-07-02,22,8,0,14,2938,30,34786.35
2021-07-06,11,19,0,-8,2930,30,34577.37
2021-07-07,22,8,0,14,2944,30,34681.79
2021-07-08,5,24,1,-19,2925,30,34421.93
2021-07-09,27,3,0,24,2949,30,34870.16
2021-07-12,15,15,0,0,2949,30,34996.18
2021-07-13,13,17,0,-4,2945,30,34888.79
2021-07-14,16,14,0,2,2947,30,34933.23
2021-07-15,16,14,0,2,2949,30,34987.02
2021-07-16,7,23,0,-16,2933,30,34687.85
2021-07-19,2,28,0,-26,2907,30,33962.04
2021-07-20,25,5,0,20,2927,30,34511.99
2021-07-21,25,5,0,20,2947,30,34798.00
2021-07-22,16,14,0,2,2949,30,34823.35
2021-07-23,26,4,0,22,2971,30,35061.55
2021-07-26,19,11,0,8,2979,30,35144.31
2021-07-27,13,17,0,-4,2975,30,35058.52
2021-07-28,11,19,0,-8,2967,30,34930.93
2021-07-29,23,6,1,17,2984,30,35084.53
2021-07-30,11,19,0,-8,2976,30,34935.47
2021-08-02,11,19,0,-8,2968,30,34838.16
2021-08-03,26,4,0,22,2990,30,35116.40
2021-08-04,4,26,0,-22,2968,30,34792.67
2021-08-05,28,2,0,26,2994,30,35064.25
2021-08-06,15,15,0,0,2994,30,35208.51
2021-08-09,10,20,0,-10,2984,30,35101.85
2021-08-10,19,11,0,8,2992,30,35264.67
2021-08-11,22,8,0,14,3006,30,35484.97
2021-08-12,19,11,0,8,3014,30,35499.85
2021-08-13,19,11,0,8,3022,30,35515.38
2021-08-16,20,10,0,10,3032,30,35625.40
2021-08-17,6,24,0,-18,3014,30,35343.28
2021-08-18,2,28,0,-26,2988,30,34960.69
2021-08-19,15,15,0,0,2988,30,34894.12
2021-08-20,26,4,0,22,3010,30,35120.08
2021-08-23,21,9,0,12,3022,30,35335.71
2021-08-24,16,14,0,2,3024,30,35366.26
2021-08-25,15,15,0,0,3024,30,35405.50
2021-08-26,5,25,0,-20,3004,30,35213.12
2021-08-27,23,7,0,16,3020,30,35455.80
2021-08-30,17,13,0,4,3024,30,35399.84
2021-08-31,14,16,0,-2,3022,30,35360.73
2021-09-01,15,15,0,0,3022,30,35312.53
2021-09-02,21,9,0,12,3034,30,35443.82
2021-09-03,12,18,0,-6,3028,30,35369.09
2021-09-07,6,24,0,-18,3010,30,35100.00
2021-09-08,13,17,0,-4,3006,30,35031.07
2021-09-09,8,22,0,-14,2992,30,34879.38
2021-09-10,7,23,0,-16,2976,30,34607.72
2021-09-13,22,8,0,14,2990,30,34869.63
2021-09-14,5,25,0,-20,2970,30,34577.57
2021-09-15,25,5,0,20,2990,30,34814.39
2021-09-16,8,22,0,-14,2976,30,34751.32
2021-09-17,6,23,1,-17,2959,30,34584.88
2021-09-20,1,29,0,-28,2931,30,33970.47
2021-09-21,17,13,0,4,2935,30,33919.84
2021-09-22,26,4,0,22,2957,30,34258.32
2021-09-23,27,3,0,24,2981,30,34764.82
2021-09-24,17,13,0,4,2985,30,34798.00
2021-09-27,11,19,0,-8,2977,30,34869.37
2021-09-28,2,28,0,-26,2951,30,34299.99
2021-09-29,17,13,0,4,2955,30,34390.72
2021-09-30,3,27,0,-24,2931,30,33843.92
2021-10-01,26,4,0,22,2953,30,34326.46
2021-10-04,6,24,0,-18,2935,30,34002.92
2021-10-05,26,4,0,22,2957,30,34314.67
2021-10-06,22,8,0,14,2971,30,34416.99
2021-10-07,25,5,0,20,2991,30,34754.94
2021-10-08,12,17,1,-5,2986,30,34746.25
2021-10-11,5,25,0,-20,2966,30,34496.06
2021-10-12,9,20,1,-11,2955,30,34378.34
2021-10-13,17,13,0,4,2959,30,34377.81
2021-10-14,28,2,0,26,2985,30,34912.56
2021-10-15,24,5,1,19,3004,30,35294.76
2021-10-18,13,17,0,-4,3000,30,35258.61
2021-10-19,23,7,0,16,3016,30,35457.31
2021-10-20,19,11,0,8,3024,30,35609.34
2021-10-21,15,15,0,0,3024,30,35603.08
2021-10-22,16,14,0,2,3026,30,35677.02
2021-10-25,18,12,0,6,3032,30,35741.15
2021-10-26,19,11,0,8,3040,30,35756.88
2021-10-27,9,21,0,-12,3028,30,35490.69
2021-10-28,25,5,0,20,3048,30,35730.48
2021-10-29,16,14,0,2,3050,30,35819.56
2021-11-01,17,13,0,4,3054,30,35913.84
2021-11-02,18,12,0,6,3060,30,36052.63
2021-11-03,22,8,0,14,3074,30,36157.58
2021-11-04,17,13,0,4,3078,30,36124.23
2021-11-05,18,12,0,6,3084,30,36327.95
2021-11-08,16,14,0,2,3086,30,36432.22
2021-11-09,14,16,0,-2,3084,30,36319.98
2021-11-10,12,18,0,-6,3078,30,36079.94
2021-11-11,12,18,0,-6,3072,30,35921.23
2021-11-12,21,8,1,13,3085,30,36100.31
2021-11-15,13,17,0,-4,3081,30,36087.45
2021-11-16,13,17,0,-4,3077,30,36142.22
2021-11-17,10,20,0,-10,3067,30,35931.05
2021-11-18,13,17,0,-4,3063,30,35870.95
2021-11-19,9,21,0,-12,3051,30,35601.98
2021-11-22,16,14,0,2,3053,30,35619.25
2021-11-23,18,12,0,6,3059,30,35813.80
2021-11-24,17,13,0,4,3063,30,35804.38
2021-11-26,0,30,0,-30,3033,30,34899.34
2021-11-29,20,10,0,10,3043,30,35135.94
2021-11-30,2,28,0,-26,3017,30,34483.72
2021-12-01,7,23,0,-16,3001,30,34022.04
2021-12-02,22,8,0,14,3015,30,34639.79
2021-12-03,14,16,0,-2,3013,30,34580.08
2021-12-06,27,3,0,24,3037,30,35227.03
2021-12-07,26,4,0,22,3059,30,35719.43
2021-12-08,16,14,0,2,3061,30,35754.75
2021-12-09,12,18,0,-6,3055,30,35754.69
2021-12-10,19,11,0,8,3063,30,35970.99
2021-12-13,6,24,0,-18,3045,30,35650.95
2021-12-14,15,15,0,0,3045,30,35544.18
2021-12-15,24,6,0,18,3063,30,35927.43
2021-12-16,17,13,0,4,3067,30,35897.64
2021-12-17,5,25,0,-20,3047,30,35365.44
2021-12-20,6,24,0,-18,3029,30,34932.16
2021-12-21,26,4,0,22,3051,30,35492.70
2021-12-22,27,3,0,24,3075,30,35753.89
2021-12-23,25,5,0,20,3095,30,35950.56
2021-12-27,27,3,0,24,3119,30,36302.38
2021-12-28,21,9,0,12,3131,30,36398.21
2021-12-29,19,11,0,8,3139,30,36488.63
2021-12-30,7,23,0,-16,3123,30,36398.08
2021-12-31,8,22,0,-14,3109,30,36338.30
2022-01-03,21,9,0,12,3121,30,36585.06
2022-01-04,17,13,0,4,3125,30,36799.65
2022-01-05,11,19,0,-8,3117,30,36407.11
2022-01-06,11,19,0,-8,3109,30,36236.47
2022-01-07,17,13,0,4,3113,30,36231.66
2022-01-10,15,15,0,0,3113,30,36068.87
2022-01-11,20,10,0,10,3123,30,36252.02
2022-01-12,17,13,0,4,3127,30,36290.32
2022-01-13,11,19,0,-8,3119,30,36113.62
2022-01-14,15,15,0,0,3119,30,35911.81
2022-01-18,6,24,0,-18,3101,30,35368.47
2022-01-19,7,23,0,-16,3085,30,35028.65
2022-01-20,4,26,0,-22,3063,30,34715.39
2022-01-21,3,27,0,-24,3039,30,34265.37
2022-01-24,16,14,0,2,3041,30,34364.50
2022-01-25,8,22,0,-14,3027,30,34297.73
2022-01-26,10,20,0,-10,3017,30,34168.09
2022-01-27,15,14,1,1,3018,30,34160.78
2022-01-28,27,3,0,24,3042,30,34725.47
2022-01-31,24,6,0,18,3060,30,35131.86
2022-02-01,21,9,0,12,3072,30,35405.24
2022-02-02,21,9,0,12,3084,30,35629.33
2022-02-03,5,25,0,-20,3064,30,35111.16
2022-02-04,12,18,0,-6,3058,30,35089.74
2022-02-07,16,14,0,2,3060,30,35091.13
2022-02-08,24,6,0,18,3078,30,35462.78
2022-02-09,22,8,0,14,3092,30,35768.06
2022-02-10,4,26,0,-22,3070,30,35241.59
2022-02-11,2,28,0,-26,3044,30,34738.06
2022-02-14,11,19,0,-8,3036,30,34566.17
2022-02-15,26,4,0,22,3058,30,34988.84
2022-02-16,15,15,0,0,3058,30,34934.27
2022-02-17,4,26,0,-22,3036,30,34312.03
2022-02-18,8,22,0,-14,3022,30,34079.18
2022-02-22,4,26,0,-22,3000,30,33596.61
2022-02-23,2,28,0,-26,2974,30,33131.76
2022-02-24,13,17,0,-4,2970,30,33223.83
2022-02-25,30,0,0,30,3000,30,34058.75
2022-02-28,12,18,0,-6,2994,30,33892.60
2022-03-01,4,26,0,-22,2972,30,33294.95
2022-03-02,29,1,0,28,3000,30,33891.35
2022-03-03,12,18,0,-6,2994,30,33794.66
2022-03-04,12,18,0,-6,2988,30,33614.80
2022-03-07,4,26,0,-22,2966,30,32817.38
2022-03-08,9,21,0,-12,2954,30,32632.64
2022-03-09,27,3,0,24,2978,30,33286.25
2022-03-10,10,20,0,-10,2968,30,33174.07
2022-03-11,7,23,0,-16,2952,30,32944.19
2022-03-14,16,14,0,2,2954,30,32945.24
2022-03-15,29,1,0,28,2982,30,33544.34
2022-03-16,22,8,0,14,2996,30,34063.10
2022-03-17,29,1,0,28,3024,30,34480.76
2022-03-18,23,7,0,16,3040,30,34754.93
2022-03-21,13,17,0,-4,3036,30,34552.99
2022-03-22,24,6,0,18,3054,30,34807.46
2022-03-23,3,27,0,-24,3030,30,34358.50
2022-03-24,28,2,0,26,3056,30,34707.94
2022-03-25,23,7,0,16,3072,30,34861.24
2022-03-28,18,12,0,6,3078,30,34955.89
2022-03-29,25,5,0,20,3098,30,35294.19
2022-03-30,13,17,0,-4,3094,30,35228.81
2022-03-31,0,30,0,-30,3064,30,34678.35
2022-04-01,21,9,0,12,3076,30,34818.27
2022-04-04,21,9,0,12,3088,30,34921.88
2022-04-05,6,24,0,-18,3070,30,34641.18
2022-04-06,14,16,0,-2,3068,30,34496.51
2022-04-07,14,16,0,-2,3066,30,34583.57
2022-04-08,15,14,1,1,3067,30,34721.12
2022-04-11,2,28,0,-26,3041,30,34308.08
2022-04-12,9,21,0,-12,3029,30,34220.36
2022-04-13,28,2,0,26,3055,30,34564.59
2022-04-14,9,21,0,-12,3043,30,34451.23
2022-04-18,12,18,0,-6,3037,30,34411.69
2022-04-19,27,3,0,24,3061,30,34911.20
2022-04-20,21,9,0,12,3073,30,35160.79
2022-04-21,5,25,0,-20,3053,30,34792.76
2022-04-22,0,30,0,-30,3023,30,33811.40
2022-04-25,25,5,0,20,3043,30,34049.46
2022-04-26,1,29,0,-28,3015,30,33240.18
2022-04-27,11,19,0,-8,3007,30,33301.93
2022-04-28,27,3,0,24,3031,30,33916.39
2022-04-29,2,28,0,-26,3005,30,32977.21
2022-05-02,17,13,0,4,3009,30,33061.50
2022-05-03,18,12,0,6,3015,30,33128.79
2022-05-04,30,0,0,30,3045,30,34061.06
2022-05-05,0,30,0,-30,3015,30,32997.97
2022-05-06,10,20,0,-10,3005,30,32899.37
2022-05-09,7,23,0,-16,2989,30,32245.70
2022-05-10,16,14,0,2,2991,30,32160.74
2022-05-11,6,24,0,-18,2973,30,31834.11
2022-05-12,12,18,0,-6,2967,30,31730.30
2022-05-13,24,6,0,18,2985,30,32196.66
2022-05-16,14,16,0,-2,2983,30,32223.42
2022-05-17,24,6,0,18,3001,30,32654.59
2022-05-18,0,30,0,-30,2971,30,31490.07
2022-05-19,8,22,0,-14,2957,30,31253.13
2022-05-20,15,15,0,0,2957,30,31261.90
2022-05-23,27,3,0,24,2981,30,31880.24
2022-05-24,17,13,0,4,2985,30,31928.62
2022-05-25,23,7,0,16,3001,30,32120.28
2022-05-26,28,2,0,26,3027,30,32637.19
2022-05-27,30,0,0,30,3057,30,33212.96
2022-05-31,10,20,0,-10,3047,30,32990.12
2022-06-01,8,22,0,-14,3033,30,32813.23
2022-06-02,25,5,0,20,3053,30,33248.28
2022-06-03,4,26,0,-22,3031,30,32899.70
2022-06-06,15,15,0,0,3031,30,32915.78
2022-06-07,25,5,0,20,3051,30,33180.14
2022-06-08,5,25,0,-20,3031,30,32910.90
2022-06-09,1,29,0,-28,3003,30,32272.79
2022-06-10,1,29,0,-28,2975,30,31392.79
2022-06-13,1,29,0,-28,2947,30,30516.74
2022-06-14,12,18,0,-6,2941,30,30364.83
2022-06-15,22,8,0,14,2955,30,30668.53
2022-06-16,4,26,0,-22,2933,30,29927.07
2022-06-17,16,14,0,2,2935,30,29888.78
2022-06-21,26,4,0,22,2957,30,30530.25
2022-06-22,14,16,0,-2,2955,30,30483.13
2022-06-23,20,10,0,10,2965,30,30677.36
2022-06-24,29,1,0,28,2993,30,31500.68
2022-06-27,7,22,1,-15,2978,30,31438.26
2022-06-28,2,28,0,-26,2952,30,30946.99
2022-06-29,15,15,0,0,2952,30,31029.31
2022-06-30,7,23,0,-16,2936,30,30775.43
2022-07-01,23,7,0,16,2952,30,31097.26
2022-07-05,15,15,0,0,2952,30,30967.82
2022-07-06,19,11,0,8,2960,30,31037.68
2022-07-07,24,6,0,18,2978,30,31384.55
2022-07-08,10,20,0,-10,2968,30,31338.15
2022-07-11,9,21,0,-12,2956,30,31173.84
2022-07-12,6,24,0,-18,2938,30,30981.33
2022-07-13,10,20,0,-10,2928,30,30772.79
2022-07-14,12,18,0,-6,2922,30,30630.17
2022-07-15,29,1,0,28,2950,30,31288.26
2022-07-18,8,22,0,-14,2936,30,31072.61
2022-07-19,28,2,0,26,2962,30,31827.05
2022-07-20,19,11,0,8,2970,30,31874.84
2022-07-21,24,6,0,18,2988,30,32036.90
2022-07-22,11,19,0,-8,2980,30,31899.29
2022-07-25,15,13,2,2,2982,30,31990.04
2022-07-26,10,20,0,-10,2972,30,31761.54
2022-07-27,23,7,0,16,2988,30,32197.59
2022-07-28,26,4,0,22,3010,30,32529.63
2022-07-29,24,6,0,18,3028,30,32845.13
2022-08-01,12,18,0,-6,3022,30,32798.40
2022-08-02,7,23,0,-16,3006,30,32396.17
2022-08-03,26,4,0,22,3028,30,32812.50
2022-08-04,13,17,0,-4,3024,30,32726.82
2022-08-05,13,17,0,-4,3020,30,32803.47
2022-08-08,17,13,0,4,3024,30,32832.54
2022-08-09,15,15,0,0,3024,30,32774.41
2022-08-10,29,1,0,28,3052,30,33309.51
2022-08-11,13,17,0,-4,3048,30,33336.67
2022-08-12,29,1,0,28,3076,30,33761.05
2022-08-15,22,8,0,14,3090,30,33912.44
2022-08-16,19,11,0,8,3098,30,34152.01
2022-08-17,8,22,0,-14,3084,30,33980.32
2022-08-18,17,13,0,4,3088,30,33999.04
2022-08-19,5,25,0,-20,3068,30,33706.74
2022-08-22,0,30,0,-30,3038,30,33063.61
2022-08-23,8,22,0,-14,3024,30,32909.59
2022-08-24,20,10,0,10,3034,30,32969.23
2022-08-25,28,2,0,26,3060,30,33291.78
2022-08-26,0,30,0,-30,3030,30,32283.40
2022-08-29,4,26,0,-22,3008,30,32098.99
2022-08-30,3,27,0,-24,2984,30,31790.87
2022-08-31,4,26,0,-22,2962,30,31510.43
2022-09-01,23,7,0,16,2978,30,31656.42
2022-09-02,2,28,0,-26,2952,30,31318.44
2022-09-06,7,23,0,-16,2936,30,31145.30
2022-09-07,29,1,0,28,2964,30,31581.28
2022-09-08,24,6,0,18,2982,30,31774.52
2022-09-09,23,7,0,16,2998,30,32151.71
2022-09-12,27,3,0,24,3022,30,32381.34
2022-09-13,0,30,0,-30,2992,30,31104.97
2022-09-14,19,11,0,8,3000,30,31135.09
2022-09-15,6,24,0,-18,2982,30,30961.82
2022-09-16,12,18,0,-6,2976,30,30822.42
2022-09-19,23,6,1,17,2993,30,31019.68
2022-09-20,2,28,0,-26,2967,30,30706.23
2022-09-21,2,28,0,-26,2941,30,30183.78
2022-09-22,9,21,0,-12,2929,30,30076.68
2022-09-23,3,27,0,-24,2905,30,29590.41
2022-09-26,5,25,0,-20,2885,30,29260.81
2022-09-27,10,19,1,-9,2876,30,29134.99
2022-09-28,28,1,1,27,2903,30,29683.74
2022-09-29,2,28,0,-26,2877,30,29225.61
2022-09-30,0,30,0,-30,2847,30,28725.51
2022-10-03,29,1,0,28,2875,30,29490.89
2022-10-04,30,0,0,30,2905,30,30316.32
2022-10-05,13,16,1,-3,2902,30,30273.87
2022-10-06,4,26,0,-22,2880,30,29926.94
2022-10-07,1,29,0,-28,2852,30,29296.79
2022-10-10,12,18,0,-6,2846,30,29202.88
2022-10-11,16,14,0,2,2848,30,29239.19
2022-10-12,14,16,0,-2,2846,30,29210.85
2022-10-13,29,1,0,28,2874,30,30038.72
2022-10-14,3,27,0,-24,2850,30,29634.83
2022-10-17,30,0,0,30,2880,30,30185.82
2022-10-18,27,3,0,24,2904,30,30523.80
2022-10-19,11,19,0,-8,2896,30,30423.81
2022-10-20,11,19,0,-8,2888,30,30333.59
2022-10-21,29,1,0,28,2916,30,31082.56
2022-10-24,27,3,0,24,2940,30,31499.62
2022-10-25,26,4,0,22,2962,30,31836.74
2022-10-26,21,9,0,12,2974,30,31839.11
2022-10-27,20,10,0,10,2984,30,32033.28
2022-10-28,29,1,0,28,3012,30,32861.80
2022-10-31,6,24,0,-18,2994,30,32732.95
2022-11-01,11,19,0,-8,2986,30,32653.20
2022-11-02,2,28,0,-26,2960,30,32147.76
2022-11-03,11,19,0,-8,2952,30,32001.25
2022-11-04,26,4,0,22,2974,30,32403.22
2022-11-07,27,3,0,24,2998,30,32827.00
2022-11-08,27,3,0,24,3022,30,33160.83
2022-11-09,1,29,0,-28,2994,30,32513.94
2022-11-10,29,1,0,28,3022,30,33715.37
2022-11-11,18,12,0,6,3028,30,33747.86
2022-11-14,12,18,0,-6,3022,30,33536.70
2022-11-15,20,10,0,10,3032,30,33592.92
2022-11-16,15,15,0,0,3032,30,33553.83
2022-11-17,15,15,0,0,3032,30,33546.32
2022-11-18,20,10,0,10,3042,30,33745.69
2022-11-21,16,14,0,2,3044,30,33700.28
2022-11-22,27,3,0,24,3068,30,34098.10
2022-11-23,21,9,0,12,3080,30,34194.06
2022-11-25,18,12,0,6,3086,30,34347.03
2022-11-28,6,24,0,-18,3068,30,33849.46
2022-11-29,13,17,0,-4,3064,30,33852.53
2022-11-30,28,2,0,26,3090,30,34589.77
2022-12-01,14,14,2,0,3090,30,34395.01
2022-12-02,16,13,1,3,3093,30,34429.88
2022-12-05,1,29,0,-28,3065,30,33947.10
2022-12-06,6,24,0,-18,3047,30,33596.34
2022-12-07,15,15,0,0,3047,30,33597.92
2022-12-08,23,7,0,16,3063,30,33781.48
2022-12-09,4,26,0,-22,3041,30,33476.46
2022-12-12,29,1,0,28,3069,30,34005.04
2022-12-13,22,8,0,14,3083,30,34108.64
2022-12-14,9,20,1,-11,3072,30,33966.35
2022-12-15,0,30,0,-30,3042,30,33202.22
2022-12-16,4,26,0,-22,3020,30,32920.46
2022-12-19,9,21,0,-12,3008,30,32757.54
2022-12-20,20,10,0,10,3018,30,32849.74
2022-12-21,29,1,0,28,3046,30,33376.48
2022-12-22,3,27,0,-24,3022,30,33027.49
2022-12-23,24,6,0,18,3040,30,33203.93
2022-12-27,18,12,0,6,3046,30,33241.56
2022-12-28,1,29,0,-28,3018,30,32875.71
2022-12-29,29,1,0,28,3046,30,33220.80
2022-12-30,10,20,0,-10,3036,30,33147.25
2023-01-03,18,11,1,7,3043,30,33136.37
2023-01-04,22,8,0,14,3057,30,33269.77
2023-01-05,5,25,0,-20,3037,30,32930.08
2023-01-06,30,0,0,30,3067,30,33630.61
2023-01-09,17,13,0,4,3071,30,33517.65
2023-01-10,23,7,0,16,3087,30,33704.10
2023-01-11,23,7,0,16,3103,30,33973.01
2023-01-12,18,12,0,6,3109,30,34189.97
2023-01-13,23,7,0,16,3125,30,34302.61
2023-01-17,8,22,0,-14,3111,30,33910.85
2023-01-18,0,30,0,-30,3081,30,33296.96
2023-01-19,11,19,0,-8,3073,30,33044.56
2023-01-20,27,3,0,24,3097,30,33375.49
2023-01-23,23,7,0,16,3113,30,33629.56
2023-01-24,18,11,1,7,3120,30,33733.96
2023-01-25,16,14,0,2,3122,30,33743.84
2023-01-26,18,12,0,6,3128,30,33949.41
2023-01-27,14,15,1,-1,3127,30,33978.08
2023-01-30,8,22,0,-14,3113,30,33717.09
2023-01-31,26,4,0,22,3135,30,34086.04
2023-02-01,18,12,0,6,3141,30,34092.96
2023-02-02,16,14,0,2,3143,30,34053.94
2023-02-03,12,18,0,-6,3137,30,33926.01
2023-02-06,12,18,0,-6,3131,30,33891.02
2023-02-07,21,9,0,12,3143,30,34156.69
2023-02-08,8,22,0,-14,3129,30,33949.01
2023-02-09,6,24,0,-18,3111,30,33699.88
2023-02-10,20,9,1,11,3122,30,33869.27
2023-02-13,28,2,0,26,3148,30,34245.93
2023-02-14,10,19,1,-9,3139,30,34089.27
2023-02-15,17,12,1,5,3144,30,34128.05
2023-02-16,2,28,0,-26,3118,30,33696.85
2023-02-17,16,14,0,2,3120,30,33826.69
2023-02-21,1,29,0,-28,3092,30,33129.59
2023-02-22,12,18,0,-6,3086,30,33045.09
2023-02-23,21,9,0,12,3098,30,33153.91
2023-02-24,4,26,0,-22,3076,30,32816.92
2023-02-27,20,9,1,11,3087,30,32889.09
2023-02-28,10,20,0,-10,3077,30,32656.70
2023-03-01,11,19,0,-8,3069,30,32661.84
2023-03-02,23,7,0,16,3085,30,33003.57
2023-03-03,27,3,0,24,3109,30,33390.97
2023-03-06,14,16,0,-2,3107,30,33431.44
2023-03-07,1,29,0,-28,3079,30,32856.46
2023-03-08,13,17,0,-4,3075,30,32798.40
2023-03-09,0,30,0,-30,3045,30,32254.86
2023-03-10,9,21,0,-12,3033,30,31909.64
2023-03-13,16,14,0,2,3035,30,31819.14
2023-03-14,24,6,0,18,3053,30,32155.40
2023-03-15,16,13,1,3,3056,30,31874.57
2023-03-16,25,5,0,20,3076,30,32246.55
2023-03-17,7,23,0,-16,3060,30,31861.98
2023-03-20,27,3,0,24,3084,30,32244.58
2023-03-21,20,9,1,11,3095,30,32560.60
2023-03-22,1,29,0,-28,3067,30,32030.11
2023-03-23,18,12,0,6,3073,30,32105.25
2023-03-24,18,12,0,6,3079,30,32237.53
2023-03-27,20,10,0,10,3089,30,32432.08
2023-03-28,12,18,0,-6,3083,30,32394.25
2023-03-29,28,2,0,26,3109,30,32717.60
2023-03-30,21,9,0,12,3121,30,32859.03
2023-03-31,30,0,0,30,3151,30,33274.15
2023-04-03,21,9,0,12,3163,30,33601.15
2023-04-04,8,22,0,-14,3149,30,33402.38
2023-04-05,14,15,1,-1,3148,30,33482.72
2023-04-06,17,13,0,4,3152,30,33485.29
2023-04-10,20,10,0,10,3162,30,33586.52
2023-04-11,16,14,0,2,3164,30,33684.79
2023-04-12,13,17,0,-4,3160,30,33646.50
2023-04-13,27,3,0,24,3184,30,34029.69
2023-04-14,13,17,0,-4,3180,30,33886.47
2023-04-17,21,9,0,12,3192,30,33987.18
2023-04-18,16,14,0,2,3194,30,33976.63
2023-04-19,18,12,0,6,3200,30,33897.01
2023-04-20,12,18,0,-6,3194,30,33786.62
2023-04-21,17,13,0,4,3198,30,33808.96
2023-04-24,21,9,0,12,3210,30,33875.40
2023-04-25,6,24,0,-18,3192,30,33530.83
2023-04-26,5,25,0,-20,3172,30,33301.87
2023-04-27,29,1,0,28,3200,30,33826.16
2023-04-28,24,6,0,18,3218,30,34098.16
2023-05-01,12,18,0,-6,3212,30,34051.70
2023-05-02,4,26,0,-22,3190,30,33684.53
2023-05-03,5,25,0,-20,3170,30,33414.24
2023-05-04,5,25,0,-20,3150,30,33127.74
2023-05-05,30,0,0,30,3180,30,33674.38
2023-05-08,15,15,0,0,3180,30,33618.69
2023-05-09,10,20,0,-10,3170,30,33561.81
2023-05-10,16,14,0,2,3172,30,33531.33
2023-05-11,9,21,0,-12,3160,30,33309.51
2023-05-12,11,19,0,-8,3152,30,33300.62
2023-05-15,19,11,0,8,3160,30,33348.60
2023-05-16,6,23,1,-17,3143,30,33012.14
2023-05-17,23,7,0,16,3159,30,33420.77
2023-05-18,22,8,0,14,3173,30,33535.91
2023-05-19,11,19,0,-8,3165,30,33426.63
2023-05-22,9,21,0,-12,3153,30,33286.58
2023-05-23,5,25,0,-20,3133,30,33055.51
2023-05-24,7,23,0,-16,3117,30,32799.92
2023-05-25,15,15,0,0,3117,30,32764.65
2023-05-26,23,7,0,16,3133,30,33093.34
2023-05-30,13,17,0,-4,3129,30,33042.78
2023-05-31,10,20,0,-10,3119,30,32908.27
2023-06-01,25,5,0,20,3139,30,33061.57
2023-06-02,29,1,0,28,3167,30,33762.76
2023-06-05,10,20,0,-10,3157,30,33562.86
2023-06-06,16,14,0,2,3159,30,33573.28
2023-06-07,17,13,0,4,3163,30,33665.02
2023-06-08,18,12,0,6,3169,30,33833.61
2023-06-09,18,12,0,6,3175,30,33876.78
2023-06-12,20,10,0,10,3185,30,34066.33
2023-06-13,21,9,0,12,3197,30,34212.12
2023-06-14,12,18,0,-6,3191,30,33979.33
2023-06-15,27,3,0,24,3215,30,34408.06
2023-06-16,13,17,0,-4,3211,30,34299.12
2023-06-20,8,22,0,-14,3197,30,34053.87
2023-06-21,11,19,0,-8,3189,30,33951.52
2023-06-22,17,13,0,4,3193,30,33946.71
2023-06-23,4,26,0,-22,3171,30,33727.43
2023-06-26,13,17,0,-4,3167,30,33714.71
2023-06-27,23,7,0,16,3183,30,33926.74
2023-06-28,14,16,0,-2,3181,30,33852.66
2023-06-29,21,9,0,12,3193,30,34122.42
2023-06-30,26,4,0,22,3215,30,34407.60
2023-07-03,16,14,0,2,3217,30,34418.47
2023-07-05,13,17,0,-4,3213,30,34288.64
2023-07-06,2,28,0,-26,3187,30,33922.26
2023-07-07,9,21,0,-12,3175,30,33734.88
2023-07-10,21,9,0,12,3187,30,33944.40
2023-07-11,23,7,0,16,3203,30,34261.42
2023-07-12,20,10,0,10,3213,30,34347.43
2023-07-13,21,9,0,12,3225,30,34395.14
2023-07-14,14,16,0,-2,3223,30,34509.03
2023-07-17,17,13,0,4,3227,30,34585.35
2023-07-18,18,12,0,6,3233,30,34951.93
2023-07-19,20,9,1,11,3244,30,35061.21
2023-07-20,16,14,0,2,3246,30,35225.18
2023-07-21,19,11,0,8,3254,30,35227.69
2023-07-24,21,9,0,12,3266,30,35411.24
2023-07-25,17,13,0,4,3270,30,35438.07
2023-07-26,17,13,0,4,3274,30,35520.12
2023-07-27,10,20,0,-10,3264,30,35282.72
2023-07-28,23,7,0,16,3280,30,35459.29
2023-07-31,16,14,0,2,3282,30,35559.53
2023-08-01,9,21,0,-12,3270,30,35630.68
2023-08-02,7,23,0,-16,3254,30,35282.52
2023-08-03,17,13,0,4,3258,30,35215.89
2023-08-04,9,20,1,-11,3247,30,35065.62
2023-08-07,28,2,0,26,3273,30,35473.13
2023-08-08,9,21,0,-12,3261,30,35314.49
2023-08-09,7,22,1,-15,3246,30,35123.36
2023-08-10,16,14,0,2,3248,30,35176.15
2023-08-11,20,10,0,10,3258,30,35281.40
2023-08-14,15,15,0,0,3258,30,35307.63
2023-08-15,3,27,0,-24,3234,30,34946.39
2023-08-16,5,25,0,-20,3214,30,34765.74
2023-08-17,10,20,0,-10,3204,30,34474.83
2023-08-18,17,13,0,4,3208,30,34500.66
2023-08-21,15,15,0,0,3208,30,34463.69
2023-08-22,10,20,0,-10,3198,30,34288.83
2023-08-23,25,5,0,20,3218,30,34472.98
2023-08-24,5,25,0,-20,3198,30,34099.42
2023-08-25,25,5,0,20,3218,30,34346.90
2023-08-28,25,5,0,20,3238,30,34559.98
2023-08-29,27,3,0,24,3262,30,34852.67
2023-08-30,19,11,0,8,3270,30,34890.24
2023-08-31,11,19,0,-8,3262,30,34721.91
2023-09-01,20,10,0,10,3272,30,34837.71
2023-09-05,9,21,0,-12,3260,30,34641.97
2023-09-06,6,24,0,-18,3242,30,34443.19
2023-09-07,16,14,0,2,3244,30,34500.73
2023-09-08,22,7,1,15,3259,30,34576.59
2023-09-11,20,10,0,10,3269,30,34663.72
2023-09-12,13,17,0,-4,3265,30,34645.99
2023-09-13,16,14,0,2,3267,30,34575.53
2023-09-14,25,5,0,20,3287,30,34907.11
2023-09-15,3,27,0,-24,3263,30,34618.24
2023-09-18,17,13,0,4,3267,30,34624.30
2023-09-19,8,22,0,-14,3253,30,34517.73
2023-09-20,8,22,0,-14,3239,30,34440.88
2023-09-21,2,28,0,-26,3213,30,34070.42
2023-09-22,10,20,0,-10,3203,30,33963.84
2023-09-25,16,13,1,3,3206,30,34006.88
2023-09-26,2,28,0,-26,3180,30,33618.88
2023-09-27,8,21,1,-13,3167,30,33550.27
2023-09-28,20,9,1,11,3178,30,33666.34
2023-09-29,9,21,0,-12,3166,30,33507.50
2023-10-02,13,17,0,-4,3162,30,33433.35
2023-10-03,5,25,0,-20,3142,30,33002.38
2023-10-04,24,6,0,18,3160,30,33129.55
2023-10-05,15,15,0,0,3160,30,33119.57
2023-10-06,26,4,0,22,3182,30,33407.58
2023-10-09,20,10,0,10,3192,30,33604.65
2023-10-10,17,13,0,4,3196,30,33739.30
2023-10-11,15,15,0,0,3196,30,33804.87
2023-10-12,13,17,0,-4,3192,30,33631.14
2023-10-13,12,17,1,-5,3187,30,33670.29
2023-10-16,27,3,0,24,3211,30,33984.54
2023-10-17,19,11,0,8,3219,30,33997.65
2023-10-18,6,24,0,-18,3201,30,33665.08
2023-10-19,6,24,0,-18,3183,30,33414.17
2023-10-20,4,26,0,-22,3161,30,33127.28
2023-10-23,13,17,0,-4,3157,30,32936.41
2023-10-24,21,9,0,12,3169,30,33141.38
2023-10-25,10,20,0,-10,3159,30,33035.93
2023-10-26,5,25,0,-20,3139,30,32784.30
2023-10-27,8,22,0,-14,3125,30,32417.59
2023-10-30,28,2,0,26,3151,30,32928.96
2023-10-31,25,5,0,20,3171,30,33052.87
2023-11-01,21,9,0,12,3183,30,33274.58
2023-11-02,28,1,1,27,3210,30,33839.08
2023-11-03,22,8,0,14,3224,30,34061.32
2023-11-06,19,11,0,8,3232,30,34095.86
2023-11-07,16,14,0,2,3234,30,34152.60
2023-11-08,13,17,0,-4,3230,30,34112.27
2023-11-09,8,22,0,-14,3216,30,33891.94
2023-11-10,26,4,0,22,3238,30,34283.10
2023-11-13,15,15,0,0,3238,30,34337.87
2023-11-14,25,5,0,20,3258,30,34827.70
2023-11-15,20,10,0,10,3268,30,34991.21
2023-11-16,18,12,0,6,3274,30,34945.47
2023-11-17,13,17,0,-4,3270,30,34947.28
2023-11-20,23,7,0,16,3286,30,35151.04
2023-11-21,11,19,0,-8,3278,30,35088.29
2023-11-22,24,6,0,18,3296,30,35273.03
2023-11-24,25,5,0,20,3316,30,35390.15
2023-11-27,11,19,0,-8,3308,30,35333.47
2023-11-28,20,10,0,10,3318,30,35416.98
2023-11-29,16,13,1,3,3321,30,35430.42
2023-11-30,24,6,0,18,3339,30,35950.89
2023-12-01,22,8,0,14,3353,30,36245.50
2023-12-04,15,15,0,0,3353,30,36204.44
2023-12-05,17,13,0,4,3357,30,36124.56
2023-12-06,10,20,0,-10,3347,30,36054.43
2023-12-07,18,11,1,7,3354,30,36117.38
2023-12-08,17,13,0,4,3358,30,36247.87
2023-12-11,21,9,0,12,3370,30,36404.93
2023-12-12,24,6,0,18,3388,30,36577.94
2023-12-13,28,2,0,26,3414,30,37090.24
2023-12-14,14,16,0,-2,3412,30,37248.35
2023-12-15,15,15,0,0,3412,30,37305.16
2023-12-18,20,10,0,10,3422,30,37306.02
2023-12-19,21,8,1,13,3435,30,37557.92
2023-12-20,1,29,0,-28,3407,30,37082.00
2023-12-21,28,2,0,26,3433,30,37404.35
2023-12-22,20,10,0,10,3443,30,37385.97
2023-12-26,21,9,0,12,3455,30,37545.33
2023-12-27,21,9,0,12,3467,30,37656.52
2023-12-28,21,9,0,12,3479,30,37710.10
2023-12-29,12,17,1,-5,3474,30,37689.54
2024-01-02,15,15,0,0,3474,30,37715.04
2024-01-03,10,20,0,-10,3464,30,37430.19
2024-01-04,16,14,0,2,3466,30,37440.34
2024-01-05,16,14,0,2,3468,30,37466.11
2024-01-08,24,6,0,18,3486,30,37683.01
2024-01-09,13,17,0,-4,3482,30,37525.16
2024-01-10,23,7,0,16,3498,30,37695.73
2024-01-11,15,15,0,0,3498,30,37711.02
2024-01-12,16,14,0,2,3500,30,37592.98
2024-01-16,10,20,0,-10,3490,30,37361.12
2024-01-17,11,18,1,-7,3483,30,37266.67
2024-01-18,25,5,0,20,3503,30,37468.61
2024-01-19,25,5,0,20,3523,30,37863.80
2024-01-22,20,10,0,10,3533,30,38001.81
2024-01-23,18,12,0,6,3539,30,37905.45
2024-01-24,12,17,1,-5,3534,30,37806.39
2024-01-25,26,4,0,22,3556,30,38049.13
2024-01-26,16,14,0,2,3558,30,38109.43
2024-01-29,23,7,0,16,3574,30,38333.45
2024-01-30,18,12,0,6,3580,30,38467.31
2024-01-31,3,27,0,-24,3556,30,38150.30
2024-02-01,23,6,1,17,3573,30,38519.84
2024-02-02,17,12,1,5,3578,30,38654.42
2024-02-05,7,23,0,-16,3562,30,38380.12
2024-02-06,20,10,0,10,3572,30,38521.36
2024-02-07,24,6,0,18,3590,30,38677.36
2024-02-08,12,18,0,-6,3584,30,38726.33
2024-02-09,14,16,0,-2,3582,30,38671.69
2024-02-12,16,14,0,2,3584,30,38797.38
2024-02-13,4,26,0,-22,3562,30,38272.75
2024-02-14,20,10,0,10,3572,30,38424.27
2024-02-15,23,7,0,16,3588,30,38773.12
2024-02-16,9,21,0,-12,3576,30,38627.99
2024-02-20,13,17,0,-4,3572,30,38563.80
2024-02-21,19,11,0,8,3580,30,38612.24
2024-02-22,25,5,0,20,3600,30,39069.11
2024-02-23,21,9,0,12,3612,30,39131.53
2024-02-26,7,23,0,-16,3596,30,39069.23
2024-02-27,16,14,0,2,3598,30,38972.41
2024-02-28,18,12,0,6,3604,30,38949.02
2024-02-29,15,15,0,0,3604,30,38996.39
2024-03-01,16,14,0,2,3606,30,39087.38
2024-03-04,15,15,0,0,3606,30,38989.83
2024-03-05,9,21,0,-12,3594,30,38585.19
2024-03-06,17,13,0,4,3598,30,38661.05
2024-03-07,17,13,0,4,3602,30,38791.35
2024-03-08,14,16,0,-2,3600,30,38722.69
2024-03-11,18,12,0,6,3606,30,38769.66
2024-03-12,23,7,0,16,3622,30,39005.49
2024-03-13,17,13,0,4,3626,30,39043.32
2024-03-14,8,22,0,-14,3612,30,38905.66
2024-03-15,7,23,0,-16,3596,30,38714.77
2024-03-18,18,12,0,6,3602,30,38790.43
2024-03-19,27,3,0,24,3626,30,39110.76
2024-03-20,28,2,0,26,3652,30,39512.13
2024-03-21,18,11,1,7,3659,30,39781.37
2024-03-22,7,23,0,-16,3643,30,39475.90
2024-03-25,9,21,0,-12,3631,30,39313.64
2024-03-26,12,16,2,-4,3627,30,39282.33
2024-03-27,26,4,0,22,3649,30,39760.08
2024-03-28,20,10,0,10,3659,30,39807.37
2024-04-01,8,22,0,-14,3645,30,39566.85
2024-04-02,5,25,0,-20,3625,30,39170.24
2024-04-03,14,16,0,-2,3623,30,39127.14
2024-04-04,2,28,0,-26,3597,30,38596.98
2024-04-05,26,4,0,22,3619,30,38904.04
2024-04-08,14,16,0,-2,3617,30,38892.80
2024-04-09,21,9,0,12,3629,30,38883.67
2024-04-10,9,21,0,-12,3617,30,38461.51
2024-04-11,13,17,0,-4,3613,30,38459.08
2024-04-12,4,24,2,-20,3593,30,37983.24
2024-04-15,8,22,0,-14,3579,30,37735.11
2024-04-16,12,18,0,-6,3573,30,37798.97
2024-04-17,12,18,0,-6,3567,30,37753.31
2024-04-18,16,14,0,2,3569,30,37775.38
2024-04-19,19,11,0,8,3577,30,37986.40
2024-04-22,26,4,0,22,3599,30,38239.98
2024-04-23,24,6,0,18,3617,30,38503.69
2024-04-24,18,12,0,6,3623,30,38460.92
2024-04-25,12,18,0,-6,3617,30,38085.80
2024-04-26,18,11,1,7,3624,30,38239.66
2024-04-29,19,11,0,8,3632,30,38386.09
2024-04-30,2,28,0,-26,3606,30,37815.92
2024-05-01,16,14,0,2,3608,30,37903.29
2024-05-02,23,7,0,16,3624,30,38225.66
2024-05-03,21,9,0,12,3636,30,38675.68
2024-05-06,20,10,0,10,3646,30,38852.27
2024-05-07,21,9,0,12,3658,30,38884.26
2024-05-08,20,10,0,10,3668,30,39056.39
2024-05-09,24,6,0,18,3686,30,39387.76
2024-05-10,19,11,0,8,3694,30,39512.84
2024-05-13,13,17,0,-4,3690,30,39431.51
2024-05-14,17,13,0,4,3694,30,39558.11
2024-05-15,23,7,0,16,3710,30,39908.00
2024-05-16,15,15,0,0,3710,30,39869.38
2024-05-17,20,10,0,10,3720,30,40003.59
2024-05-20,9,21,0,-12,3708,30,39806.77
2024-05-21,17,13,0,4,3712,30,39872.99
2024-05-22,11,19,0,-8,3704,30,39671.04
2024-05-23,1,29,0,-28,3676,30,39065.26
2024-05-24,19,11,0,8,3684,30,39069.59
2024-05-28,10,20,0,-10,3674,30,38852.86
2024-05-29,4,26,0,-22,3652,30,38441.54
2024-05-30,20,10,0,10,3662,30,38111.48
2024-05-31,27,3,0,24,3686,30,38686.32
2024-06-03,15,14,1,1,3687,30,38571.03
2024-06-04,23,7,0,16,3703,30,38711.29
2024-06-05,18,12,0,6,3709,30,38807.33
2024-06-06,18,12,0,6,3715,30,38886.17
2024-06-07,13,17,0,-4,3711,30,38798.99
2024-06-10,18,12,0,6,3717,30,38868.04
2024-06-11,11,19,0,-8,3709,30,38747.42
2024-06-12,10,20,0,-10,3699,30,38712.21
2024-06-13,16,14,0,2,3701,30,38647.10
2024-06-14,15,15,0,0,3701,30,38589.16
2024-06-17,24,6,0,18,3719,30,38778.10
2024-06-18,19,11,0,8,3727,30,38834.86
2024-06-20,24,6,0,18,3745,30,39134.76
2024-06-21,17,13,0,4,3749,30,39150.33
2024-06-24,20,10,0,10,3759,30,39411.21
2024-06-25,9,21,0,-12,3747,30,39112.16
2024-06-26,14,16,0,-2,3745,30,39127.80
2024-06-27,18,12,0,6,3751,30,39164.06
2024-06-28,12,18,0,-6,3745,30,39118.86
2024-07-01,16,14,0,2,3747,30,39169.52
2024-07-02,16,14,0,2,3749,30,39331.85
2024-07-03,14,15,1,-1,3748,30,39308.00
2024-07-05,18,12,0,6,3754,30,39375.87
2024-07-08,14,16,0,-2,3752,30,39344.79
2024-07-09,11,19,0,-8,3744,30,39291.97
2024-07-10,28,2,0,26,3770,30,39721.36
2024-07-11,18,12,0,6,3776,30,39753.75
2024-07-12,21,9,0,12,3788,30,40000.90
2024-07-15,17,13,0,4,3792,30,40211.72
2024-07-16,25,5,0,20,3812,30,40954.48
2024-07-17,19,11,0,8,3820,30,41198.08
2024-07-18,2,28,0,-26,3794,30,40665.02
2024-07-19,8,22,0,-14,3780,30,40287.53
2024-07-22,18,12,0,6,3786,30,40415.44
2024-07-23,14,16,0,-2,3784,30,40358.09
2024-07-24,8,22,0,-14,3770,30,39853.87
2024-07-25,15,15,0,0,3770,30,39935.07
2024-07-26,26,4,0,22,3792,30,40589.34
2024-07-29,15,15,0,0,3792,30,40539.93
2024-07-30,20,10,0,10,3802,30,40743.33
2024-07-31,17,13,0,4,3806,30,40842.79
2024-08-01,8,22,0,-14,3792,30,40347.97
2024-08-02,10,20,0,-10,3782,30,39737.26
2024-08-05,0,30,0,-30,3752,30,38703.27
2024-08-06,19,11,0,8,3760,30,38997.66
2024-08-07,11,18,1,-7,3753,30,38763.45
2024-08-08,29,0,1,29,3782,30,39446.49
2024-08-09,20,10,0,10,3792,30,39497.54
2024-08-12,10,20,0,-10,3782,30,39357.01
2024-08-13,25,5,0,20,3802,30,39765.64
2024-08-14,24,6,0,18,3820,30,40008.39
2024-08-15,27,3,0,24,3844,30,40563.06
2024-08-16,21,9,0,12,3856,30,40659.76
2024-08-19,26,4,0,22,3878,30,40896.53
2024-08-20,18,12,0,6,3884,30,40834.97
2024-08-21,20,10,0,10,3894,30,40890.49
2024-08-22,9,21,0,-12,3882,30,40712.78
2024-08-23,28,2,0,26,3908,30,41175.08
2024-08-26,21,9,0,12,3920,30,41240.52
2024-08-27,16,14,0,2,3922,30,41250.50
2024-08-28,10,20,0,-10,3912,30,41091.42
2024-08-29,25,5,0,20,3932,30,41335.05
2024-08-30,26,4,0,22,3954,30,41563.08
2024-09-03,5,25,0,-20,3934,30,40936.93
2024-09-04,14,16,0,-2,3932,30,40974.97
2024-09-05,7,23,0,-16,3916,30,40755.75
2024-09-06,6,24,0,-18,3898,30,40345.41
2024-09-09,25,5,0,20,3918,30,40829.59
2024-09-10,16,14,0,2,3920,30,40736.96
2024-09-11,18,12,0,6,3926,30,40861.71
2024-09-12,25,4,1,21,3947,30,41096.77
2024-09-13,24,6,0,18,3965,30,41393.78
2024-09-16,24,6,0,18,3983,30,41622.08
2024-09-17,16,14,0,2,3985,30,41606.18
2024-09-18,12,18,0,-6,3979,30,41503.10
2024-09-19,19,11,0,8,3987,30,42025.19
2024-09-20,17,13,0,4,3991,30,42063.36
2024-09-23,17,13,0,4,3995,30,42124.65
2024-09-24,18,12,0,6,4001,30,42208.22
2024-09-25,12,18,0,-6,3995,30,41914.75
2024-09-26,20,10,0,10,4005,30,42175.11
2024-09-27,23,7,0,16,4021,30,42313.00
2024-09-30,17,13,0,4,4025,30,42330.15
2024-10-01,11,19,0,-8,4017,30,42156.97
2024-10-02,14,16,0,-2,4015,30,42196.52
2024-10-03,6,22,2,-16,3999,30,42011.59
2024-10-04,21,9,0,12,4011,30,42352.75
2024-10-07,5,25,0,-20,3991,30,41954.24
2024-10-08,21,9,0,12,4003,30,42080.37
2024-10-09,26,4,0,22,4025,30,42512.00
2024-10-10,10,20,0,-10,4015,30,42454.12
2024-10-11,27,3,0,24,4039,30,42863.86
2024-10-14,23,7,0,16,4055,30,43065.22
2024-10-15,16,13,1,3,4058,30,42740.42
2024-10-16,21,9,0,12,4070,30,43077.70
2024-10-17,16,14,0,2,4072,30,43239.05
2024-10-18,19,11,0,8,4080,30,43275.91
2024-10-21,8,22,0,-14,4066,30,42931.60
2024-10-22,17,12,1,5,4071,30,42924.89
2024-10-23,4,26,0,-22,4049,30,42514.95
2024-10-24,11,19,0,-8,4041,30,42374.36
2024-10-25,9,21,0,-12,4029,30,42114.40
2024-10-28,22,8,0,14,4043,30,42387.57
2024-10-29,9,21,0,-12,4031,30,42233.05
2024-10-30,14,16,0,-2,4029,30,42141.54
2024-10-31,11,19,0,-8,4021,30,41763.46
2024-11-01,20,10,0,10,4031,30,42052.19
2024-11-04,10,20,0,-10,4021,30,41794.60
2024-11-05,26,4,0,22,4043,30,42221.88
2024-11-06,20,10,0,10,4053,30,43729.93
2024-11-07,20,10,0,10,4063,30,43729.34
2024-11-08,21,9,0,12,4075,30,43988.99
2024-11-11,16,14,0,2,4077,30,44293.13
2024-11-12,10,19,1,-9,4068,30,43910.98
2024-11-13,17,13,0,4,4072,30,43958.19
2024-11-14,12,18,0,-6,4066,30,43750.86
2024-11-15,10,20,0,-10,4056,30,43444.99
2024-11-18,15,15,0,0,4056,30,43389.60
2024-11-19,13,17,0,-4,4052,30,43268.94
2024-11-20,17,13,0,4,4056,30,43408.47
2024-11-21,21,9,0,12,4068,30,43870.35
2024-11-22,24,6,0,18,4086,30,44296.51
2024-11-25,24,6,0,18,4104,30,44736.57
2024-11-26,21,9,0,12,4116,30,44860.31
2024-11-27,12,18,0,-6,4110,30,44722.06
2024-11-29,20,10,0,10,4120,30,44910.65
2024-12-02,13,17,0,-4,4116,30,44782.00
2024-12-03,13,17,0,-4,4112,30,44705.53
2024-12-04,17,13,0,4,4116,30,45014.04
2024-12-05,15,15,0,0,4116,30,44765.71
2024-12-06,15,15,0,0,4116,30,44642.52
2024-12-09,12,18,0,-6,4110,30,44401.93
2024-12-10,12,18,0,-6,4104,30,44247.83
2024-12-11,14,15,1,-1,4103,30,44148.56
2024-12-12,13,17,0,-4,4099,30,43914.12
2024-12-13,12,18,0,-6,4093,30,43828.06
2024-12-16,14,16,0,-2,4091,30,43717.48
2024-12-17,9,20,1,-11,4080,30,43449.90
2024-12-18,1,29,0,-28,4052,30,42326.87
2024-12-19,19,11,0,8,4060,30,42342.24
2024-12-20,24,6,0,18,4078,30,42840.26
2024-12-23,16,14,0,2,4080,30,42906.95
2024-12-24,29,1,0,28,4108,30,43297.03
2024-12-26,17,13,0,4,4112,30,43325.80
2024-12-27,2,28,0,-26,4086,30,42992.21
2024-12-30,1,29,0,-28,4058,30,42573.73
2024-12-31,15,15,0,0,4058,30,42544.22
2025-01-02,10,19,1,-9,4049,30,42392.27
2025-01-03,24,6,0,18,4067,30,42732.13
2025-01-06,15,15,0,0,4067,30,42706.56
2025-01-07,15,15,0,0,4067,30,42528.36
2025-01-08,17,13,0,4,4071,30,42635.20
2025-01-10,4,26,0,-22,4049,30,41938.45
2025-01-13,19,11,0,8,4057,30,42297.12
2025-01-14,18,12,0,6,4063,30,42518.28
2025-01-15,24,6,0,18,4081,30,43221.55
2025-01-16,18,12,0,6,4087,30,43153.13
2025-01-17,23,7,0,16,4103,30,43487.83
2025-01-21,23,7,0,16,4119,30,44025.81
2025-01-22,14,16,0,-2,4117,30,44156.73
2025-01-23,25,5,0,20,4137,30,44565.07
2025-01-24,11,18,1,-7,4130,30,44424.25
2025-01-27,21,9,0,12,4142,30,44713.58
2025-01-28,12,17,1,-5,4137,30,44850.35
2025-01-29,17,13,0,4,4141,30,44713.52
2025-01-30,24,6,0,18,4159,30,44882.13
2025-01-31,5,25,0,-20,4139,30,44544.66
2025-02-03,11,19,0,-8,4131,30,44421.91
2025-02-04,20,10,0,10,4141,30,44556.04
2025-02-05,18,12,0,6,4147,30,44873.28
2025-02-06,16,14,0,2,4149,30,44747.63
2025-02-07,4,25,1,-21,4128,30,44303.40
2025-02-10,18,12,0,6,4134,30,44470.41
2025-02-11,16,14,0,2,4136,30,44593.65
2025-02-12,13,17,0,-4,4132,30,44368.56
2025-02-13,26,4,0,22,4154,30,44711.43
2025-02-14,10,20,0,-10,4144,30,44546.08
2025-02-18,20,10,0,10,4154,30,44556.34
2025-02-19,18,12,0,6,4160,30,44627.59
2025-02-20,12,18,0,-6,4154,30,44176.65
2025-02-21,7,23,0,-16,4138,30,43428.02
2025-02-24,16,14,0,2,4140,30,43461.21
2025-02-25,18,12,0,6,4146,30,43621.16
2025-02-26,11,19,0,-8,4138,30,43433.12
2025-02-27,14,16,0,-2,4136,30,43239.50
2025-02-28,27,3,0,24,4160,30,43840.91
2025-03-03,6,24,0,-18,4142,30,43191.24
2025-03-04,7,23,0,-16,4126,30,42520.99
2025-03-05,25,5,0,20,4146,30,43006.59
2025-03-06,10,20,0,-10,4136,30,42579.08
2025-03-07,20,10,0,10,4146,30,42801.72
2025-03-10,7,23,0,-16,4130,30,41911.71
2025-03-11,6,24,0,-18,4112,30,41433.48
2025-03-12,12,18,0,-6,4106,30,41350.93
2025-03-13,9,21,0,-12,4094,30,40813.57
2025-03-14,25,5,0,20,4114,30,41488.19
2025-03-17,26,4,0,22,4136,30,41841.63
2025-03-18,7,23,0,-16,4120,30,41581.31
2025-03-19,22,8,0,14,4134,30,41964.63
2025-03-20,13,17,0,-4,4130,30,41953.32
2025-03-21,14,16,0,-2,4128,30,41985.35
2025-03-24,24,6,0,18,4146,30,42583.32
2025-03-25,19,11,0,8,4154,30,42587.50
2025-03-26,14,16,0,-2,4152,30,42454.79
2025-03-27,15,15,0,0,4152,30,42299.70
2025-03-28,4,26,0,-22,4130,30,41583.90
2025-03-31,25,5,0,20,4150,30,42001.76
2025-04-01,21,9,0,12,4162,30,41989.96
2025-04-02,19,11,0,8,4170,30,42225.32
2025-04-03,6,24,0,-18,4152,30,40545.93
2025-04-04,1,29,0,-28,4124,30,38314.86
2025-04-07,9,21,0,-12,4112,30,37965.60
2025-04-08,5,25,0,-20,4092,30,37645.59
2025-04-09,30,0,0,30,4122,30,40608.45
2025-04-10,5,25,0,-20,4102,30,39593.66
2025-04-11,26,4,0,22,4124,30,40212.71
2025-04-14,21,9,0,12,4136,30,40524.79
2025-04-15,8,22,0,-14,4122,30,40368.96
2025-04-16,5,25,0,-20,4102,30,39669.39
2025-04-17,19,10,1,9,4111,30,39142.23
2025-04-21,1,29,0,-28,4083,30,38170.41
2025-04-22,30,0,0,30,4113,30,39186.98
2025-04-23,19,11,0,8,4121,30,39606.57
2025-04-24,24,6,0,18,4139,30,40093.40
2025-04-25,14,16,0,-2,4137,30,40113.50
2025-04-28,20,10,0,10,4147,30,40227.59
2025-04-29,24,6,0,18,4165,30,40527.62
2025-04-30,20,9,1,11,4176,30,40669.36
2025-05-01,16,14,0,2,4178,30,40752.96
2025-05-02,24,6,0,18,4196,30,41317.43
2025-05-05,14,16,0,-2,4194,30,41218.83
2025-05-06,7,23,0,-16,4178,30,40829.00
2025-05-07,24,6,0,18,4196,30,41113.97
2025-05-08,21,9,0,12,4208,30,41368.45
2025-05-09,13,17,0,-4,4204,30,41249.38
2025-05-12,25,5,0,20,4224,30,42410.10
2025-05-13,16,14,0,2,4226,30,42140.43
2025-05-14,11,19,0,-8,4218,30,42051.06
2025-05-15,22,8,0,14,4232,30,42322.75
2025-05-16,26,4,0,22,4254,30,42654.74
2025-05-19,16,14,0,2,4256,30,42792.07
2025-05-20,10,20,0,-10,4246,30,42677.24
2025-05-21,2,28,0,-26,4220,30,41860.44
2025-05-22,16,14,0,2,4222,30,41859.09
2025-05-23,9,21,0,-12,4210,30,41603.07
2025-05-27,28,2,0,26,4236,30,42343.65
2025-05-28,4,26,0,-22,4214,30,42098.70
2025-05-29,21,9,0,12,4226,30,42215.73
2025-05-30,16,13,1,3,4229,30,42270.07
2025-06-02,18,12,0,6,4235,30,42305.48
2025-06-03,22,8,0,14,4249,30,42519.64
2025-06-04,12,18,0,-6,4243,30,42427.74
2025-06-05,10,20,0,-10,4233,30,42319.74
2025-06-06,25,5,0,20,4253,30,42762.87
2025-06-09,14,16,0,-2,4251,30,42761.76
2025-06-10,21,9,0,12,4263,30,42866.87
2025-06-11,10,20,0,-10,4253,30,42865.77
2025-06-12,19,11,0,8,4261,30,42967.62
2025-06-13,2,28,0,-26,4235,30,42197.79
2025-06-16,22,8,0,14,4249,30,42515.09
2025-06-17,4,26,0,-22,4227,30,42215.80
2025-06-18,15,15,0,0,4227,30,42171.66
2025-06-20,16,14,0,2,4229,30,42206.82
2025-06-23,25,5,0,20,4249,30,42581.78
2025-06-24,24,6,0,18,4267,30,43089.02
2025-06-25,12,18,0,-6,4261,30,42982.43
2025-06-26,22,8,0,14,4275,30,43386.84
2025-06-27,24,6,0,18,4293,30,43819.27
2025-06-30,21,9,0,12,4305,30,44094.77
2025-07-01,21,9,0,12,4317,30,44494.94
2025-07-02,14,16,0,-2,4315,30,44484.42
2025-07-03,23,6,1,17,4332,30,44828.53
2025-07-07,5,25,0,-20,4312,30,44406.36
2025-07-08,11,19,0,-8,4304,30,44240.76
2025-07-09,17,13,0,4,4308,30,44458.30
2025-07-10,20,10,0,10,4318,30,44650.64
2025-07-11,9,21,0,-12,4306,30,44371.51
2025-07-14,18,12,0,6,4312,30,44459.65
2025-07-15,5,25,0,-20,4292,30,44023.29
2025-07-16,20,10,0,10,4302,30,44254.78
2025-07-17,22,8,0,14,4316,30,44484.49
2025-07-18,12,18,0,-6,4310,30,44342.19
2025-07-21,13,17,0,-4,4306,30,44323.07
2025-07-22,20,10,0,10,4316,30,44502.44
2025-07-23,22,8,0,14,4330,30,45010.29
2025-07-24,12,18,0,-6,4324,30,44693.91
2025-07-25,19,11,0,8,4332,30,44901.92
2025-07-28,14,16,0,-2,4330,30,44837.56
2025-07-29,13,17,0,-4,4326,30,44632.99
2025-07-30,9,21,0,-12,4314,30,44461.28
2025-07-31,7,23,0,-16,4298,30,44130.98
2025-08-01,10,20,0,-10,4288,30,43588.58
2025-08-04,28,2,0,26,4314,30,44173.64
2025-08-05,12,18,0,-6,4308,30,44111.74
2025-08-06,18,12,0,6,4314,30,44193.12
2025-08-07,14,16,0,-2,4312,30,43968.64
2025-08-08,20,10,0,10,4322,30,44175.61
2025-08-11,10,20,0,-10,4312,30,43975.09
2025-08-12,22,8,0,14,4326,30,44458.61
2025-08-13,23,7,0,16,4342,30,44922.27
2025-08-14,13,17,0,-4,4338,30,44911.26
2025-08-15,13,17,0,-4,4334,30,44946.12
2025-08-18,15,15,0,0,4334,30,44911.82
2025-08-19,15,15,0,0,4334,30,44922.27
2025-08-20,19,11,0,8,4342,30,44938.31
2025-08-21,8,22,0,-14,4328,30,44785.50
2025-08-22,27,3,0,24,4352,30,45631.74
2025-08-25,4,26,0,-22,4330,30,45282.47
2025-08-26,13,17,0,-4,4326,30,45418.07
2025-08-27,22,8,0,14,4340,30,45565.23
2025-08-28,17,13,0,4,4344,30,45636.90
2025-08-29,16,14,0,2,4346,30,45544.88
2025-09-02,9,21,0,-12,4334,30,45295.81
2025-09-03,14,16,0,-2,4332,30,45271.23
2025-09-04,24,6,0,18,4350,30,45621.29
2025-09-05,10,20,0,-10,4340,30,45400.86
2025-09-08,15,15,0,0,4340,30,45514.95
2025-09-09,15,15,0,0,4340,30,45711.34
2025-09-10,9,21,0,-12,4328,30,45490.92
2025-09-11,25,5,0,20,4348,30,46108.00
2025-09-12,7,23,0,-16,4332,30,45834.22
2025-09-15,15,15,0,0,4332,30,45883.45
2025-09-16,11,19,0,-8,4324,30,45757.90
2025-09-17,22,8,0,14,4338,30,46018.32
2025-09-18,15,15,0,0,4338,30,46142.42
2025-09-19,15,15,0,0,4338,30,46315.27
2025-09-22,12,18,0,-6,4332,30,46381.54
2025-09-23,14,16,0,-2,4330,30,46292.78
2025-09-24,11,19,0,-8,4322,30,46121.28
2025-09-25,9,21,0,-12,4310,30,45947.32
2025-09-26,24,6,0,18,4328,30,46247.29
2025-09-29,20,10,0,10,4338,30,46316.07
2025-09-30,19,11,0,8,4346,30,46397.89
2025-10-01,16,14,0,2,4348,30,46441.10
2025-10-02,15,15,0,0,4348,30,46519.72
2025-10-03,21,9,0,12,4360,30,46758.28
2025-10-06,13,17,0,-4,4356,30,46694.97
2025-10-07,15,15,0,0,4356,30,46602.98
2025-10-08,14,16,0,-2,4354,30,46601.78
2025-10-09,10,20,0,-10,4344,30,46358.42
2025-10-10,3,27,0,-24,4320,30,45479.60
2025-10-13,23,7,0,16,4336,30,46067.58
2025-10-14,20,10,0,10,4346,30,46270.46
2025-10-15,15,15,0,0,4346,30,46253.31
2025-10-16,9,21,0,-12,4334,30,45952.24
2025-10-17,22,8,0,14,4348,30,46190.61
2025-10-20,25,4,1,21,4369,30,46706.58
2025-10-21,18,12,0,6,4375,30,46924.74
2025-10-22,10,20,0,-10,4365,30,46590.41
2025-10-23,17,13,0,4,4369,30,46734.61
2025-10-24,19,11,0,8,4377,30,47207.12
2025-10-27,21,9,0,12,4389,30,47544.59
2025-10-28,13,17,0,-4,4385,30,47706.37
2025-10-29,7,23,0,-16,4369,30,47632.00
2025-10-30,19,11,0,8,4377,30,47522.12
2025-10-31,13,17,0,-4,4373,30,47562.87
2025-11-03,9,21,0,-12,4361,30,47336.68
2025-11-04,11,19,0,-8,4353,30,47085.24
2025-11-05,14,16,0,-2,4351,30,47311.00
2025-11-06,10,20,0,-10,4341,30,46912.30
2025-11-07,19,11,0,8,4349,30,46987.10
2025-11-10,21,9,0,12,4361,30,47368.63
2025-11-11,26,4,0,22,4383,30,47927.96
2025-11-12,20,9,1,11,4394,30,48254.82
2025-11-13,7,23,0,-16,4378,30,47457.22
2025-11-14,11,19,0,-8,4370,30,47147.48
2025-11-17,4,26,0,-22,4348,30,46590.24
2025-11-18,10,20,0,-10,4338,30,46091.74
2025-11-19,14,15,1,-1,4337,30,46138.77
2025-11-20,8,22,0,-14,4323,30,45752.26
2025-11-21,25,5,0,20,4343,30,46245.41
2025-11-24,16,14,0,2,4345,30,46448.27
2025-11-25,28,2,0,26,4371,30,47112.45
2025-11-26,20,10,0,10,4381,30,47427.12
2025-11-28,25,5,0,20,4401,30,47716.42
2025-12-01,9,21,0,-12,4389,30,47289.33
2025-12-02,17,13,0,4,4393,30,47474.46
2025-12-03,22,8,0,14,4407,30,47882.90
2025-12-04,13,17,0,-4,4403,30,47850.94
2025-12-05,13,17,0,-4,4399,30,47954.99
2025-12-08,10,20,0,-10,4389,30,47739.32
2025-12-09,12,18,0,-6,4383,30,47560.29
2025-12-10,24,6,0,18,4401,30,48057.75
2025-12-11,20,10,0,10,4411,30,48704.01
2025-12-12,16,14,0,2,4413,30,48458.05
2025-12-15,16,14,0,2,4415,30,48416.56
2025-12-16,10,20,0,-10,4405,30,48114.26
2025-12-17,13,17,0,-4,4401,30,47885.97
2025-12-18,15,15,0,0,4401,30,47951.85
2025-12-19,19,11,0,8,4409,30,48134.89
2025-12-22,20,10,0,10,4419,30,48362.68
2025-12-23,21,9,0,12,4431,30,48442.41
2025-12-24,26,3,1,23,4454,30,48731.16
2025-12-26,14,16,0,-2,4452,30,48710.97
2025-12-29,10,20,0,-10,4442,30,48461.93
2025-12-30,9,21,0,-12,4430,30,48367.06
2025-12-31,3,27,0,-24,4406,30,48063.29
2026-01-02,17,13,0,4,4410,30,48382.39
2026-01-05,19,11,0,8,4418,30,48977.18
2026-01-06,22,8,0,14,4432,30,49462.08
2026-01-07,8,22,0,-14,4418,30,48996.08
2026-01-08,20,10,0,10,4428,30,49266.11
2026-01-09,17,12,1,5,4433,30,49504.07
2026-01-12,16,14,0,2,4435,30,49590.20
2026-01-13,17,13,0,4,4439,30,49191.99
2026-01-14,15,15,0,0,4439,30,49149.63
2026-01-15,15,15,0,0,4439,30,49442.44
2026-01-16,12,18,0,-6,4433,30,49359.33
2026-01-20,7,23,0,-16,4417,30,48488.59
2026-01-21,24,6,0,18,4435,30,49077.23
2026-01-22,23,7,0,16,4451,30,49384.01
2026-01-23,13,17,0,-4,4447,30,49098.71
2026-01-26,18,12,0,6,4453,30,49412.40
2026-01-27,13,17,0,-4,4449,30,49003.41
2026-01-28,14,16,0,-2,4447,30,49015.60
2026-01-29,22,8,0,14,4461,30,49071.56
2026-01-30,11,19,0,-8,4453,30,48892.47
2026-02-02,23,7,0,16,4469,30,49407.66
2026-02-03,16,14,0,2,4471,30,49240.99
2026-02-04,22,8,0,14,4485,30,49501.30
2026-02-05,11,19,0,-8,4477,30,48908.72
2026-02-06,28,2,0,26,4503,30,50115.67
2026-02-09,11,19,0,-8,4495,30,50135.87
2026-02-10,13,17,0,-4,4491,30,50188.14
2026-02-11,15,15,0,0,4491,30,50121.40
2026-02-12,10,20,0,-10,4481,30,49451.98
2026-02-13,15,15,0,0,4481,30,49500.93
2026-02-17,15,14,1,1,4482,30,49533.19
2026-02-18,20,10,0,10,4492,30,49662.66
2026-02-19,11,19,0,-8,4484,30,49395.16
2026-02-20,20,10,0,10,4494,30,49625.97
2026-02-23,12,18,0,-6,4488,30,48804.06
2026-02-24,25,5,0,20,4508,30,49174.50
2026-02-25,14,16,0,-2,4506,30,49482.15
2026-02-26,16,14,0,2,4508,30,49499.20
2026-02-27,18,12,0,6,4514,30,48977.92
2026-03-02,12,18,0,-6,4508,30,48904.78
2026-03-03,10,20,0,-10,4498,30,48501.27
2026-03-04,16,14,0,2,4500,30,48739.41
2026-03-05,6,24,0,-18,4482,30,47954.74
2026-03-06,9,21,0,-12,4470,30,47501.55
2026-03-09,20,10,0,10,4480,30,47740.80
2026-03-10,15,15,0,0,4480,30,47706.51
2026-03-11,7,23,0,-16,4464,30,47417.27
2026-03-12,4,26,0,-22,4442,30,46677.85
2026-03-13,14,16,0,-2,4440,30,46558.47
2026-03-16,26,4,0,22,4462,30,46946.41
2026-03-17,15,15,0,0,4462,30,46993.26
2026-03-18,2,28,0,-26,4436,30,46225.15
2026-03-19,8,22,0,-14,4422,30,46021.43
2026-03-20,6,24,0,-18,4404,30,45577.47
2026-03-23,24,6,0,18,4422,30,46208.47
2026-03-24,13,17,0,-4,4418,30,46124.06
2026-03-25,22,8,0,14,4432,30,46429.49
2026-03-26,7,23,0,-16,4416,30,45960.11
2026-03-27,6,24,0,-18,4398,30,45166.64
2026-03-30,20,10,0,10,4408,30,45216.14
2026-03-31,26,4,0,22,4430,30,46341.51
2026-04-01,20,10,0,10,4440,30,46565.74
2026-04-02,17,13,0,4,4444,30,46504.67
2026-04-06,18,12,0,6,4450,30,46669.88
2026-04-07,9,21,0,-12,4438,30,46584.46
2026-04-08,26,4,0,22,4460,30,47909.92
2026-04-09,22,8,0,14,4474,30,48185.80
2026-04-10,5,25,0,-20,4454,30,47916.57
2026-04-13,19,11,0,8,4462,30,48218.25
2026-04-14,19,11,0,8,4470,30,48535.99
2026-04-15,12,18,0,-6,4464,30,48463.72
2026-04-16,16,14,0,2,4466,30,48578.72
2026-04-17,28,2,0,26,4492,30,49447.43
2026-04-20,13,17,0,-4,4488,30,49442.56
2026-04-21,10,20,0,-10,4478,30,49149.38
2026-04-22,22,8,0,14,4492,30,49490.03
2026-04-23,15,15,0,0,4492,30,49310.32
2026-04-24,13,17,0,-4,4488,30,49230.71
2026-04-27,11,19,0,-8,4480,30,49167.79
2026-04-28,13,16,1,-3,4477,30,49141.93
2026-04-29,9,21,0,-12,4465,30,48861.81
2026-04-30,22,8,0,14,4479,30,49652.14
2026-05-01,10,20,0,-10,4469,30,49499.27
2026-05-04,7,23,0,-16,4453,30,48941.90
2026-05-05,20,10,0,10,4463,30,49298.25
2026-05-06,22,8,0,14,4477,30,49910.59
2026-05-07,11,19,0,-8,4469,30,49596.97
2026-05-08,13,17,0,-4,4465,30,49609.16
2026-05-11,12,18,0,-6,4459,30,49704.47
2026-05-12,18,12,0,6,4465,30,49760.56
2026-05-13,16,14,0,2,4467,30,49693.20
2026-05-14,18,12,0,6,4473,30,50063.46
2026-05-15,12,18,0,-6,4467,30,49526.17
2026-05-18,23,7,0,16,4483,30,49686.12
2026-05-19,8,22,0,-14,4469,30,49363.88
2026-05-20,22,8,0,14,4483,30,50009.35
2026-05-21,18,12,0,6,4489,30,50285.66
2026-05-22,19,11,0,8,4497,30,50579.70
2026-05-26,8,22,0,-14,4483,30,50461.68
2026-05-27,20,10,0,10,4493,30,50644.28
2026-05-28,15,15,0,0,4493,30,50668.97
2026-05-29,13,17,0,-4,4489,30,51032.46
2026-06-01,9,21,0,-12,4477,30,51078.88
2026-06-02,13,17,0,-4,4473,30,51307.79
2026-06-03,9,21,0,-12,4461,30,50687.07
2026-06-04,21,9,0,12,4473,30,51561.93
2026-06-05,15,15,0,0,4473,30,50866.78
2026-06-08,12,18,0,-6,4467,30,50786.01
2026-06-09,17,13,0,4,4471,30,50872.11
2026-06-10,9,21,0,-12,4459,30,49918.78
2026-06-11,21,9,0,12,4471,30,50848.75
2026-06-12,21,9,0,12,4483,30,51202.26
2026-06-15,19,11,0,8,4491,30,51671.03
2026-06-16,17,13,0,4,4495,30,51999.67
2026-06-17,4,26,0,-22,4473,30,51492.55
2026-06-18,15,15,0,0,4473,30,51564.70
2026-06-22,14,15,1,-1,4472,30,51712.71
2026-06-23,18,12,0,6,4478,30,51666.84
2026-06-24,16,14,0,2,4480,30,51848.90
2026-06-25,11,19,0,-8,4472,30,51920.62
2026-06-26,18,12,0,6,4478,30,51876.11
2026-06-29,18,12,0,6,4484,30,52182.74
2026-06-30,12,18,0,-6,4478,30,52319.20
2026-07-01,18,12,0,6,4484,30,52305.24
2026-07-02,25,5,0,20,4504,30,52900.07
2026-07-06,12,18,0,-6,4498,30,53055.91
2026-07-07,18,12,0,6,4504,30,52925.15
2026-07-08,6,24,0,-18,4486,30,52348.39
2026-07-09,13,17,0,-4,4482,30,52487.41
2026-07-10,18,12,0,6,4488,30,52637.01
2026-07-13,17,13,0,4,4492,30,52498.64
2026-07-14,10,20,0,-10,4482,30,52508.27
2026-07-15,17,13,0,4,4486,30,52658.64
2026-07-16,22,8,0,14,4500,30,52552.97
2026-07-17,7,23,0,-16,4484,30,52146.42
2026-07-20,10,20,0,-10,4474,30,51839.26
2026-07-21,14,16,0,-2,4472,30,52224.64
2026-07-22,13,16,1,-3,4469,30,52218.58
2026-07-23,11,19,0,-8,4461,30,51711.65
2026-07-24,23,7,0,16,4477,30,51947.25
2026-07-27,23,7,0,16,4493,30,52210.08
2026-07-28,26,4,0,22,4515,30,52747.32
2026-07-29,7,23,0,-16,4499,30,51594.14
2026-07-30,13,16,1,-3,4496,30,52208.06
2026-07-31,18,12,0,6,4502,30,52485.03
2026-08-03,19,11,0,8,4510,30,53178.41
2026-08-04,25,5,0,20,4530,30,54085.88
2026-08-05,21,9,0,12,4542,30,54349.12
2026-08-06,10,20,0,-10,4532,30,53885.10
2026-08-07,20,10,0,10,4542,30,54036.93
2026-08-10,15,15,0,0,4542,30,53975.98
2026-08-11,13,17,0,-4,4538,30,53791.85
2026-08-12,15,15,0,0,4538,30,53770.27
2026-08-13,17,13,0,4,4542,30,53839.99
2026-08-14,12,17,1,-5,4537,30,53732.41
2026-08-17,7,23,0,-16,4521,30,53459.78
2026-08-18,19,11,0,8,4529,30,53343.40
2026-08-19,19,11,0,8,4537,30,53463.05
2026-08-20,6,24,0,-18,4519,30,52759.21
2026-08-21,23,7,0,16,4535,30,53277.01
2026-08-24,19,11,0,8,4543,30,53417.16
2026-08-25,16,14,0,2,4545,30,53577.40
2026-08-26,11,19,0,-8,4537,30,53463.88
2026-08-27,6,24,0,-18,4519,30,53569.44
2026-08-28,17,13,0,4,4523,30,53559.99
2026-08-31,6,24,0,-18,4505,30,53185.90
2026-09-01,9,21,0,-12,4493,30,52766.88
2026-09-02,22,8,0,14,4507,30,53061.95
2026-09-03,23,7,0,16,4523,30,53686.11
2026-09-04,10,20,0,-10,4513,30,53414.25
2026-09-08,5,25,0,-20,4493,30,52786.07
2026-09-09,5,25,0,-20,4473,30,52380.66
2026-09-10,7,23,0,-16,4457,30,52064.10
2026-09-11,24,6,0,18,4475,30,52573.29
2026-09-14,20,10,0,10,4485,30,52421.20
2026-09-15,9,21,0,-12,4473,30,52093.11
2026-09-16,9,21,0,-12,4461,30,51461.90
2026-09-17,20,10,0,10,4471,30,51778.04
2026-09-18,11,19,0,-8,4463,30,51682.64
2026-09-21,21,9,0,12,4475,30,52048.83
2026-09-22,12,17,1,-5,4470,30,51863.69
2026-09-23,9,21,0,-12,4458,30,51511.59
2026-09-24,13,17,0,-4,4454,30,51349.98
2026-09-25,22,8,0,14,4468,30,51828.62
2026-09-28,12,18,0,-6,4462,30,51481.51
2026-09-29,8,22,0,-14,4448,30,51349.92
2026-09-30,8,22,0,-14,4434,30,50906.05
2026-10-01,14,16,0,-2,4432,30,50926.56
2026-10-02,18,11,1,7,4439,30,51176.96
