Date,Adv,Dec,Unch,Net,ADLine,Coverage,Index
2016-01-04,12,70,1,-58,-58,83,4497.86
2016-01-05,48,34,1,14,-44,83,4484.18
2016-01-06,18,64,1,-46,-90,83,4443.99
2016-01-07,5,77,1,-72,-162,83,4305.72
2016-01-08,11,71,1,-60,-222,83,4270.78
2016-01-11,50,32,1,18,-204,83,4283.55
2016-01-12,67,16,0,51,-153,83,4333.72
2016-01-13,3,79,1,-76,-229,83,4183.12
2016-01-14,70,12,1,58,-171,83,4272.97
2016-01-15,3,80,0,-77,-248,83,4141.08
2016-01-19,40,41,2,-1,-249,83,4147.07
2016-01-20,33,49,1,-16,-265,83,4136.28
2016-01-21,47,33,3,14,-251,83,4142.60
2016-01-22,75,7,1,68,-183,83,4259.77
2016-01-25,10,71,2,-61,-244,83,4196.53
2016-01-26,66,16,1,50,-194,83,4233.85
2016-01-27,7,75,1,-68,-262,83,4128.86
2016-01-28,51,31,1,20,-242,83,4186.06
2016-01-29,77,5,1,72,-170,83,4279.17
2016-02-01,56,25,2,31,-139,83,4286.56
2016-02-02,8,74,1,-66,-205,83,4193.10
2016-02-03,47,33,3,14,-191,83,4171.97
2016-02-04,56,26,1,30,-161,83,4167.77
2016-02-05,12,69,2,-57,-218,83,4024.47
2016-02-08,16,66,1,-50,-268,83,3960.67
2016-02-09,30,53,0,-23,-291,83,3947.80
2016-02-10,46,35,2,11,-280,83,3966.28
2016-02-11,21,61,1,-40,-320,83,3962.22
2016-02-12,73,9,1,64,-256,83,4019.19
2016-02-16,78,4,1,74,-182,83,4104.33
2016-02-17,77,5,1,72,-110,83,4199.10
2016-02-18,26,55,2,-29,-139,83,4151.49
2016-02-19,54,27,2,27,-112,83,4164.09
2016-02-22,75,8,0,67,-45,83,4231.27
2016-02-23,10,72,1,-62,-107,83,4162.54
2016-02-24,70,12,1,58,-49,83,4200.66
2016-02-25,73,9,1,64,15,83,4241.06
2016-02-26,42,40,1,2,17,83,4235.62
2016-02-29,24,57,2,-33,-16,83,4201.12
2016-03-01,79,3,1,76,60,83,4333.61
2016-03-02,49,33,1,16,76,83,4334.39
2016-03-03,44,38,1,6,82,83,4325.86
2016-03-04,45,37,1,8,90,83,4329.00
2016-03-07,49,33,1,16,106,83,4303.33
2016-03-08,17,65,1,-48,58,83,4265.51
2016-03-09,58,23,2,35,93,83,4293.23
2016-03-10,41,39,3,2,95,83,4286.97
2016-03-11,74,7,2,67,162,83,4361.83
2016-03-14,39,42,2,-3,159,83,4367.33
2016-03-15,34,48,1,-14,145,83,4367.08
2016-03-16,65,17,1,48,193,83,4404.20
2016-03-17,58,22,3,36,229,83,4400.26
2016-03-18,55,26,2,29,258,83,4410.83
2016-03-21,45,36,2,9,267,83,4426.98
2016-03-22,39,42,2,-3,264,83,4437.62
2016-03-23,13,69,1,-56,208,83,4402.56
2016-03-24,45,37,1,8,216,83,4405.53
2016-03-28,40,42,1,-2,214,83,4398.07
2016-03-29,77,5,1,72,286,83,4467.72
2016-03-30,54,27,2,27,313,83,4490.88
2016-03-31,43,38,2,5,318,83,4483.66
2016-04-01,62,20,1,42,360,83,4532.08
2016-04-04,24,57,2,-33,327,83,4511.70
2016-04-05,10,73,0,-63,264,83,4470.75
2016-04-06,70,12,1,58,322,83,4543.78
2016-04-07,6,76,1,-70,252,83,4475.29
2016-04-08,55,28,0,27,279,83,4474.93
2016-04-11,25,58,0,-33,246,83,4458.71
2016-04-12,54,29,0,25,271,83,4496.04
2016-04-13,68,14,1,54,325,83,4554.72
2016-04-14,34,48,1,-14,311,83,4554.63
2016-04-15,41,40,2,1,312,83,4543.16
2016-04-18,66,16,1,50,362,83,4569.31
2016-04-19,42,40,1,2,364,83,4537.09
2016-04-20,43,38,2,5,369,83,4540.44
2016-04-21,25,57,1,-32,337,83,4540.80
2016-04-22,44,37,2,7,344,83,4474.19
2016-04-25,41,41,1,0,344,83,4474.13
2016-04-26,55,27,1,28,372,83,4452.97
2016-04-27,60,22,1,38,410,83,4416.63
2016-04-28,15,67,1,-52,358,83,4363.99
2016-04-29,19,62,2,-43,315,83,4341.30
2016-05-02,65,16,2,49,364,83,4381.30
2016-05-03,9,73,1,-64,300,83,4341.39
2016-05-04,22,58,3,-36,264,83,4312.01
2016-05-05,45,35,3,10,274,83,4309.48
2016-05-06,52,30,1,22,296,83,4330.17
2016-05-09,48,33,2,15,311,83,4341.23
2016-05-10,74,8,1,66,377,83,4402.04
2016-05-11,17,63,3,-46,331,83,4361.03
2016-05-12,29,53,1,-24,307,83,4342.81
2016-05-13,17,65,1,-48,259,83,4326.53
2016-05-16,68,13,2,55,314,83,4380.48
2016-05-17,15,66,2,-51,263,83,4322.56
2016-05-18,53,29,1,24,287,83,4338.23
2016-05-19,25,56,2,-31,256,83,4315.58
2016-05-20,70,12,1,58,314,83,4362.90
2016-05-23,36,45,2,-9,305,83,4355.10
2016-05-24,79,3,1,76,381,83,4444.30
2016-05-25,60,20,3,40,421,83,4476.43
2016-05-26,54,27,2,27,448,83,4487.96
2016-05-27,64,18,1,46,494,83,4512.54
2016-05-31,41,41,1,0,494,83,4523.89
2016-06-01,49,32,2,17,511,83,4520.07
2016-06-02,56,26,1,30,541,83,4531.35
2016-06-03,27,55,1,-28,513,83,4509.79
2016-06-06,51,30,2,21,534,83,4523.63
2016-06-07,45,36,2,9,543,83,4513.09
2016-06-08,50,32,1,18,561,83,4520.63
2016-06-09,37,44,2,-7,554,83,4512.69
2016-06-10,6,76,1,-70,484,83,4461.05
2016-06-13,14,68,1,-54,430,83,4422.76
2016-06-14,48,35,0,13,443,83,4424.91
2016-06-15,33,48,2,-15,428,83,4409.51
2016-06-16,52,29,2,23,451,83,4424.23
2016-06-17,27,54,2,-27,424,83,4374.38
2016-06-20,66,16,1,50,474,83,4400.16
2016-06-21,49,33,1,16,490,83,4413.40
2016-06-22,31,51,1,-20,470,83,4404.73
2016-06-23,79,3,1,76,546,83,4467.48
2016-06-24,4,78,1,-74,472,83,4285.70
2016-06-27,11,71,1,-60,412,83,4201.05
2016-06-28,79,4,0,75,487,83,4290.47
2016-06-29,81,2,0,79,566,83,4364.74
2016-06-30,78,5,0,73,639,83,4417.70
2016-07-01,37,42,4,-5,634,83,4437.45
2016-07-05,27,55,1,-28,606,83,4410.75
2016-07-06,61,21,1,40,646,83,4444.70
2016-07-07,49,32,2,17,663,83,4459.58
2016-07-08,80,2,1,78,741,83,4528.36
2016-07-11,59,22,2,37,778,83,4554.71
2016-07-12,57,24,2,33,811,83,4577.61
2016-07-13,39,43,1,-4,807,83,4565.77
2016-07-14,61,20,2,41,848,83,4596.49
2016-07-15,33,49,1,-16,832,83,4589.83
2016-07-18,57,26,0,31,863,83,4619.68
2016-07-19,34,47,2,-13,850,83,4603.28
2016-07-20,69,12,2,57,907,83,4657.20
2016-07-21,19,62,2,-43,864,83,4647.02
2016-07-22,72,10,1,62,926,83,4666.07
2016-07-25,45,37,1,8,934,83,4665.93
2016-07-26,55,27,1,28,962,83,4672.11
2016-07-27,35,47,1,-12,950,83,4702.88
2016-07-28,50,31,2,19,969,83,4721.41
2016-07-29,42,38,3,4,973,83,4730.23
2016-08-01,44,37,2,7,980,83,4756.04
2016-08-02,7,75,1,-68,912,83,4719.21
2016-08-03,50,32,1,18,930,83,4734.33
2016-08-04,62,20,1,42,972,83,4743.81
2016-08-05,68,13,2,55,1027,83,4791.21
2016-08-08,25,55,3,-30,997,83,4784.74
2016-08-09,53,29,1,24,1021,83,4795.75
2016-08-10,30,52,1,-22,999,83,4783.39
2016-08-11,64,18,1,46,1045,83,4803.31
2016-08-12,37,42,4,-5,1040,83,4807.08
2016-08-15,59,23,1,36,1076,83,4827.12
2016-08-16,12,70,1,-58,1018,83,4797.19
2016-08-17,49,31,3,18,1036,83,4805.45
2016-08-18,59,23,1,36,1072,83,4808.68
2016-08-19,49,32,2,17,1089,83,4806.14
2016-08-22,40,42,1,-2,1087,83,4808.56
2016-08-23,58,24,1,34,1121,83,4818.48
2016-08-24,14,67,2,-53,1068,83,4783.49
2016-08-25,56,26,1,30,1098,83,4775.43
2016-08-26,47,34,2,13,1111,83,4783.69
2016-08-29,58,23,2,35,1146,83,4791.09
2016-08-30,27,54,2,-27,1119,83,4775.99
2016-08-31,37,45,1,-8,1111,83,4771.05
2016-09-01,54,28,1,26,1137,83,4783.94
2016-09-02,56,25,2,31,1168,83,4798.74
2016-09-06,47,35,1,12,1180,83,4829.51
2016-09-07,41,42,0,-1,1179,83,4831.86
2016-09-08,27,55,1,-28,1151,83,4804.00
2016-09-09,0,82,1,-82,1069,83,4681.54
2016-09-12,81,1,1,80,1149,83,4764.65
2016-09-13,5,77,1,-72,1077,83,4722.85
2016-09-14,53,28,2,25,1102,83,4746.06
2016-09-15,78,4,1,74,1176,83,4819.90
2016-09-16,31,51,1,-20,1156,83,4818.05
2016-09-19,45,35,3,10,1166,83,4796.07
2016-09-20,39,43,1,-4,1162,83,4805.22
2016-09-21,75,6,2,69,1231,83,4853.75
2016-09-22,63,19,1,44,1275,83,4891.36
2016-09-23,18,64,1,-46,1229,83,4858.91
2016-09-26,16,66,1,-50,1179,83,4817.17
2016-09-27,65,17,1,48,1227,83,4866.71
2016-09-28,48,34,1,14,1241,83,4875.27
2016-09-29,23,59,1,-36,1205,83,4838.30
2016-09-30,73,9,1,64,1269,83,4875.70
2016-10-03,26,56,1,-30,1239,83,4866.63
2016-10-04,22,59,2,-37,1202,83,4859.47
2016-10-05,55,25,3,30,1232,83,4877.75
2016-10-06,43,39,1,4,1236,83,4873.92
2016-10-07,26,56,1,-30,1206,83,4864.52
2016-10-10,54,26,3,28,1234,83,4893.77
2016-10-11,2,79,2,-77,1157,83,4821.91
2016-10-12,49,32,2,17,1174,83,4819.64
2016-10-13,25,57,1,-32,1142,83,4803.10
2016-10-14,44,35,4,9,1151,83,4808.48
2016-10-17,21,60,2,-39,1112,83,4796.17
2016-10-18,71,11,1,60,1172,83,4839.72
2016-10-19,47,35,1,12,1184,83,4836.61
2016-10-20,32,50,1,-18,1166,83,4832.71
2016-10-21,36,45,2,-9,1157,83,4851.86
2016-10-24,67,15,1,52,1209,83,4909.97
2016-10-25,21,60,2,-39,1170,83,4891.45
2016-10-26,32,49,2,-17,1153,83,4860.59
2016-10-27,17,64,2,-47,1106,83,4836.45
2016-10-28,47,35,1,12,1118,83,4805.59
2016-10-31,47,35,1,12,1130,83,4801.27
2016-11-01,11,71,1,-60,1070,83,4766.94
2016-11-02,22,58,3,-36,1034,83,4726.91
2016-11-03,22,60,1,-38,996,83,4679.10
2016-11-04,27,54,2,-27,969,83,4660.46
2016-11-07,81,1,1,80,1049,83,4773.73
2016-11-08,62,20,1,42,1091,83,4804.92
2016-11-09,38,42,3,-4,1087,83,4825.18
2016-11-10,24,58,1,-34,1053,83,4747.03
2016-11-11,50,33,0,17,1070,83,4751.95
2016-11-14,44,38,1,6,1076,83,4702.04
2016-11-15,70,12,1,58,1134,83,4764.47
2016-11-16,48,32,3,16,1150,83,4792.27
2016-11-17,61,21,1,40,1190,83,4826.59
2016-11-18,37,45,1,-8,1182,83,4808.04
2016-11-21,66,15,2,51,1233,83,4859.00
2016-11-22,53,29,1,24,1257,83,4873.84
2016-11-23,43,39,1,4,1261,83,4853.86
2016-11-25,62,20,1,42,1303,83,4870.02
2016-11-28,22,60,1,-38,1265,83,4857.02
2016-11-29,50,32,1,18,1283,83,4873.21
2016-11-30,19,64,0,-45,1238,83,4810.81
2016-12-01,15,67,1,-52,1186,83,4734.10
2016-12-02,55,27,1,28,1214,83,4739.37
2016-12-05,64,18,1,46,1260,83,4778.14
2016-12-06,48,34,1,14,1274,83,4788.67
2016-12-07,69,13,1,56,1330,83,4851.94
2016-12-08,46,36,1,10,1340,83,4859.19
2016-12-09,43,38,2,5,1345,83,4895.90
2016-12-12,34,48,1,-14,1331,83,4874.30
2016-12-13,70,11,2,59,1390,83,4935.84
2016-12-14,16,65,2,-49,1341,83,4921.22
2016-12-15,59,23,1,36,1377,83,4933.41
2016-12-16,24,58,1,-34,1343,83,4914.86
2016-12-19,56,26,1,30,1373,83,4934.85
2016-12-20,53,29,1,24,1397,83,4953.80
2016-12-21,26,55,2,-29,1368,83,4948.91
2016-12-22,33,49,1,-16,1352,83,4934.39
2016-12-23,57,23,3,34,1386,83,4940.02
2016-12-27,65,16,2,49,1435,83,4965.81
2016-12-28,3,79,1,-76,1359,83,4926.29
2016-12-29,38,44,1,-6,1353,83,4918.28
2016-12-30,3,79,1,-76,1277,83,4863.62
2017-01-03,58,22,3,36,1313,83,4911.33
2017-01-04,61,20,2,41,1354,83,4937.21
2017-01-05,46,34,3,12,1366,83,4964.95
2017-01-06,53,29,1,24,1390,83,5007.08
2017-01-09,45,37,1,8,1398,83,5024.90
2017-01-10,44,38,1,6,1404,83,5035.17
2017-01-11,60,21,2,39,1443,83,5050.21
2017-01-12,24,57,2,-33,1410,83,5041.43
2017-01-13,58,23,2,35,1445,83,5059.51
2017-01-17,22,60,1,-38,1407,83,5044.65
2017-01-18,57,25,1,32,1439,83,5055.85
2017-01-19,30,51,2,-21,1418,83,5051.17
2017-01-20,57,25,1,32,1450,83,5063.20
2017-01-23,32,49,2,-17,1433,83,5065.70
2017-01-24,70,12,1,58,1491,83,5101.06
2017-01-25,63,19,1,44,1535,83,5151.47
2017-01-26,22,60,1,-38,1497,83,5156.92
2017-01-27,46,36,1,10,1507,83,5168.06
2017-01-30,25,57,1,-32,1475,83,5129.33
2017-01-31,41,42,0,-1,1474,83,5116.77
2017-02-01,38,44,1,-6,1468,83,5152.69
2017-02-02,49,32,2,17,1485,83,5147.70
2017-02-03,67,15,1,52,1537,83,5161.60
2017-02-06,38,45,0,-7,1530,83,5167.96
2017-02-07,50,30,3,20,1550,83,5185.88
2017-02-08,49,31,3,18,1568,83,5196.58
2017-02-09,53,29,1,24,1592,83,5212.16
2017-02-10,53,29,1,24,1616,83,5226.69
2017-02-13,57,25,1,32,1648,83,5256.82
2017-02-14,48,32,3,16,1664,83,5271.07
2017-02-15,61,19,3,42,1706,83,5302.39
2017-02-16,43,38,2,5,1711,83,5300.64
2017-02-17,52,31,0,21,1732,83,5324.72
2017-02-21,61,21,1,40,1772,83,5350.73
2017-02-22,31,49,3,-18,1754,83,5352.13
2017-02-23,28,54,1,-26,1728,83,5332.37
2017-02-24,59,21,3,38,1766,83,5343.31
2017-02-27,50,33,0,17,1783,83,5347.55
2017-02-28,24,58,1,-34,1749,83,5330.31
2017-03-01,65,17,1,48,1797,83,5390.99
2017-03-02,25,57,1,-32,1765,83,5363.26
2017-03-03,47,35,1,12,1777,83,5373.48
2017-03-06,30,53,0,-23,1754,83,5360.31
2017-03-07,34,47,2,-13,1741,83,5351.28
2017-03-08,44,37,2,7,1748,83,5359.81
2017-03-09,39,43,1,-4,1744,83,5363.98
2017-03-10,65,17,1,48,1792,83,5385.90
2017-03-13,52,31,0,21,1813,83,5394.57
2017-03-14,22,59,2,-37,1776,83,5382.17
2017-03-15,68,14,1,54,1830,83,5416.25
2017-03-16,43,39,1,4,1834,83,5412.08
2017-03-17,48,32,3,16,1850,83,5408.76
2017-03-20,43,38,2,5,1855,83,5413.31
2017-03-21,8,74,1,-66,1789,83,5332.53
2017-03-22,68,14,1,54,1843,83,5367.55
2017-03-23,31,51,1,-20,1823,83,5355.14
2017-03-24,52,30,1,22,1845,83,5364.00
2017-03-27,41,39,3,2,1847,83,5374.27
2017-03-28,59,23,1,36,1883,83,5407.21
2017-03-29,53,30,0,23,1906,83,5430.27
2017-03-30,50,31,2,19,1925,83,5439.74
2017-03-31,32,48,3,-16,1909,83,5436.23
2017-04-03,21,60,2,-39,1870,83,5432.20
2017-04-04,44,37,2,7,1877,83,5440.41
2017-04-05,21,61,1,-40,1837,83,5418.52
2017-04-06,52,30,1,22,1859,83,5420.88
2017-04-07,48,32,3,16,1875,83,5418.37
2017-04-10,41,40,2,1,1876,83,5421.68
2017-04-11,28,52,3,-24,1852,83,5398.40
2017-04-12,20,62,1,-42,1810,83,5377.03
2017-04-13,16,66,1,-50,1760,83,5353.59
2017-04-17,76,6,1,70,1830,83,5399.20
2017-04-18,45,37,1,8,1838,83,5391.66
2017-04-19,48,34,1,14,1852,83,5399.64
2017-04-20,68,14,1,54,1906,83,5443.53
2017-04-21,37,45,1,-8,1898,83,5442.05
2017-04-24,75,7,1,68,1966,83,5508.03
2017-04-25,64,18,1,46,2012,83,5548.19
2017-04-26,32,50,1,-18,1994,83,5541.09
2017-04-27,61,21,1,40,2034,83,5571.28
2017-04-28,34,48,1,-14,2020,83,5583.53
2017-05-01,51,30,2,21,2041,83,5629.63
2017-05-02,53,28,2,25,2066,83,5644.07
2017-05-03,35,47,1,-12,2054,83,5625.16
2017-05-04,52,30,1,22,2076,83,5626.32
2017-05-05,64,17,2,47,2123,83,5646.09
2017-05-08,26,55,2,-29,2094,83,5659.07
2017-05-09,49,32,2,17,2111,83,5678.31
2017-05-10,47,34,2,13,2124,83,5681.68
2017-05-11,32,50,1,-18,2106,83,5674.22
2017-05-12,36,45,2,-9,2097,83,5686.81
2017-05-15,66,16,1,50,2147,83,5704.48
2017-05-16,52,30,1,22,2169,83,5724.44
2017-05-17,5,77,1,-72,2097,83,5580.55
2017-05-18,66,16,1,50,2147,83,5626.31
2017-05-19,68,14,1,54,2201,83,5651.56
2017-05-22,73,9,1,64,2265,83,5699.40
2017-05-23,48,33,2,15,2280,83,5703.35
2017-05-24,57,25,1,32,2312,83,5730.30
2017-05-25,64,17,2,47,2359,83,5778.37
2017-05-26,50,31,2,19,2378,83,5788.36
2017-05-30,42,38,3,4,2382,83,5794.63
2017-05-31,48,34,1,14,2396,83,5788.80
2017-06-01,66,17,0,49,2445,83,5816.51
2017-06-02,56,26,1,30,2475,83,5881.46
2017-06-05,36,45,2,-9,2466,83,5878.12
2017-06-06,31,51,1,-20,2446,83,5856.77
2017-06-07,54,28,1,26,2472,83,5877.59
2017-06-08,47,34,2,13,2485,83,5885.30
2017-06-09,19,64,0,-45,2440,83,5741.94
2017-06-12,34,48,1,-14,2426,83,5708.18
2017-06-13,67,15,1,52,2478,83,5751.82
2017-06-14,25,57,1,-32,2446,83,5727.07
2017-06-15,26,56,1,-30,2416,83,5700.89
2017-06-16,39,43,1,-4,2412,83,5681.48
2017-06-19,71,11,1,60,2472,83,5772.22
2017-06-20,21,61,1,-40,2432,83,5726.31
2017-06-21,55,27,1,28,2460,83,5782.39
2017-06-22,27,53,3,-26,2434,83,5779.87
2017-06-23,55,27,1,28,2462,83,5803.11
2017-06-26,29,51,3,-22,2440,83,5777.59
2017-06-27,6,76,1,-70,2370,83,5671.60
2017-06-28,75,7,1,68,2438,83,5753.03
2017-06-29,5,78,0,-73,2365,83,5653.02
2017-06-30,44,38,1,6,2371,83,5646.92
2017-07-03,20,62,1,-42,2329,83,5596.96
2017-07-05,60,22,1,38,2367,83,5648.82
2017-07-06,15,67,1,-52,2315,83,5597.90
2017-07-07,72,9,2,63,2378,83,5656.47
2017-07-10,56,25,2,31,2409,83,5694.15
2017-07-11,54,28,1,26,2435,83,5709.80
2017-07-12,72,9,2,63,2498,83,5778.95
2017-07-13,35,47,1,-12,2486,83,5793.36
2017-07-14,63,19,1,44,2530,83,5838.08
2017-07-17,35,45,3,-10,2520,83,5839.74
2017-07-18,52,30,1,22,2542,83,5880.10
2017-07-19,65,16,2,49,2591,83,5916.16
2017-07-20,48,33,2,15,2606,83,5921.22
2017-07-21,36,46,1,-10,2596,83,5921.53
2017-07-24,52,30,1,22,2618,83,5941.37
2017-07-25,46,36,1,10,2628,83,5930.65
2017-07-26,55,27,1,28,2656,83,5950.73
2017-07-27,27,55,1,-28,2628,83,5917.03
2017-07-28,38,43,2,-5,2623,83,5908.92
2017-07-31,27,54,2,-27,2596,83,5880.33
2017-08-01,56,25,2,31,2627,83,5895.17
2017-08-02,26,56,1,-30,2597,83,5914.23
2017-08-03,38,44,1,-6,2591,83,5891.20
2017-08-04,46,36,1,10,2601,83,5899.91
2017-08-07,60,22,1,38,2639,83,5934.73
2017-08-08,23,58,2,-35,2604,83,5926.35
2017-08-09,31,51,1,-20,2584,83,5919.39
2017-08-10,7,75,1,-68,2516,83,5788.19
2017-08-11,62,18,3,44,2560,83,5831.53
2017-08-14,73,10,0,63,2623,83,5908.17
2017-08-15,45,37,1,8,2631,83,5907.73
2017-08-16,59,22,2,37,2668,83,5917.42
2017-08-17,0,82,1,-82,2586,83,5796.32
2017-08-18,44,39,0,5,2591,83,5790.91
2017-08-21,38,44,1,-6,2585,83,5786.54
2017-08-22,77,4,2,73,2658,83,5873.33
2017-08-23,23,58,2,-35,2623,83,5851.78
2017-08-24,33,48,2,-15,2608,83,5834.44
2017-08-25,39,42,2,-3,2605,83,5822.53
2017-08-28,51,30,2,21,2626,83,5838.08
2017-08-29,49,31,3,18,2644,83,5862.14
2017-08-30,69,13,1,56,2700,83,5932.90
2017-08-31,67,16,0,51,2751,83,5988.60
2017-09-01,47,35,1,12,2763,83,5987.90
2017-09-05,23,59,1,-36,2727,83,5932.73
2017-09-06,45,37,1,8,2735,83,5951.13
2017-09-07,49,33,1,16,2751,83,5964.31
2017-09-08,26,57,0,-31,2720,83,5913.37
2017-09-11,73,10,0,63,2783,83,5980.53
2017-09-12,43,40,0,3,2786,83,5995.64
2017-09-13,40,41,2,-1,2785,83,6004.38
2017-09-14,35,47,1,-12,2773,83,5968.82
2017-09-15,55,26,2,29,2802,83,5988.00
2017-09-18,54,27,2,27,2829,83,5981.12
2017-09-19,43,39,1,4,2833,83,5991.08
2017-09-20,36,46,1,-10,2823,83,5973.61
2017-09-21,27,54,2,-27,2796,83,5934.91
2017-09-22,45,37,1,8,2804,83,5932.32
2017-09-25,25,57,1,-32,2772,83,5867.35
2017-09-26,41,40,2,1,2773,83,5881.34
2017-09-27,60,23,0,37,2810,83,5937.79
2017-09-28,50,31,2,19,2829,83,5933.07
2017-09-29,58,24,1,34,2863,83,5979.30
2017-10-02,56,25,2,31,2894,83,5981.92
2017-10-03,52,30,1,22,2916,83,5995.06
2017-10-04,49,32,2,17,2933,83,5998.84
2017-10-05,55,26,2,29,2962,83,6057.14
2017-10-06,56,25,2,31,2993,83,6064.57
2017-10-09,43,38,2,5,2998,83,6058.53
2017-10-10,47,33,3,14,3012,83,6063.52
2017-10-11,57,24,2,33,3045,83,6081.25
2017-10-12,49,32,2,17,3062,83,6069.99
2017-10-13,49,33,1,16,3078,83,6092.45
2017-10-16,41,41,1,0,3078,83,6114.53
2017-10-17,45,37,1,8,3086,83,6122.61
2017-10-18,47,35,1,12,3098,83,6114.35
2017-10-19,42,41,0,1,3099,83,6092.62
2017-10-20,56,26,1,30,3129,83,6108.82
2017-10-23,35,47,1,-12,3117,83,6067.83
2017-10-24,52,30,1,22,3139,83,6080.22
2017-10-25,18,65,0,-47,3092,83,6055.04
2017-10-26,59,24,0,35,3127,83,6037.87
2017-10-27,55,26,2,29,3156,83,6213.47
2017-10-30,27,54,2,-27,3129,83,6227.59
2017-10-31,49,33,1,16,3145,83,6248.56
2017-11-01,32,50,1,-18,3127,83,6248.65
2017-11-02,45,38,0,7,3134,83,6236.39
2017-11-03,56,25,2,31,3165,83,6295.58
2017-11-06,41,41,1,0,3165,83,6313.61
2017-11-07,43,40,0,3,3168,83,6320.78
2017-11-08,54,28,1,26,3194,83,6345.81
2017-11-09,22,61,0,-39,3155,83,6312.21
2017-11-10,49,31,3,18,3173,83,6309.07
2017-11-13,43,38,2,5,3178,83,6316.18
2017-11-14,45,35,3,10,3188,83,6293.64
2017-11-15,23,59,1,-36,3152,83,6258.36
2017-11-16,72,9,2,63,3215,83,6339.14
2017-11-17,36,44,3,-8,3207,83,6314.51
2017-11-20,50,33,0,17,3224,83,6308.61
2017-11-21,70,12,1,58,3282,83,6378.63
2017-11-22,36,45,2,-9,3273,83,6386.12
2017-11-24,58,24,1,34,3307,83,6409.29
2017-11-27,38,42,3,-4,3303,83,6405.97
2017-11-28,51,31,1,20,3323,83,6422.56
2017-11-29,25,57,1,-32,3291,83,6311.38
2017-11-30,60,21,2,39,3330,83,6365.56
2017-12-01,25,57,1,-32,3298,83,6337.87
2017-12-04,29,53,1,-24,3274,83,6263.70
2017-12-05,35,46,2,-11,3263,83,6265.11
2017-12-06,52,28,3,24,3287,83,6293.05
2017-12-07,55,27,1,28,3315,83,6316.28
2017-12-08,60,22,1,38,3353,83,6344.57
2017-12-11,53,29,1,24,3377,83,6393.89
2017-12-12,25,58,0,-33,3344,83,6383.65
2017-12-13,55,27,1,28,3372,83,6394.67
2017-12-14,31,51,1,-20,3352,83,6389.91
2017-12-15,68,15,0,53,3405,83,6466.32
2017-12-18,60,22,1,38,3443,83,6513.27
2017-12-19,35,48,0,-13,3430,83,6480.67
2017-12-20,35,47,1,-12,3418,83,6472.48
2017-12-21,24,57,2,-33,3385,83,6472.69
2017-12-22,33,47,3,-14,3371,83,6465.17
2017-12-26,32,50,1,-18,3353,83,6433.16
2017-12-27,54,28,1,26,3379,83,6435.15
2017-12-28,54,29,0,25,3404,83,6441.42
2017-12-29,13,69,1,-56,3348,83,6396.42
2018-01-02,70,12,1,58,3406,83,6511.34
2018-01-03,68,15,0,53,3459,83,6575.80
2018-01-04,55,27,1,28,3487,83,6584.58
2018-01-05,64,18,1,46,3533,83,6653.29
2018-01-08,59,22,2,37,3570,83,6676.63
2018-01-09,31,51,1,-20,3550,83,6677.94
2018-01-10,33,50,0,-17,3533,83,6662.66
2018-01-11,61,21,1,40,3573,83,6708.49
2018-01-12,57,25,1,32,3605,83,6758.54
2018-01-16,31,51,1,-20,3585,83,6737.14
2018-01-17,71,11,1,60,3645,83,6810.28
2018-01-18,39,43,1,-4,3641,83,6811.38
2018-01-19,60,20,3,40,3681,83,6834.33
2018-01-22,66,16,1,50,3731,83,6906.28
2018-01-23,54,29,0,25,3756,83,6963.46
2018-01-24,23,59,1,-36,3720,83,6919.35
2018-01-25,38,44,1,-6,3714,83,6916.30
2018-01-26,72,10,1,62,3776,83,7022.97
2018-01-29,22,60,1,-38,3738,83,6988.32
2018-01-30,17,66,0,-49,3689,83,6930.73
2018-01-31,52,30,1,22,3711,83,6949.99
2018-02-01,21,60,2,-39,3672,83,6901.50
2018-02-02,5,77,1,-72,3600,83,6760.29
2018-02-05,0,82,1,-82,3518,83,6495.92
2018-02-06,65,17,1,48,3566,83,6665.98
2018-02-07,25,57,1,-32,3534,83,6582.02
2018-02-08,3,80,0,-77,3457,83,6306.10
2018-02-09,63,19,1,44,3501,83,6412.68
2018-02-12,73,9,1,64,3565,83,6523.85
2018-02-13,54,28,1,26,3591,83,6553.86
2018-02-14,72,11,0,61,3652,83,6675.03
2018-02-15,75,7,1,68,3720,83,6794.92
2018-02-16,40,42,1,-2,3718,83,6770.66
2018-02-20,48,34,1,14,3732,83,6779.69
2018-02-21,24,57,2,-33,3699,83,6759.26
2018-02-22,40,42,1,-2,3697,83,6761.85
2018-02-23,78,4,1,74,3771,83,6896.60
2018-02-26,66,16,1,50,3821,83,6989.10
2018-02-27,14,69,0,-55,3766,83,6900.35
2018-02-28,28,54,1,-26,3740,83,6854.42
2018-03-01,14,68,1,-54,3686,83,6750.54
2018-03-02,69,13,1,56,3742,83,6811.04
2018-03-05,71,11,1,60,3802,83,6881.28
2018-03-06,57,25,1,32,3834,83,6913.02
2018-03-07,54,27,2,27,3861,83,6929.39
2018-03-08,54,27,2,27,3888,83,6966.43
2018-03-09,76,6,1,70,3958,83,7101.18
2018-03-12,49,34,0,15,3973,83,7131.12
2018-03-13,23,60,0,-37,3936,83,7046.51
2018-03-14,35,47,1,-12,3924,83,7040.98
2018-03-15,36,46,1,-10,3914,83,7030.97
2018-03-16,43,40,0,3,3917,83,7019.95
2018-03-19,7,75,1,-68,3849,83,6864.88
2018-03-20,56,25,2,31,3880,83,6885.92
2018-03-21,40,42,1,-2,3878,83,6853.45
2018-03-22,5,78,0,-73,3805,83,6682.26
2018-03-23,4,78,1,-74,3731,83,6508.09
2018-03-26,79,3,1,76,3807,83,6753.83
2018-03-27,5,77,1,-72,3735,83,6529.84
2018-03-28,20,62,1,-42,3693,83,6460.81
2018-03-29,76,6,1,70,3763,83,6581.13
2018-04-02,3,78,2,-75,3688,83,6390.84
2018-04-03,73,9,1,64,3752,83,6458.83
2018-04-04,73,10,0,63,3815,83,6560.06
2018-04-05,53,29,1,24,3839,83,6594.84
2018-04-06,1,81,1,-80,3759,83,6433.21
2018-04-09,59,22,2,37,3796,83,6472.34
2018-04-10,75,7,1,68,3864,83,6615.87
2018-04-11,24,56,3,-32,3832,83,6583.44
2018-04-12,64,18,1,46,3878,83,6656.26
2018-04-13,26,56,1,-30,3848,83,6628.34
2018-04-16,64,18,1,46,3894,83,6675.18
2018-04-17,74,9,0,65,3959,83,6816.37
2018-04-18,41,40,2,1,3960,83,6833.21
2018-04-19,17,66,0,-49,3911,83,6774.89
2018-04-20,9,73,1,-64,3847,83,6667.75
2018-04-23,31,50,2,-19,3828,83,6648.80
2018-04-24,23,59,1,-36,3792,83,6509.05
2018-04-25,42,39,2,3,3795,83,6513.94
2018-04-26,73,10,0,63,3858,83,6649.65
2018-04-27,40,42,1,-2,3856,83,6656.35
2018-04-30,19,63,1,-44,3812,83,6605.57
2018-05-01,56,26,1,30,3842,83,6681.96
2018-05-02,24,59,0,-35,3807,83,6644.48
2018-05-03,48,33,2,15,3822,83,6643.48
2018-05-04,75,7,1,68,3890,83,6769.12
2018-05-07,59,23,1,36,3926,83,6821.87
2018-05-08,49,33,1,16,3942,83,6815.48
2018-05-09,65,17,1,48,3990,83,6893.21
2018-05-10,65,17,1,48,4038,83,6963.55
2018-05-11,38,44,1,-6,4032,83,6952.56
2018-05-14,43,38,2,5,4037,83,6964.37
2018-05-15,20,62,1,-42,3995,83,6888.54
2018-05-16,58,24,1,34,4029,83,6929.97
2018-05-17,40,41,2,-1,4028,83,6901.63
2018-05-18,40,42,1,-2,4026,83,6866.25
2018-05-21,63,20,0,43,4069,83,6905.53
2018-05-22,35,47,1,-12,4057,83,6893.62
2018-05-23,59,24,0,35,4092,83,6953.63
2018-05-24,44,37,2,7,4099,83,6949.70
2018-05-25,47,35,1,12,4111,83,6960.92
2018-05-29,21,60,2,-39,4072,83,6926.54
2018-05-30,69,13,1,56,4128,83,6976.37
2018-05-31,19,62,2,-43,4085,83,6967.73
2018-06-01,72,8,3,64,4149,83,7083.93
2018-06-04,59,23,1,36,4185,83,7143.57
2018-06-05,49,31,3,18,4203,83,7166.75
2018-06-06,61,21,1,40,4243,83,7210.08
2018-06-07,24,58,1,-34,4209,83,7152.83
2018-06-08,46,33,4,13,4222,83,7152.62
2018-06-11,44,36,3,8,4230,83,7168.48
2018-06-12,68,12,3,56,4286,83,7209.18
2018-06-13,31,50,2,-19,4267,83,7205.26
2018-06-14,59,23,1,36,4303,83,7279.59
2018-06-15,40,42,1,-2,4301,83,7255.76
2018-06-18,33,49,1,-16,4285,83,7251.41
2018-06-19,23,56,4,-33,4252,83,7228.04
2018-06-20,57,25,1,32,4284,83,7280.70
2018-06-21,20,62,1,-42,4242,83,7217.49
2018-06-22,38,43,2,-5,4237,83,7197.51
2018-06-25,12,70,1,-58,4179,83,7038.17
2018-06-26,48,34,1,14,4193,83,7068.20
2018-06-27,11,71,1,-60,4133,83,6969.67
2018-06-28,68,14,1,54,4187,83,7031.60
2018-06-29,54,28,1,26,4213,83,7040.80
2018-07-02,58,24,1,34,4247,83,7097.82
2018-07-03,22,60,1,-38,4209,83,7014.55
2018-07-05,70,12,1,58,4267,83,7101.05
2018-07-06,78,5,0,73,4340,83,7207.33
2018-07-09,58,24,1,34,4374,83,7276.00
2018-07-10,52,30,1,22,4396,83,7282.60
2018-07-11,27,55,1,-28,4368,83,7243.98
2018-07-12,71,11,1,60,4428,83,7366.25
2018-07-13,43,38,2,5,4433,83,7375.82
2018-07-16,20,61,2,-41,4392,83,7357.90
2018-07-17,66,16,1,50,4442,83,7403.89
2018-07-18,35,44,4,-9,4433,83,7390.13
2018-07-19,38,44,1,-6,4427,83,7352.36
2018-07-20,30,51,2,-21,4406,83,7350.23
2018-07-23,45,36,2,9,4415,83,7371.78
2018-07-24,30,52,1,-22,4393,83,7406.25
2018-07-25,71,11,1,60,4453,83,7508.59
2018-07-26,46,37,0,9,4462,83,7400.75
2018-07-27,17,66,1,-49,4413,84,7296.78
2018-07-30,14,69,1,-55,4358,84,7193.10
2018-07-31,63,20,1,43,4401,84,7231.98
2018-08-01,36,47,1,-11,4390,84,7272.89
2018-08-02,68,15,1,53,4443,84,7372.15
2018-08-03,47,36,1,11,4454,84,7395.49
2018-08-06,60,22,2,38,4492,84,7438.99
2018-08-07,60,22,2,38,4530,84,7462.65
2018-08-08,41,42,1,-1,4529,84,7469.55
2018-08-09,42,42,0,0,4529,84,7466.96
2018-08-10,22,60,2,-38,4491,84,7408.30
2018-08-13,30,52,2,-22,4469,84,7401.17
2018-08-14,63,20,1,43,4512,84,7447.17
2018-08-15,16,67,1,-51,4461,84,7354.66
2018-08-16,59,23,2,36,4497,84,7374.29
2018-08-17,49,33,2,16,4513,84,7377.54
2018-08-20,50,33,1,17,4530,84,7371.42
2018-08-21,60,23,1,37,4567,84,7397.23
2018-08-22,55,28,1,27,4594,84,7424.60
2018-08-23,34,49,1,-15,4579,84,7413.84
2018-08-24,69,14,1,55,4634,84,7485.40
2018-08-27,61,20,3,41,4675,84,7559.13
2018-08-28,53,29,2,24,4699,84,7570.25
2018-08-29,60,23,1,37,4736,84,7660.18
2018-08-30,28,55,1,-27,4709,84,7642.67
2018-08-31,50,33,1,17,4726,84,7654.55
2018-09-04,38,44,2,-6,4720,84,7622.32
2018-09-05,27,56,1,-29,4691,84,7523.26
2018-09-06,37,45,2,-8,4683,84,7453.17
2018-09-07,32,51,1,-19,4664,84,7430.26
2018-09-10,56,27,1,29,4693,84,7447.68
2018-09-11,36,47,1,-11,4682,84,7507.87
2018-09-12,32,50,2,-18,4664,84,7488.06
2018-09-13,61,22,1,39,4703,84,7561.69
2018-09-14,38,45,1,-7,4696,84,7545.50
2018-09-17,14,68,2,-54,4642,84,7434.73
2018-09-18,65,18,1,47,4689,84,7494.40
2018-09-19,33,50,1,-17,4672,84,7490.32
2018-09-20,72,12,0,60,4732,84,7569.03
2018-09-21,38,43,3,-5,4727,84,7531.07
2018-09-24,39,44,1,-5,4722,84,7548.75
2018-09-25,37,46,1,-9,4713,84,7563.19
2018-09-26,30,53,1,-23,4690,84,7563.09
2018-09-27,57,25,2,32,4722,84,7629.57
2018-09-28,47,34,3,13,4735,84,7627.65
2018-10-01,40,43,1,-3,4732,84,7645.45
2018-10-02,35,48,1,-13,4719,84,7628.28
2018-10-03,48,35,1,13,4732,84,7637.43
2018-10-04,7,76,1,-69,4663,84,7490.00
2018-10-05,17,66,1,-49,4614,84,7399.01
2018-10-08,25,58,1,-33,4581,84,7352.82
2018-10-09,38,45,1,-7,4574,84,7371.62
2018-10-10,1,82,1,-81,4493,84,7044.50
2018-10-11,18,65,1,-47,4446,84,6964.03
2018-10-12,77,5,2,72,4518,84,7157.21
2018-10-15,24,58,2,-34,4484,84,7068.67
2018-10-16,81,2,1,79,4563,84,7276.43
2018-10-17,38,43,3,-5,4558,84,7278.63
2018-10-18,9,74,1,-65,4493,84,7116.09
2018-10-19,29,53,2,-24,4469,84,7107.23
2018-10-22,47,35,2,12,4481,84,7141.21
2018-10-23,33,50,1,-17,4464,84,7118.67
2018-10-24,6,77,1,-71,4393,84,6789.15
2018-10-25,74,9,1,65,4458,84,7016.39
2018-10-26,13,70,1,-57,4401,84,6852.40
2018-10-29,27,55,2,-28,4373,84,6713.90
2018-10-30,73,10,1,63,4436,84,6810.12
2018-10-31,63,20,1,43,4479,84,6967.10
2018-11-01,59,24,1,35,4514,84,7069.17
2018-11-02,27,55,2,-28,4486,84,6965.29
2018-11-05,43,39,2,4,4490,84,6937.09
2018-11-06,61,22,1,39,4529,84,6988.85
2018-11-07,75,8,1,67,4596,84,7203.13
2018-11-08,37,45,2,-8,4588,84,7158.59
2018-11-09,20,63,1,-43,4545,84,7039.15
2018-11-12,5,78,1,-73,4472,84,6829.10
2018-11-13,49,33,2,16,4488,84,6830.91
2018-11-14,31,52,1,-21,4467,84,6769.87
2018-11-15,72,12,0,60,4527,84,6890.45
2018-11-16,50,32,2,18,4545,84,6867.02
2018-11-19,9,74,1,-65,4480,84,6642.92
2018-11-20,25,58,1,-33,4447,84,6526.96
2018-11-21,62,20,2,42,4489,84,6575.66
2018-11-23,29,54,1,-25,4464,84,6527.35
2018-11-26,76,7,1,69,4533,84,6678.34
2018-11-27,42,40,2,2,4535,84,6701.04
2018-11-28,77,7,0,70,4605,84,6913.33
2018-11-29,32,51,1,-19,4586,84,6892.40
2018-11-30,60,23,1,37,4623,84,6949.01
2018-12-03,68,15,1,53,4676,84,7062.13
2018-12-04,7,76,1,-69,4607,84,6795.21
2018-12-06,50,32,2,18,4625,84,6838.85
2018-12-07,6,77,1,-71,4554,84,6613.28
2018-12-10,62,21,1,41,4595,84,6682.74
2018-12-11,53,31,0,22,4617,84,6704.24
2018-12-12,67,15,2,52,4669,84,6763.96
2018-12-13,34,49,1,-15,4654,84,6767.97
2018-12-14,5,78,1,-73,4581,84,6594.96
2018-12-17,6,76,2,-70,4511,84,6448.39
2018-12-18,58,25,1,33,4544,84,6491.52
2018-12-19,10,74,0,-64,4480,84,6342.97
2018-12-20,19,64,1,-45,4435,84,6243.19
2018-12-21,8,75,1,-67,4368,84,6046.56
2018-12-24,2,81,1,-79,4289,84,5899.35
2018-12-26,83,0,1,83,4372,84,6262.77
2018-12-27,71,13,0,58,4430,84,6288.30
2018-12-28,38,44,2,-6,4424,84,6285.27
2018-12-31,75,8,1,67,4491,84,6329.97
2019-01-02,38,44,2,-6,4485,84,6360.87
2019-01-03,7,76,1,-69,4416,84,6147.13
2019-01-04,81,2,1,79,4495,84,6422.67
2019-01-07,63,19,2,44,4539,84,6488.25
2019-01-08,65,18,1,47,4586,84,6551.85
2019-01-09,57,26,1,31,4617,84,6600.69
2019-01-10,65,18,1,47,4664,84,6620.94
2019-01-11,44,38,2,6,4670,84,6601.40
2019-01-14,16,67,1,-51,4619,84,6541.04
2019-01-15,63,20,1,43,4662,84,6669.64
2019-01-16,38,44,2,-6,4656,84,6668.56
2019-01-17,69,14,1,55,4711,84,6718.45
2019-01-18,78,4,2,74,4785,84,6784.61
2019-01-22,9,75,0,-66,4719,84,6646.81
2019-01-23,43,40,1,3,4722,84,6658.76
2019-01-24,55,28,1,27,4749,84,6702.55
2019-01-25,68,16,0,52,4801,84,6787.37
2019-01-28,14,67,3,-53,4748,84,6697.09
2019-01-29,30,53,1,-23,4725,84,6632.79
2019-01-30,77,6,1,71,4796,84,6807.91
2019-01-31,57,26,1,31,4827,84,6906.84
2019-02-01,56,27,1,29,4856,84,6875.52
2019-02-04,64,18,2,46,4902,84,6959.96
2019-02-05,60,23,1,37,4939,84,7023.52
2019-02-06,44,39,1,5,4944,84,6997.62
2019-02-07,22,61,1,-39,4905,84,6904.98
2019-02-08,54,29,1,25,4930,84,6913.13
2019-02-11,53,29,2,24,4954,84,6909.18
2019-02-12,72,11,1,61,5015,84,7014.67
2019-02-13,47,36,1,11,5026,84,7015.88
2019-02-14,46,36,2,10,5036,84,7022.42
2019-02-15,66,17,1,49,5085,84,7055.18
2019-02-19,42,41,1,1,5086,84,7066.61
2019-02-20,49,31,4,18,5104,84,7062.34
2019-02-21,31,51,2,-20,5084,84,7035.16
2019-02-22,75,8,1,67,5151,84,7090.63
2019-02-25,55,28,1,27,5178,84,7115.43
2019-02-26,38,44,2,-6,5172,84,7123.22
2019-02-27,40,42,2,-2,5170,84,7117.00
2019-02-28,41,41,2,0,5170,84,7097.53
2019-03-01,63,20,1,43,5213,84,7151.57
2019-03-04,30,53,1,-23,5190,84,7150.83
2019-03-05,31,52,1,-21,5169,84,7156.79
2019-03-06,20,63,1,-43,5126,84,7112.47
2019-03-07,14,69,1,-55,5071,84,7026.88
2019-03-08,33,51,0,-18,5053,84,7015.69
2019-03-11,81,2,1,79,5132,84,7164.02
2019-03-12,63,20,1,43,5175,84,7201.28
2019-03-13,65,18,1,47,5222,84,7256.98
2019-03-14,35,48,1,-13,5209,84,7243.01
2019-03-15,64,19,1,45,5254,84,7306.99
2019-03-18,48,35,1,13,5267,84,7326.28
2019-03-19,47,36,1,11,5278,84,7349.28
2019-03-20,34,48,2,-14,5264,84,7380.75
2019-03-21,77,6,1,71,5335,84,7493.27
2019-03-22,7,76,1,-69,5266,84,7326.06
2019-03-25,40,42,2,-2,5264,84,7316.96
2019-03-26,71,12,1,59,5323,84,7351.15
2019-03-27,17,66,1,-49,5274,84,7308.19
2019-03-28,53,30,1,23,5297,84,7320.47
2019-03-29,72,10,2,62,5359,84,7378.77
2019-04-01,67,16,1,51,5410,84,7478.42
2019-04-02,44,39,1,5,5415,84,7499.64
2019-04-03,59,24,1,35,5450,84,7544.97
2019-04-04,34,49,1,-15,5435,84,7540.57
2019-04-05,67,15,2,52,5487,84,7578.84
2019-04-08,53,30,1,23,5510,84,7599.74
2019-04-09,25,58,1,-33,5477,84,7568.49
2019-04-10,70,13,1,57,5534,84,7611.49
2019-04-11,45,38,1,7,5541,84,7594.89
2019-04-12,60,23,1,37,5578,84,7628.15
2019-04-15,41,42,1,-1,5577,84,7629.12
2019-04-16,46,36,2,10,5587,84,7654.73
2019-04-17,37,46,1,-9,5578,84,7680.72
2019-04-18,48,35,1,13,5591,84,7689.72
2019-04-22,42,40,2,2,5593,84,7713.49
2019-04-23,71,12,1,59,5652,84,7810.71
2019-04-24,44,39,1,5,5657,84,7784.41
2019-04-25,33,50,1,-17,5640,84,7816.92
2019-04-26,56,27,1,29,5669,84,7826.68
2019-04-29,45,38,1,7,5676,84,7839.04
2019-04-30,55,29,0,26,5702,84,7781.46
2019-05-01,14,69,1,-55,5647,84,7751.85
2019-05-02,48,35,1,13,5660,84,7724.06
2019-05-03,72,10,2,62,5722,84,7845.73
2019-05-06,23,60,1,-37,5685,84,7794.09
2019-05-07,1,82,1,-81,5604,84,7640.15
2019-05-08,35,47,2,-12,5592,84,7617.55
2019-05-09,33,49,2,-16,5576,84,7582.75
2019-05-10,48,35,1,13,5589,84,7586.53
2019-05-13,5,78,1,-73,5516,84,7324.13
2019-05-14,75,9,0,66,5582,84,7401.88
2019-05-15,63,20,1,43,5625,84,7503.25
2019-05-16,64,18,2,46,5671,84,7580.14
2019-05-17,19,64,1,-45,5626,84,7503.68
2019-05-20,12,71,1,-59,5567,84,7376.70
2019-05-21,71,11,2,60,5627,84,7451.02
2019-05-22,38,45,1,-7,5620,84,7420.66
2019-05-23,15,68,1,-53,5567,84,7307.93
2019-05-24,42,41,1,1,5568,84,7300.96
2019-05-28,21,60,3,-39,5529,84,7278.38
2019-05-29,29,55,0,-26,5503,84,7216.86
2019-05-30,62,21,1,41,5544,84,7245.40
2019-05-31,11,72,1,-61,5483,84,7127.96
2019-06-03,38,44,2,-6,5477,84,6978.02
2019-06-04,77,6,1,71,5548,84,7166.75
2019-06-05,60,23,1,37,5585,84,7220.90
2019-06-06,64,18,2,46,5631,84,7275.93
2019-06-07,73,10,1,63,5694,84,7417.29
2019-06-10,67,16,1,51,5745,84,7501.93
2019-06-11,36,48,0,-12,5733,84,7513.85
2019-06-12,36,47,1,-11,5722,84,7472.29
2019-06-13,58,26,1,32,5754,85,7510.68
2019-06-14,28,56,1,-28,5726,85,7479.11
2019-06-17,46,38,1,8,5734,85,7526.52
2019-06-18,71,13,1,58,5792,85,7635.40
2019-06-19,61,22,2,39,5831,85,7667.74
2019-06-20,69,15,1,54,5885,85,7738.05
2019-06-21,32,52,1,-20,5865,85,7728.78
2019-06-24,33,51,1,-18,5847,85,7723.02
2019-06-25,5,79,1,-74,5773,85,7591.54
2019-06-26,41,43,1,-2,5771,85,7627.05
2019-06-27,59,24,2,35,5806,85,7657.05
2019-06-28,63,21,1,42,5848,85,7671.08
2019-07-01,76,7,2,69,5917,85,7768.14
2019-07-02,45,39,1,6,5923,85,7799.82
2019-07-03,65,19,1,46,5969,85,7857.69
2019-07-05,29,53,3,-24,5945,85,7841.30
2019-07-08,18,66,1,-48,5897,85,7785.79
2019-07-09,57,27,1,30,5927,85,7826.86
2019-07-10,65,19,1,46,5973,85,7903.40
2019-07-11,49,35,1,14,5987,85,7896.78
2019-07-12,61,23,1,38,6025,85,7943.24
2019-07-15,56,27,2,29,6054,85,7966.93
2019-07-16,25,59,1,-34,6020,85,7927.08
2019-07-17,37,46,2,-9,6011,85,7888.76
2019-07-18,66,18,1,48,6059,85,7904.13
2019-07-19,16,68,1,-52,6007,85,7834.90
2019-07-22,59,25,1,34,6041,85,7905.12
2019-07-23,63,21,1,42,6083,85,7954.56
2019-07-24,60,24,1,36,6119,85,8010.61
2019-07-25,18,66,1,-48,6071,85,7929.87
2019-07-26,59,23,3,36,6107,85,8016.95
2019-07-29,29,55,1,-26,6081,85,7989.08
2019-07-30,35,48,2,-13,6068,85,7952.47
2019-07-31,12,72,1,-60,6008,85,7848.78
2019-08-01,22,62,1,-40,5968,85,7801.15
2019-08-02,16,69,0,-53,5915,85,7692.80
2019-08-05,1,83,1,-82,5833,85,7415.69
2019-08-06,70,14,1,56,5889,85,7521.32
2019-08-07,55,30,0,25,5914,85,7551.90
2019-08-08,83,1,1,82,5996,85,7724.83
2019-08-09,21,62,2,-41,5955,85,7646.27
2019-08-12,11,72,2,-61,5894,85,7561.68
2019-08-13,77,7,1,70,5964,85,7728.15
2019-08-14,0,84,1,-84,5880,85,7490.13
2019-08-15,44,40,1,4,5884,85,7484.89
2019-08-16,80,4,1,76,5960,85,7604.11
2019-08-19,78,6,1,72,6032,85,7719.32
2019-08-20,23,61,1,-38,5994,85,7664.47
2019-08-21,69,15,1,54,6048,85,7733.22
2019-08-22,33,51,1,-18,6030,85,7707.43
2019-08-23,2,83,0,-81,5949,85,7464.99
2019-08-26,80,4,1,76,6025,85,7575.02
2019-08-27,39,45,1,-6,6019,85,7566.03
2019-08-28,66,17,2,49,6068,85,7587.90
2019-08-29,79,5,1,74,6142,85,7702.31
2019-08-30,48,35,2,13,6155,85,7691.00
2019-09-03,19,65,1,-46,6109,85,7609.51
2019-09-04,78,6,1,72,6181,85,7719.25
2019-09-05,73,11,1,62,6243,85,7862.54
2019-09-06,35,48,2,-13,6230,85,7852.54
2019-09-09,39,44,2,-5,6225,85,7832.40
2019-09-10,39,45,1,-6,6219,85,7814.74
2019-09-11,63,21,1,42,6261,85,7887.58
2019-09-12,54,30,1,24,6285,85,7917.34
2019-09-13,36,48,1,-12,6273,85,7892.95
2019-09-16,34,51,0,-17,6256,85,7852.41
2019-09-17,63,21,1,42,6298,85,7888.79
2019-09-18,35,49,1,-14,6284,85,7888.56
2019-09-19,35,49,1,-14,6270,85,7901.79
2019-09-20,21,63,2,-42,6228,86,7823.55
2019-09-23,48,38,0,10,6238,86,7818.61
2019-09-24,13,73,0,-60,6178,86,7710.04
2019-09-25,69,15,2,54,6232,86,7803.54
2019-09-26,40,45,1,-5,6227,86,7771.99
2019-09-27,10,75,1,-65,6162,86,7681.58
2019-09-30,65,20,1,45,6207,86,7749.45
2019-10-01,15,71,0,-56,6151,86,7684.14
2019-10-02,5,81,0,-76,6075,86,7550.79
2019-10-03,77,8,1,69,6144,86,7638.39
2019-10-04,80,5,1,75,6219,86,7754.10
2019-10-07,25,60,1,-35,6184,86,7725.13
2019-10-08,5,80,1,-75,6109,86,7604.27
2019-10-09,80,5,1,75,6184,86,7690.53
2019-10-10,69,16,1,53,6237,86,7740.36
2019-10-11,79,6,1,73,6310,86,7843.88
2019-10-14,43,43,0,0,6310,86,7842.33
2019-10-15,69,16,1,53,6363,86,7942.85
2019-10-16,30,55,1,-25,6338,86,7920.21
2019-10-17,60,25,1,35,6373,86,7942.14
2019-10-18,20,65,1,-45,6328,86,7868.49
2019-10-21,64,22,0,42,6370,86,7940.33
2019-10-22,25,59,2,-34,6336,86,7874.62
2019-10-23,48,36,2,12,6348,86,7889.47
2019-10-24,67,18,1,49,6397,86,7966.72
2019-10-25,56,29,1,27,6424,86,8029.22
2019-10-28,59,26,1,33,6457,86,8110.67
2019-10-29,31,54,1,-23,6434,86,8047.51
2019-10-30,58,26,2,32,6466,86,8083.11
2019-10-31,20,64,2,-44,6422,86,8083.83
2019-11-01,64,21,1,43,6465,86,8161.17
2019-11-04,52,33,1,19,6484,86,8210.66
2019-11-05,43,42,1,1,6485,86,8210.18
2019-11-06,36,50,0,-14,6471,86,8196.03
2019-11-07,48,37,1,11,6482,86,8219.65
2019-11-08,57,28,1,29,6511,86,8255.89
2019-11-11,37,49,0,-12,6499,86,8241.91
2019-11-12,51,34,1,17,6516,86,8263.79
2019-11-13,52,33,1,19,6535,86,8259.81
2019-11-14,50,35,1,15,6550,86,8257.83
2019-11-15,63,22,1,41,6591,86,8315.52
2019-11-18,42,43,1,-1,6590,86,8328.48
2019-11-19,48,38,0,10,6600,86,8338.74
2019-11-20,25,60,1,-35,6565,86,8283.75
2019-11-21,34,51,1,-17,6548,86,8265.62
2019-11-22,45,39,2,6,6554,86,8272.05
2019-11-25,70,14,2,56,6610,86,8371.93
2019-11-26,52,33,1,19,6629,86,8385.75
2019-11-27,66,19,1,47,6676,86,8444.71
2019-11-29,15,70,1,-55,6621,86,8403.68
2019-12-02,11,74,1,-63,6558,86,8309.26
2019-12-03,24,61,1,-37,6521,86,8254.74
2019-12-04,58,26,2,32,6553,86,8296.53
2019-12-05,41,43,2,-2,6551,86,8308.40
2019-12-06,70,14,2,56,6607,86,8397.37
2019-12-09,22,60,4,-38,6569,86,8362.74
2019-12-10,43,42,1,1,6570,86,8354.29
2019-12-11,62,23,1,39,6609,86,8402.61
2019-12-12,64,21,1,43,6652,86,8466.89
2019-12-13,50,36,0,14,6666,86,8487.71
2019-12-16,72,11,3,61,6727,86,8570.33
2019-12-17,49,36,1,13,6740,86,8575.70
2019-12-18,35,50,1,-15,6725,86,8580.62
2019-12-19,63,22,1,41,6766,86,8641.29
2019-12-20,66,19,1,47,6813,86,8678.49
2019-12-23,36,48,2,-12,6801,86,8696.01
2019-12-24,51,35,0,16,6817,86,8699.51
2019-12-26,60,24,2,36,6853,86,8778.31
2019-12-27,36,48,2,-12,6841,86,8770.98
2019-12-30,19,66,1,-47,6794,86,8709.73
2019-12-31,54,29,3,25,6819,86,8733.07
2020-01-02,68,17,1,51,6870,86,8872.22
2020-01-03,19,67,0,-48,6822,86,8793.90
2020-01-06,46,39,1,7,6829,86,8848.52
2020-01-07,48,37,1,11,6840,86,8846.45
2020-01-08,63,22,1,41,6881,86,8912.37
2020-01-09,67,17,2,50,6931,86,8989.63
2020-01-10,31,55,0,-24,6907,86,8966.64
2020-01-13,70,15,1,55,6962,86,9070.65
2020-01-14,39,46,1,-7,6955,86,9033.42
2020-01-15,47,38,1,9,6964,86,9035.67
2020-01-16,77,8,1,69,7033,86,9125.00
2020-01-17,51,34,1,17,7050,86,9173.73
2020-01-21,39,46,1,-7,7043,86,9166.63
2020-01-22,52,32,2,20,7063,86,9188.58
2020-01-23,55,29,2,26,7089,86,9216.98
2020-01-24,18,67,1,-49,7040,86,9141.47
2020-01-27,5,81,0,-76,6964,86,8952.18
2020-01-28,78,7,1,71,7035,86,9090.93
2020-01-29,34,51,1,-17,7018,86,9101.61
2020-01-30,53,31,2,22,7040,86,9136.09
2020-01-31,6,79,1,-73,6967,86,8991.51
2020-02-03,67,17,2,50,7017,86,9126.23
2020-02-04,77,8,1,69,7086,86,9334.06
2020-02-05,54,30,2,24,7110,86,9367.48
2020-02-06,58,26,2,32,7142,86,9445.92
2020-02-07,27,58,1,-31,7111,86,9401.10
2020-02-10,70,15,1,55,7166,86,9516.84
2020-02-11,55,30,1,25,7191,86,9517.86
2020-02-12,69,15,2,54,7245,86,9613.20
2020-02-13,50,35,1,15,7260,86,9595.70
2020-02-14,48,37,1,11,7271,86,9623.58
2020-02-18,34,49,3,-15,7256,86,9629.80
2020-02-19,60,24,2,36,7292,86,9718.73
2020-02-20,25,60,1,-35,7257,86,9627.83
2020-02-21,14,72,0,-58,7199,86,9446.69
2020-02-24,3,82,1,-79,7120,86,9079.63
2020-02-25,2,83,1,-81,7039,86,8834.87
2020-02-26,39,46,1,-7,7032,86,8873.76
2020-02-27,4,81,1,-77,6955,86,8436.67
2020-02-28,39,46,1,-7,6948,86,8461.83
2020-03-02,79,6,1,73,7021,86,8877.98
2020-03-03,2,83,1,-81,6940,86,8594.49
2020-03-04,84,1,1,83,7023,86,8949.28
2020-03-05,9,76,1,-67,6956,86,8671.66
2020-03-06,11,74,1,-63,6893,86,8530.34
2020-03-09,1,84,1,-83,6810,86,7948.03
2020-03-10,81,4,1,77,6887,86,8372.27
2020-03-11,4,81,1,-77,6810,86,8006.12
2020-03-12,0,86,0,-86,6724,86,7263.65
2020-03-13,84,2,0,82,6806,86,7995.26
2020-03-16,0,86,0,-86,6720,86,7020.38
2020-03-17,74,11,1,63,6783,86,7473.95
2020-03-18,9,76,1,-67,6716,86,7175.18
2020-03-19,58,27,1,31,6747,86,7288.52
2020-03-20,11,74,1,-63,6684,86,6994.29
2020-03-23,43,42,1,1,6685,86,7006.92
2020-03-24,82,3,1,79,6764,86,7553.83
2020-03-25,43,43,0,0,6764,86,7469.62
2020-03-26,78,7,1,71,6835,86,7897.13
2020-03-27,10,75,1,-65,6770,86,7588.37
2020-03-30,78,7,1,71,6841,86,7889.01
2020-03-31,25,60,1,-35,6806,86,7813.50
2020-04-01,4,81,1,-77,6729,86,7486.29
2020-04-02,67,18,1,49,6778,86,7635.66
2020-04-03,16,69,1,-53,6725,86,7528.11
2020-04-06,84,1,1,83,6808,86,8081.66
2020-04-07,39,46,1,-7,6801,86,8049.31
2020-04-08,78,7,1,71,6872,86,8229.54
2020-04-09,43,42,1,1,6873,86,8238.53
2020-04-13,42,43,1,-1,6872,86,8332.74
2020-04-14,84,1,1,83,6955,86,8692.16
2020-04-15,14,71,1,-57,6898,86,8591.96
2020-04-16,62,23,1,39,6937,86,8757.83
2020-04-17,70,15,1,55,6992,86,8832.41
2020-04-20,24,61,1,-37,6955,86,8726.51
2020-04-21,4,81,1,-77,6878,86,8403.00
2020-04-22,83,2,1,81,6959,86,8664.64
2020-04-23,35,50,1,-15,6944,86,8641.50
2020-04-24,78,8,0,70,7014,86,8786.60
2020-04-27,67,18,1,49,7063,86,8837.66
2020-04-28,32,53,1,-21,7042,86,8677.60
2020-04-29,69,16,1,53,7095,86,8982.76
2020-04-30,17,68,1,-51,7044,86,9000.51
2020-05-01,7,78,1,-71,6973,86,8718.18
2020-05-04,63,22,1,41,7014,86,8834.11
2020-05-05,72,14,0,58,7072,86,8930.62
2020-05-06,52,33,1,19,7091,86,8984.86
2020-05-07,68,18,0,50,7141,86,9101.88
2020-05-08,73,12,1,61,7202,86,9220.35
2020-05-11,42,44,0,-2,7200,86,9298.92
2020-05-12,4,81,1,-77,7123,86,9112.45
2020-05-13,13,73,0,-60,7063,86,9000.08
2020-05-14,70,16,0,54,7117,86,9094.42
2020-05-15,47,37,2,10,7127,86,9152.64
2020-05-18,75,10,1,65,7192,86,9331.93
2020-05-19,30,55,1,-25,7167,86,9298.54
2020-05-20,76,9,1,67,7234,86,9485.02
2020-05-21,14,72,0,-58,7176,86,9377.99
2020-05-22,58,27,1,31,7207,86,9413.99
2020-05-26,49,36,1,13,7220,86,9389.98
2020-05-27,60,25,1,35,7255,86,9442.05
2020-05-28,38,48,0,-10,7245,86,9416.71
2020-05-29,69,17,0,52,7297,86,9555.53
2020-06-01,44,40,2,4,7301,86,9598.89
2020-06-02,60,25,1,35,7336,86,9657.31
2020-06-03,61,24,1,37,7373,86,9704.69
2020-06-04,25,60,1,-35,7338,86,9629.66
2020-06-05,74,10,2,64,7402,86,9824.39
2020-06-08,51,34,1,17,7419,86,9901.52
2020-06-09,31,54,1,-23,7396,86,9967.17
2020-06-10,46,39,1,7,7403,86,10094.26
2020-06-11,0,85,1,-85,7318,86,9588.48
2020-06-12,64,22,0,42,7360,86,9663.78
2020-06-15,77,8,1,69,7429,86,9776.89
2020-06-16,75,10,1,65,7494,86,9949.37
2020-06-17,50,36,0,14,7508,86,9982.48
2020-06-18,46,40,0,6,7514,86,10012.05
2020-06-19,38,47,1,-9,7505,86,10008.64
2020-06-22,60,24,2,36,7541,86,10130.33
2020-06-23,51,34,1,17,7558,86,10209.82
2020-06-24,3,82,1,-79,7479,86,10002.70
2020-06-25,73,11,2,62,7541,86,10101.83
2020-06-26,9,76,1,-67,7474,86,9849.36
2020-06-29,67,18,1,49,7523,86,9961.16
2020-06-30,78,6,2,72,7595,86,10156.85
2020-07-01,47,38,1,9,7604,86,10279.25
2020-07-02,65,18,3,47,7651,86,10341.89
2020-07-06,73,12,1,61,7712,86,10604.06
2020-07-07,25,60,1,-35,7677,86,10524.01
2020-07-08,65,20,1,45,7722,86,10666.70
2020-07-09,47,38,1,9,7731,86,10754.59
2020-07-10,50,35,1,15,7746,86,10836.33
2020-07-13,15,70,1,-55,7691,86,10602.21
2020-07-14,73,11,2,62,7753,86,10689.52
2020-07-15,49,36,1,13,7766,86,10701.68
2020-07-16,26,58,2,-32,7734,86,10626.46
2020-07-17,63,22,1,41,7775,86,10645.22
2020-07-20,63,22,1,41,7816,86,10952.08
2020-07-21,34,51,1,-17,7799,86,10833.07
2020-07-22,57,27,2,30,7829,86,10870.75
2020-07-23,15,70,1,-55,7774,86,10580.59
2020-07-24,16,70,0,-54,7720,86,10483.13
2020-07-27,74,11,1,63,7783,86,10674.38
2020-07-28,19,66,1,-47,7736,86,10532.50
2020-07-29,71,14,1,57,7793,86,10662.98
2020-07-30,40,45,1,-5,7788,86,10715.51
2020-07-31,52,33,1,19,7807,86,10905.88
2020-08-03,56,28,2,28,7835,86,11055.08
2020-08-04,53,32,1,21,7856,86,11096.54
2020-08-05,49,36,1,13,7869,86,11125.44
2020-08-06,50,35,1,15,7884,86,11267.08
2020-08-07,29,56,1,-27,7857,86,11139.39
2020-08-10,38,47,1,-9,7848,86,11085.17
2020-08-11,18,67,1,-49,7799,86,10876.08
2020-08-12,79,6,1,73,7872,86,11157.72
2020-08-13,42,43,1,-1,7871,86,11178.37
2020-08-14,32,51,3,-19,7852,86,11164.45
2020-08-17,60,25,1,35,7887,86,11288.57
2020-08-18,39,47,0,-8,7879,86,11399.03
2020-08-19,18,67,1,-49,7830,86,11318.64
2020-08-20,45,40,1,5,7835,86,11477.05
2020-08-21,35,50,1,-15,7820,86,11555.16
2020-08-24,58,27,1,31,7851,86,11626.17
2020-08-25,63,23,0,40,7891,86,11721.81
2020-08-26,55,29,2,26,7917,86,11971.94
2020-08-27,36,47,3,-11,7906,86,11926.16
2020-08-28,66,19,1,47,7953,86,11995.85
2020-08-31,40,45,1,-5,7948,86,12110.70
2020-09-01,63,22,1,41,7989,86,12292.86
2020-09-02,71,14,1,57,8046,86,12420.54
2020-09-03,2,83,1,-81,7965,86,11771.37
2020-09-04,17,68,1,-51,7914,86,11622.13
2020-09-08,5,80,1,-75,7839,86,11068.26
2020-09-09,76,9,1,67,7906,86,11395.85
2020-09-10,2,84,0,-82,7824,86,11154.12
2020-09-11,41,44,1,-3,7821,86,11087.40
2020-09-14,75,10,1,65,7886,86,11277.76
2020-09-15,64,21,1,43,7929,86,11438.87
2020-09-16,26,58,2,-32,7897,86,11247.60
2020-09-17,19,65,2,-46,7851,86,11080.95
2020-09-18,17,68,1,-51,7800,86,10936.98
2020-09-21,37,48,1,-11,7789,86,10980.22
2020-09-22,75,10,1,65,7854,86,11186.37
2020-09-23,5,80,1,-75,7779,86,10833.33
2020-09-24,56,29,1,27,7806,86,10896.47
2020-09-25,77,7,2,70,7876,86,11151.13
2020-09-28,79,5,2,74,7950,86,11364.45
2020-09-29,32,53,1,-21,7929,86,11322.95
2020-09-30,63,23,0,40,7969,86,11418.06
2020-10-01,69,17,1,52,8021,87,11583.20
2020-10-02,17,69,1,-52,7969,87,11255.69
2020-10-05,80,6,1,74,8043,87,11509.06
2020-10-06,20,66,1,-46,7997,87,11291.27
2020-10-07,81,5,1,76,8073,87,11503.19
2020-10-08,64,22,1,42,8115,87,11550.94
2020-10-09,69,17,1,52,8167,87,11725.85
2020-10-12,79,6,2,73,8240,87,12088.11
2020-10-13,45,41,1,4,8244,87,12083.17
2020-10-14,19,67,1,-48,8196,87,11985.36
2020-10-15,35,50,2,-15,8181,87,11898.57
2020-10-16,43,42,2,1,8182,87,11852.17
2020-10-19,12,74,1,-62,8120,87,11634.35
2020-10-20,49,36,2,13,8133,87,11677.84
2020-10-21,26,59,2,-33,8100,87,11665.37
2020-10-22,45,41,1,4,8104,87,11662.91
2020-10-23,51,33,3,18,8122,87,11692.57
2020-10-26,11,75,1,-64,8058,87,11504.52
2020-10-27,43,43,1,0,8058,87,11598.95
2020-10-28,2,85,0,-83,7975,87,11142.76
2020-10-29,61,25,1,36,8011,87,11350.74
2020-10-30,20,66,1,-46,7965,87,11052.95
2020-11-02,62,24,1,38,8003,87,11084.76
2020-11-03,80,6,1,74,8077,87,11279.91
2020-11-04,73,14,0,59,8136,87,11777.02
2020-11-05,78,8,1,70,8206,87,12078.07
2020-11-06,57,30,0,27,8233,87,12091.35
2020-11-09,44,42,1,2,8235,87,11830.39
2020-11-10,30,57,0,-27,8208,87,11624.29
2020-11-11,67,19,1,48,8256,87,11892.93
2020-11-12,15,71,1,-56,8200,87,11827.14
2020-11-13,74,12,1,62,8262,87,11937.84
2020-11-16,65,22,0,43,8305,87,12013.38
2020-11-17,28,58,1,-30,8275,87,11977.49
2020-11-18,19,67,1,-48,8227,87,11894.71
2020-11-19,66,20,1,46,8273,87,11985.43
2020-11-20,30,56,1,-26,8247,87,11906.44
2020-11-23,50,36,1,14,8261,87,11905.94
2020-11-24,64,22,1,42,8303,87,12079.81
2020-11-25,42,44,2,-2,8301,88,12152.22
2020-11-27,65,21,2,44,8345,88,12258.21
2020-11-30,42,45,1,-3,8342,88,12268.32
2020-12-01,65,21,2,44,8386,88,12455.33
2020-12-02,45,42,1,3,8389,88,12456.41
2020-12-03,51,35,2,16,8405,88,12467.13
2020-12-04,67,21,0,46,8451,88,12528.48
2020-12-07,48,39,1,9,8460,88,12596.47
2020-12-08,56,31,1,25,8485,88,12635.72
2020-12-09,20,67,1,-47,8438,88,12364.64
2020-12-10,42,46,1,-4,8434,89,12401.74
2020-12-11,47,41,2,6,8440,90,12375.41
2020-12-14,52,36,2,16,8456,90,12462.21
2020-12-15,69,21,0,48,8504,90,12595.92
2020-12-16,43,45,2,-2,8502,90,12668.16
2020-12-17,65,24,1,41,8543,90,12752.06
2020-12-18,48,42,0,6,8549,90,12738.18
2020-12-21,28,61,1,-33,8516,90,12690.26
2020-12-22,39,50,1,-11,8505,90,12717.56
2020-12-23,39,51,0,-12,8493,90,12653.14
2020-12-24,61,27,2,34,8527,90,12711.01
2020-12-28,44,44,2,0,8527,90,12838.86
2020-12-29,30,59,1,-29,8498,90,12843.49
2020-12-30,59,31,0,28,8526,90,12845.36
2020-12-31,62,27,1,35,8561,90,12888.28
2021-01-04,17,72,1,-55,8506,90,12694.66
2021-01-05,68,21,1,47,8553,90,12802.38
2021-01-06,41,48,1,-7,8546,90,12623.35
2021-01-07,76,13,1,63,8609,90,12939.57
2021-01-08,67,23,0,44,8653,90,13105.20
2021-01-11,31,58,1,-27,8626,90,12902.49
2021-01-12,48,40,2,8,8634,90,12892.09
2021-01-13,46,43,1,3,8637,90,12973.63
2021-01-14,36,54,0,-18,8619,90,12898.69
2021-01-15,29,60,1,-31,8588,90,12803.93
2021-01-19,65,22,3,43,8631,90,12996.54
2021-01-20,64,26,0,38,8669,90,13296.45
2021-01-21,41,48,1,-7,8662,90,13404.99
2021-01-22,31,59,0,-28,8634,90,13366.40
2021-01-25,50,39,1,11,8645,90,13483.29
2021-01-26,37,53,0,-16,8629,90,13490.19
2021-01-27,11,78,1,-67,8562,90,13112.65
2021-01-28,66,23,1,43,8605,90,13201.53
2021-01-29,12,77,1,-65,8540,90,12925.38
2021-02-01,73,17,0,56,8596,90,13248.90
2021-02-02,79,10,1,69,8665,90,13456.12
2021-02-03,25,65,0,-40,8625,90,13402.37
2021-02-04,76,14,0,62,8687,90,13560.89
2021-02-05,51,39,0,12,8699,90,13603.96
2021-02-08,61,28,1,33,8732,90,13695.02
2021-02-09,37,53,0,-16,8716,90,13687.08
2021-02-10,42,48,0,-6,8710,90,13655.27
2021-02-11,53,37,0,16,8726,90,13734.35
2021-02-12,58,30,2,28,8754,90,13807.70
2021-02-16,42,47,1,-5,8749,90,13773.77
2021-02-17,39,50,1,-11,8738,90,13699.71
2021-02-18,41,48,1,-7,8731,90,13637.51
2021-02-19,48,41,1,7,8738,90,13580.78
2021-02-22,16,73,1,-57,8681,90,13223.74
2021-02-23,35,54,1,-19,8662,90,13194.71
2021-02-24,64,26,0,38,8700,90,13302.19
2021-02-25,2,87,1,-85,8615,90,12828.31
2021-02-26,52,38,0,14,8629,90,12909.44
2021-03-01,82,7,1,75,8704,90,13282.95
2021-03-02,15,73,2,-58,8646,90,13059.95
2021-03-03,9,80,1,-71,8575,90,12683.33
2021-03-04,17,72,1,-55,8520,90,12464.00
2021-03-05,73,17,0,56,8576,90,12668.51
2021-03-08,27,62,1,-35,8541,90,12299.08
2021-03-09,81,9,0,72,8613,90,12794.49
2021-03-10,38,51,1,-13,8600,90,12752.07
2021-03-11,73,16,1,57,8657,90,13052.90
2021-03-12,33,57,0,-24,8633,90,12937.29
2021-03-15,71,19,0,52,8685,90,13082.54
2021-03-16,44,43,3,1,8686,90,13152.28
2021-03-17,52,38,0,14,8700,90,13202.38
2021-03-18,7,83,0,-76,8624,90,12789.14
2021-03-19,64,24,2,40,8664,90,12866.99
2021-03-22,72,18,0,54,8718,90,13086.51
2021-03-23,26,63,1,-37,8681,90,13017.79
2021-03-24,25,65,0,-40,8641,90,12798.88
2021-03-25,51,38,1,13,8654,90,12780.51
2021-03-26,79,10,1,69,8723,90,12979.12
2021-03-29,36,53,1,-17,8706,90,12965.74
2021-03-30,36,53,1,-17,8689,90,12896.53
2021-03-31,66,23,1,43,8732,90,13091.44
2021-04-01,78,11,1,67,8799,90,13329.52
2021-04-05,79,10,1,69,8868,90,13598.16
2021-04-06,37,52,1,-15,8853,90,13578.46
2021-04-07,32,57,1,-25,8828,90,13616.70
2021-04-08,69,20,1,49,8877,90,13758.51
2021-04-09,52,37,1,15,8892,90,13845.06
2021-04-12,40,49,1,-9,8883,90,13819.35
2021-04-13,58,31,1,27,8910,90,13986.49
2021-04-14,22,67,1,-45,8865,90,13803.91
2021-04-15,79,10,1,69,8934,90,14026.19
2021-04-16,50,41,0,9,8943,91,14041.91
2021-04-19,19,71,1,-52,8891,91,13907.67
2021-04-20,26,63,2,-37,8854,91,13809.30
2021-04-21,71,18,2,53,8907,91,13935.15
2021-04-22,26,64,1,-38,8869,91,13762.36
2021-04-23,76,14,1,62,8931,91,13941.44
2021-04-26,55,35,1,20,8951,91,14026.16
2021-04-27,36,55,0,-19,8932,91,13960.28
2021-04-28,29,61,1,-32,8900,91,13901.62
2021-04-29,55,35,1,20,8920,91,13970.20
2021-04-30,16,75,0,-59,8861,91,13860.76
2021-05-03,36,55,0,-19,8842,91,13799.72
2021-05-04,20,70,1,-50,8792,91,13544.67
2021-05-05,40,50,1,-10,8782,91,13503.37
2021-05-06,62,28,1,34,8816,91,13613.73
2021-05-07,72,16,3,56,8872,91,13719.63
2021-05-10,16,73,2,-57,8815,91,13359.08
2021-05-11,41,49,1,-8,8807,91,13351.27
2021-05-12,7,83,1,-76,8731,91,13001.63
2021-05-13,71,20,0,51,8782,91,13109.15
2021-05-14,86,4,1,82,8864,91,13393.12
2021-05-17,29,61,1,-32,8832,91,13312.91
2021-05-18,22,68,1,-46,8786,91,13217.68
2021-05-19,47,44,0,3,8789,91,13237.91
2021-05-20,81,10,0,71,8860,91,13494.09
2021-05-21,32,58,1,-26,8834,91,13411.74
2021-05-24,78,12,1,66,8900,91,13641.75
2021-05-25,46,45,0,1,8901,91,13657.73
2021-05-26,57,31,3,26,8927,91,13702.74
2021-05-27,53,37,1,16,8943,91,13657.85
2021-05-28,61,29,1,32,8975,91,13686.51
2021-06-01,34,56,1,-22,8953,91,13654.59
2021-06-02,51,39,1,12,8965,91,13675.79
2021-06-03,30,61,0,-31,8934,91,13529.68
2021-06-04,76,14,1,62,8996,91,13770.77
2021-06-07,30,61,0,-31,8965,91,13802.89
2021-06-08,47,44,0,3,8968,91,13810.86
2021-06-09,39,50,2,-11,8957,91,13814.94
2021-06-10,71,20,0,51,9008,91,13960.35
2021-06-11,62,28,1,34,9042,91,13998.30
2021-06-14,65,25,1,40,9082,91,14128.20
2021-06-15,23,65,3,-42,9040,91,14030.41
2021-06-16,20,70,1,-50,8990,91,13983.01
2021-06-17,67,23,1,44,9034,91,14163.81
2021-06-18,24,66,1,-42,8992,91,14049.58
2021-06-21,71,20,0,51,9043,91,14137.23
2021-06-22,55,33,3,22,9065,91,14270.42
2021-06-23,40,50,1,-10,9055,91,14274.24
2021-06-24,71,19,1,52,9107,91,14365.96
2021-06-25,58,32,1,26,9133,91,14345.18
2021-06-28,59,32,0,27,9160,91,14524.98
2021-06-29,54,36,1,18,9178,91,14572.75
2021-06-30,38,53,0,-15,9163,91,14554.80
2021-07-01,50,41,0,9,9172,91,14560.05
2021-07-02,71,18,2,53,9225,91,14727.63
2021-07-06,38,52,1,-14,9211,91,14786.36
2021-07-07,51,40,0,11,9222,91,14810.54
2021-07-08,13,75,3,-62,9160,91,14722.14
2021-07-09,80,10,1,70,9230,91,14826.09
2021-07-12,52,38,1,14,9244,91,14877.89
2021-07-13,32,58,1,-26,9218,91,14874.54
2021-07-14,43,47,1,-4,9214,91,14900.44
2021-07-15,30,60,1,-30,9184,91,14794.69
2021-07-16,30,60,1,-30,9154,91,14681.38
2021-07-19,24,66,1,-42,9112,91,14549.09
2021-07-20,81,9,1,72,9184,91,14728.21
2021-07-21,66,24,1,42,9226,91,14842.63
2021-07-22,55,35,1,20,9246,91,14940.17
2021-07-23,78,12,1,66,9312,91,15111.79
2021-07-26,41,49,1,-8,9304,91,15125.95
2021-07-27,26,64,1,-38,9266,91,14956.97
2021-07-28,55,35,1,20,9286,91,15018.10
2021-07-29,63,27,1,36,9322,91,15048.36
2021-07-30,51,39,1,12,9334,91,14959.90
2021-08-02,41,49,1,-8,9326,91,14963.62
2021-08-03,66,24,1,42,9368,91,15061.42
2021-08-04,45,46,0,-1,9367,91,15083.39
2021-08-05,65,25,1,40,9407,91,15181.64
2021-08-06,34,57,0,-23,9384,91,15109.36
2021-08-09,38,51,2,-13,9371,91,15133.11
2021-08-10,34,55,2,-21,9350,91,15053.58
2021-08-11,56,34,1,22,9372,91,15027.76
2021-08-12,43,48,0,-5,9367,91,15088.98
2021-08-13,65,26,0,39,9406,91,15136.68
2021-08-16,48,41,2,7,9413,91,15140.77
2021-08-17,22,69,0,-47,9366,91,15002.83
2021-08-18,17,73,1,-56,9310,91,14857.92
2021-08-19,58,32,1,26,9336,91,14933.94
2021-08-20,66,25,0,41,9377,91,15092.57
2021-08-23,76,14,1,62,9439,91,15312.82
2021-08-24,51,39,1,12,9451,91,15357.68
2021-08-25,62,26,3,36,9487,91,15368.92
2021-08-26,23,67,1,-44,9443,91,15278.52
2021-08-27,78,12,1,66,9509,91,15432.95
2021-08-30,66,24,1,42,9551,91,15605.09
2021-08-31,33,56,2,-23,9528,91,15582.51
2021-09-01,47,43,1,4,9532,91,15611.57
2021-09-02,63,27,1,36,9568,91,15604.25
2021-09-03,55,35,1,20,9588,91,15652.86
2021-09-07,25,65,1,-40,9548,91,15675.76
2021-09-08,39,51,1,-12,9536,91,15620.85
2021-09-09,42,49,0,-7,9529,91,15561.05
2021-09-10,36,53,2,-17,9512,91,15440.75
2021-09-13,48,42,1,6,9518,91,15434.50
2021-09-14,39,50,2,-11,9507,91,15382.90
2021-09-15,76,14,1,62,9569,91,15503.53
2021-09-16,54,35,2,19,9588,91,15515.91
2021-09-17,16,75,0,-59,9529,91,15333.47
2021-09-20,5,85,1,-80,9449,91,15012.19
2021-09-21,49,42,0,7,9456,91,15027.77
2021-09-22,76,14,1,62,9518,91,15176.51
2021-09-23,80,10,1,70,9588,91,15316.58
2021-09-24,48,42,1,6,9594,91,15329.68
2021-09-27,25,65,1,-40,9554,91,15204.82
2021-09-28,3,86,2,-83,9471,91,14770.30
2021-09-29,40,50,1,-10,9461,91,14752.89
2021-09-30,26,62,3,-36,9425,91,14689.62
2021-10-01,62,28,1,34,9459,91,14791.87
2021-10-04,9,81,1,-72,9387,91,14472.12
2021-10-05,73,17,1,56,9443,91,14674.15
2021-10-06,64,26,1,38,9481,91,14766.75
2021-10-07,72,18,1,54,9535,91,14897.13
2021-10-08,22,66,3,-44,9491,91,14820.75
2021-10-11,20,70,1,-50,9441,91,14713.73
2021-10-12,43,47,1,-4,9437,91,14662.11
2021-10-13,70,20,1,50,9487,91,14774.60
2021-10-14,83,7,1,76,9563,91,15052.42
2021-10-15,54,36,1,18,9581,91,15146.92
2021-10-18,58,32,1,26,9607,91,15300.89
2021-10-19,71,19,1,52,9659,91,15410.72
2021-10-20,58,32,1,26,9685,91,15388.71
2021-10-21,67,23,1,44,9729,91,15489.59
2021-10-22,48,42,1,6,9735,91,15355.07
2021-10-25,60,30,1,30,9765,91,15514.19
2021-10-26,51,39,1,12,9777,91,15559.49
2021-10-27,23,67,1,-44,9733,91,15598.39
2021-10-28,78,12,1,66,9799,91,15778.16
2021-10-29,57,33,1,24,9823,91,15850.47
2021-11-01,58,32,1,26,9849,91,15905.28
2021-11-02,60,29,2,31,9880,91,15972.49
2021-11-03,70,20,1,50,9930,91,16144.50
2021-11-04,65,25,1,40,9970,91,16346.24
2021-11-05,51,39,1,12,9982,91,16359.38
2021-11-08,45,44,2,1,9983,91,16336.03
2021-11-09,53,37,1,16,9999,91,16219.94
2021-11-10,20,70,1,-50,9949,91,15985.57
2021-11-11,52,38,1,14,9963,91,16032.47
2021-11-12,69,20,2,49,10012,91,16199.89
2021-11-15,40,50,1,-10,10002,91,16189.12
2021-11-16,55,35,1,20,10022,91,16309.77
2021-11-17,35,55,1,-20,10002,91,16308.07
2021-11-18,45,46,0,-1,10001,91,16482.97
2021-11-19,40,50,1,-10,9991,91,16573.34
2021-11-22,32,58,1,-26,9965,91,16380.98
2021-11-23,45,45,1,0,9965,91,16306.72
2021-11-24,58,32,1,26,9991,91,16367.81
2021-11-26,6,84,1,-78,9913,91,16025.58
2021-11-29,75,16,0,59,9972,91,16399.24
2021-11-30,6,84,1,-78,9894,91,16135.92
2021-12-01,18,71,2,-53,9841,91,15877.72
2021-12-02,63,27,1,36,9877,91,15990.76
2021-12-03,31,59,1,-28,9849,91,15712.04
2021-12-06,64,26,1,38,9887,91,15846.16
2021-12-07,83,6,2,77,9964,91,16325.66
2021-12-08,51,39,1,12,9976,91,16394.34
2021-12-09,8,82,1,-74,9902,91,16149.57
2021-12-10,69,21,1,48,9950,91,16331.98
2021-12-13,23,67,1,-44,9906,91,16082.55
2021-12-14,30,60,1,-30,9876,91,15914.90
2021-12-15,79,11,1,68,9944,91,16289.59
2021-12-16,25,65,1,-40,9904,91,15863.94
2021-12-17,31,58,2,-27,9877,91,15801.46
2021-12-20,17,73,1,-56,9821,91,15627.64
2021-12-21,83,7,1,76,9897,91,15986.28
2021-12-22,77,13,1,64,9961,91,16180.14
2021-12-23,76,14,1,62,10023,91,16308.21
2021-12-27,78,11,2,67,10090,91,16567.50
2021-12-28,34,56,1,-22,10068,91,16488.66
2021-12-29,58,32,1,26,10094,91,16491.01
2021-12-30,28,60,3,-32,10062,91,16429.10
2021-12-31,38,52,1,-14,10048,91,16320.08
2022-01-03,44,46,1,-2,10046,91,16501.77
2022-01-04,29,59,3,-30,10016,91,16279.73
2022-01-05,13,77,1,-64,9952,91,15771.78
2022-01-06,47,43,1,4,9956,91,15765.36
2022-01-07,23,67,1,-44,9912,91,15592.19
2022-01-10,42,47,2,-5,9907,91,15614.43
2022-01-11,78,12,1,66,9973,91,15844.12
2022-01-12,52,38,1,14,9987,91,15905.10
2022-01-13,20,70,1,-50,9937,91,15495.62
2022-01-14,47,42,2,5,9942,91,15611.59
2022-01-18,3,87,1,-84,9858,91,15210.76
2022-01-19,25,64,2,-39,9819,91,15047.84
2022-01-20,18,73,1,-55,9764,92,14846.46
2022-01-21,14,75,3,-61,9703,92,14438.40
2022-01-24,63,28,1,35,9738,92,14509.58
2022-01-25,6,85,1,-79,9659,92,14149.12
2022-01-26,36,55,1,-19,9640,92,14172.76
2022-01-27,28,62,2,-34,9606,92,14003.11
2022-01-28,86,6,0,80,9686,92,14454.61
2022-01-31,83,8,1,75,9761,92,14930.05
2022-02-01,67,25,0,42,9803,92,15019.68
2022-02-02,63,28,1,35,9838,92,15139.74
2022-02-03,11,80,1,-69,9769,92,14501.11
2022-02-04,51,40,1,11,9780,92,14694.35
2022-02-07,39,52,1,-13,9767,92,14571.25
2022-02-08,75,16,1,59,9826,92,14747.03
2022-02-09,82,9,1,73,9899,92,15056.96
2022-02-10,12,79,1,-67,9832,92,14705.64
2022-02-11,10,81,1,-71,9761,92,14253.84
2022-02-14,33,57,2,-24,9737,92,14268.59
2022-02-15,81,11,0,70,9807,92,14620.82
2022-02-16,47,44,1,3,9810,92,14603.64
2022-02-17,9,81,2,-72,9738,92,14171.74
2022-02-18,19,72,1,-53,9685,92,14009.54
2022-02-22,21,70,1,-49,9636,92,13870.53
2022-02-23,10,81,1,-71,9565,92,13509.43
2022-02-24,75,16,1,59,9624,92,13974.67
2022-02-25,81,10,1,71,9695,92,14189.16
2022-02-28,42,50,0,-8,9687,92,14237.81
2022-03-01,16,75,1,-59,9628,92,14005.99
2022-03-02,82,9,1,73,9701,92,14243.69
2022-03-03,27,64,1,-37,9664,92,14035.21
2022-03-04,28,63,1,-35,9629,92,13837.83
2022-03-07,8,83,1,-75,9554,92,13319.38
2022-03-08,38,52,2,-14,9540,92,13267.61
2022-03-09,81,10,1,71,9611,92,13742.20
2022-03-10,21,71,0,-50,9561,92,13591.00
2022-03-11,9,83,0,-74,9487,92,13301.83
2022-03-14,22,69,1,-47,9440,92,13046.64
2022-03-15,88,3,1,85,9525,92,13458.56
2022-03-16,85,6,1,79,9604,92,13956.79
2022-03-17,81,10,1,71,9675,92,14118.60
2022-03-18,78,13,1,65,9740,92,14420.08
2022-03-21,24,67,1,-43,9697,92,14376.09
2022-03-22,78,13,1,65,9762,92,14654.33
2022-03-23,13,78,1,-65,9697,92,14447.55
2022-03-24,88,3,1,85,9782,92,14765.69
2022-03-25,46,45,1,1,9783,92,14754.31
2022-03-28,76,16,0,60,9843,92,14987.40
2022-03-29,87,4,1,83,9926,92,15239.32
2022-03-30,23,68,1,-45,9881,92,15071.55
2022-03-31,13,78,1,-65,9816,92,14838.49
2022-04-01,53,38,1,15,9831,92,14861.21
2022-04-04,74,17,1,57,9888,92,15159.58
2022-04-05,14,77,1,-63,9825,92,14820.64
2022-04-06,23,68,1,-45,9780,92,14498.89
2022-04-07,55,36,1,19,9799,92,14531.81
2022-04-08,22,69,1,-47,9752,92,14327.26
2022-04-11,11,80,1,-69,9683,92,13990.21
2022-04-12,37,54,1,-17,9666,92,13940.24
2022-04-13,84,7,1,77,9743,92,14217.29
2022-04-14,11,80,1,-69,9674,92,13893.21
2022-04-18,41,50,1,-9,9665,92,13910.76
2022-04-19,86,5,1,81,9746,92,14210.26
2022-04-20,53,38,1,15,9761,92,13998.53
2022-04-21,13,78,1,-65,9696,92,13720.45
2022-04-22,1,90,1,-89,9607,92,13356.87
2022-04-25,77,13,2,64,9671,92,13533.22
2022-04-26,4,87,1,-83,9588,92,13009.71
2022-04-27,36,56,0,-20,9568,92,13003.36
2022-04-28,85,6,1,79,9647,92,13456.06
2022-04-29,4,87,1,-83,9564,92,12854.80
2022-05-02,65,26,1,39,9603,92,13075.85
2022-05-03,54,37,1,17,9620,92,13089.90
2022-05-04,86,5,1,81,9701,92,13535.71
2022-05-05,1,90,1,-89,9612,92,12850.55
2022-05-06,17,74,1,-57,9555,92,12693.53
2022-05-09,11,80,1,-69,9486,92,12187.72
2022-05-10,66,25,1,41,9527,92,12345.86
2022-05-11,14,78,0,-64,9463,92,11967.56
2022-05-12,57,34,1,23,9486,92,11945.50
2022-05-13,89,2,1,87,9573,92,12387.40
2022-05-16,25,66,1,-41,9532,92,12243.58
2022-05-17,84,7,1,77,9609,92,12564.10
2022-05-18,1,90,1,-89,9520,92,11928.31
2022-05-19,55,36,1,19,9539,92,11875.63
2022-05-20,53,37,2,16,9555,92,11835.62
2022-05-23,70,20,2,50,9605,92,12034.28
2022-05-24,26,65,1,-39,9566,92,11769.84
2022-05-25,75,16,1,59,9625,92,11943.93
2022-05-26,84,7,1,77,9702,92,12276.79
2022-05-27,89,2,1,87,9789,92,12681.42
2022-05-31,20,70,2,-50,9739,92,12642.10
2022-06-01,24,68,0,-44,9695,92,12548.36
2022-06-02,85,6,1,79,9774,92,12892.89
2022-06-03,8,83,1,-75,9699,92,12548.03
2022-06-06,59,33,0,26,9725,92,12599.63
2022-06-07,75,16,1,59,9784,92,12711.68
2022-06-08,21,70,1,-49,9735,92,12615.13
2022-06-09,6,85,1,-79,9656,92,12269.78
2022-06-10,2,88,2,-86,9570,92,11832.82
2022-06-13,0,91,1,-91,9479,92,11288.32
2022-06-14,40,51,1,-11,9468,92,11311.69
2022-06-15,83,8,1,75,9543,92,11593.77
2022-06-16,3,89,0,-86,9457,92,11127.57
2022-06-17,71,19,2,52,9509,92,11265.99
2022-06-21,83,9,0,74,9583,92,11546.76
2022-06-22,37,54,1,-17,9566,92,11527.71
2022-06-23,62,28,2,34,9600,92,11697.68
2022-06-24,90,1,1,89,9689,92,12105.85
2022-06-27,28,62,2,-34,9655,92,12008.24
2022-06-28,5,86,1,-81,9574,92,11637.77
2022-06-29,42,49,1,-7,9567,92,11658.26
2022-06-30,19,72,1,-53,9514,92,11503.72
2022-07-01,62,29,1,33,9547,92,11585.68
2022-07-05,62,30,0,32,9579,92,11779.90
2022-07-06,54,36,2,18,9597,92,11852.59
2022-07-07,79,12,1,67,9664,92,12109.05
2022-07-08,52,38,2,14,9678,92,12125.69
2022-07-11,6,85,1,-79,9599,92,11860.28
2022-07-12,28,63,1,-35,9564,92,11744.99
2022-07-13,47,43,2,4,9568,92,11728.53
2022-07-14,50,41,1,9,9577,92,11768.40
2022-07-15,87,4,1,83,9660,92,11983.62
2022-07-18,30,61,1,-31,9629,92,11877.50
2022-07-19,89,2,1,87,9716,92,12249.42
2022-07-20,72,19,1,53,9769,92,12439.68
2022-07-21,77,14,1,63,9832,92,12619.41
2022-07-22,17,74,1,-57,9775,92,12396.47
2022-07-25,30,61,1,-31,9744,92,12328.41
2022-07-26,24,67,1,-43,9701,92,12086.90
2022-07-27,84,7,1,77,9778,92,12601.47
2022-07-28,76,15,1,61,9839,92,12717.87
2022-07-29,71,20,1,51,9890,92,12947.97
2022-08-01,51,40,1,11,9901,92,12940.78
2022-08-02,36,55,1,-19,9882,92,12901.60
2022-08-03,82,9,1,73,9955,92,13253.26
2022-08-04,56,36,0,20,9975,92,13311.04
2022-08-05,30,61,1,-31,9944,92,13207.69
2022-08-08,44,47,1,-3,9941,92,13159.16
2022-08-09,21,69,2,-48,9893,92,13008.17
2022-08-10,88,3,1,85,9978,92,13378.32
2022-08-11,34,57,1,-23,9955,92,13291.99
2022-08-12,86,5,1,81,10036,92,13565.87
2022-08-15,65,25,2,40,10076,92,13667.18
2022-08-16,30,60,2,-30,10046,92,13635.21
2022-08-17,10,81,1,-71,9975,92,13470.86
2022-08-18,54,36,2,18,9993,92,13505.99
2022-08-19,7,84,1,-77,9916,92,13242.90
2022-08-22,4,87,1,-83,9833,92,12890.54
2022-08-23,40,52,0,-12,9821,92,12881.79
2022-08-24,59,32,1,27,9848,92,12917.86
2022-08-25,81,10,1,71,9919,92,13143.58
2022-08-26,2,89,1,-87,9832,92,12605.17
2022-08-29,18,73,1,-55,9777,92,12484.32
2022-08-30,13,77,2,-64,9713,92,12342.70
2022-08-31,25,66,1,-41,9672,92,12272.03
2022-09-01,46,45,1,1,9673,92,12274.62
2022-09-02,10,81,1,-71,9602,92,12098.44
2022-09-06,27,63,2,-36,9566,92,12011.31
2022-09-07,87,4,1,83,9649,92,12259.39
2022-09-08,68,23,1,45,9694,92,12321.19
2022-09-09,87,4,1,83,9777,92,12588.29
2022-09-12,71,20,1,51,9828,92,12739.72
2022-09-13,0,91,1,-91,9737,92,12033.62
2022-09-14,63,29,0,34,9771,92,12134.40
2022-09-15,13,78,1,-65,9706,92,11927.49
2022-09-16,33,58,1,-25,9681,92,11861.38
2022-09-19,68,21,3,47,9728,92,11953.27
2022-09-20,7,84,1,-77,9651,92,11851.54
2022-09-21,7,83,2,-76,9575,92,11637.79
2022-09-22,17,74,1,-57,9518,92,11501.65
2022-09-23,15,76,1,-61,9457,92,11311.24
2022-09-26,20,71,1,-51,9406,92,11254.11
2022-09-27,55,35,2,20,9426,92,11271.75
2022-09-28,88,3,1,85,9511,92,11493.83
2022-09-29,3,88,1,-85,9426,92,11164.78
2022-09-30,12,79,1,-67,9359,92,10971.22
2022-10-03,88,3,1,85,9444,92,11229.73
2022-10-04,91,0,1,91,9535,92,11582.54
2022-10-05,49,42,1,7,9542,92,11573.18
2022-10-06,24,66,2,-42,9500,92,11485.50
2022-10-07,2,89,1,-87,9413,92,11039.47
2022-10-10,29,62,1,-33,9380,92,10926.97
2022-10-11,18,73,1,-55,9325,92,10791.35
2022-10-12,40,51,1,-11,9314,92,10785.62
2022-10-13,82,9,1,73,9387,92,11033.58
2022-10-14,1,90,1,-89,9298,92,10692.06
2022-10-17,88,3,1,85,9383,92,11062.53
2022-10-18,73,19,0,54,9437,92,11147.74
2022-10-19,27,63,2,-36,9401,92,11103.38
2022-10-20,40,51,1,-11,9390,92,11046.71
2022-10-21,86,6,0,80,9470,92,11310.33
2022-10-24,68,23,1,45,9515,92,11430.26
2022-10-25,83,8,1,75,9590,92,11669.99
2022-10-26,44,47,1,-3,9587,92,11405.90
2022-10-27,36,55,1,-19,9568,92,11191.63
2022-10-28,82,9,1,73,9641,92,11546.21
2022-10-31,21,70,1,-49,9592,92,11405.57
2022-11-01,53,38,1,15,9607,92,11288.95
2022-11-02,3,88,1,-85,9522,92,10906.34
2022-11-03,35,57,0,-22,9500,92,10690.60
2022-11-04,67,24,1,43,9543,92,10857.03
2022-11-07,67,24,1,43,9586,92,10977.00
2022-11-08,75,16,1,59,9645,92,11059.50
2022-11-09,6,85,1,-79,9566,92,10797.55
2022-11-10,90,1,1,89,9655,92,11605.96
2022-11-11,68,23,1,45,9700,92,11817.01
2022-11-14,21,70,1,-49,9651,92,11700.94
2022-11-15,81,10,1,71,9722,92,11871.15
2022-11-16,23,68,1,-45,9677,92,11699.09
2022-11-17,36,55,1,-19,9658,92,11676.86
2022-11-18,53,37,2,16,9674,92,11677.02
2022-11-21,36,56,0,-20,9654,92,11553.45
2022-11-22,79,12,1,67,9721,92,11724.84
2022-11-23,77,14,1,63,9784,92,11838.72
2022-11-25,32,59,1,-27,9757,92,11756.03
2022-11-28,12,79,1,-67,9690,92,11587.75
2022-11-29,23,67,2,-44,9646,92,11503.45
2022-11-30,88,3,1,85,9731,92,12030.06
2022-12-01,52,37,3,15,9746,92,12041.89
2022-12-02,39,52,1,-13,9733,92,11994.26
2022-12-05,3,88,1,-85,9648,92,11786.80
2022-12-06,6,85,1,-79,9569,92,11549.69
2022-12-07,41,50,1,-9,9560,92,11497.39
2022-12-08,74,17,1,57,9617,92,11637.50
2022-12-09,21,70,1,-49,9568,92,11563.33
2022-12-12,81,9,2,72,9640,92,11706.44
2022-12-13,68,23,1,45,9685,92,11834.21
2022-12-14,24,67,1,-43,9642,92,11740.92
2022-12-15,3,88,1,-85,9557,92,11345.22
2022-12-16,25,67,1,-42,9515,93,11243.72
2022-12-19,7,85,1,-78,9437,93,11084.59
2022-12-20,44,49,0,-5,9432,93,11072.42
2022-12-21,78,14,1,64,9496,93,11235.88
2022-12-22,4,88,1,-84,9412,93,10956.14
2022-12-23,60,31,2,29,9441,93,10985.45
2022-12-27,28,64,1,-36,9405,93,10822.51
2022-12-28,9,83,1,-74,9331,93,10679.34
2022-12-29,89,3,1,86,9417,93,10951.05
2022-12-30,37,55,1,-18,9399,93,10939.76
2023-01-03,32,59,2,-27,9372,93,10862.64
2023-01-04,74,18,1,56,9428,93,10914.80
2023-01-05,19,73,1,-54,9374,93,10741.22
2023-01-06,86,6,1,80,9454,93,11040.35
2023-01-09,57,35,1,22,9476,93,11108.45
2023-01-10,65,26,2,39,9515,93,11205.78
2023-01-11,78,14,1,64,9579,93,11402.52
2023-01-12,53,39,1,14,9593,93,11459.61
2023-01-13,66,25,2,41,9634,93,11541.48
2023-01-17,43,48,2,-5,9629,93,11557.19
2023-01-18,10,82,1,-72,9557,93,11410.29
2023-01-19,18,74,1,-56,9501,93,11295.67
2023-01-20,86,6,1,80,9581,93,11619.03
2023-01-23,79,14,0,65,9646,93,11872.54
2023-01-24,40,52,1,-12,9634,93,11846.64
2023-01-25,48,43,2,5,9639,93,11814.69
2023-01-26,76,16,1,60,9699,93,12051.48
2023-01-27,50,41,2,9,9708,93,12166.60
2023-01-30,10,82,1,-72,9636,93,11912.39
2023-01-31,86,6,1,80,9716,93,12101.93
2023-02-01,82,10,1,72,9788,93,12363.10
2023-02-02,69,23,1,46,9834,93,12803.14
2023-02-03,13,79,1,-66,9768,93,12573.36
2023-02-06,24,68,1,-44,9724,93,12464.51
2023-02-07,71,21,1,50,9774,93,12728.27
2023-02-08,13,78,2,-65,9709,93,12495.38
2023-02-09,30,61,2,-31,9678,93,12381.17
2023-02-10,39,53,1,-14,9664,93,12304.92
2023-02-13,84,8,1,76,9740,93,12502.31
2023-02-14,62,30,1,32,9772,93,12590.89
2023-02-15,66,26,1,40,9812,93,12687.89
2023-02-16,9,83,1,-74,9738,93,12442.48
2023-02-17,30,62,1,-32,9706,93,12358.18
2023-02-21,5,87,1,-82,9624,93,12060.30
2023-02-22,35,57,1,-22,9602,93,12066.27
2023-02-23,59,32,2,27,9629,93,12180.14
2023-02-24,9,84,0,-75,9554,93,11969.65
2023-02-27,65,27,1,38,9592,93,12057.79
2023-02-28,42,50,1,-8,9584,93,12042.12
2023-03-01,28,64,1,-36,9548,93,11938.57
2023-03-02,76,17,0,59,9607,93,12044.87
2023-03-03,79,13,1,66,9673,93,12290.81
2023-03-06,40,52,1,-12,9661,93,12302.48
2023-03-07,11,80,2,-69,9592,93,12152.17
2023-03-08,62,30,1,32,9624,93,12215.33
2023-03-09,4,89,0,-85,9539,93,11995.88
2023-03-10,11,81,1,-70,9469,93,11830.28
2023-03-13,57,35,1,22,9491,93,11923.17
2023-03-14,82,10,1,72,9563,93,12199.79
2023-03-15,33,59,1,-26,9537,93,12251.32
2023-03-16,84,8,1,76,9613,93,12581.39
2023-03-17,17,75,1,-58,9555,93,12519.88
2023-03-20,75,17,1,58,9613,93,12562.61
2023-03-21,66,25,2,41,9654,93,12741.44
2023-03-22,3,90,0,-87,9567,93,12567.15
2023-03-23,64,27,2,37,9604,93,12729.23
2023-03-24,47,44,2,3,9607,93,12767.05
2023-03-27,43,49,1,-6,9601,93,12673.07
2023-03-28,37,55,1,-18,9583,93,12610.57
2023-03-29,88,4,1,84,9667,93,12846.03
2023-03-30,73,19,1,54,9721,93,12963.14
2023-03-31,86,6,1,80,9801,93,13181.35
2023-04-03,40,51,2,-11,9790,93,13148.35
2023-04-04,24,68,1,-44,9746,93,13100.08
2023-04-05,19,72,2,-53,9693,93,12967.20
2023-04-06,42,50,1,-8,9685,93,13062.60
2023-04-10,62,29,2,33,9718,93,13051.23
2023-04-11,44,45,4,-1,9717,93,12964.15
2023-04-12,25,66,2,-41,9676,93,12848.35
2023-04-13,82,9,2,73,9749,93,13109.39
2023-04-14,37,55,1,-18,9731,93,13079.52
2023-04-17,61,30,2,31,9762,93,13087.71
2023-04-18,51,40,2,11,9773,93,13091.79
2023-04-19,37,56,0,-19,9754,93,13088.71
2023-04-20,39,52,2,-13,9741,93,12985.98
2023-04-21,53,39,1,14,9755,93,13000.77
2023-04-24,50,42,1,8,9763,93,12969.76
2023-04-25,14,78,1,-64,9699,93,12725.11
2023-04-26,34,57,2,-23,9676,93,12806.48
2023-04-27,78,14,1,64,9740,93,13160.03
2023-04-28,68,24,1,44,9784,93,13245.99
2023-05-01,51,41,1,10,9794,93,13231.47
2023-05-02,20,72,1,-52,9742,93,13113.66
2023-05-03,36,56,1,-20,9722,93,13030.21
2023-05-04,34,58,1,-24,9698,93,12982.48
2023-05-05,83,9,1,74,9772,93,13259.13
2023-05-08,48,42,3,6,9778,93,13291.64
2023-05-09,39,53,1,-14,9764,93,13201.11
2023-05-10,65,25,3,40,9804,93,13347.83
2023-05-11,41,51,1,-10,9794,93,13389.78
2023-05-12,48,44,1,4,9798,93,13340.18
2023-05-15,67,25,1,42,9840,93,13413.51
2023-05-16,20,71,2,-51,9789,93,13426.01
2023-05-17,72,20,1,52,9841,93,13589.26
2023-05-18,75,17,1,58,9899,93,13834.62
2023-05-19,33,59,1,-26,9873,93,13803.49
2023-05-22,52,40,1,12,9885,93,13849.74
2023-05-23,12,79,2,-67,9818,93,13672.54
2023-05-24,26,67,0,-41,9777,93,13604.48
2023-05-25,53,39,1,14,9791,93,13938.53
2023-05-26,74,17,2,57,9848,93,14298.41
2023-05-30,42,50,1,-8,9840,93,14354.99
2023-05-31,40,51,2,-11,9829,93,14254.09
2023-06-01,70,22,1,48,9877,93,14441.51
2023-06-02,68,23,2,45,9922,93,14546.64
2023-06-05,49,41,3,8,9930,93,14556.50
2023-06-06,42,50,1,-8,9922,93,14558.09
2023-06-07,33,59,1,-26,9896,93,14303.29
2023-06-08,70,22,1,48,9944,93,14484.54
2023-06-09,44,47,2,-3,9941,93,14528.36
2023-06-12,78,14,1,64,10005,93,14784.30
2023-06-13,73,20,0,53,10058,93,14900.85
2023-06-14,55,37,1,18,10076,93,15005.69
2023-06-15,72,19,2,53,10129,93,15185.48
2023-06-16,33,59,1,-26,10103,93,15083.92
2023-06-20,23,69,1,-46,10057,93,15070.15
2023-06-21,33,60,0,-27,10030,93,14867.45
2023-06-22,58,34,1,24,10054,93,15042.32
2023-06-23,15,78,0,-63,9991,93,14891.48
2023-06-26,43,49,1,-6,9985,93,14689.02
2023-06-27,78,14,1,64,10049,93,14945.91
2023-06-28,41,50,2,-9,10040,93,14964.57
2023-06-29,51,41,1,10,10050,93,14939.95
2023-06-30,84,8,1,76,10126,93,15179.21
2023-07-03,51,41,1,10,10136,93,15208.69
2023-07-05,41,52,0,-11,10125,93,15203.78
2023-07-06,13,78,2,-65,10060,93,15089.45
2023-07-07,35,57,1,-22,10038,93,15036.85
2023-07-10,77,15,1,62,10100,93,15045.64
2023-07-11,64,27,2,37,10137,93,15119.06
2023-07-12,73,19,1,54,10191,93,15307.23
2023-07-13,79,13,1,66,10257,93,15571.98
2023-07-14,44,48,1,-4,10253,93,15565.60
2023-07-17,66,26,1,40,10293,93,15713.28
2023-07-18,53,39,1,14,10307,93,15841.35
2023-07-19,46,46,1,0,10307,93,15826.35
2023-07-20,26,66,1,-40,10267,93,15466.09
2023-07-21,64,28,1,36,10303,93,15425.67
2023-07-24,45,47,1,-2,10301,93,15448.02
2023-07-25,70,22,1,48,10349,93,15561.42
2023-07-26,38,54,1,-16,10333,93,15499.26
2023-07-27,34,57,2,-23,10310,93,15464.93
2023-07-28,82,10,1,72,10382,93,15750.93
2023-07-31,53,38,2,15,10397,93,15757.00
2023-08-01,36,57,0,-21,10376,93,15718.01
2023-08-02,12,79,2,-67,10309,93,15370.74
2023-08-03,43,49,1,-6,10303,93,15353.54
2023-08-04,26,65,2,-39,10264,93,15274.92
2023-08-07,70,22,1,48,10312,93,15407.85
2023-08-08,19,73,1,-54,10258,93,15273.05
2023-08-09,32,59,2,-27,10231,93,15101.71
2023-08-10,57,35,1,22,10253,93,15128.84
2023-08-11,40,50,3,-10,10243,93,15028.07
2023-08-14,65,27,1,38,10281,93,15205.59
2023-08-15,10,82,1,-72,10209,93,15037.65
2023-08-16,19,72,2,-53,10156,93,14876.47
2023-08-17,15,77,1,-62,10094,93,14715.81
2023-08-18,53,39,1,14,10108,93,14694.84
2023-08-21,70,23,0,47,10155,93,14936.69
2023-08-22,40,53,0,-13,10142,93,14908.96
2023-08-23,84,8,1,76,10218,93,15148.06
2023-08-24,4,88,1,-84,10134,93,14816.44
2023-08-25,78,14,1,64,10198,93,14941.83
2023-08-28,77,15,1,62,10260,93,15052.46
2023-08-29,85,7,1,78,10338,93,15376.55
2023-08-30,69,22,2,47,10385,93,15462.43
2023-08-31,47,45,1,2,10387,93,15501.07
2023-09-01,62,30,1,32,10419,93,15490.86
2023-09-05,30,62,1,-32,10387,93,15508.24
2023-09-06,43,49,1,-6,10381,93,15371.44
2023-09-07,36,57,0,-21,10360,93,15258.52
2023-09-08,48,44,1,4,10364,93,15280.23
2023-09-11,66,25,2,41,10405,93,15461.87
2023-09-12,18,73,2,-55,10350,93,15289.74
2023-09-13,51,39,3,12,10362,93,15348.53
2023-09-14,74,18,1,56,10418,93,15473.89
2023-09-15,8,85,1,-77,10341,94,15202.40
2023-09-18,56,37,1,19,10360,94,15225.37
2023-09-19,28,65,1,-37,10323,94,15191.23
2023-09-20,18,75,1,-57,10266,94,14969.92
2023-09-21,3,90,1,-87,10179,94,14694.24
2023-09-22,51,42,1,9,10188,94,14701.10
2023-09-25,61,32,1,29,10217,94,14768.90
2023-09-26,12,81,1,-69,10148,94,14545.83
2023-09-27,62,30,2,32,10180,94,14580.16
2023-09-28,76,15,3,61,10241,94,14702.77
2023-09-29,44,50,0,-6,10235,94,14715.24
2023-10-02,49,44,1,5,10240,94,14837.57
2023-10-03,10,84,0,-74,10166,94,14565.62
2023-10-04,85,9,0,76,10242,94,14776.25
2023-10-05,28,64,2,-36,10206,94,14723.22
2023-10-06,84,9,1,75,10281,94,14973.24
2023-10-09,58,35,1,23,10304,94,15047.15
2023-10-10,74,20,0,54,10358,94,15131.52
2023-10-11,57,35,2,22,10380,94,15241.12
2023-10-12,26,67,1,-41,10339,94,15184.10
2023-10-13,29,65,0,-36,10303,94,14995.12
2023-10-16,85,7,2,78,10381,94,15172.73
2023-10-17,49,45,0,4,10385,94,15122.01
2023-10-18,15,78,1,-63,10322,94,14909.26
2023-10-19,16,77,1,-61,10261,94,14783.13
2023-10-20,7,86,1,-79,10182,94,14560.88
2023-10-23,48,44,2,4,10186,94,14604.85
2023-10-24,81,12,1,69,10255,94,14745.86
2023-10-25,13,81,0,-68,10187,94,14381.64
2023-10-26,27,66,1,-39,10148,94,14109.57
2023-10-27,37,56,1,-19,10129,94,14180.42
2023-10-30,71,22,1,49,10178,94,14335.51
2023-10-31,74,19,1,55,10233,94,14409.78
2023-11-01,78,15,1,63,10296,94,14664.91
2023-11-02,84,9,1,75,10371,94,14919.55
2023-11-03,78,15,1,63,10434,94,15099.49
2023-11-06,42,51,1,-9,10425,94,15154.93
2023-11-07,59,34,1,25,10450,94,15296.02
2023-11-08,52,41,1,11,10461,94,15313.24
2023-11-09,23,70,1,-47,10414,94,15187.90
2023-11-10,90,3,1,87,10501,94,15529.12
2023-11-13,41,52,1,-11,10490,94,15482.79
2023-11-14,85,8,1,77,10567,94,15812.47
2023-11-15,53,39,2,14,10581,94,15817.18
2023-11-16,44,49,1,-5,10576,94,15833.17
2023-11-17,61,33,0,28,10604,94,15837.99
2023-11-20,84,8,2,76,10680,94,16027.06
2023-11-21,32,60,2,-28,10652,94,15933.62
2023-11-22,68,25,1,43,10695,94,16001.39
2023-11-24,62,31,1,31,10726,94,15982.01
2023-11-27,34,58,2,-24,10702,94,15961.98
2023-11-28,40,53,1,-13,10689,94,16010.43
2023-11-29,46,47,1,-1,10688,94,15987.60
2023-11-30,54,38,2,16,10704,94,15947.87
2023-12-01,67,26,1,41,10745,94,15997.58
2023-12-04,33,60,1,-27,10718,94,15839.67
2023-12-05,31,62,1,-31,10687,94,15877.71
2023-12-06,41,52,1,-11,10676,94,15788.05
2023-12-07,70,21,3,49,10725,94,16022.49
2023-12-08,54,39,1,15,10740,94,16084.69
2023-12-11,77,15,2,62,10802,94,16221.73
2023-12-12,65,28,1,37,10839,94,16354.25
2023-12-13,84,9,1,75,10914,94,16562.37
2023-12-14,49,44,1,5,10919,94,16537.83
2023-12-15,47,45,2,2,10921,94,16623.45
2023-12-18,60,33,1,27,10948,94,16729.80
2023-12-19,63,28,3,35,10983,94,16811.85
2023-12-20,5,88,1,-83,10900,94,16554.16
2023-12-21,85,8,1,77,10977,94,16757.41
2023-12-22,63,29,2,34,11011,94,16777.40
2023-12-26,76,17,1,59,11070,94,16878.46
2023-12-27,55,38,1,17,11087,94,16906.80
2023-12-28,50,43,1,7,11094,94,16898.47
2023-12-29,21,71,2,-50,11044,94,16825.93
2024-01-02,19,74,1,-55,10989,94,16543.94
2024-01-03,18,75,1,-57,10932,94,16368.49
2024-01-04,46,46,2,0,10932,94,16282.01
2024-01-05,45,48,1,-3,10929,94,16305.98
2024-01-08,85,8,1,77,11006,94,16649.87
2024-01-09,40,53,1,-13,10993,94,16678.70
2024-01-10,52,41,1,11,11004,94,16793.05
2024-01-11,53,39,2,14,11018,94,16820.90
2024-01-12,50,42,2,8,11026,94,16832.92
2024-01-16,39,53,2,-14,11012,94,16830.71
2024-01-17,30,63,1,-33,10979,94,16736.28
2024-01-18,76,17,1,59,11038,94,16982.29
2024-01-19,77,17,0,60,11098,94,17314.00
2024-01-22,63,30,1,33,11131,94,17330.38
2024-01-23,62,31,1,31,11162,94,17404.21
2024-01-24,35,58,1,-23,11139,94,17499.30
2024-01-25,61,32,1,29,11168,94,17516.99
2024-01-26,39,54,1,-15,11153,94,17421.01
2024-01-29,81,12,1,69,11222,94,17596.27
2024-01-30,36,57,1,-21,11201,94,17476.71
2024-01-31,10,83,1,-73,11128,94,17137.24
2024-02-01,77,15,2,62,11190,94,17344.71
2024-02-02,59,33,2,26,11216,94,17642.73
2024-02-05,35,58,1,-23,11193,94,17613.04
2024-02-06,53,40,1,13,11206,94,17572.73
2024-02-07,70,23,1,47,11253,94,17755.07
2024-02-08,64,30,0,34,11287,94,17783.17
2024-02-09,66,27,1,39,11326,94,17962.41
2024-02-12,41,52,1,-11,11315,94,17882.66
2024-02-13,4,89,1,-85,11230,94,17600.42
2024-02-14,75,19,0,56,11286,94,17807.63
2024-02-15,60,32,2,28,11314,94,17845.72
2024-02-16,20,71,3,-51,11263,94,17685.98
2024-02-20,32,61,1,-29,11234,94,17546.10
2024-02-21,51,42,1,9,11243,94,17478.91
2024-02-22,77,16,1,61,11304,94,18004.70
2024-02-23,46,46,2,0,11304,94,17937.61
2024-02-26,53,39,2,14,11318,94,17933.33
2024-02-27,47,45,2,2,11320,94,17971.05
2024-02-28,30,64,0,-34,11286,94,17874.50
2024-02-29,61,32,1,29,11315,94,18043.85
2024-03-01,70,23,1,47,11362,94,18302.91
2024-03-04,41,52,1,-11,11351,94,18226.48
2024-03-05,17,76,1,-59,11292,94,17897.87
2024-03-06,64,30,0,34,11326,94,18017.57
2024-03-07,68,25,1,43,11369,94,18297.99
2024-03-08,28,65,1,-37,11332,94,18018.45
2024-03-11,49,45,0,4,11336,94,17951.69
2024-03-12,65,28,1,37,11373,94,18219.11
2024-03-13,35,57,2,-22,11351,94,18068.47
2024-03-14,30,63,1,-33,11318,94,18014.81
2024-03-15,26,67,1,-41,11277,94,17808.25
2024-03-18,66,27,1,39,11316,94,17985.01
2024-03-19,60,33,1,27,11343,94,18032.20
2024-03-20,81,12,1,69,11412,94,18240.11
2024-03-21,68,25,2,43,11455,95,18320.38
2024-03-22,33,61,1,-28,11427,95,18339.44
2024-03-25,29,65,1,-36,11391,95,18277.06
2024-03-26,42,51,2,-9,11382,95,18210.54
2024-03-27,62,32,1,30,11412,95,18280.84
2024-03-28,49,45,1,4,11416,95,18254.69
2024-04-01,39,55,1,-16,11400,95,18293.20
2024-04-02,15,79,1,-64,11336,95,18121.78
2024-04-03,53,42,0,11,11347,95,18160.19
2024-04-04,12,82,1,-70,11277,95,17878.78
2024-04-05,74,20,1,54,11331,95,18108.46
2024-04-08,46,49,0,-3,11328,95,18100.19
2024-04-09,63,32,0,31,11359,95,18169.90
2024-04-10,16,78,1,-62,11297,95,18011.66
2024-04-11,70,25,0,45,11342,95,18307.98
2024-04-12,5,89,1,-84,11258,95,18003.49
2024-04-15,9,84,2,-75,11183,95,17706.83
2024-04-16,44,51,0,-7,11176,95,17713.66
2024-04-17,22,72,1,-50,11126,95,17493.62
2024-04-18,31,63,1,-32,11094,95,17394.31
2024-04-19,28,65,2,-37,11057,95,17037.65
2024-04-22,83,11,1,72,11129,95,17210.89
2024-04-23,84,9,2,75,11204,95,17471.47
2024-04-24,55,39,1,16,11220,95,17526.80
2024-04-25,43,52,0,-9,11211,95,17430.50
2024-04-26,65,29,1,36,11247,95,17718.30
2024-04-29,58,36,1,22,11269,95,17782.72
2024-04-30,9,83,3,-74,11195,95,17440.69
2024-05-01,39,56,0,-17,11178,95,17318.55
2024-05-02,71,23,1,48,11226,95,17541.54
2024-05-03,80,15,0,65,11291,95,17890.80
2024-05-06,73,22,0,51,11342,95,18093.57
2024-05-07,50,44,1,6,11348,95,18091.45
2024-05-08,45,50,0,-5,11343,95,18085.01
2024-05-09,61,34,0,27,11370,95,18113.46
2024-05-10,59,36,0,23,11393,95,18161.18
2024-05-13,52,43,0,9,11402,95,18198.61
2024-05-14,54,40,1,14,11416,95,18322.77
2024-05-15,73,22,0,51,11467,95,18596.65
2024-05-16,42,53,0,-11,11456,95,18557.96
2024-05-17,51,43,1,8,11464,95,18546.23
2024-05-20,64,31,0,33,11497,95,18674.19
2024-05-21,47,47,1,0,11497,95,18713.80
2024-05-22,41,54,0,-13,11484,95,18705.20
2024-05-23,18,77,0,-59,11425,95,18623.39
2024-05-24,72,23,0,49,11474,95,18808.35
2024-05-28,49,45,1,4,11478,95,18869.44
2024-05-29,16,79,0,-63,11415,95,18736.75
2024-05-30,53,42,0,11,11426,95,18538.66
2024-05-31,55,40,0,15,11441,95,18536.65
2024-06-03,36,59,0,-23,11418,95,18600.97
2024-06-04,52,43,0,9,11427,95,18654.84
2024-06-05,77,18,0,59,11486,95,19035.05
2024-06-06,41,53,1,-12,11474,95,19021.19
2024-06-07,35,60,0,-25,11449,95,19000.95
2024-06-10,65,30,0,35,11484,95,19074.67
2024-06-11,46,48,1,-2,11482,95,19210.18
2024-06-12,63,31,1,32,11514,95,19465.18
2024-06-13,33,61,1,-28,11486,95,19576.92
2024-06-14,44,51,0,-7,11479,95,19659.80
2024-06-17,72,23,0,49,11528,95,19902.75
2024-06-18,52,43,0,9,11537,95,19908.86
2024-06-20,40,55,0,-15,11522,95,19752.30
2024-06-21,57,38,0,19,11541,95,19700.43
2024-06-24,38,56,1,-18,11523,95,19474.62
2024-06-25,57,37,1,20,11543,95,19701.13
2024-06-26,35,59,1,-24,11519,95,19751.05
2024-06-27,62,33,0,29,11548,95,19789.03
2024-06-28,38,57,0,-19,11529,95,19682.87
2024-07-01,40,54,1,-14,11515,95,19812.22
2024-07-02,74,21,0,53,11568,95,20011.89
2024-07-03,55,40,0,15,11583,95,20186.63
2024-07-05,68,27,0,41,11624,95,20391.97
2024-07-08,45,50,0,-5,11619,95,20439.54
2024-07-09,34,60,1,-26,11593,95,20453.02
2024-07-10,71,23,1,48,11641,95,20675.38
2024-07-11,43,52,0,-9,11632,95,20211.36
2024-07-12,75,20,0,55,11687,95,20331.49
2024-07-15,55,40,0,15,11702,95,20386.88
2024-07-16,66,28,1,38,11740,95,20398.62
2024-07-17,25,70,0,-45,11695,95,19799.14
2024-07-18,23,71,1,-48,11647,95,19705.09
2024-07-19,31,64,0,-33,11614,95,19522.62
2024-07-22,70,25,0,45,11659,95,19822.87
2024-07-23,28,67,0,-39,11620,95,19754.34
2024-07-24,21,74,0,-53,11567,95,19032.39
2024-07-25,36,59,0,-23,11544,95,18830.58
2024-07-26,77,18,0,59,11603,95,19023.66
2024-07-29,50,44,1,6,11609,95,19059.49
2024-07-30,36,59,0,-23,11586,95,18796.27
2024-07-31,74,21,0,53,11639,95,19362.43
2024-08-01,18,77,0,-59,11580,95,18890.39
2024-08-02,25,70,0,-45,11535,95,18440.85
2024-08-05,11,84,0,-73,11462,95,17895.16
2024-08-06,75,20,0,55,11517,95,18077.92
2024-08-07,23,72,0,-49,11468,95,17867.37
2024-08-08,88,6,1,82,11550,95,18413.82
2024-08-09,55,40,0,15,11565,95,18513.10
2024-08-12,36,59,0,-23,11542,95,18542.03
2024-08-13,84,11,0,73,11615,95,19006.43
2024-08-14,49,46,0,3,11618,95,19022.68
2024-08-15,87,8,0,79,11697,95,19490.15
2024-08-16,49,45,1,4,11701,95,19508.52
2024-08-19,86,7,2,79,11780,95,19766.49
2024-08-20,38,57,0,-19,11761,95,19719.82
2024-08-21,76,19,0,57,11818,95,19824.84
2024-08-22,18,77,0,-59,11759,95,19491.84
2024-08-23,79,16,0,63,11822,95,19720.87
2024-08-26,39,56,0,-17,11805,95,19516.44
2024-08-27,58,37,0,21,11826,95,19581.52
2024-08-28,16,77,2,-61,11765,95,19350.78
2024-08-29,62,33,0,29,11794,95,19325.45
2024-08-30,80,15,0,65,11859,95,19574.64
2024-09-03,19,76,0,-57,11802,95,18958.74
2024-09-04,54,41,0,13,11815,95,18921.40
2024-09-05,24,70,1,-46,11769,95,18930.33
2024-09-06,7,88,0,-81,11688,95,18421.31
2024-09-09,82,13,0,69,11757,95,18660.78
2024-09-10,60,34,1,26,11783,95,18829.14
2024-09-11,70,25,0,45,11828,95,19237.30
2024-09-12,74,21,0,53,11881,95,19423.07
2024-09-13,75,19,1,56,11937,95,19514.59
2024-09-16,51,44,0,7,11944,95,19423.06
2024-09-17,52,42,1,10,11954,95,19432.40
2024-09-18,29,65,1,-36,11918,95,19344.49
2024-09-19,84,10,1,74,11992,95,19839.83
2024-09-20,37,58,0,-21,11971,95,19791.49
2024-09-23,64,31,0,33,12004,95,19852.20
2024-09-24,62,33,0,29,12033,95,19944.84
2024-09-25,43,51,1,-8,12025,95,19972.61
2024-09-26,63,32,0,31,12056,95,20115.54
2024-09-27,39,55,1,-16,12040,95,20008.62
2024-09-30,53,41,1,12,12052,95,20060.69
2024-10-01,20,75,0,-55,11997,95,19773.30
2024-10-02,58,37,0,21,12018,95,19802.59
2024-10-03,26,67,2,-41,11977,95,19793.34
2024-10-04,76,19,0,57,12034,95,20035.02
2024-10-07,18,77,0,-59,11975,95,19800.74
2024-10-08,82,13,0,69,12044,95,20107.78
2024-10-09,71,24,0,47,12091,95,20268.86
2024-10-10,33,62,0,-29,12062,95,20241.76
2024-10-11,78,17,0,61,12123,95,20271.97
2024-10-14,68,26,1,42,12165,95,20439.05
2024-10-15,37,58,0,-21,12144,95,20159.83
2024-10-16,50,45,0,5,12149,95,20174.05
2024-10-17,49,46,0,3,12152,95,20190.42
2024-10-18,64,31,0,33,12185,95,20324.04
2024-10-21,32,62,1,-30,12155,95,20361.47
2024-10-22,47,49,0,-2,12153,96,20390.46
2024-10-23,19,76,1,-57,12096,96,20066.96
2024-10-24,56,40,0,16,12112,96,20232.87
2024-10-25,60,36,0,24,12136,96,20352.02
2024-10-28,53,43,0,10,12146,96,20351.07
2024-10-29,57,39,0,18,12164,96,20550.65
2024-10-30,30,66,0,-36,12128,96,20387.70
2024-10-31,25,71,0,-46,12082,96,19890.42
2024-11-01,60,36,0,24,12106,96,20033.14
2024-11-04,43,53,0,-10,12096,96,19963.60
2024-11-05,81,15,0,66,12162,96,20227.46
2024-11-06,76,20,0,56,12218,96,20781.33
2024-11-07,73,23,0,50,12268,96,21101.57
2024-11-08,47,49,0,-2,12266,96,21117.18
2024-11-11,50,46,0,4,12270,96,21106.59
2024-11-12,38,57,1,-19,12251,96,21070.79
2024-11-13,47,49,0,-2,12249,96,21036.16
2024-11-14,30,66,0,-36,12213,96,20896.67
2024-11-15,13,83,0,-70,12143,96,20394.13
2024-11-18,65,31,0,34,12177,96,20539.19
2024-11-19,50,46,0,4,12181,96,20684.59
2024-11-20,56,40,0,16,12197,96,20667.10
2024-11-21,75,21,0,54,12251,96,20740.78
2024-11-22,64,32,0,32,12283,96,20776.23
2024-11-25,66,29,1,37,12320,96,20804.89
2024-11-26,53,43,0,10,12330,96,20922.90
2024-11-27,34,62,0,-28,12302,96,20744.49
2024-11-29,72,24,0,48,12350,96,20930.37
2024-12-02,57,39,0,18,12368,96,21164.60
2024-12-03,45,51,0,-6,12362,96,21229.32
2024-12-04,64,32,0,32,12394,96,21492.36
2024-12-05,36,60,0,-24,12370,96,21425.22
2024-12-06,64,32,0,32,12402,96,21622.25
2024-12-09,37,59,0,-22,12380,96,21440.82
2024-12-10,37,59,0,-22,12358,96,21368.18
2024-12-11,70,26,0,44,12402,96,21763.98
2024-12-12,36,59,1,-23,12379,96,21615.27
2024-12-13,30,66,0,-36,12343,96,21780.25
2024-12-16,50,46,0,4,12347,96,22096.66
2024-12-17,33,63,0,-30,12317,96,22001.08
2024-12-18,1,95,0,-94,12223,96,21209.32
2024-12-19,35,61,0,-26,12197,96,21110.51
2024-12-20,76,20,0,56,12253,96,21289.15
2024-12-23,61,35,0,26,12279,96,21503.17
2024-12-24,87,8,1,79,12358,96,21797.65
2024-12-26,39,57,0,-18,12340,96,21768.31
2024-12-27,7,89,0,-82,12258,96,21473.02
2024-12-30,7,89,0,-82,12176,96,21197.09
2024-12-31,31,65,0,-34,12142,96,21012.17
2025-01-02,46,50,0,-4,12138,96,20975.62
2025-01-03,85,11,0,74,12212,96,21326.16
2025-01-06,59,37,0,22,12234,96,21559.50
2025-01-07,27,68,1,-41,12193,96,21173.04
2025-01-08,52,43,1,9,12202,96,21180.97
2025-01-10,12,84,0,-72,12130,96,20847.58
2025-01-13,53,43,0,10,12140,96,20784.72
2025-01-14,63,32,1,31,12171,96,20757.41
2025-01-15,85,11,0,74,12245,96,21237.85
2025-01-16,51,44,1,7,12252,96,21091.25
2025-01-17,76,20,0,56,12308,96,21441.16
2025-01-21,74,21,1,53,12361,96,21566.51
2025-01-22,62,34,0,28,12389,96,21853.00
2025-01-23,51,45,0,6,12395,96,21900.93
2025-01-24,37,57,2,-20,12375,96,21774.01
2025-01-27,46,50,0,-4,12371,96,21127.28
2025-01-28,48,48,0,0,12371,96,21463.04
2025-01-29,54,42,0,12,12383,96,21411.46
2025-01-30,74,22,0,52,12435,96,21508.12
2025-01-31,38,58,0,-20,12415,96,21478.05
2025-02-03,42,54,0,-12,12403,96,21297.58
2025-02-04,65,31,0,34,12437,96,21566.92
2025-02-05,73,23,0,50,12487,96,21658.16
2025-02-06,56,39,1,17,12504,96,21774.07
2025-02-07,21,74,1,-53,12451,96,21491.31
2025-02-10,77,19,0,58,12509,96,21756.73
2025-02-11,37,58,1,-21,12488,96,21693.52
2025-02-12,43,53,0,-10,12478,96,21719.26
2025-02-13,81,15,0,66,12544,96,22030.71
2025-02-14,46,51,0,-5,12539,97,22114.69
2025-02-18,67,30,0,37,12576,97,22164.61
2025-02-19,53,44,0,9,12585,97,22175.60
2025-02-20,41,56,0,-15,12570,97,22068.06
2025-02-21,16,81,0,-65,12505,97,21614.08
2025-02-24,33,63,1,-30,12475,97,21352.08
2025-02-25,32,65,0,-33,12442,97,21087.25
2025-02-26,51,46,0,5,12447,97,21132.92
2025-02-27,18,79,0,-61,12386,97,20550.95
2025-02-28,85,12,0,73,12459,97,20884.41
2025-03-03,22,75,0,-53,12406,97,20425.58
2025-03-04,37,60,0,-23,12383,97,20352.53
2025-03-05,70,27,0,43,12426,97,20628.46
2025-03-06,15,82,0,-67,12359,97,20052.63
2025-03-07,68,29,0,39,12398,97,20201.37
2025-03-10,16,81,0,-65,12333,97,19430.95
2025-03-11,43,54,0,-11,12322,97,19376.96
2025-03-12,56,41,0,15,12337,97,19596.02
2025-03-13,16,81,0,-65,12272,97,19225.48
2025-03-14,91,6,0,85,12357,97,19704.64
2025-03-17,84,13,0,71,12428,97,19812.24
2025-03-18,18,79,0,-61,12367,97,19483.36
2025-03-19,77,19,1,58,12425,97,19736.66
2025-03-20,32,65,0,-33,12392,97,19677.61
2025-03-21,43,53,1,-10,12382,97,19753.97
2025-03-24,85,12,0,73,12455,97,20180.45
2025-03-25,53,44,0,9,12464,97,20287.83
2025-03-26,30,66,1,-36,12428,97,19916.99
2025-03-27,45,51,1,-6,12422,97,19798.62
2025-03-28,10,87,0,-77,12345,97,19281.40
2025-03-31,54,43,1,11,12356,98,19278.45
2025-04-01,72,26,0,46,12402,98,19436.42
2025-04-02,81,17,0,64,12466,98,19581.78
2025-04-03,17,80,1,-63,12403,98,18521.47
2025-04-04,1,97,0,-96,12307,98,17397.70
2025-04-07,50,48,0,2,12309,98,17430.68
2025-04-08,15,83,0,-68,12241,98,17090.40
2025-04-09,97,1,0,96,12337,98,19145.06
2025-04-10,10,88,0,-78,12259,98,18343.57
2025-04-11,80,17,1,63,12322,98,18690.05
2025-04-14,69,29,0,40,12362,98,18796.02
2025-04-15,54,44,0,10,12372,98,18830.23
2025-04-16,5,93,0,-88,12284,98,18257.64
2025-04-17,62,35,1,27,12311,98,18258.09
2025-04-21,6,92,0,-86,12225,98,17808.30
2025-04-22,97,1,0,96,12321,98,18276.41
2025-04-23,78,20,0,58,12379,98,18693.26
2025-04-24,86,12,0,74,12453,98,19214.40
2025-04-25,65,33,0,32,12485,98,19432.56
2025-04-28,55,43,0,12,12497,98,19427.29
2025-04-29,67,31,0,36,12533,98,19544.95
2025-04-30,63,35,0,28,12561,98,19571.02
2025-05-01,49,49,0,0,12561,98,19786.71
2025-05-02,88,10,0,78,12639,98,20102.61
2025-05-05,40,58,0,-18,12621,98,19967.94
2025-05-06,26,71,1,-45,12576,98,19791.35
2025-05-07,70,27,1,43,12619,98,19867.97
2025-05-08,66,31,1,35,12654,98,20063.56
2025-05-09,39,59,0,-20,12634,98,20061.45
2025-05-12,85,13,0,72,12706,98,20868.15
2025-05-13,64,34,0,30,12736,98,21197.70
2025-05-14,50,48,0,2,12738,98,21319.21
2025-05-15,56,42,0,14,12752,98,21335.82
2025-05-16,75,23,0,52,12804,98,21427.94
2025-05-19,62,36,0,26,12830,98,21447.05
2025-05-20,40,58,0,-18,12812,98,21367.37
2025-05-21,8,90,0,-82,12730,98,21080.36
2025-05-22,41,55,2,-14,12716,98,21112.47
2025-05-23,31,67,0,-36,12680,98,20915.66
2025-05-27,90,8,0,82,12762,98,21414.99
2025-05-28,26,72,0,-46,12716,98,21318.17
2025-05-29,50,48,0,2,12718,98,21363.95
2025-05-30,49,49,0,0,12718,98,21340.99
2025-06-02,65,33,0,32,12750,98,21491.75
2025-06-03,76,22,0,54,12804,98,21662.58
2025-06-04,54,44,0,10,12814,98,21721.92
2025-06-05,44,54,0,-10,12804,98,21547.43
2025-06-06,84,14,0,70,12874,98,21761.79
2025-06-09,54,44,0,10,12884,98,21797.87
2025-06-10,60,38,0,22,12906,98,21941.92
2025-06-11,27,71,0,-44,12862,98,21860.80
2025-06-12,54,44,0,10,12872,98,21913.32
2025-06-13,12,86,0,-74,12798,98,21631.04
2025-06-16,80,18,0,62,12860,98,21937.57
2025-06-17,15,83,0,-68,12792,98,21719.08
2025-06-18,41,55,2,-14,12778,98,21719.69
2025-06-20,41,56,1,-15,12763,98,21626.39
2025-06-23,75,23,0,52,12815,98,21856.33
2025-06-24,83,15,0,68,12883,98,22190.52
2025-06-25,34,64,0,-30,12853,98,22237.74
2025-06-26,76,22,0,54,12907,98,22447.29
2025-06-27,59,38,1,21,12928,98,22534.20
2025-06-30,75,23,0,52,12980,98,22679.01
2025-07-01,54,44,0,10,12990,98,22478.13
2025-07-02,51,46,1,5,12995,98,22641.89
2025-07-03,75,23,0,52,13047,98,22866.97
2025-07-07,23,75,0,-52,12995,98,22685.57
2025-07-08,52,46,0,6,13001,98,22702.25
2025-07-09,55,43,0,12,13013,98,22864.91
2025-07-10,52,45,1,7,13020,98,22829.26
2025-07-11,26,71,1,-45,12975,98,22780.60
2025-07-14,55,42,1,13,12988,98,22855.63
2025-07-15,31,67,0,-36,12952,98,22884.59
2025-07-16,53,45,0,8,12960,98,22907.97
2025-07-17,69,29,0,40,13000,98,23081.05
2025-07-18,55,43,0,12,13012,98,23065.47
2025-07-21,60,38,0,22,13034,98,23180.06
2025-07-22,55,43,0,12,13046,98,23063.58
2025-07-23,62,36,0,26,13072,98,23162.41
2025-07-24,55,43,0,12,13084,98,23219.87
2025-07-25,56,42,0,14,13098,98,23272.25
2025-07-28,47,51,0,-4,13094,98,23356.27
2025-07-29,51,47,0,4,13098,98,23308.30
2025-07-30,45,52,1,-7,13091,98,23345.41
2025-07-31,25,73,0,-48,13043,98,23218.12
2025-08-01,25,73,0,-48,12995,98,22763.31
2025-08-04,87,10,1,77,13072,98,23188.61
2025-08-05,30,68,0,-38,13034,98,23018.56
2025-08-06,60,38,0,22,13056,98,23315.04
2025-08-07,53,42,3,11,13067,98,23389.53
2025-08-08,68,29,1,39,13106,98,23611.27
2025-08-11,32,66,0,-34,13072,98,23526.63
2025-08-12,78,20,0,58,13130,98,23839.20
2025-08-13,65,33,0,32,13162,98,23849.04
2025-08-14,29,68,1,-39,13123,98,23832.44
2025-08-15,50,48,0,2,13125,98,23712.07
2025-08-18,54,44,0,10,13135,98,23713.76
2025-08-19,41,57,0,-16,13119,98,23384.77
2025-08-20,40,57,1,-17,13102,98,23249.57
2025-08-21,29,68,1,-39,13063,98,23142.58
2025-08-22,79,19,0,60,13123,98,23498.12
2025-08-25,26,72,0,-46,13077,98,23425.61
2025-08-26,57,41,0,16,13093,98,23525.29
2025-08-27,62,36,0,26,13119,98,23565.85
2025-08-28,64,33,1,31,13150,98,23703.45
2025-08-29,31,67,0,-36,13114,98,23415.42
2025-09-02,25,72,1,-47,13067,98,23231.11
2025-09-03,48,50,0,-2,13065,98,23414.84
2025-09-04,71,27,0,44,13109,98,23633.01
2025-09-05,53,45,0,8,13117,98,23652.44
2025-09-08,61,37,0,24,13141,98,23762.30
2025-09-09,49,49,0,0,13141,98,23839.80
2025-09-10,35,63,0,-28,13113,98,23849.27
2025-09-11,72,24,2,48,13161,98,23992.56
2025-09-12,36,62,0,-26,13135,98,24092.19
2025-09-15,57,41,0,16,13151,98,24293.78
2025-09-16,46,52,0,-6,13145,98,24274.25
2025-09-17,63,35,0,28,13173,98,24223.69
2025-09-18,62,36,0,26,13199,98,24454.89
2025-09-19,56,42,0,14,13213,98,24626.25
2025-09-22,54,44,0,10,13223,98,24761.07
2025-09-23,44,54,0,-10,13213,98,24580.17
2025-09-24,39,58,1,-19,13194,98,24503.57
2025-09-25,30,68,0,-38,13156,98,24397.31
2025-09-26,65,33,0,32,13188,98,24503.85
2025-09-29,63,35,0,28,13216,98,24611.35
2025-09-30,57,41,0,16,13232,98,24679.99
2025-10-01,53,45,0,8,13240,98,24800.86
2025-10-02,66,32,0,34,13274,98,24892.76
2025-10-03,48,49,1,-1,13273,98,24785.52
2025-10-06,58,40,0,18,13291,98,24978.56
2025-10-07,34,64,0,-30,13261,98,24840.23
2025-10-08,67,29,2,38,13299,98,25136.62
2025-10-09,30,68,0,-38,13261,98,25098.18
2025-10-10,14,84,0,-70,13191,98,24221.74
2025-10-13,80,18,0,62,13253,98,24750.25
2025-10-14,55,43,0,12,13265,98,24579.32
2025-10-15,55,43,0,12,13277,98,24745.36
2025-10-16,39,59,0,-20,13257,98,24657.24
2025-10-17,69,28,1,41,13298,98,24817.95
2025-10-20,77,21,0,56,13354,98,25141.02
2025-10-21,56,42,0,14,13368,98,25127.13
2025-10-22,24,74,0,-50,13318,98,24879.01
2025-10-23,67,31,0,36,13354,98,25097.41
2025-10-24,60,38,0,22,13376,98,25358.16
2025-10-27,72,26,0,46,13422,98,25821.55
2025-10-28,30,68,0,-38,13384,98,26012.15
2025-10-29,41,57,0,-16,13368,98,26119.85
2025-10-30,39,59,0,-20,13348,98,25734.81
2025-10-31,54,44,0,10,13358,98,25858.13
2025-11-03,41,56,1,-15,13343,98,25972.94
2025-11-04,25,73,0,-48,13295,98,25435.70
2025-11-05,62,35,1,27,13322,98,25620.03
2025-11-06,19,79,0,-60,13262,98,25130.04
2025-11-07,57,41,0,16,13278,98,25059.81
2025-11-10,71,27,0,44,13322,98,25611.74
2025-11-11,50,48,0,2,13324,98,25533.49
2025-11-12,50,46,2,4,13328,98,25517.33
2025-11-13,20,78,0,-58,13270,98,24993.46
2025-11-14,41,57,0,-16,13254,98,25008.24
2025-11-17,29,69,0,-40,13214,98,24799.92
2025-11-18,38,60,0,-22,13192,98,24503.10
2025-11-19,51,47,0,4,13196,98,24640.52
2025-11-20,9,89,0,-80,13116,98,24054.38
2025-11-21,71,27,0,44,13160,98,24239.57
2025-11-24,68,30,0,38,13198,98,24873.85
2025-11-25,73,25,0,48,13246,98,25018.36
2025-11-26,73,25,0,48,13294,98,25236.94
2025-11-28,87,11,0,76,13370,98,25434.89
2025-12-01,37,61,0,-24,13346,98,25342.85
2025-12-02,68,30,0,38,13384,98,25555.86
2025-12-03,68,30,0,38,13422,98,25606.54
2025-12-04,43,55,0,-12,13410,98,25581.70
2025-12-05,62,36,0,26,13436,98,25692.05
2025-12-08,37,60,1,-23,13413,98,25627.95
2025-12-09,45,53,0,-8,13405,98,25668.69
2025-12-10,67,31,0,36,13441,98,25776.44
2025-12-11,61,36,1,25,13466,98,25686.69
2025-12-12,29,68,1,-39,13427,98,25196.73
2025-12-15,48,48,2,0,13427,98,25067.27
2025-12-16,43,55,0,-12,13415,98,25132.94
2025-12-17,26,72,0,-46,13369,98,24647.61
2025-12-18,73,25,0,48,13417,98,25019.37
2025-12-19,71,27,0,44,13461,98,25346.18
2025-12-22,72,26,0,46,13507,98,25461.70
2025-12-23,41,57,0,-16,13491,98,25587.83
2025-12-24,71,25,2,46,13537,98,25656.15
2025-12-26,55,43,0,12,13549,98,25644.39
2025-12-29,34,64,0,-30,13519,98,25525.56
2025-12-30,29,68,1,-39,13480,98,25462.56
2025-12-31,1,97,0,-96,13384,98,25249.85
2026-01-02,51,47,0,4,13388,98,25206.17
2026-01-05,64,34,0,30,13418,98,25401.32
2026-01-06,75,23,0,52,13470,98,25639.71
2026-01-07,39,58,1,-19,13451,98,25653.90
2026-01-08,47,51,0,-4,13447,98,25507.10
2026-01-09,64,34,0,30,13477,98,25766.26
2026-01-12,48,50,0,-2,13475,98,25787.66
2026-01-13,45,53,0,-8,13467,98,25741.95
2026-01-14,39,58,1,-19,13448,98,25465.94
2026-01-15,51,47,0,4,13452,98,25547.07
2026-01-16,47,51,0,-4,13448,98,25529.26
2026-01-20,28,70,0,-42,13406,98,24987.57
2026-01-21,74,24,0,50,13456,98,25326.58
2026-01-22,64,33,1,31,13487,98,25518.35
2026-01-23,47,51,0,-4,13483,98,25605.47
2026-01-26,59,39,0,20,13503,98,25713.21
2026-01-27,59,39,0,20,13523,98,25939.74
2026-01-28,44,54,0,-10,13513,98,26022.79
2026-01-29,40,58,0,-18,13495,98,25884.30
2026-01-30,35,63,0,-28,13467,98,25552.39
2026-02-02,61,37,0,24,13491,98,25738.61
2026-02-03,39,59,0,-20,13471,98,25338.62
2026-02-04,47,51,0,-4,13467,98,24891.24
2026-02-05,32,66,0,-34,13433,98,24548.69
2026-02-06,79,19,0,60,13493,98,25075.77
2026-02-09,56,42,0,14,13507,98,25268.14
2026-02-10,39,59,0,-20,13487,98,25127.64
2026-02-11,56,42,0,14,13501,98,25201.26
2026-02-12,25,73,0,-48,13453,98,24687.61
2026-02-13,70,28,0,42,13495,98,24732.73
2026-02-17,49,48,1,1,13496,98,24701.60
2026-02-18,74,24,0,50,13546,98,24898.87
2026-02-19,44,53,1,-9,13537,98,24797.34
2026-02-20,62,36,0,26,13563,98,25012.62
2026-02-23,31,67,0,-36,13527,98,24708.94
2026-02-24,72,26,0,46,13573,98,24977.04
2026-02-25,70,28,0,42,13615,98,25329.04
2026-02-26,44,54,0,-10,13605,98,25034.37
2026-02-27,46,52,0,-6,13599,98,24960.04
2026-03-02,43,55,0,-12,13587,98,24992.60
2026-03-03,30,68,0,-38,13549,98,24720.08
2026-03-04,73,25,0,48,13597,98,25093.68
2026-03-05,38,60,0,-22,13575,98,25020.41
2026-03-06,30,68,0,-38,13537,98,24643.02
2026-03-09,71,27,0,44,13581,98,24967.25
2026-03-10,44,54,0,-10,13571,98,24956.47
2026-03-11,45,52,1,-7,13564,98,24965.01
2026-03-12,12,86,0,-74,13490,98,24533.58
2026-03-13,52,45,1,7,13497,98,24380.73
2026-03-16,77,21,0,56,13553,98,24655.34
2026-03-17,65,33,0,32,13585,98,24780.42
2026-03-18,21,77,0,-56,13529,98,24425.09
2026-03-19,41,57,0,-16,13513,98,24355.28
2026-03-20,19,79,0,-60,13453,98,23898.15
2026-03-23,81,17,0,64,13517,98,24188.59
2026-03-24,42,56,0,-14,13503,98,24002.45
2026-03-25,66,31,1,35,13538,98,24162.98
2026-03-26,28,70,0,-42,13496,98,23586.99
2026-03-27,17,81,0,-64,13432,98,23132.77
2026-03-30,45,53,0,-8,13424,98,22953.38
2026-03-31,83,15,0,68,13492,98,23740.19
2026-04-01,62,36,0,26,13518,98,24019.99
2026-04-02,49,48,1,1,13519,98,24045.53
2026-04-06,62,35,1,27,13546,98,24192.17
2026-04-07,45,53,0,-8,13538,98,24202.37
2026-04-08,84,14,0,70,13608,98,24903.17
2026-04-09,58,40,0,18,13626,98,25082.09
2026-04-10,35,63,0,-28,13598,98,25116.34
2026-04-13,75,23,0,52,13650,98,25383.72
2026-04-14,66,32,0,34,13684,98,25842.00
2026-04-15,50,48,0,2,13686,98,26204.58
2026-04-16,63,35,0,28,13714,98,26333.00
2026-04-17,77,20,1,57,13771,98,26672.43
2026-04-20,57,41,0,16,13787,98,26590.34
2026-04-21,39,59,0,-20,13767,98,26479.47
2026-04-22,67,31,0,36,13803,98,26937.28
2026-04-23,47,51,0,-4,13799,98,26782.63
2026-04-24,54,44,0,10,13809,98,27303.67
2026-04-27,39,59,0,-20,13789,98,27305.68
2026-04-28,31,66,1,-35,13754,98,27029.01
2026-04-29,50,48,0,2,13756,98,27186.98
2026-04-30,69,29,0,40,13796,98,27452.12
2026-05-01,60,38,0,22,13818,98,27710.36
2026-05-04,41,57,0,-16,13802,98,27651.82
2026-05-05,62,36,0,26,13828,98,28015.06
2026-05-06,66,32,0,34,13862,98,28599.17
2026-05-07,38,60,0,-22,13840,98,28563.95
2026-05-08,55,43,0,12,13852,98,29234.99
2026-05-11,43,55,0,-12,13840,98,29320.66
2026-05-12,40,58,0,-18,13822,98,29064.80
2026-05-13,47,51,0,-4,13818,98,29366.94
2026-05-14,56,42,0,14,13832,98,29580.30
2026-05-15,34,64,0,-30,13802,98,29125.20
2026-05-18,58,40,0,18,13820,98,28994.37
2026-05-19,37,61,0,-24,13796,98,28818.84
2026-05-20,73,24,1,49,13845,98,29297.70
2026-05-21,55,43,0,12,13857,98,29357.27
2026-05-22,61,37,0,24,13881,98,29481.64
2026-05-26,49,49,0,0,13881,98,30001.32
2026-05-27,39,59,0,-20,13861,98,29973.57
2026-05-28,60,38,0,22,13883,98,30223.89
2026-05-29,46,52,0,-6,13877,98,30333.18
2026-06-01,52,46,0,6,13883,98,30513.86
2026-06-02,46,52,0,-6,13877,98,30660.60
2026-06-03,47,51,0,-4,13873,98,30571.24
2026-06-04,58,40,0,18,13891,98,30407.81
2026-06-05,29,69,0,-40,13851,98,28957.60
2026-06-08,49,48,1,1,13852,98,29414.26
2026-06-09,47,51,0,-4,13848,98,29084.50
2026-06-10,26,72,0,-46,13802,98,28508.03
2026-06-11,70,27,1,43,13845,98,29446.18
2026-06-12,65,33,0,32,13877,98,29635.95
2026-06-15,72,27,0,45,13922,99,30543.92
2026-06-16,39,61,0,-22,13900,100,29968.13
2026-06-17,21,78,1,-57,13843,100,29670.95
2026-06-18,66,34,0,32,13875,100,30406.19
2026-06-22,41,58,1,-17,13858,100,30347.08
2026-06-23,40,59,1,-19,13839,100,29347.27
2026-06-24,49,50,1,-1,13838,100,29220.06
2026-06-25,46,54,0,-8,13830,100,29440.32
2026-06-26,55,44,1,11,13841,100,29118.24
2026-06-29,58,42,0,16,13857,100,29774.75
2026-06-30,53,47,0,6,13863,100,30276.35
2026-07-01,57,43,0,14,13877,100,29809.13
2026-07-02,57,43,0,14,13891,100,29329.21
2026-07-06,56,43,1,13,13904,100,29697.87
2026-07-07,46,54,0,-8,13896,100,29173.02
2026-07-08,39,61,0,-22,13874,100,29252.56
2026-07-09,63,37,0,26,13900,100,29727.10
2026-07-10,55,44,1,11,13911,100,29825.11
2026-07-13,45,55,0,-10,13901,100,29264.10
2026-07-14,46,54,0,-8,13893,100,29586.29
2026-07-15,44,56,0,-12,13881,100,29502.60
2026-07-16,52,48,0,4,13885,100,29025.77
2026-07-17,22,78,0,-56,13829,100,28592.66
2026-07-20,43,57,0,-14,13815,100,28604.23
2026-07-21,51,49,0,2,13817,100,29155.18
2026-07-22,41,58,1,-17,13800,100,28998.10
2026-07-23,35,65,0,-30,13770,100,28454.81
2026-07-24,55,45,0,10,13780,100,28128.34
2026-07-27,64,36,0,28,13808,100,28039.21
2026-07-28,58,42,0,16,13824,100,27763.13
2026-07-29,35,65,0,-30,13794,100,27192.31
2026-07-30,50,49,1,1,13795,100,28106.35
2026-07-31,51,49,0,2,13797,100,28274.20
2026-08-03,68,32,0,36,13833,100,28776.80
2026-08-04,83,17,0,66,13899,100,29733.16
2026-08-05,37,63,0,-26,13873,100,29487.79
2026-08-06,43,57,0,-14,13859,100,29373.33
2026-08-07,73,27,0,46,13905,100,29722.30
2026-08-10,46,53,1,-7,13898,100,29621.80
2026-08-11,54,46,0,8,13906,100,29525.48
2026-08-12,51,49,0,2,13908,100,29742.60
2026-08-13,68,31,1,37,13945,100,30084.50
2026-08-14,48,51,1,-3,13942,100,30046.14
2026-08-17,36,64,0,-28,13914,100,29995.38
2026-08-18,43,57,0,-14,13900,100,29490.96
2026-08-19,54,45,1,9,13909,100,29426.02
2026-08-20,34,66,0,-32,13877,100,29213.16
2026-08-21,62,38,0,24,13901,100,29308.86
2026-08-24,43,57,0,-14,13887,100,29023.18
2026-08-25,51,49,0,2,13889,100,29209.23
2026-08-26,48,52,0,-4,13885,100,29224.52
2026-08-27,49,51,0,-2,13883,100,29641.56
2026-08-28,43,57,0,-14,13869,100,29433.43
2026-08-31,43,56,1,-13,13856,100,29456.97
2026-09-01,19,81,0,-62,13794,100,29077.22
2026-09-02,54,46,0,8,13802,100,29143.33
2026-09-03,62,38,0,24,13826,100,29482.32
2026-09-04,44,56,0,-12,13814,100,29544.15
2026-09-08,36,64,0,-28,13786,100,29507.70
2026-09-09,23,77,0,-54,13732,100,29421.55
2026-09-10,32,68,0,-36,13696,100,29103.51
2026-09-11,65,35,0,30,13726,100,29368.44
2026-09-14,55,45,0,10,13736,100,29127.16
2026-09-15,26,74,0,-48,13688,100,28937.84
2026-09-16,48,52,0,-4,13684,100,28945.06
2026-09-17,62,37,1,25,13709,100,29446.98
2026-09-18,43,57,0,-14,13695,100,29644.17
2026-09-21,78,22,0,56,13751,100,30482.35
2026-09-22,71,29,0,42,13793,100,30732.40
2026-09-23,40,60,0,-20,13773,100,30470.29
2026-09-24,32,68,0,-36,13737,100,30478.86
2026-09-25,65,35,0,30,13767,100,30608.13
2026-09-28,37,63,0,-26,13741,100,30276.81
2026-09-29,49,50,1,-1,13740,100,30339.33
2026-09-30,44,56,0,-12,13728,100,30408.50
2026-10-01,57,43,0,14,13742,100,30501.56
2026-10-02,59,40,1,19,13761,100,30807.93
2026-10-05,62,36,2,26,13787,100,31076.44
2026-10-06,62,38,0,24,13811,100,31224.47
2026-10-07,37,63,0,-26,13785,100,31160.08
