Date,OAS,Source
2007-04-11,2.1884,proxy
2007-04-12,2.1875,proxy
2007-04-13,2.1848,proxy
2007-04-16,2.1972,proxy
2007-04-17,2.2101,proxy
2007-04-18,2.2202,proxy
2007-04-19,2.2091,proxy
2007-04-20,2.2048,proxy
2007-04-23,2.2113,proxy
2007-04-24,2.2046,proxy
2007-04-25,2.1939,proxy
2007-04-26,2.1750,proxy
2007-04-27,2.1745,proxy
2007-04-30,2.1961,proxy
2007-05-01,2.1955,proxy
2007-05-02,2.1951,proxy
2007-05-03,2.1902,proxy
2007-05-04,2.1962,proxy
2007-05-07,2.2021,proxy
2007-05-08,2.1957,proxy
2007-05-09,2.1930,proxy
2007-05-10,2.1904,proxy
2007-05-11,2.1818,proxy
2007-05-14,2.1766,proxy
2007-05-15,2.1775,proxy
2007-05-16,2.1706,proxy
2007-05-17,2.1627,proxy
2007-05-18,2.1486,proxy
2007-05-21,2.1527,proxy
2007-05-22,2.1421,proxy
2007-05-23,2.1378,proxy
2007-05-24,2.1391,proxy
2007-05-25,2.1317,proxy
2007-05-29,2.1394,proxy
2007-05-30,2.1390,proxy
2007-05-31,2.1385,proxy
2007-06-01,2.1315,proxy
2007-06-04,2.1389,proxy
2007-06-05,2.1292,proxy
2007-06-06,2.1307,proxy
2007-06-07,2.1044,proxy
2007-06-08,2.1080,proxy
2007-06-11,2.1066,proxy
2007-06-12,2.0884,proxy
2007-06-13,2.1078,proxy
2007-06-14,2.1014,proxy
2007-06-15,2.1150,proxy
2007-06-18,2.1099,proxy
2007-06-19,2.1257,proxy
2007-06-20,2.1273,proxy
2007-06-21,2.1142,proxy
2007-06-22,2.1231,proxy
2007-06-25,2.1457,proxy
2007-06-26,2.1403,proxy
2007-06-27,2.1492,proxy
2007-06-28,2.1595,proxy
2007-06-29,2.1866,proxy
2007-07-02,2.1856,proxy
2007-07-03,2.1768,proxy
2007-07-05,2.1611,proxy
2007-07-06,2.1506,proxy
2007-07-09,2.1517,proxy
2007-07-10,2.1919,proxy
2007-07-11,2.1858,proxy
2007-07-12,2.1725,proxy
2007-07-13,2.1696,proxy
2007-07-16,2.1887,proxy
2007-07-17,2.1818,proxy
2007-07-18,2.2055,proxy
2007-07-19,2.2027,proxy
2007-07-20,2.2276,proxy
2007-07-23,2.2288,proxy
2007-07-24,2.2497,proxy
2007-07-25,2.2755,proxy
2007-07-26,2.3279,proxy
2007-07-27,2.3757,proxy
2007-07-30,2.3451,proxy
2007-07-31,2.3544,proxy
2007-08-01,2.3605,proxy
2007-08-02,2.3528,proxy
2007-08-03,2.3689,proxy
2007-08-06,2.3564,proxy
2007-08-07,2.3373,proxy
2007-08-08,2.2813,proxy
2007-08-09,2.2868,proxy
2007-08-10,2.2861,proxy
2007-08-13,2.2761,proxy
2007-08-14,2.3001,proxy
2007-08-15,2.2790,proxy
2007-08-16,2.3057,proxy
2007-08-17,2.2733,proxy
2007-08-20,2.2965,proxy
2007-08-21,2.3199,proxy
2007-08-22,2.2981,proxy
2007-08-23,2.2921,proxy
2007-08-24,2.2977,proxy
2007-08-27,2.2947,proxy
2007-08-28,2.3068,proxy
2007-08-29,2.2912,proxy
2007-08-30,2.3018,proxy
2007-08-31,2.2829,proxy
2007-09-04,2.2729,proxy
2007-09-05,2.2903,proxy
2007-09-06,2.2857,proxy
2007-09-07,2.3457,proxy
2007-09-10,2.3540,proxy
2007-09-11,2.3325,proxy
2007-09-12,2.3130,proxy
2007-09-13,2.3002,proxy
2007-09-14,2.2820,proxy
2007-09-17,2.2825,proxy
2007-09-18,2.2494,proxy
2007-09-19,2.1885,proxy
2007-09-20,2.2005,proxy
2007-09-21,2.2132,proxy
2007-09-24,2.2049,proxy
2007-09-25,2.1924,proxy
2007-09-26,2.2020,proxy
2007-09-27,2.2234,proxy
2007-09-28,2.2284,proxy
2007-10-01,2.2376,proxy
2007-10-02,2.2402,proxy
2007-10-03,2.2455,proxy
2007-10-04,2.2445,proxy
2007-10-05,2.2197,proxy
2007-10-08,2.2107,proxy
2007-10-09,2.2064,proxy
2007-10-10,2.2095,proxy
2007-10-11,2.2042,proxy
2007-10-12,2.1916,proxy
2007-10-15,2.1821,proxy
2007-10-16,2.1908,proxy
2007-10-17,2.2410,proxy
2007-10-18,2.2542,proxy
2007-10-19,2.2980,proxy
2007-10-22,2.3200,proxy
2007-10-23,2.2975,proxy
2007-10-24,2.3147,proxy
2007-10-25,2.3033,proxy
2007-10-26,2.2925,proxy
2007-10-29,2.2945,proxy
2007-10-30,2.2977,proxy
2007-10-31,2.2627,proxy
2007-11-01,2.3123,proxy
2007-11-02,2.3256,proxy
2007-11-05,2.3257,proxy
2007-11-06,2.3022,proxy
2007-11-07,2.3092,proxy
2007-11-08,2.3352,proxy
2007-11-09,2.3449,proxy
2007-11-12,2.3441,proxy
2007-11-13,2.3446,proxy
2007-11-14,2.3414,proxy
2007-11-15,2.3648,proxy
2007-11-16,2.3675,proxy
2007-11-19,2.3835,proxy
2007-11-20,2.4056,proxy
2007-11-21,2.4700,proxy
2007-11-23,2.4832,proxy
2007-11-26,2.5065,proxy
2007-11-27,2.4765,proxy
2007-11-28,2.4338,proxy
2007-11-29,2.4432,proxy
2007-11-30,2.4202,proxy
2007-12-03,2.4207,proxy
2007-12-04,2.4303,proxy
2007-12-05,2.4299,proxy
2007-12-06,2.3850,proxy
2007-12-07,2.3584,proxy
2007-12-10,2.3474,proxy
2007-12-11,2.3978,proxy
2007-12-12,2.3586,proxy
2007-12-13,2.3335,proxy
2007-12-14,2.3190,proxy
2007-12-17,2.3532,proxy
2007-12-18,2.3665,proxy
2007-12-19,2.3870,proxy
2007-12-20,2.3870,proxy
2007-12-21,2.3432,proxy
2007-12-24,2.3404,proxy
2007-12-26,2.3299,proxy
2007-12-27,2.3439,proxy
2007-12-28,2.4064,proxy
2007-12-31,2.4162,proxy
2008-01-02,2.4858,proxy
2008-01-03,2.4872,proxy
2008-01-04,2.4908,proxy
2008-01-07,2.5191,proxy
2008-01-08,2.5320,proxy
2008-01-09,2.5685,proxy
2008-01-10,2.5094,proxy
2008-01-11,2.5250,proxy
2008-01-14,2.5452,proxy
2008-01-15,2.5696,proxy
2008-01-16,2.5522,proxy
2008-01-17,2.6101,proxy
2008-01-18,2.5672,proxy
2008-01-22,2.6187,proxy
2008-01-23,2.6061,proxy
2008-01-24,2.5128,proxy
2008-01-25,2.5553,proxy
2008-01-28,2.5576,proxy
2008-01-29,2.5355,proxy
2008-01-30,2.5066,proxy
2008-01-31,2.5205,proxy
2008-02-01,2.5449,proxy
2008-02-04,2.5155,proxy
2008-02-05,2.5595,proxy
2008-02-06,2.5566,proxy
2008-02-07,2.5075,proxy
2008-02-08,2.5606,proxy
2008-02-11,2.5956,proxy
2008-02-12,2.5673,proxy
2008-02-13,2.5444,proxy
2008-02-14,2.4899,proxy
2008-02-15,2.5177,proxy
2008-02-19,2.5038,proxy
2008-02-20,2.5156,proxy
2008-02-21,2.5353,proxy
2008-02-22,2.5144,proxy
2008-02-25,2.4783,proxy
2008-02-26,2.4620,proxy
2008-02-27,2.4649,proxy
2008-02-28,2.5165,proxy
2008-02-29,2.5702,proxy
2008-03-03,2.5698,proxy
2008-03-04,2.5452,proxy
2008-03-05,2.5039,proxy
2008-03-06,2.5258,proxy
2008-03-07,2.5353,proxy
2008-03-10,2.5837,proxy
2008-03-11,2.5518,proxy
2008-03-12,2.6078,proxy
2008-03-13,2.6054,proxy
2008-03-14,2.6605,proxy
2008-03-17,2.6989,proxy
2008-03-18,2.6418,proxy
2008-03-19,2.6892,proxy
2008-03-20,2.6822,proxy
2008-03-24,2.6000,proxy
2008-03-25,2.6047,proxy
2008-03-26,2.5994,proxy
2008-03-27,2.5882,proxy
2008-03-28,2.6151,proxy
2008-03-31,2.6124,proxy
2008-04-01,2.5590,proxy
2008-04-02,2.5636,proxy
2008-04-03,2.5750,proxy
2008-04-04,2.5903,proxy
2008-04-07,2.5523,proxy
2008-04-08,2.5329,proxy
2008-04-09,2.5873,proxy
2008-04-10,2.5672,proxy
2008-04-11,2.6102,proxy
2008-04-14,2.5827,proxy
2008-04-15,2.5472,proxy
2008-04-16,2.5077,proxy
2008-04-17,2.5002,proxy
2008-04-18,2.4795,proxy
2008-04-21,2.4947,proxy
2008-04-22,2.5004,proxy
2008-04-23,2.4804,proxy
2008-04-24,2.4569,proxy
2008-04-25,2.4291,proxy
2008-04-28,2.4219,proxy
2008-04-29,2.4393,proxy
2008-04-30,2.4553,proxy
2008-05-01,2.4066,proxy
2008-05-02,2.4002,proxy
2008-05-05,2.4042,proxy
2008-05-06,2.4040,proxy
2008-05-07,2.4131,proxy
2008-05-08,2.4416,proxy
2008-05-09,2.4457,proxy
2008-05-12,2.4452,proxy
2008-05-13,2.4175,proxy
2008-05-14,2.4223,proxy
2008-05-15,2.4388,proxy
2008-05-16,2.4245,proxy
2008-05-19,2.4178,proxy
2008-05-20,2.4361,proxy
2008-05-21,2.4414,proxy
2008-05-22,2.4147,proxy
2008-05-23,2.4414,proxy
2008-05-27,2.4384,proxy
2008-05-28,2.4029,proxy
2008-05-29,2.3873,proxy
2008-05-30,2.4035,proxy
2008-06-02,2.4421,proxy
2008-06-03,2.4590,proxy
2008-06-04,2.4383,proxy
2008-06-05,2.4116,proxy
2008-06-06,2.4521,proxy
2008-06-09,2.4438,proxy
2008-06-10,2.4258,proxy
2008-06-11,2.4203,proxy
2008-06-12,2.3989,proxy
2008-06-13,2.3825,proxy
2008-06-16,2.4183,proxy
2008-06-17,2.4189,proxy
2008-06-18,2.4349,proxy
2008-06-19,2.4360,proxy
2008-06-20,2.4617,proxy
2008-06-23,2.4771,proxy
2008-06-24,2.5065,proxy
2008-06-25,2.4985,proxy
2008-06-26,2.5390,proxy
2008-06-27,2.5802,proxy
2008-06-30,2.5839,proxy
2008-07-01,2.5898,proxy
2008-07-02,2.6074,proxy
2008-07-03,2.6022,proxy
2008-07-07,2.6131,proxy
2008-07-08,2.6406,proxy
2008-07-09,2.6645,proxy
2008-07-10,2.6602,proxy
2008-07-11,2.6208,proxy
2008-07-14,2.6544,proxy
2008-07-15,2.7019,proxy
2008-07-16,2.6354,proxy
2008-07-17,2.6111,proxy
2008-07-18,2.5540,proxy
2008-07-21,2.5509,proxy
2008-07-22,2.5273,proxy
2008-07-23,2.5292,proxy
2008-07-24,2.5499,proxy
2008-07-25,2.5159,proxy
2008-07-28,2.5536,proxy
2008-07-29,2.5414,proxy
2008-07-30,2.5436,proxy
2008-07-31,2.5659,proxy
2008-08-01,2.5954,proxy
2008-08-04,2.6090,proxy
2008-08-05,2.5667,proxy
2008-08-06,2.5742,proxy
2008-08-07,2.6252,proxy
2008-08-08,2.6282,proxy
2008-08-11,2.6080,proxy
2008-08-12,2.6240,proxy
2008-08-13,2.6091,proxy
2008-08-14,2.6282,proxy
2008-08-15,2.6475,proxy
2008-08-18,2.6666,proxy
2008-08-19,2.6488,proxy
2008-08-20,2.6580,proxy
2008-08-21,2.6567,proxy
2008-08-22,2.6724,proxy
2008-08-25,2.6864,proxy
2008-08-26,2.7062,proxy
2008-08-27,2.7081,proxy
2008-08-28,2.7040,proxy
2008-08-29,2.6842,proxy
2008-09-02,2.7226,proxy
2008-09-03,2.7257,proxy
2008-09-04,2.7375,proxy
2008-09-05,2.7386,proxy
2008-09-08,2.7561,proxy
2008-09-09,2.7815,proxy
2008-09-10,2.7792,proxy
2008-09-11,2.7775,proxy
2008-09-12,2.7350,proxy
2008-09-15,2.9773,proxy
2008-09-16,3.0666,proxy
2008-09-17,3.3545,proxy
2008-09-18,2.9748,proxy
2008-09-19,2.8139,proxy
2008-09-22,2.8166,proxy
2008-09-23,2.8372,proxy
2008-09-24,2.8215,proxy
2008-09-25,2.9050,proxy
2008-09-26,2.9441,proxy
2008-09-29,3.4218,proxy
2008-09-30,3.1563,proxy
2008-10-01,3.0558,proxy
2008-10-02,3.1973,proxy
2008-10-03,3.2511,proxy
2008-10-06,3.5099,proxy
2008-10-07,3.5814,proxy
2008-10-08,3.7334,proxy
2008-10-09,3.8192,proxy
2008-10-10,4.2078,proxy
2008-10-13,3.4635,proxy
2008-10-14,3.4008,proxy
2008-10-15,3.6762,proxy
2008-10-16,3.8657,proxy
2008-10-17,3.8964,proxy
2008-10-20,3.8266,proxy
2008-10-21,3.8915,proxy
2008-10-22,4.0676,proxy
2008-10-23,4.0082,proxy
2008-10-24,4.1016,proxy
2008-10-27,4.4711,proxy
2008-10-28,4.2836,proxy
2008-10-29,3.9589,proxy
2008-10-30,3.7467,proxy
2008-10-31,3.6724,proxy
2008-11-03,3.6737,proxy
2008-11-04,3.7142,proxy
2008-11-05,3.8279,proxy
2008-11-06,3.7862,proxy
2008-11-07,3.6918,proxy
2008-11-10,3.7178,proxy
2008-11-11,3.7442,proxy
2008-11-12,3.8630,proxy
2008-11-13,3.7539,proxy
2008-11-14,3.9408,proxy
2008-11-17,4.0659,proxy
2008-11-18,4.2944,proxy
2008-11-19,4.7512,proxy
2008-11-20,5.5327,proxy
2008-11-21,5.2863,proxy
2008-11-24,5.0944,proxy
2008-11-25,5.2702,proxy
2008-11-26,5.0670,proxy
2008-11-28,5.2165,proxy
2008-12-01,5.9052,proxy
2008-12-02,5.8270,proxy
2008-12-03,5.8572,proxy
2008-12-04,6.1573,proxy
2008-12-05,5.9561,proxy
2008-12-08,5.7990,proxy
2008-12-09,6.1155,proxy
2008-12-10,6.0957,proxy
2008-12-11,6.2149,proxy
2008-12-12,6.0471,proxy
2008-12-15,6.2499,proxy
2008-12-16,6.3269,proxy
2008-12-17,6.3460,proxy
2008-12-18,5.9117,proxy
2008-12-19,6.0027,proxy
2008-12-22,5.4842,proxy
2008-12-23,5.3250,proxy
2008-12-24,5.4624,proxy
2008-12-26,5.3063,proxy
2008-12-29,5.2647,proxy
2008-12-30,5.3274,proxy
2008-12-31,5.0659,proxy
2009-01-02,4.8690,proxy
2009-01-05,4.2999,proxy
2009-01-06,4.1730,proxy
2009-01-07,4.3258,proxy
2009-01-08,4.4256,proxy
2009-01-09,4.3309,proxy
2009-01-12,4.5707,proxy
2009-01-13,4.6074,proxy
2009-01-14,4.8460,proxy
2009-01-15,4.8941,proxy
2009-01-16,4.6969,proxy
2009-01-20,4.8383,proxy
2009-01-21,4.5768,proxy
2009-01-22,4.4495,proxy
2009-01-23,4.5114,proxy
2009-01-26,4.4265,proxy
2009-01-27,4.5318,proxy
2009-01-28,4.1068,proxy
2009-01-29,4.1194,proxy
2009-01-30,4.0693,proxy
2009-02-02,4.3927,proxy
2009-02-03,4.2107,proxy
2009-02-04,4.1925,proxy
2009-02-05,4.2549,proxy
2009-02-06,4.1000,proxy
2009-02-09,4.0711,proxy
2009-02-10,4.2586,proxy
2009-02-11,4.3658,proxy
2009-02-12,4.3206,proxy
2009-02-13,4.1103,proxy
2009-02-17,4.5079,proxy
2009-02-18,4.4886,proxy
2009-02-19,4.3265,proxy
2009-02-20,4.5054,proxy
2009-02-23,4.7805,proxy
2009-02-24,4.6571,proxy
2009-02-25,4.6037,proxy
2009-02-26,4.6785,proxy
2009-02-27,4.7553,proxy
2009-03-02,5.1541,proxy
2009-03-03,5.0556,proxy
2009-03-04,5.0155,proxy
2009-03-05,5.7761,proxy
2009-03-06,5.7554,proxy
2009-03-09,5.7549,proxy
2009-03-10,5.0735,proxy
2009-03-11,5.0278,proxy
2009-03-12,4.9243,proxy
2009-03-13,4.8613,proxy
2009-03-16,4.6826,proxy
2009-03-17,4.6842,proxy
2009-03-18,4.8030,proxy
2009-03-19,4.8883,proxy
2009-03-20,4.8570,proxy
2009-03-23,4.6181,proxy
2009-03-24,4.6785,proxy
2009-03-25,4.5305,proxy
2009-03-26,4.5012,proxy
2009-03-27,4.6377,proxy
2009-03-30,5.0789,proxy
2009-03-31,5.0022,proxy
2009-04-01,5.1540,proxy
2009-04-02,4.7335,proxy
2009-04-03,4.4625,proxy
2009-04-06,4.4549,proxy
2009-04-07,4.5620,proxy
2009-04-08,4.5395,proxy
2009-04-09,4.2441,proxy
2009-04-13,4.3126,proxy
2009-04-14,4.3867,proxy
2009-04-15,4.3138,proxy
2009-04-16,4.1516,proxy
2009-04-17,3.9435,proxy
2009-04-20,4.2849,proxy
2009-04-21,4.1410,proxy
2009-04-22,4.0703,proxy
2009-04-23,4.0766,proxy
2009-04-24,3.9178,proxy
2009-04-27,3.9926,proxy
2009-04-28,3.8792,proxy
2009-04-29,3.7225,proxy
2009-04-30,3.6584,proxy
2009-05-01,3.6552,proxy
2009-05-04,3.6860,proxy
2009-05-05,3.6330,proxy
2009-05-06,3.5772,proxy
2009-05-07,3.5354,proxy
2009-05-08,3.4589,proxy
2009-05-11,3.5560,proxy
2009-05-12,3.5544,proxy
2009-05-13,3.6810,proxy
2009-05-14,3.7614,proxy
2009-05-15,3.8408,proxy
2009-05-18,3.6361,proxy
2009-05-19,3.5735,proxy
2009-05-20,3.5519,proxy
2009-05-21,3.4886,proxy
2009-05-22,3.3685,proxy
2009-05-26,3.3104,proxy
2009-05-27,3.2231,proxy
2009-05-28,3.2709,proxy
2009-05-29,3.3528,proxy
2009-06-01,3.1444,proxy
2009-06-02,3.1792,proxy
2009-06-03,3.2442,proxy
2009-06-04,3.1420,proxy
2009-06-05,3.0976,proxy
2009-06-08,3.0802,proxy
2009-06-09,3.0721,proxy
2009-06-10,3.0051,proxy
2009-06-11,3.0392,proxy
2009-06-12,3.0540,proxy
2009-06-15,3.1508,proxy
2009-06-16,3.2664,proxy
2009-06-17,3.2671,proxy
2009-06-18,3.1602,proxy
2009-06-19,3.2137,proxy
2009-06-22,3.3172,proxy
2009-06-23,3.3634,proxy
2009-06-24,3.2940,proxy
2009-06-25,3.3336,proxy
2009-06-26,3.3425,proxy
2009-06-29,3.2926,proxy
2009-06-30,3.2642,proxy
2009-07-01,3.2708,proxy
2009-07-02,3.3616,proxy
2009-07-06,3.4237,proxy
2009-07-07,3.5261,proxy
2009-07-08,3.5890,proxy
2009-07-09,3.4565,proxy
2009-07-10,3.5407,proxy
2009-07-13,3.5011,proxy
2009-07-14,3.4003,proxy
2009-07-15,3.1849,proxy
2009-07-16,3.2179,proxy
2009-07-17,3.1481,proxy
2009-07-20,3.1127,proxy
2009-07-21,3.1746,proxy
2009-07-22,3.1318,proxy
2009-07-23,3.0175,proxy
2009-07-24,3.0134,proxy
2009-07-27,2.9626,proxy
2009-07-28,2.9917,proxy
2009-07-29,2.9996,proxy
2009-07-30,3.0221,proxy
2009-07-31,3.0344,proxy
2009-08-03,2.9879,proxy
2009-08-04,2.9659,proxy
2009-08-05,2.9221,proxy
2009-08-06,2.9640,proxy
2009-08-07,2.9076,proxy
2009-08-10,2.9363,proxy
2009-08-11,2.9882,proxy
2009-08-12,2.9573,proxy
2009-08-13,3.0606,proxy
2009-08-14,3.0960,proxy
2009-08-17,3.2628,proxy
2009-08-18,3.1638,proxy
2009-08-19,3.1815,proxy
2009-08-20,3.2299,proxy
2009-08-21,3.0861,proxy
2009-08-24,3.1819,proxy
2009-08-25,3.2065,proxy
2009-08-26,3.2095,proxy
2009-08-27,3.2145,proxy
2009-08-28,3.2127,proxy
2009-08-31,3.2162,proxy
2009-09-01,3.2706,proxy
2009-09-02,3.3608,proxy
2009-09-03,3.3028,proxy
2009-09-04,3.1937,proxy
2009-09-08,3.1055,proxy
2009-09-09,3.1396,proxy
2009-09-10,3.1516,proxy
2009-09-11,3.1351,proxy
2009-09-14,3.0896,proxy
2009-09-15,3.0410,proxy
2009-09-16,2.9984,proxy
2009-09-17,3.0400,proxy
2009-09-18,3.0161,proxy
2009-09-21,3.0227,proxy
2009-09-22,3.0353,proxy
2009-09-23,3.0353,proxy
2009-09-24,3.0393,proxy
2009-09-25,3.1026,proxy
2009-09-28,3.1061,proxy
2009-09-29,3.1071,proxy
2009-09-30,3.1043,proxy
2009-10-01,3.2987,proxy
2009-10-02,3.2660,proxy
2009-10-05,3.2081,proxy
2009-10-06,3.1803,proxy
2009-10-07,3.1988,proxy
2009-10-08,3.1279,proxy
2009-10-09,3.0199,proxy
2009-10-12,3.0269,proxy
2009-10-13,3.0481,proxy
2009-10-14,2.9754,proxy
2009-10-15,2.9589,proxy
2009-10-16,2.9898,proxy
2009-10-19,3.0190,proxy
2009-10-20,3.0327,proxy
2009-10-21,3.0027,proxy
2009-10-22,2.9555,proxy
2009-10-23,2.9339,proxy
2009-10-26,2.8847,proxy
2009-10-27,2.9628,proxy
2009-10-28,3.0446,proxy
2009-10-29,2.9496,proxy
2009-10-30,3.0406,proxy
2009-11-02,3.0127,proxy
2009-11-03,2.9660,proxy
2009-11-04,2.9264,proxy
2009-11-05,2.9234,proxy
2009-11-06,2.9236,proxy
2009-11-09,2.9134,proxy
2009-11-10,2.9081,proxy
2009-11-11,2.9211,proxy
2009-11-12,2.9103,proxy
2009-11-13,2.9342,proxy
2009-11-16,2.9602,proxy
2009-11-17,2.9811,proxy
2009-11-18,2.9686,proxy
2009-11-19,2.9675,proxy
2009-11-20,2.9676,proxy
2009-11-23,2.9667,proxy
2009-11-24,2.9883,proxy
2009-11-25,3.0041,proxy
2009-11-27,3.0457,proxy
2009-11-30,3.0422,proxy
2009-12-01,2.9956,proxy
2009-12-02,2.9948,proxy
2009-12-03,2.9507,proxy
2009-12-04,2.8970,proxy
2009-12-07,2.8970,proxy
2009-12-08,2.8982,proxy
2009-12-09,2.8818,proxy
2009-12-10,2.8241,proxy
2009-12-11,2.8218,proxy
2009-12-14,2.7986,proxy
2009-12-15,2.7871,proxy
2009-12-16,2.7755,proxy
2009-12-17,2.8327,proxy
2009-12-18,2.8199,proxy
2009-12-21,2.7500,proxy
2009-12-22,2.7248,proxy
2009-12-23,2.7179,proxy
2009-12-24,2.6734,proxy
2009-12-28,2.6739,proxy
2009-12-29,2.7210,proxy
2009-12-30,2.7285,proxy
2009-12-31,2.7081,proxy
2010-01-04,2.6807,proxy
2010-01-05,2.6860,proxy
2010-01-06,2.6367,proxy
2010-01-07,2.6296,proxy
2010-01-08,2.6236,proxy
2010-01-11,2.6099,proxy
2010-01-12,2.6770,proxy
2010-01-13,2.6343,proxy
2010-01-14,2.6734,proxy
2010-01-15,2.7054,proxy
2010-01-19,2.6949,proxy
2010-01-20,2.7317,proxy
2010-01-21,2.7987,proxy
2010-01-22,2.8251,proxy
2010-01-25,2.8044,proxy
2010-01-26,2.8013,proxy
2010-01-27,2.7983,proxy
2010-01-28,2.8108,proxy
2010-01-29,2.8584,proxy
2010-02-01,2.8247,proxy
2010-02-02,2.8241,proxy
2010-02-03,2.7677,proxy
2010-02-04,2.8701,proxy
2010-02-05,2.8988,proxy
2010-02-08,2.9193,proxy
2010-02-09,2.8760,proxy
2010-02-10,2.8901,proxy
2010-02-11,2.8565,proxy
2010-02-12,2.8731,proxy
2010-02-16,2.8452,proxy
2010-02-17,2.7802,proxy
2010-02-18,2.7359,proxy
2010-02-19,2.7316,proxy
2010-02-22,2.7143,proxy
2010-02-23,2.7887,proxy
2010-02-24,2.7840,proxy
2010-02-25,2.8025,proxy
2010-02-26,2.7973,proxy
2010-03-01,2.8077,proxy
2010-03-02,2.7816,proxy
2010-03-03,2.7697,proxy
2010-03-04,2.7846,proxy
2010-03-05,2.7219,proxy
2010-03-08,2.7046,proxy
2010-03-09,2.6917,proxy
2010-03-10,2.6826,proxy
2010-03-11,2.6970,proxy
2010-03-12,2.7159,proxy
2010-03-15,2.7153,proxy
2010-03-16,2.7298,proxy
2010-03-17,2.7437,proxy
2010-03-18,2.7283,proxy
2010-03-19,2.7476,proxy
2010-03-22,2.7357,proxy
2010-03-23,2.7209,proxy
2010-03-24,2.6648,proxy
2010-03-25,2.6381,proxy
2010-03-26,2.6476,proxy
2010-03-29,2.6323,proxy
2010-03-30,2.6449,proxy
2010-03-31,2.6756,proxy
2010-04-01,2.6872,proxy
2010-04-05,2.6370,proxy
2010-04-06,2.6223,proxy
2010-04-07,2.6563,proxy
2010-04-08,2.6525,proxy
2010-04-09,2.6552,proxy
2010-04-12,2.6707,proxy
2010-04-13,2.6723,proxy
2010-04-14,2.6425,proxy
2010-04-15,2.6377,proxy
2010-04-16,2.6849,proxy
2010-04-19,2.6833,proxy
2010-04-20,2.6612,proxy
2010-04-21,2.6862,proxy
2010-04-22,2.6860,proxy
2010-04-23,2.6550,proxy
2010-04-26,2.6584,proxy
2010-04-27,2.7426,proxy
2010-04-28,2.7128,proxy
2010-04-29,2.7043,proxy
2010-04-30,2.7305,proxy
2010-05-03,2.7386,proxy
2010-05-04,2.8327,proxy
2010-05-05,2.9019,proxy
2010-05-06,3.1151,proxy
2010-05-07,3.0649,proxy
2010-05-10,2.9150,proxy
2010-05-11,2.9099,proxy
2010-05-12,2.8399,proxy
2010-05-13,2.8848,proxy
2010-05-14,2.9690,proxy
2010-05-17,2.9599,proxy
2010-05-18,3.0259,proxy
2010-05-19,3.0619,proxy
2010-05-20,3.2771,proxy
2010-05-21,3.1947,proxy
2010-05-24,3.1734,proxy
2010-05-25,3.1992,proxy
2010-05-26,3.2391,proxy
2010-05-27,3.0853,proxy
2010-05-28,3.0971,proxy
2010-06-01,3.1630,proxy
2010-06-02,3.1024,proxy
2010-06-03,3.0715,proxy
2010-06-04,3.2045,proxy
2010-06-07,3.2683,proxy
2010-06-08,3.2394,proxy
2010-06-09,3.2251,proxy
2010-06-10,3.1066,proxy
2010-06-11,3.1527,proxy
2010-06-14,3.1260,proxy
2010-06-15,3.0701,proxy
2010-06-16,3.0896,proxy
2010-06-17,3.0921,proxy
2010-06-18,3.0683,proxy
2010-06-21,3.0428,proxy
2010-06-22,3.1190,proxy
2010-06-23,3.1499,proxy
2010-06-24,3.1538,proxy
2010-06-25,3.1517,proxy
2010-06-28,3.1816,proxy
2010-06-29,3.2725,proxy
2010-06-30,3.3096,proxy
2010-07-01,3.3147,proxy
2010-07-02,3.2775,proxy
2010-07-06,3.2789,proxy
2010-07-07,3.1756,proxy
2010-07-08,3.1296,proxy
2010-07-09,3.1156,proxy
2010-07-12,3.1172,proxy
2010-07-13,3.0517,proxy
2010-07-14,3.0953,proxy
2010-07-15,3.1297,proxy
2010-07-16,3.1755,proxy
2010-07-19,3.1358,proxy
2010-07-20,3.1090,proxy
2010-07-21,3.1807,proxy
2010-07-22,3.0959,proxy
2010-07-23,3.0356,proxy
2010-07-26,3.0272,proxy
2010-07-27,2.9951,proxy
2010-07-28,3.0158,proxy
2010-07-29,3.0029,proxy
2010-07-30,3.0734,proxy
2010-08-02,3.0115,proxy
2010-08-03,3.0339,proxy
2010-08-04,3.0063,proxy
2010-08-05,3.0260,proxy
2010-08-06,3.0696,proxy
2010-08-09,3.0621,proxy
2010-08-10,3.0718,proxy
2010-08-11,3.1805,proxy
2010-08-12,3.1847,proxy
2010-08-13,3.2191,proxy
2010-08-16,3.3235,proxy
2010-08-17,3.2804,proxy
2010-08-18,3.2848,proxy
2010-08-19,3.3650,proxy
2010-08-20,3.3486,proxy
2010-08-23,3.3495,proxy
2010-08-24,3.4501,proxy
2010-08-25,3.4410,proxy
2010-08-26,3.4938,proxy
2010-08-27,3.3560,proxy
2010-08-30,3.4375,proxy
2010-08-31,3.4934,proxy
2010-09-01,3.3612,proxy
2010-09-02,3.3050,proxy
2010-09-03,3.2363,proxy
2010-09-07,3.3338,proxy
2010-09-08,3.2964,proxy
2010-09-09,3.1915,proxy
2010-09-10,3.1611,proxy
2010-09-13,3.1597,proxy
2010-09-14,3.2013,proxy
2010-09-15,3.1421,proxy
2010-09-16,3.0945,proxy
2010-09-17,3.1036,proxy
2010-09-20,3.1208,proxy
2010-09-21,3.1854,proxy
2010-09-22,3.2414,proxy
2010-09-23,3.2655,proxy
2010-09-24,3.1895,proxy
2010-09-27,3.2570,proxy
2010-09-28,3.2808,proxy
2010-09-29,3.2518,proxy
2010-09-30,3.2269,proxy
2010-10-01,3.2126,proxy
2010-10-04,3.2389,proxy
2010-10-05,3.1973,proxy
2010-10-06,3.2555,proxy
2010-10-07,3.2101,proxy
2010-10-08,3.1770,proxy
2010-10-11,3.1689,proxy
2010-10-12,3.1312,proxy
2010-10-13,3.1112,proxy
2010-10-14,3.0698,proxy
2010-10-15,3.0116,proxy
2010-10-18,3.0481,proxy
2010-10-19,3.0724,proxy
2010-10-20,3.0686,proxy
2010-10-21,3.0278,proxy
2010-10-22,3.0362,proxy
2010-10-25,3.0323,proxy
2010-10-26,2.9669,proxy
2010-10-27,2.9382,proxy
2010-10-28,2.9462,proxy
2010-10-29,2.9793,proxy
2010-11-01,2.9832,proxy
2010-11-02,3.0144,proxy
2010-11-03,2.9247,proxy
2010-11-04,2.9059,proxy
2010-11-05,2.8484,proxy
2010-11-08,2.8745,proxy
2010-11-09,2.8071,proxy
2010-11-10,2.8400,proxy
2010-11-11,2.8520,proxy
2010-11-12,2.8460,proxy
2010-11-15,2.7806,proxy
2010-11-16,2.9042,proxy
2010-11-17,2.8664,proxy
2010-11-18,2.8367,proxy
2010-11-19,2.8591,proxy
2010-11-22,2.8991,proxy
2010-11-23,2.9680,proxy
2010-11-24,2.8804,proxy
2010-11-26,2.9434,proxy
2010-11-29,2.9654,proxy
2010-11-30,2.9765,proxy
2010-12-01,2.8724,proxy
2010-12-02,2.8612,proxy
2010-12-03,2.8280,proxy
2010-12-06,2.8790,proxy
2010-12-07,2.7867,proxy
2010-12-08,2.7652,proxy
2010-12-09,2.7886,proxy
2010-12-10,2.7668,proxy
2010-12-13,2.7961,proxy
2010-12-14,2.7316,proxy
2010-12-15,2.7023,proxy
2010-12-16,2.7124,proxy
2010-12-17,2.7663,proxy
2010-12-20,2.7569,proxy
2010-12-21,2.7729,proxy
2010-12-22,2.7402,proxy
2010-12-23,2.7304,proxy
2010-12-27,2.7568,proxy
2010-12-28,2.7007,proxy
2010-12-29,2.7438,proxy
2010-12-30,2.7377,proxy
2010-12-31,2.7679,proxy
2011-01-03,2.7406,proxy
2011-01-04,2.7298,proxy
2011-01-05,2.6520,proxy
2011-01-06,2.6617,proxy
2011-01-07,2.6901,proxy
2011-01-10,2.7096,proxy
2011-01-11,2.6798,proxy
2011-01-12,2.6493,proxy
2011-01-13,2.6774,proxy
2011-01-14,2.6526,proxy
2011-01-18,2.6387,proxy
2011-01-19,2.6701,proxy
2011-01-20,2.6337,proxy
2011-01-21,2.6453,proxy
2011-01-24,2.6423,proxy
2011-01-25,2.6666,proxy
2011-01-26,2.6141,proxy
2011-01-27,2.6236,proxy
2011-01-28,2.6576,proxy
2011-01-31,2.6183,proxy
2011-02-01,2.6065,proxy
2011-02-02,2.6039,proxy
2011-02-03,2.5795,proxy
2011-02-04,2.5380,proxy
2011-02-07,2.5474,proxy
2011-02-08,2.5185,proxy
2011-02-09,2.5588,proxy
2011-02-10,2.5230,proxy
2011-02-11,2.5562,proxy
2011-02-14,2.5559,proxy
2011-02-15,2.5743,proxy
2011-02-16,2.5641,proxy
2011-02-17,2.5620,proxy
2011-02-18,2.5445,proxy
2011-02-22,2.6114,proxy
2011-02-23,2.6193,proxy
2011-02-24,2.6360,proxy
2011-02-25,2.6446,proxy
2011-02-28,2.6334,proxy
2011-03-01,2.6562,proxy
2011-03-02,2.6069,proxy
2011-03-03,2.5678,proxy
2011-03-04,2.5979,proxy
2011-03-07,2.5786,proxy
2011-03-08,2.5635,proxy
2011-03-09,2.5997,proxy
2011-03-10,2.6657,proxy
2011-03-11,2.6490,proxy
2011-03-14,2.6601,proxy
2011-03-15,2.7230,proxy
2011-03-16,2.7800,proxy
2011-03-17,2.7198,proxy
2011-03-18,2.7133,proxy
2011-03-21,2.6755,proxy
2011-03-22,2.6842,proxy
2011-03-23,2.6839,proxy
2011-03-24,2.6578,proxy
2011-03-25,2.6492,proxy
2011-03-28,2.6525,proxy
2011-03-29,2.6275,proxy
2011-03-30,2.6469,proxy
2011-03-31,2.6423,proxy
2011-04-01,2.6670,proxy
2011-04-04,2.6515,proxy
2011-04-05,2.6426,proxy
2011-04-06,2.5911,proxy
2011-04-07,2.5825,proxy
2011-04-08,2.5671,proxy
2011-04-11,2.5725,proxy
2011-04-12,2.6131,proxy
2011-04-13,2.6174,proxy
2011-04-14,2.6272,proxy
2011-04-15,2.6641,proxy
2011-04-18,2.6819,proxy
2011-04-19,2.6845,proxy
2011-04-20,2.6528,proxy
2011-04-21,2.6429,proxy
2011-04-25,2.6577,proxy
2011-04-26,2.6805,proxy
2011-04-27,2.6468,proxy
2011-04-28,2.6685,proxy
2011-04-29,2.6707,proxy
2011-05-02,2.6833,proxy
2011-05-03,2.7003,proxy
2011-05-04,2.7154,proxy
2011-05-05,2.7595,proxy
2011-05-06,2.7285,proxy
2011-05-09,2.7210,proxy
2011-05-10,2.6914,proxy
2011-05-11,2.7142,proxy
2011-05-12,2.6911,proxy
2011-05-13,2.7327,proxy
2011-05-16,2.7444,proxy
2011-05-17,2.7722,proxy
2011-05-18,2.7248,proxy
2011-05-19,2.7249,proxy
2011-05-20,2.7290,proxy
2011-05-23,2.7601,proxy
2011-05-24,2.7779,proxy
2011-05-25,2.7624,proxy
2011-05-26,2.7937,proxy
2011-05-27,2.7821,proxy
2011-05-31,2.7807,proxy
2011-06-01,2.8549,proxy
2011-06-02,2.7913,proxy
2011-06-03,2.8241,proxy
2011-06-06,2.8065,proxy
2011-06-07,2.8248,proxy
2011-06-08,2.8684,proxy
2011-06-09,2.8519,proxy
2011-06-10,2.9022,proxy
2011-06-13,2.8977,proxy
2011-06-14,2.8224,proxy
2011-06-15,2.9005,proxy
2011-06-16,2.9834,proxy
2011-06-17,2.9250,proxy
2011-06-20,2.9042,proxy
2011-06-21,2.8646,proxy
2011-06-22,2.8925,proxy
2011-06-23,2.9007,proxy
2011-06-24,2.9027,proxy
2011-06-27,2.8545,proxy
2011-06-28,2.8128,proxy
2011-06-29,2.7576,proxy
2011-06-30,2.7306,proxy
2011-07-01,2.7180,proxy
2011-07-05,2.7210,proxy
2011-07-06,2.7360,proxy
2011-07-07,2.7138,proxy
2011-07-08,2.7683,proxy
2011-07-11,2.8524,proxy
2011-07-12,2.8741,proxy
2011-07-13,2.8567,proxy
2011-07-14,2.8090,proxy
2011-07-15,2.8158,proxy
2011-07-18,2.7889,proxy
2011-07-19,2.8437,proxy
2011-07-20,2.8000,proxy
2011-07-21,2.7583,proxy
2011-07-22,2.7788,proxy
2011-07-25,2.7601,proxy
2011-07-26,2.7758,proxy
2011-07-27,2.8026,proxy
2011-07-28,2.8101,proxy
2011-07-29,2.8747,proxy
2011-08-01,2.9125,proxy
2011-08-02,3.0723,proxy
2011-08-03,3.0824,proxy
2011-08-04,3.3602,proxy
2011-08-05,3.2328,proxy
2011-08-08,3.5890,proxy
2011-08-09,3.4524,proxy
2011-08-10,3.6922,proxy
2011-08-11,3.3413,proxy
2011-08-12,3.4568,proxy
2011-08-15,3.3319,proxy
2011-08-16,3.4395,proxy
2011-08-17,3.4708,proxy
2011-08-18,3.6378,proxy
2011-08-19,3.7293,proxy
2011-08-22,3.7088,proxy
2011-08-23,3.5942,proxy
2011-08-24,3.4708,proxy
2011-08-25,3.5658,proxy
2011-08-26,3.5646,proxy
2011-08-29,3.4443,proxy
2011-08-30,3.5141,proxy
2011-08-31,3.3761,proxy
2011-09-01,3.4973,proxy
2011-09-02,3.6889,proxy
2011-09-06,3.8139,proxy
2011-09-07,3.6786,proxy
2011-09-08,3.7104,proxy
2011-09-09,3.8215,proxy
2011-09-12,3.8785,proxy
2011-09-13,3.7517,proxy
2011-09-14,3.7619,proxy
2011-09-15,3.6405,proxy
2011-09-16,3.6827,proxy
2011-09-19,3.7966,proxy
2011-09-20,3.8114,proxy
2011-09-21,4.0621,proxy
2011-09-22,4.4085,proxy
2011-09-23,4.2557,proxy
2011-09-26,4.1215,proxy
2011-09-27,4.0149,proxy
2011-09-28,4.0846,proxy
2011-09-29,4.1421,proxy
2011-09-30,4.4572,proxy
2011-10-03,4.7987,proxy
2011-10-04,4.7187,proxy
2011-10-05,4.5650,proxy
2011-10-06,4.3137,proxy
2011-10-07,4.2560,proxy
2011-10-10,4.0219,proxy
2011-10-11,4.0712,proxy
2011-10-12,3.8403,proxy
2011-10-13,3.9242,proxy
2011-10-14,3.7969,proxy
2011-10-17,3.9323,proxy
2011-10-18,3.8630,proxy
2011-10-19,3.8802,proxy
2011-10-20,3.7874,proxy
2011-10-21,3.6616,proxy
2011-10-24,3.5306,proxy
2011-10-25,3.7606,proxy
2011-10-26,3.6404,proxy
2011-10-27,3.3932,proxy
2011-10-28,3.4581,proxy
2011-10-31,3.7089,proxy
2011-11-01,4.0294,proxy
2011-11-02,3.8940,proxy
2011-11-03,3.7566,proxy
2011-11-04,3.7691,proxy
2011-11-07,3.8249,proxy
2011-11-08,3.7387,proxy
2011-11-09,3.9859,proxy
2011-11-10,3.8882,proxy
2011-11-11,3.7761,proxy
2011-11-14,3.9086,proxy
2011-11-15,3.9163,proxy
2011-11-16,4.0330,proxy
2011-11-17,4.1158,proxy
2011-11-18,4.1187,proxy
2011-11-21,4.2346,proxy
2011-11-22,4.3666,proxy
2011-11-23,4.5757,proxy
2011-11-25,4.4644,proxy
2011-11-28,4.3006,proxy
2011-11-29,4.1992,proxy
2011-11-30,3.9876,proxy
2011-12-01,3.9535,proxy
2011-12-02,4.0047,proxy
2011-12-05,3.9573,proxy
2011-12-06,3.8726,proxy
2011-12-07,3.9130,proxy
2011-12-08,4.0300,proxy
2011-12-09,3.8511,proxy
2011-12-12,3.9497,proxy
2011-12-13,4.0310,proxy
2011-12-14,4.1638,proxy
2011-12-15,4.1157,proxy
2011-12-16,4.1613,proxy
2011-12-19,4.2552,proxy
2011-12-20,4.0074,proxy
2011-12-21,3.9041,proxy
2011-12-22,3.9063,proxy
2011-12-23,3.8134,proxy
2011-12-27,3.8339,proxy
2011-12-28,3.9721,proxy
2011-12-29,3.9467,proxy
2011-12-30,3.9630,proxy
2012-01-03,3.8527,proxy
2012-01-04,3.7930,proxy
2012-01-05,3.8078,proxy
2012-01-06,3.8721,proxy
2012-01-09,3.8537,proxy
2012-01-10,3.8236,proxy
2012-01-11,3.9059,proxy
2012-01-12,3.9054,proxy
2012-01-13,3.9725,proxy
2012-01-17,3.9887,proxy
2012-01-18,3.8973,proxy
2012-01-19,3.8074,proxy
2012-01-20,3.7428,proxy
2012-01-23,3.6886,proxy
2012-01-24,3.6845,proxy
2012-01-25,3.6246,proxy
2012-01-26,3.6824,proxy
2012-01-27,3.7195,proxy
2012-01-30,3.8037,proxy
2012-01-31,3.8557,proxy
2012-02-01,3.7967,proxy
2012-02-02,3.7905,proxy
2012-02-03,3.6541,proxy
2012-02-06,3.7068,proxy
2012-02-07,3.6286,proxy
2012-02-08,3.6280,proxy
2012-02-09,3.5862,proxy
2012-02-10,3.7019,proxy
2012-02-13,3.6932,proxy
2012-02-14,3.7222,proxy
2012-02-15,3.7302,proxy
2012-02-16,3.6631,proxy
2012-02-17,3.6635,proxy
2012-02-21,3.5846,proxy
2012-02-22,3.6337,proxy
2012-02-23,3.6145,proxy
2012-02-24,3.6327,proxy
2012-02-27,3.6790,proxy
2012-02-28,3.6506,proxy
2012-02-29,3.6111,proxy
2012-03-01,3.5714,proxy
2012-03-02,3.6424,proxy
2012-03-05,3.6298,proxy
2012-03-06,3.7696,proxy
2012-03-07,3.7196,proxy
2012-03-08,3.6230,proxy
2012-03-09,3.6277,proxy
2012-03-12,3.6268,proxy
2012-03-13,3.4980,proxy
2012-03-14,3.3863,proxy
2012-03-15,3.4098,proxy
2012-03-16,3.4368,proxy
2012-03-19,3.3619,proxy
2012-03-20,3.3842,proxy
2012-03-21,3.4536,proxy
2012-03-22,3.4574,proxy
2012-03-23,3.5145,proxy
2012-03-26,3.4589,proxy
2012-03-27,3.4856,proxy
2012-03-28,3.4950,proxy
2012-03-29,3.5332,proxy
2012-03-30,3.4580,proxy
2012-04-02,3.4938,proxy
2012-04-03,3.4127,proxy
2012-04-04,3.4974,proxy
2012-04-05,3.5461,proxy
2012-04-09,3.6957,proxy
2012-04-10,3.7864,proxy
2012-04-11,3.6853,proxy
2012-04-12,3.6151,proxy
2012-04-13,3.7193,proxy
2012-04-16,3.7027,proxy
2012-04-17,3.6758,proxy
2012-04-18,3.6935,proxy
2012-04-19,3.7090,proxy
2012-04-20,3.7014,proxy
2012-04-23,3.7533,proxy
2012-04-24,3.7011,proxy
2012-04-25,3.6339,proxy
2012-04-26,3.6625,proxy
2012-04-27,3.6695,proxy
2012-04-30,3.6602,proxy
2012-05-01,3.6453,proxy
2012-05-02,3.6623,proxy
2012-05-03,3.6645,proxy
2012-05-04,3.7181,proxy
2012-05-07,3.7099,proxy
2012-05-08,3.7407,proxy
2012-05-09,3.7643,proxy
2012-05-10,3.7539,proxy
2012-05-11,3.7861,proxy
2012-05-14,3.9109,proxy
2012-05-15,3.9653,proxy
2012-05-16,4.0450,proxy
2012-05-17,4.2538,proxy
2012-05-18,4.2555,proxy
2012-05-21,4.1709,proxy
2012-05-22,4.0978,proxy
2012-05-23,4.1499,proxy
2012-05-24,4.1232,proxy
2012-05-25,4.1690,proxy
2012-05-29,4.0769,proxy
2012-05-30,4.2748,proxy
2012-05-31,4.4337,proxy
2012-06-01,4.7153,proxy
2012-06-04,4.6450,proxy
2012-06-05,4.4917,proxy
2012-06-06,4.2688,proxy
2012-06-07,4.2534,proxy
2012-06-08,4.2254,proxy
2012-06-11,4.3023,proxy
2012-06-12,4.1908,proxy
2012-06-13,4.2782,proxy
2012-06-14,4.2182,proxy
2012-06-15,4.2440,proxy
2012-06-18,4.2788,proxy
2012-06-19,4.1418,proxy
2012-06-20,4.1487,proxy
2012-06-21,4.2401,proxy
2012-06-22,4.1048,proxy
2012-06-25,4.2113,proxy
2012-06-26,4.1943,proxy
2012-06-27,4.1648,proxy
2012-06-28,4.1819,proxy
2012-06-29,4.0347,proxy
2012-07-02,4.1167,proxy
2012-07-03,4.0435,proxy
2012-07-05,4.0754,proxy
2012-07-06,4.1444,proxy
2012-07-09,4.2010,proxy
2012-07-10,4.2448,proxy
2012-07-11,4.2315,proxy
2012-07-12,4.2956,proxy
2012-07-13,4.2558,proxy
2012-07-16,4.3151,proxy
2012-07-17,4.2274,proxy
2012-07-18,4.2028,proxy
2012-07-19,4.1687,proxy
2012-07-20,4.2837,proxy
2012-07-23,4.3348,proxy
2012-07-24,4.4364,proxy
2012-07-25,4.4711,proxy
2012-07-26,4.3295,proxy
2012-07-27,4.1580,proxy
2012-07-30,4.2080,proxy
2012-07-31,4.2381,proxy
2012-08-01,4.1904,proxy
2012-08-02,4.2566,proxy
2012-08-03,4.1191,proxy
2012-08-06,4.1260,proxy
2012-08-07,4.0548,proxy
2012-08-08,4.0168,proxy
2012-08-09,4.0116,proxy
2012-08-10,4.0489,proxy
2012-08-13,4.0348,proxy
2012-08-14,3.9405,proxy
2012-08-15,3.8842,proxy
2012-08-16,3.8123,proxy
2012-08-17,3.8405,proxy
2012-08-20,3.8455,proxy
2012-08-21,3.8586,proxy
2012-08-22,3.9631,proxy
2012-08-23,3.9903,proxy
2012-08-24,3.9568,proxy
2012-08-27,3.9976,proxy
2012-08-28,4.0180,proxy
2012-08-29,3.9818,proxy
2012-08-30,4.0168,proxy
2012-08-31,4.0898,proxy
2012-09-04,4.1054,proxy
2012-09-05,4.0741,proxy
2012-09-06,3.9324,proxy
2012-09-07,3.8939,proxy
2012-09-10,3.9181,proxy
2012-09-11,3.8404,proxy
2012-09-12,3.7513,proxy
2012-09-13,3.6939,proxy
2012-09-14,3.5517,proxy
2012-09-17,3.6183,proxy
2012-09-18,3.6426,proxy
2012-09-19,3.6848,proxy
2012-09-20,3.7243,proxy
2012-09-21,3.7385,proxy
2012-09-24,3.7898,proxy
2012-09-25,3.8998,proxy
2012-09-26,3.9957,proxy
2012-09-27,3.8861,proxy
2012-09-28,3.9180,proxy
2012-10-01,3.9703,proxy
2012-10-02,3.9465,proxy
2012-10-03,3.9332,proxy
2012-10-04,3.8334,proxy
2012-10-05,3.7618,proxy
2012-10-08,3.8177,proxy
2012-10-09,3.8236,proxy
2012-10-10,3.8789,proxy
2012-10-11,3.8876,proxy
2012-10-12,3.8923,proxy
2012-10-15,3.8520,proxy
2012-10-16,3.7511,proxy
2012-10-17,3.6871,proxy
2012-10-18,3.6567,proxy
2012-10-19,3.7588,proxy
2012-10-22,3.7216,proxy
2012-10-23,3.8235,proxy
2012-10-24,3.7717,proxy
2012-10-25,3.7338,proxy
2012-10-26,3.8306,proxy
2012-10-31,3.8579,proxy
2012-11-01,3.8131,proxy
2012-11-02,3.8170,proxy
2012-11-05,3.8593,proxy
2012-11-06,3.7954,proxy
2012-11-07,3.9369,proxy
2012-11-08,4.0490,proxy
2012-11-09,4.0673,proxy
2012-11-12,4.0759,proxy
2012-11-13,4.1124,proxy
2012-11-14,4.1549,proxy
2012-11-15,4.1447,proxy
2012-11-16,4.1201,proxy
2012-11-19,4.0035,proxy
2012-11-20,3.9406,proxy
2012-11-21,3.9392,proxy
2012-11-23,3.9129,proxy
2012-11-26,3.9404,proxy
2012-11-27,3.9584,proxy
2012-11-28,3.9482,proxy
2012-11-29,3.9223,proxy
2012-11-30,3.8969,proxy
2012-12-03,3.8919,proxy
2012-12-04,3.9266,proxy
2012-12-05,3.9139,proxy
2012-12-06,3.9159,proxy
2012-12-07,3.8695,proxy
2012-12-10,3.8906,proxy
2012-12-11,3.8398,proxy
2012-12-12,3.7557,proxy
2012-12-13,3.7798,proxy
2012-12-14,3.8271,proxy
2012-12-17,3.7197,proxy
2012-12-18,3.6608,proxy
2012-12-19,3.6846,proxy
2012-12-20,3.6663,proxy
2012-12-21,3.7419,proxy
2012-12-24,3.7522,proxy
2012-12-26,3.7771,proxy
2012-12-27,3.7845,proxy
2012-12-28,3.8328,proxy
2012-12-31,3.7097,proxy
2013-01-02,3.5872,proxy
2013-01-03,3.5329,proxy
2013-01-04,3.5495,proxy
2013-01-07,3.5473,proxy
2013-01-08,3.5850,proxy
2013-01-09,3.5703,proxy
2013-01-10,3.5473,proxy
2013-01-11,3.5838,proxy
2013-01-14,3.5767,proxy
2013-01-15,3.5995,proxy
2013-01-16,3.6194,proxy
2013-01-17,3.5485,proxy
2013-01-18,3.5811,proxy
2013-01-22,3.5877,proxy
2013-01-23,3.5860,proxy
2013-01-24,3.5564,proxy
2013-01-25,3.4883,proxy
2013-01-28,3.4728,proxy
2013-01-29,3.4539,proxy
2013-01-30,3.4809,proxy
2013-01-31,3.5208,proxy
2013-02-01,3.4549,proxy
2013-02-04,3.5393,proxy
2013-02-05,3.4831,proxy
2013-02-06,3.5315,proxy
2013-02-07,3.5301,proxy
2013-02-08,3.5486,proxy
2013-02-11,3.5452,proxy
2013-02-12,3.5152,proxy
2013-02-13,3.4671,proxy
2013-02-14,3.5141,proxy
2013-02-15,3.4990,proxy
2013-02-19,3.4694,proxy
2013-02-20,3.4891,proxy
2013-02-21,3.5129,proxy
2013-02-22,3.5040,proxy
2013-02-25,3.6202,proxy
2013-02-26,3.5643,proxy
2013-02-27,3.5404,proxy
2013-02-28,3.5521,proxy
2013-03-01,3.5867,proxy
2013-03-04,3.5586,proxy
2013-03-05,3.5335,proxy
2013-03-06,3.4909,proxy
2013-03-07,3.4455,proxy
2013-03-08,3.3896,proxy
2013-03-11,3.3971,proxy
2013-03-12,3.4337,proxy
2013-03-13,3.4276,proxy
2013-03-14,3.3948,proxy
2013-03-15,3.4177,proxy
2013-03-18,3.4533,proxy
2013-03-19,3.4950,proxy
2013-03-20,3.4239,proxy
2013-03-21,3.4796,proxy
2013-03-22,3.4871,proxy
2013-03-25,3.4898,proxy
2013-03-26,3.4868,proxy
2013-03-27,3.5380,proxy
2013-03-28,3.5032,proxy
2013-04-01,3.5474,proxy
2013-04-02,3.5305,proxy
2013-04-03,3.5764,proxy
2013-04-04,3.6406,proxy
2013-04-05,3.7447,proxy
2013-04-08,3.6962,proxy
2013-04-09,3.6655,proxy
2013-04-10,3.5755,proxy
2013-04-11,3.5854,proxy
2013-04-12,3.6621,proxy
2013-04-15,3.7447,proxy
2013-04-16,3.6615,proxy
2013-04-17,3.7062,proxy
2013-04-18,3.7285,proxy
2013-04-19,3.7197,proxy
2013-04-22,3.7109,proxy
2013-04-23,3.6704,proxy
2013-04-24,3.6744,proxy
2013-04-25,3.6365,proxy
2013-04-26,3.6914,proxy
2013-04-29,3.6613,proxy
2013-04-30,3.6475,proxy
2013-05-01,3.7289,proxy
2013-05-02,3.6866,proxy
2013-05-03,3.5521,proxy
2013-05-06,3.5362,proxy
2013-05-07,3.5201,proxy
2013-05-08,3.5102,proxy
2013-05-09,3.5119,proxy
2013-05-10,3.4840,proxy
2013-05-13,3.4663,proxy
2013-05-14,3.4082,proxy
2013-05-15,3.4398,proxy
2013-05-16,3.4787,proxy
2013-05-17,3.4167,proxy
2013-05-20,3.4059,proxy
2013-05-21,3.4345,proxy
2013-05-22,3.3925,proxy
2013-05-23,3.4282,proxy
2013-05-24,3.4440,proxy
2013-05-28,3.3399,proxy
2013-05-29,3.4115,proxy
2013-05-30,3.3902,proxy
2013-05-31,3.4380,proxy
2013-06-03,3.4817,proxy
2013-06-04,3.4363,proxy
2013-06-05,3.5479,proxy
2013-06-06,3.5051,proxy
2013-06-07,3.4135,proxy
2013-06-10,3.4005,proxy
2013-06-11,3.4882,proxy
2013-06-12,3.4142,proxy
2013-06-13,3.4342,proxy
2013-06-14,3.4171,proxy
2013-06-17,3.3924,proxy
2013-06-18,3.3832,proxy
2013-06-19,3.4053,proxy
2013-06-20,3.3737,proxy
2013-06-21,3.3247,proxy
2013-06-24,3.4019,proxy
2013-06-25,3.2948,proxy
2013-06-26,3.2867,proxy
2013-06-27,3.3108,proxy
2013-06-28,3.3737,proxy
2013-07-01,3.3719,proxy
2013-07-02,3.3835,proxy
2013-07-03,3.3586,proxy
2013-07-05,3.2501,proxy
2013-07-08,3.2323,proxy
2013-07-09,3.2344,proxy
2013-07-10,3.1836,proxy
2013-07-11,3.1801,proxy
2013-07-12,3.1807,proxy
2013-07-15,3.1852,proxy
2013-07-16,3.2104,proxy
2013-07-17,3.1870,proxy
2013-07-18,3.1098,proxy
2013-07-19,3.1776,proxy
2013-07-22,3.1807,proxy
2013-07-23,3.1732,proxy
2013-07-24,3.1552,proxy
2013-07-25,3.1631,proxy
2013-07-26,3.1871,proxy
2013-07-29,3.1653,proxy
2013-07-30,3.1578,proxy
2013-07-31,3.1608,proxy
2013-08-01,3.1294,proxy
2013-08-02,3.1495,proxy
2013-08-05,3.1387,proxy
2013-08-06,3.1549,proxy
2013-08-07,3.1998,proxy
2013-08-08,3.2020,proxy
2013-08-09,3.2083,proxy
2013-08-12,3.1829,proxy
2013-08-13,3.1221,proxy
2013-08-14,3.1365,proxy
2013-08-15,3.1020,proxy
2013-08-16,3.1017,proxy
2013-08-19,3.0932,proxy
2013-08-20,3.0872,proxy
2013-08-21,3.0578,proxy
2013-08-22,3.0766,proxy
2013-08-23,3.1033,proxy
2013-08-26,3.1232,proxy
2013-08-27,3.2029,proxy
2013-08-28,3.1526,proxy
2013-08-29,3.1690,proxy
2013-08-30,3.1679,proxy
2013-09-03,3.1417,proxy
2013-09-04,3.1171,proxy
2013-09-05,3.0808,proxy
2013-09-06,3.0874,proxy
2013-09-09,3.0792,proxy
2013-09-10,3.0375,proxy
2013-09-11,3.0672,proxy
2013-09-12,3.0666,proxy
2013-09-13,3.0852,proxy
2013-09-16,3.0370,proxy
2013-09-17,3.0565,proxy
2013-09-18,3.0673,proxy
2013-09-19,3.0554,proxy
2013-09-20,3.0810,proxy
2013-09-23,3.1110,proxy
2013-09-24,3.1644,proxy
2013-09-25,3.1804,proxy
2013-09-26,3.1531,proxy
2013-09-27,3.1679,proxy
2013-09-30,3.1736,proxy
2013-10-01,3.1521,proxy
2013-10-02,3.1566,proxy
2013-10-03,3.1472,proxy
2013-10-04,3.1368,proxy
2013-10-07,3.1646,proxy
2013-10-08,3.1677,proxy
2013-10-09,3.1305,proxy
2013-10-10,3.1184,proxy
2013-10-11,3.1097,proxy
2013-10-14,3.0709,proxy
2013-10-15,3.0696,proxy
2013-10-16,3.0983,proxy
2013-10-17,3.1154,proxy
2013-10-18,3.1158,proxy
2013-10-21,3.1120,proxy
2013-10-22,3.1453,proxy
2013-10-23,3.1580,proxy
2013-10-24,3.1405,proxy
2013-10-25,3.1545,proxy
2013-10-28,3.1412,proxy
2013-10-29,3.1399,proxy
2013-10-30,3.1318,proxy
2013-10-31,3.1384,proxy
2013-11-01,3.1096,proxy
2013-11-04,3.1064,proxy
2013-11-05,3.0689,proxy
2013-11-06,3.0592,proxy
2013-11-07,3.0903,proxy
2013-11-08,3.0014,proxy
2013-11-11,3.0014,proxy
2013-11-12,3.0247,proxy
2013-11-13,3.0243,proxy
2013-11-14,3.0369,proxy
2013-11-15,3.0389,proxy
2013-11-18,3.0740,proxy
2013-11-19,3.0456,proxy
2013-11-20,2.9831,proxy
2013-11-21,2.9763,proxy
2013-11-22,3.0088,proxy
2013-11-25,3.0141,proxy
2013-11-26,3.0257,proxy
2013-11-27,3.0215,proxy
2013-11-29,3.0184,proxy
2013-12-02,2.9944,proxy
2013-12-03,3.0121,proxy
2013-12-04,2.9854,proxy
2013-12-05,2.9775,proxy
2013-12-06,2.9850,proxy
2013-12-09,2.9800,proxy
2013-12-10,3.0072,proxy
2013-12-11,2.9892,proxy
2013-12-12,2.9817,proxy
2013-12-13,2.9940,proxy
2013-12-16,2.9768,proxy
2013-12-17,2.9933,proxy
2013-12-18,2.9677,proxy
2013-12-19,2.9681,proxy
2013-12-20,3.0239,proxy
2013-12-23,2.9992,proxy
2013-12-24,2.9707,proxy
2013-12-26,2.9594,proxy
2013-12-27,2.9492,proxy
2013-12-30,2.9715,proxy
2013-12-31,2.9454,proxy
2014-01-02,2.9503,proxy
2014-01-03,2.9515,proxy
2014-01-06,2.9591,proxy
2014-01-07,2.9686,proxy
2014-01-08,2.9608,proxy
2014-01-09,2.9771,proxy
2014-01-10,3.0108,proxy
2014-01-13,3.0342,proxy
2014-01-14,3.0106,proxy
2014-01-15,2.9988,proxy
2014-01-16,3.0262,proxy
2014-01-17,3.0417,proxy
2014-01-21,3.0396,proxy
2014-01-22,3.0358,proxy
2014-01-23,3.0967,proxy
2014-01-24,3.1505,proxy
2014-01-27,3.1228,proxy
2014-01-28,3.1148,proxy
2014-01-29,3.1611,proxy
2014-01-30,3.1420,proxy
2014-01-31,3.1712,proxy
2014-02-03,3.2467,proxy
2014-02-04,3.1953,proxy
2014-02-05,3.1560,proxy
2014-02-06,3.1235,proxy
2014-02-07,3.1063,proxy
2014-02-10,3.1151,proxy
2014-02-11,3.0847,proxy
2014-02-12,3.0703,proxy
2014-02-13,3.0814,proxy
2014-02-14,3.0773,proxy
2014-02-18,3.0807,proxy
2014-02-19,3.0741,proxy
2014-02-20,3.0521,proxy
2014-02-21,3.0696,proxy
2014-02-24,3.0507,proxy
2014-02-25,3.0814,proxy
2014-02-26,3.0959,proxy
2014-02-27,3.1104,proxy
2014-02-28,3.1083,proxy
2014-03-03,3.1497,proxy
2014-03-04,3.0732,proxy
2014-03-05,3.0890,proxy
2014-03-06,3.0554,proxy
2014-03-07,3.0456,proxy
2014-03-10,3.0508,proxy
2014-03-11,3.0654,proxy
2014-03-12,3.0863,proxy
2014-03-13,3.1519,proxy
2014-03-14,3.1558,proxy
2014-03-17,3.1191,proxy
2014-03-18,3.1217,proxy
2014-03-19,3.1107,proxy
2014-03-20,3.0897,proxy
2014-03-21,3.1363,proxy
2014-03-24,3.1645,proxy
2014-03-25,3.1403,proxy
2014-03-26,3.1721,proxy
2014-03-27,3.1997,proxy
2014-03-28,3.1685,proxy
2014-03-31,3.1519,proxy
2014-04-01,3.1176,proxy
2014-04-02,3.0985,proxy
2014-04-03,3.1146,proxy
2014-04-04,3.1323,proxy
2014-04-07,3.1661,proxy
2014-04-08,3.1662,proxy
2014-04-09,3.1389,proxy
2014-04-10,3.1898,proxy
2014-04-11,3.2431,proxy
2014-04-14,3.2177,proxy
2014-04-15,3.2402,proxy
2014-04-16,3.2434,proxy
2014-04-17,3.2007,proxy
2014-04-21,3.1972,proxy
2014-04-22,3.2070,proxy
2014-04-23,3.2303,proxy
2014-04-24,3.2376,proxy
2014-04-25,3.2453,proxy
2014-04-28,3.2250,proxy
2014-04-29,3.2127,proxy
2014-04-30,3.2316,proxy
2014-05-01,3.2926,proxy
2014-05-02,3.3098,proxy
2014-05-05,3.2844,proxy
2014-05-06,3.3015,proxy
2014-05-07,3.2788,proxy
2014-05-08,3.2607,proxy
2014-05-09,3.2422,proxy
2014-05-12,3.2199,proxy
2014-05-13,3.2507,proxy
2014-05-14,3.2963,proxy
2014-05-15,3.3368,proxy
2014-05-16,3.3147,proxy
2014-05-19,3.2746,proxy
2014-05-20,3.2902,proxy
2014-05-21,3.2633,proxy
2014-05-22,3.2537,proxy
2014-05-23,3.2760,proxy
2014-05-27,3.2980,proxy
2014-05-28,3.3527,proxy
2014-05-29,3.3238,proxy
2014-05-30,3.3170,proxy
2014-06-02,3.3064,proxy
2014-06-03,3.2506,proxy
2014-06-04,3.2494,proxy
2014-06-05,3.2407,proxy
2014-06-06,3.2282,proxy
2014-06-09,3.2170,proxy
2014-06-10,3.2034,proxy
2014-06-11,3.2106,proxy
2014-06-12,3.2520,proxy
2014-06-13,3.2446,proxy
2014-06-16,3.2579,proxy
2014-06-17,3.2263,proxy
2014-06-18,3.2400,proxy
2014-06-19,3.1853,proxy
2014-06-20,3.2136,proxy
2014-06-23,3.2005,proxy
2014-06-24,3.2480,proxy
2014-06-25,3.2528,proxy
2014-06-26,3.2787,proxy
2014-06-27,3.2720,proxy
2014-06-30,3.2868,proxy
2014-07-01,3.2562,proxy
2014-07-02,3.2066,proxy
2014-07-03,3.1974,proxy
2014-07-07,3.2321,proxy
2014-07-08,3.2804,proxy
2014-07-09,3.2873,proxy
2014-07-10,3.3024,proxy
2014-07-11,3.3236,proxy
2014-07-14,3.3053,proxy
2014-07-15,3.3033,proxy
2014-07-16,3.3348,proxy
2014-07-17,3.4270,proxy
2014-07-18,3.3916,proxy
2014-07-21,3.4235,proxy
2014-07-22,3.4269,proxy
2014-07-23,3.4114,proxy
2014-07-24,3.3674,proxy
2014-07-25,3.4313,proxy
2014-07-28,3.4390,proxy
2014-07-29,3.4635,proxy
2014-07-30,3.4159,proxy
2014-07-31,3.4410,proxy
2014-08-01,3.4894,proxy
2014-08-04,3.4467,proxy
2014-08-05,3.4721,proxy
2014-08-06,3.4634,proxy
2014-08-07,3.5062,proxy
2014-08-08,3.4799,proxy
2014-08-11,3.4562,proxy
2014-08-12,3.4256,proxy
2014-08-13,3.4432,proxy
2014-08-14,3.4731,proxy
2014-08-15,3.5171,proxy
2014-08-18,3.4533,proxy
2014-08-19,3.4398,proxy
2014-08-20,3.4282,proxy
2014-08-21,3.4554,proxy
2014-08-22,3.4949,proxy
2014-08-25,3.5030,proxy
2014-08-26,3.4832,proxy
2014-08-27,3.5305,proxy
2014-08-28,3.5649,proxy
2014-08-29,3.5645,proxy
2014-09-02,3.4822,proxy
2014-09-03,3.5228,proxy
2014-09-04,3.4781,proxy
2014-09-05,3.4745,proxy
2014-09-08,3.4814,proxy
2014-09-09,3.5006,proxy
2014-09-10,3.4671,proxy
2014-09-11,3.4508,proxy
2014-09-12,3.4058,proxy
2014-09-15,3.4217,proxy
2014-09-16,3.3925,proxy
2014-09-17,3.3652,proxy
2014-09-18,3.3787,proxy
2014-09-19,3.4318,proxy
2014-09-22,3.4466,proxy
2014-09-23,3.5021,proxy
2014-09-24,3.4895,proxy
2014-09-25,3.5843,proxy
2014-09-26,3.5801,proxy
2014-09-29,3.6330,proxy
2014-09-30,3.5695,proxy
2014-10-01,3.6748,proxy
2014-10-02,3.6174,proxy
2014-10-03,3.6221,proxy
2014-10-06,3.6195,proxy
2014-10-07,3.7126,proxy
2014-10-08,3.6877,proxy
2014-10-09,3.7224,proxy
2014-10-10,3.8246,proxy
2014-10-13,3.8896,proxy
2014-10-14,3.9087,proxy
2014-10-15,3.9552,proxy
2014-10-16,3.8826,proxy
2014-10-17,3.8007,proxy
2014-10-20,3.7804,proxy
2014-10-21,3.6906,proxy
2014-10-22,3.7328,proxy
2014-10-23,3.6861,proxy
2014-10-24,3.6763,proxy
2014-10-27,3.7088,proxy
2014-10-28,3.6657,proxy
2014-10-29,3.6821,proxy
2014-10-30,3.6890,proxy
2014-10-31,3.6702,proxy
2014-11-03,3.6693,proxy
2014-11-04,3.7034,proxy
2014-11-05,3.6968,proxy
2014-11-06,3.6475,proxy
2014-11-07,3.7042,proxy
2014-11-10,3.6517,proxy
2014-11-11,3.6432,proxy
2014-11-12,3.6560,proxy
2014-11-13,3.6912,proxy
2014-11-14,3.7459,proxy
2014-11-17,3.7325,proxy
2014-11-18,3.7591,proxy
2014-11-19,3.7246,proxy
2014-11-20,3.7531,proxy
2014-11-21,3.7562,proxy
2014-11-24,3.7615,proxy
2014-11-25,3.7993,proxy
2014-11-26,3.8074,proxy
2014-11-28,3.9104,proxy
2014-12-01,3.9503,proxy
2014-12-02,3.8591,proxy
2014-12-03,3.8723,proxy
2014-12-04,3.9262,proxy
2014-12-05,3.8956,proxy
2014-12-08,4.0011,proxy
2014-12-09,4.0369,proxy
2014-12-10,4.1592,proxy
2014-12-11,4.2111,proxy
2014-12-12,4.4022,proxy
2014-12-15,4.3913,proxy
2014-12-16,4.5091,proxy
2014-12-17,4.2959,proxy
2014-12-18,4.1200,proxy
2014-12-19,4.1449,proxy
2014-12-22,4.1702,proxy
2014-12-23,4.0172,proxy
2014-12-24,4.0437,proxy
2014-12-26,4.0874,proxy
2014-12-29,4.1324,proxy
2014-12-30,4.1637,proxy
2014-12-31,4.1944,proxy
2015-01-02,4.2702,proxy
2015-01-05,4.4490,proxy
2015-01-06,4.6148,proxy
2015-01-07,4.5511,proxy
2015-01-08,4.3952,proxy
2015-01-09,4.4384,proxy
2015-01-12,4.4901,proxy
2015-01-13,4.4901,proxy
2015-01-14,4.5656,proxy
2015-01-15,4.7390,proxy
2015-01-16,4.6055,proxy
2015-01-20,4.7255,proxy
2015-01-21,4.5899,proxy
2015-01-22,4.5517,proxy
2015-01-23,4.6601,proxy
2015-01-26,4.6000,proxy
2015-01-27,4.6184,proxy
2015-01-28,4.7664,proxy
2015-01-29,4.6835,proxy
2015-01-30,4.8520,proxy
2015-02-02,4.8049,proxy
2015-02-03,4.5864,proxy
2015-02-04,4.6327,proxy
2015-02-05,4.5020,proxy
2015-02-06,4.3645,proxy
2015-02-09,4.3704,proxy
2015-02-10,4.2894,proxy
2015-02-11,4.3047,proxy
2015-02-12,4.2823,proxy
2015-02-13,4.2015,proxy
2015-02-17,4.1051,proxy
2015-02-18,4.1216,proxy
2015-02-19,4.0933,proxy
2015-02-20,4.0945,proxy
2015-02-23,4.1645,proxy
2015-02-24,4.2462,proxy
2015-02-25,4.2534,proxy
2015-02-26,4.1615,proxy
2015-02-27,4.2164,proxy
2015-03-02,4.1079,proxy
2015-03-03,4.1028,proxy
2015-03-04,4.1171,proxy
2015-03-05,4.0966,proxy
2015-03-06,3.9951,proxy
2015-03-09,4.0665,proxy
2015-03-10,4.1777,proxy
2015-03-11,4.2080,proxy
2015-03-12,4.1897,proxy
2015-03-13,4.1921,proxy
2015-03-16,4.2645,proxy
2015-03-17,4.3580,proxy
2015-03-18,4.4325,proxy
2015-03-19,4.4539,proxy
2015-03-20,4.4353,proxy
2015-03-23,4.4206,proxy
2015-03-24,4.4806,proxy
2015-03-25,4.4372,proxy
2015-03-26,4.3242,proxy
2015-03-27,4.4077,proxy
2015-03-30,4.3517,proxy
2015-03-31,4.3759,proxy
2015-04-01,4.4744,proxy
2015-04-02,4.3901,proxy
2015-04-06,4.3316,proxy
2015-04-07,4.3535,proxy
2015-04-08,4.3573,proxy
2015-04-09,4.2721,proxy
2015-04-10,4.2663,proxy
2015-04-13,4.2889,proxy
2015-04-14,4.3357,proxy
2015-04-15,4.3018,proxy
2015-04-16,4.2814,proxy
2015-04-17,4.3844,proxy
2015-04-20,4.3054,proxy
2015-04-21,4.2690,proxy
2015-04-22,4.1709,proxy
2015-04-23,4.2020,proxy
2015-04-24,4.2332,proxy
2015-04-27,4.2309,proxy
2015-04-28,4.1477,proxy
2015-04-29,4.0792,proxy
2015-04-30,4.0941,proxy
2015-05-01,4.0086,proxy
2015-05-04,3.9512,proxy
2015-05-05,3.9508,proxy
2015-05-06,3.8649,proxy
2015-05-07,3.9458,proxy
2015-05-08,3.9147,proxy
2015-05-11,3.8065,proxy
2015-05-12,3.8221,proxy
2015-05-13,3.7842,proxy
2015-05-14,3.7718,proxy
2015-05-15,3.8742,proxy
2015-05-18,3.7854,proxy
2015-05-19,3.7438,proxy
2015-05-20,3.7601,proxy
2015-05-21,3.8314,proxy
2015-05-22,3.8294,proxy
2015-05-26,3.9429,proxy
2015-05-27,3.9434,proxy
2015-05-28,3.9312,proxy
2015-05-29,3.9359,proxy
2015-06-01,3.8746,proxy
2015-06-02,3.8035,proxy
2015-06-03,3.7424,proxy
2015-06-04,3.8347,proxy
2015-06-05,3.7814,proxy
2015-06-08,3.7751,proxy
2015-06-09,3.7398,proxy
2015-06-10,3.6839,proxy
2015-06-11,3.7888,proxy
2015-06-12,3.8100,proxy
2015-06-15,3.8468,proxy
2015-06-16,3.8599,proxy
2015-06-17,3.8198,proxy
2015-06-18,3.7705,proxy
2015-06-19,3.8407,proxy
2015-06-22,3.7122,proxy
2015-06-23,3.6828,proxy
2015-06-24,3.7451,proxy
2015-06-25,3.7423,proxy
2015-06-26,3.6959,proxy
2015-06-29,3.8844,proxy
2015-06-30,3.8158,proxy
2015-07-01,3.7503,proxy
2015-07-02,3.7478,proxy
2015-07-06,3.8725,proxy
2015-07-07,3.9238,proxy
2015-07-08,4.0074,proxy
2015-07-09,3.8724,proxy
2015-07-10,3.7470,proxy
2015-07-13,3.7247,proxy
2015-07-14,3.7486,proxy
2015-07-15,3.8086,proxy
2015-07-16,3.8394,proxy
2015-07-17,3.8857,proxy
2015-07-20,3.8881,proxy
2015-07-21,3.9316,proxy
2015-07-22,4.0099,proxy
2015-07-23,4.0925,proxy
2015-07-24,4.1274,proxy
2015-07-27,4.1913,proxy
2015-07-28,4.1069,proxy
2015-07-29,4.0454,proxy
2015-07-30,4.0757,proxy
2015-07-31,4.1348,proxy
2015-08-03,4.2335,proxy
2015-08-04,4.1757,proxy
2015-08-05,4.1347,proxy
2015-08-06,4.2217,proxy
2015-08-07,4.3342,proxy
2015-08-10,4.2272,proxy
2015-08-11,4.3702,proxy
2015-08-12,4.3409,proxy
2015-08-13,4.3270,proxy
2015-08-14,4.3395,proxy
2015-08-17,4.3719,proxy
2015-08-18,4.3245,proxy
2015-08-19,4.4018,proxy
2015-08-20,4.5130,proxy
2015-08-21,4.5638,proxy
2015-08-24,4.6256,proxy
2015-08-25,4.4854,proxy
2015-08-26,4.2837,proxy
2015-08-27,4.2362,proxy
2015-08-28,4.2501,proxy
2015-08-31,4.2068,proxy
2015-09-01,4.2944,proxy
2015-09-02,4.2066,proxy
2015-09-03,4.2303,proxy
2015-09-04,4.3006,proxy
2015-09-08,4.1615,proxy
2015-09-09,4.2022,proxy
2015-09-10,4.1406,proxy
2015-09-11,4.1848,proxy
2015-09-14,4.2071,proxy
2015-09-15,4.0806,proxy
2015-09-16,4.0794,proxy
2015-09-17,4.1535,proxy
2015-09-18,4.2764,proxy
2015-09-21,4.1768,proxy
2015-09-22,4.3220,proxy
2015-09-23,4.3340,proxy
2015-09-24,4.4189,proxy
2015-09-25,4.3928,proxy
2015-09-28,4.6392,proxy
2015-09-29,4.6627,proxy
2015-09-30,4.5858,proxy
2015-10-01,4.6922,proxy
2015-10-02,4.7334,proxy
2015-10-05,4.5309,proxy
2015-10-06,4.5218,proxy
2015-10-07,4.4206,proxy
2015-10-08,4.3300,proxy
2015-10-09,4.3479,proxy
2015-10-12,4.4164,proxy
2015-10-13,4.4463,proxy
2015-10-14,4.5171,proxy
2015-10-15,4.4623,proxy
2015-10-16,4.4307,proxy
2015-10-19,4.3909,proxy
2015-10-20,4.3398,proxy
2015-10-21,4.4189,proxy
2015-10-22,4.4288,proxy
2015-10-23,4.3412,proxy
2015-10-26,4.3966,proxy
2015-10-27,4.4390,proxy
2015-10-28,4.3897,proxy
2015-10-29,4.2936,proxy
2015-10-30,4.3385,proxy
2015-11-02,4.3013,proxy
2015-11-03,4.2368,proxy
2015-11-04,4.2649,proxy
2015-11-05,4.2735,proxy
2015-11-06,4.2053,proxy
2015-11-09,4.1952,proxy
2015-11-10,4.2306,proxy
2015-11-11,4.2325,proxy
2015-11-12,4.3125,proxy
2015-11-13,4.3738,proxy
2015-11-16,4.3336,proxy
2015-11-17,4.3404,proxy
2015-11-18,4.3416,proxy
2015-11-19,4.4557,proxy
2015-11-20,4.4348,proxy
2015-11-23,4.4638,proxy
2015-11-24,4.4533,proxy
2015-11-25,4.4625,proxy
2015-11-27,4.4434,proxy
2015-11-30,4.4775,proxy
2015-12-01,4.5459,proxy
2015-12-02,4.5641,proxy
2015-12-03,4.3778,proxy
2015-12-04,4.4589,proxy
2015-12-07,4.5861,proxy
2015-12-08,4.6892,proxy
2015-12-09,4.6393,proxy
2015-12-10,4.6832,proxy
2015-12-11,4.9862,proxy
2015-12-14,4.9482,proxy
2015-12-15,4.7596,proxy
2015-12-16,4.6803,proxy
2015-12-17,4.8666,proxy
2015-12-18,4.9472,proxy
2015-12-21,4.9728,proxy
2015-12-22,4.8065,proxy
2015-12-23,4.6922,proxy
2015-12-24,4.7480,proxy
2015-12-28,4.8224,proxy
2015-12-29,4.6385,proxy
2015-12-30,4.6247,proxy
2015-12-31,4.6554,proxy
2016-01-04,4.7623,proxy
2016-01-05,4.7138,proxy
2016-01-06,4.8247,proxy
2016-01-07,4.8956,proxy
2016-01-08,4.9575,proxy
2016-01-11,4.8750,proxy
2016-01-12,4.9914,proxy
2016-01-13,5.1834,proxy
2016-01-14,5.0551,proxy
2016-01-15,5.3268,proxy
2016-01-19,5.3304,proxy
2016-01-20,5.5041,proxy
2016-01-21,5.3667,proxy
2016-01-22,5.1822,proxy
2016-01-25,5.3303,proxy
2016-01-26,5.2479,proxy
2016-01-27,5.2603,proxy
2016-01-28,5.2253,proxy
2016-01-29,5.2749,proxy
2016-02-01,5.3331,proxy
2016-02-02,5.5946,proxy
2016-02-03,5.4571,proxy
2016-02-04,5.5402,proxy
2016-02-05,5.6343,proxy
2016-02-08,6.0060,proxy
2016-02-09,6.0639,proxy
2016-02-10,6.1883,proxy
2016-02-11,6.3613,proxy
2016-02-12,5.9731,proxy
2016-02-16,5.8400,proxy
2016-02-17,5.6809,proxy
2016-02-18,5.8060,proxy
2016-02-19,5.7937,proxy
2016-02-22,5.6929,proxy
2016-02-23,5.7598,proxy
2016-02-24,5.7196,proxy
2016-02-25,5.7001,proxy
2016-02-26,5.5252,proxy
2016-02-29,5.4601,proxy
2016-03-01,5.1651,proxy
2016-03-02,5.2694,proxy
2016-03-03,5.2721,proxy
2016-03-04,5.1834,proxy
2016-03-07,5.1688,proxy
2016-03-08,5.3428,proxy
2016-03-09,5.2590,proxy
2016-03-10,5.1541,proxy
2016-03-11,4.9531,proxy
2016-03-14,5.0058,proxy
2016-03-15,5.0988,proxy
2016-03-16,5.0653,proxy
2016-03-17,5.0451,proxy
2016-03-18,5.0432,proxy
2016-03-21,4.9839,proxy
2016-03-22,5.0057,proxy
2016-03-23,5.1511,proxy
2016-03-24,5.1963,proxy
2016-03-28,5.2524,proxy
2016-03-29,5.3167,proxy
2016-03-30,5.1805,proxy
2016-03-31,5.2349,proxy
2016-04-01,5.2780,proxy
2016-04-04,5.3079,proxy
2016-04-05,5.4537,proxy
2016-04-06,5.2973,proxy
2016-04-07,5.4693,proxy
2016-04-08,5.3593,proxy
2016-04-11,5.3332,proxy
2016-04-12,5.2093,proxy
2016-04-13,5.1805,proxy
2016-04-14,5.1388,proxy
2016-04-15,5.2343,proxy
2016-04-18,5.1397,proxy
2016-04-19,5.0720,proxy
2016-04-20,4.9556,proxy
2016-04-21,4.9307,proxy
2016-04-22,4.8886,proxy
2016-04-25,4.8861,proxy
2016-04-26,4.8187,proxy
2016-04-27,4.8532,proxy
2016-04-28,4.9029,proxy
2016-04-29,4.9105,proxy
2016-05-02,4.8423,proxy
2016-05-03,5.0080,proxy
2016-05-04,5.0915,proxy
2016-05-05,5.1612,proxy
2016-05-06,5.1269,proxy
2016-05-09,5.1732,proxy
2016-05-10,5.0952,proxy
2016-05-11,5.1542,proxy
2016-05-12,5.0973,proxy
2016-05-13,5.2297,proxy
2016-05-16,5.0965,proxy
2016-05-17,5.1309,proxy
2016-05-18,4.9992,proxy
2016-05-19,5.0631,proxy
2016-05-20,5.0384,proxy
2016-05-23,5.0564,proxy
2016-05-24,4.9628,proxy
2016-05-25,4.9161,proxy
2016-05-26,4.9867,proxy
2016-05-27,4.9590,proxy
2016-05-31,4.9885,proxy
2016-06-01,5.0354,proxy
2016-06-02,5.0986,proxy
2016-06-03,5.2142,proxy
2016-06-06,5.1029,proxy
2016-06-07,5.0846,proxy
2016-06-08,5.0989,proxy
2016-06-09,5.1954,proxy
2016-06-10,5.2887,proxy
2016-06-13,5.3990,proxy
2016-06-14,5.4255,proxy
2016-06-15,5.4597,proxy
2016-06-16,5.5034,proxy
2016-06-17,5.4331,proxy
2016-06-20,5.2683,proxy
2016-06-21,5.1875,proxy
2016-06-22,5.1940,proxy
2016-06-23,5.0201,proxy
2016-06-24,5.4312,proxy
2016-06-27,5.8521,proxy
2016-06-28,5.7357,proxy
2016-06-29,5.5188,proxy
2016-06-30,5.4870,proxy
2016-07-01,5.6414,proxy
2016-07-05,5.8417,proxy
2016-07-06,5.8103,proxy
2016-07-07,5.7949,proxy
2016-07-08,5.7301,proxy
2016-07-11,5.6280,proxy
2016-07-12,5.4262,proxy
2016-07-13,5.5776,proxy
2016-07-14,5.4060,proxy
2016-07-15,5.3396,proxy
2016-07-18,5.2972,proxy
2016-07-19,5.3792,proxy
2016-07-20,5.2997,proxy
2016-07-21,5.3333,proxy
2016-07-22,5.3069,proxy
2016-07-25,5.3468,proxy
2016-07-26,5.4010,proxy
2016-07-27,5.4962,proxy
2016-07-28,5.5207,proxy
2016-07-29,5.5981,proxy
2016-08-01,5.5705,proxy
2016-08-02,5.4775,proxy
2016-08-03,5.4375,proxy
2016-08-04,5.4491,proxy
2016-08-05,5.3222,proxy
2016-08-08,5.3006,proxy
2016-08-09,5.3627,proxy
2016-08-10,5.4201,proxy
2016-08-11,5.3067,proxy
2016-08-12,5.3817,proxy
2016-08-15,5.2591,proxy
2016-08-16,5.2534,proxy
2016-08-17,5.2979,proxy
2016-08-18,5.2751,proxy
2016-08-19,5.2534,proxy
2016-08-22,5.3513,proxy
2016-08-23,5.3288,proxy
2016-08-24,5.3328,proxy
2016-08-25,5.2776,proxy
2016-08-26,5.2324,proxy
2016-08-29,5.3131,proxy
2016-08-30,5.2699,proxy
2016-08-31,5.3221,proxy
2016-09-01,5.3378,proxy
2016-09-02,5.2136,proxy
2016-09-06,5.2723,proxy
2016-09-07,5.2922,proxy
2016-09-08,5.1887,proxy
2016-09-09,5.1234,proxy
2016-09-12,5.0959,proxy
2016-09-13,5.0618,proxy
2016-09-14,5.0776,proxy
2016-09-15,4.9859,proxy
2016-09-16,5.0561,proxy
2016-09-19,5.0213,proxy
2016-09-20,5.0634,proxy
2016-09-21,5.0618,proxy
2016-09-22,5.1037,proxy
2016-09-23,5.1055,proxy
2016-09-26,5.2060,proxy
2016-09-27,5.2482,proxy
2016-09-28,5.1642,proxy
2016-09-29,5.2240,proxy
2016-09-30,5.0989,proxy
2016-10-03,5.0985,proxy
2016-10-04,5.0074,proxy
2016-10-05,4.9426,proxy
2016-10-06,4.8890,proxy
2016-10-07,4.8751,proxy
2016-10-10,4.8006,proxy
2016-10-11,4.8290,proxy
2016-10-12,4.8402,proxy
2016-10-13,4.8940,proxy
2016-10-14,4.7554,proxy
2016-10-17,4.8200,proxy
2016-10-18,4.8134,proxy
2016-10-19,4.7963,proxy
2016-10-20,4.8042,proxy
2016-10-21,4.8149,proxy
2016-10-24,4.7736,proxy
2016-10-25,4.8004,proxy
2016-10-26,4.7772,proxy
2016-10-27,4.7174,proxy
2016-10-28,4.7390,proxy
2016-10-31,4.8148,proxy
2016-11-01,4.8707,proxy
2016-11-02,4.9470,proxy
2016-11-03,4.8781,proxy
2016-11-04,4.9515,proxy
2016-11-07,4.7602,proxy
2016-11-08,4.7449,proxy
2016-11-09,4.4602,proxy
2016-11-10,4.4478,proxy
2016-11-11,4.4760,proxy
2016-11-14,4.3773,proxy
2016-11-15,4.3188,proxy
2016-11-16,4.4123,proxy
2016-11-17,4.3250,proxy
2016-11-18,4.3045,proxy
2016-11-21,4.2659,proxy
2016-11-22,4.2131,proxy
2016-11-23,4.2120,proxy
2016-11-25,4.2135,proxy
2016-11-28,4.2647,proxy
2016-11-29,4.3028,proxy
2016-11-30,4.1872,proxy
2016-12-01,4.1638,proxy
2016-12-02,4.1726,proxy
2016-12-05,4.1482,proxy
2016-12-06,4.1103,proxy
2016-12-07,4.1334,proxy
2016-12-08,4.0571,proxy
2016-12-09,3.9755,proxy
2016-12-12,3.9957,proxy
2016-12-13,4.0028,proxy
2016-12-14,3.9797,proxy
2016-12-15,4.0082,proxy
2016-12-16,3.9881,proxy
2016-12-19,4.0392,proxy
2016-12-20,3.9990,proxy
2016-12-21,4.0157,proxy
2016-12-22,3.9954,proxy
2016-12-23,3.9966,proxy
2016-12-27,3.9823,proxy
2016-12-28,4.0366,proxy
2016-12-29,4.0503,proxy
2016-12-30,4.0578,proxy
2017-01-03,4.0585,proxy
2017-01-04,4.0486,proxy
2017-01-05,4.1595,proxy
2017-01-06,4.1003,proxy
2017-01-09,4.1543,proxy
2017-01-10,4.1492,proxy
2017-01-11,4.1678,proxy
2017-01-12,4.1515,proxy
2017-01-13,4.1178,proxy
2017-01-17,4.1939,proxy
2017-01-18,4.1024,proxy
2017-01-19,4.0786,proxy
2017-01-20,4.0532,proxy
2017-01-23,4.1176,proxy
2017-01-24,4.0686,proxy
2017-01-25,3.9668,proxy
2017-01-26,3.9904,proxy
2017-01-27,4.0072,proxy
2017-01-30,4.0012,proxy
2017-01-31,4.0515,proxy
2017-02-01,4.0030,proxy
2017-02-02,3.9968,proxy
2017-02-03,3.9835,proxy
2017-02-06,4.0256,proxy
2017-02-07,4.0819,proxy
2017-02-08,4.1660,proxy
2017-02-09,4.0809,proxy
2017-02-10,4.0727,proxy
2017-02-13,4.0430,proxy
2017-02-14,3.9931,proxy
2017-02-15,3.9624,proxy
2017-02-16,4.0012,proxy
2017-02-17,4.0319,proxy
2017-02-21,4.0002,proxy
2017-02-22,4.0078,proxy
2017-02-23,4.0208,proxy
2017-02-24,4.0863,proxy
2017-02-27,4.0404,proxy
2017-02-28,4.0691,proxy
2017-03-01,3.9552,proxy
2017-03-02,3.9526,proxy
2017-03-03,3.9657,proxy
2017-03-06,3.9559,proxy
2017-03-07,3.9774,proxy
2017-03-08,3.9852,proxy
2017-03-09,3.9522,proxy
2017-03-10,3.9759,proxy
2017-03-13,3.9321,proxy
2017-03-14,3.9800,proxy
2017-03-15,3.9702,proxy
2017-03-16,3.9566,proxy
2017-03-17,3.9932,proxy
2017-03-20,4.0324,proxy
2017-03-21,4.1321,proxy
2017-03-22,4.1424,proxy
2017-03-23,4.1308,proxy
2017-03-24,4.1314,proxy
2017-03-27,4.1684,proxy
2017-03-28,4.0881,proxy
2017-03-29,4.1134,proxy
2017-03-30,4.0311,proxy
2017-03-31,4.0518,proxy
2017-04-03,4.1343,proxy
2017-04-04,4.0964,proxy
2017-04-05,4.1216,proxy
2017-04-06,4.1037,proxy
2017-04-07,4.0804,proxy
2017-04-10,4.1015,proxy
2017-04-11,4.1767,proxy
2017-04-12,4.2088,proxy
2017-04-13,4.2440,proxy
2017-04-17,4.2026,proxy
2017-04-18,4.2938,proxy
2017-04-19,4.2620,proxy
2017-04-20,4.2127,proxy
2017-04-21,4.2181,proxy
2017-04-24,4.1534,proxy
2017-04-25,4.0625,proxy
2017-04-26,4.1039,proxy
2017-04-27,4.0974,proxy
2017-04-28,4.1140,proxy
2017-05-01,4.0706,proxy
2017-05-02,4.1015,proxy
2017-05-03,4.0998,proxy
2017-05-04,4.1026,proxy
2017-05-05,4.0973,proxy
2017-05-08,4.0548,proxy
2017-05-09,4.0587,proxy
2017-05-10,4.0238,proxy
2017-05-11,4.0231,proxy
2017-05-12,4.0732,proxy
2017-05-15,4.0413,proxy
2017-05-16,4.0555,proxy
2017-05-17,4.1792,proxy
2017-05-18,4.1792,proxy
2017-05-19,4.1828,proxy
2017-05-22,4.1440,proxy
2017-05-23,4.1005,proxy
2017-05-24,4.1261,proxy
2017-05-25,4.1334,proxy
2017-05-26,4.1409,proxy
2017-05-30,4.1669,proxy
2017-05-31,4.1844,proxy
2017-06-01,4.1800,proxy
2017-06-02,4.2564,proxy
2017-06-05,4.2198,proxy
2017-06-06,4.2681,proxy
2017-06-07,4.2490,proxy
2017-06-08,4.2254,proxy
2017-06-09,4.2096,proxy
2017-06-12,4.1960,proxy
2017-06-13,4.1849,proxy
2017-06-14,4.2892,proxy
2017-06-15,4.3050,proxy
2017-06-16,4.3311,proxy
2017-06-19,4.2994,proxy
2017-06-20,4.3882,proxy
2017-06-21,4.4457,proxy
2017-06-22,4.4417,proxy
2017-06-23,4.4082,proxy
2017-06-26,4.4257,proxy
2017-06-27,4.3706,proxy
2017-06-28,4.3177,proxy
2017-06-29,4.2761,proxy
2017-06-30,4.2437,proxy
2017-07-03,4.2400,proxy
2017-07-05,4.2472,proxy
2017-07-06,4.2075,proxy
2017-07-07,4.1731,proxy
2017-07-10,4.1753,proxy
2017-07-11,4.1914,proxy
2017-07-12,4.1941,proxy
2017-07-13,4.1466,proxy
2017-07-14,4.1359,proxy
2017-07-17,4.1519,proxy
2017-07-18,4.2072,proxy
2017-07-19,4.1985,proxy
2017-07-20,4.2142,proxy
2017-07-21,4.2485,proxy
2017-07-24,4.2164,proxy
2017-07-25,4.1257,proxy
2017-07-26,4.1267,proxy
2017-07-27,4.0995,proxy
2017-07-28,4.1375,proxy
2017-07-31,4.1455,proxy
2017-08-01,4.1989,proxy
2017-08-02,4.2012,proxy
2017-08-03,4.2852,proxy
2017-08-04,4.2247,proxy
2017-08-07,4.2355,proxy
2017-08-08,4.2403,proxy
2017-08-09,4.3050,proxy
2017-08-10,4.4121,proxy
2017-08-11,4.4030,proxy
2017-08-14,4.3280,proxy
2017-08-15,4.2958,proxy
2017-08-16,4.3209,proxy
2017-08-17,4.4149,proxy
2017-08-18,4.4022,proxy
2017-08-21,4.4126,proxy
2017-08-22,4.3548,proxy
2017-08-23,4.4031,proxy
2017-08-24,4.3655,proxy
2017-08-25,4.3803,proxy
2017-08-28,4.3749,proxy
2017-08-29,4.4073,proxy
2017-08-30,4.3853,proxy
2017-08-31,4.3872,proxy
2017-09-01,4.3399,proxy
2017-09-05,4.4714,proxy
2017-09-06,4.4307,proxy
2017-09-07,4.5060,proxy
2017-09-08,4.5137,proxy
2017-09-11,4.4006,proxy
2017-09-12,4.3535,proxy
2017-09-13,4.3229,proxy
2017-09-14,4.3424,proxy
2017-09-15,4.3388,proxy
2017-09-18,4.3011,proxy
2017-09-19,4.2768,proxy
2017-09-20,4.2826,proxy
2017-09-21,4.2874,proxy
2017-09-22,4.3003,proxy
2017-09-25,4.3405,proxy
2017-09-26,4.3188,proxy
2017-09-27,4.2104,proxy
2017-09-28,4.1903,proxy
2017-09-29,4.1955,proxy
2017-10-02,4.2008,proxy
2017-10-03,4.1951,proxy
2017-10-04,4.2025,proxy
2017-10-05,4.1687,proxy
2017-10-06,4.1596,proxy
2017-10-09,4.1799,proxy
2017-10-10,4.1854,proxy
2017-10-11,4.2053,proxy
2017-10-12,4.2421,proxy
2017-10-13,4.2887,proxy
2017-10-16,4.2798,proxy
2017-10-17,4.2784,proxy
2017-10-18,4.2257,proxy
2017-10-19,4.2370,proxy
2017-10-20,4.1588,proxy
2017-10-23,4.1782,proxy
2017-10-24,4.1368,proxy
2017-10-25,4.1238,proxy
2017-10-26,4.1101,proxy
2017-10-27,4.1356,proxy
2017-10-30,4.2007,proxy
2017-10-31,4.2014,proxy
2017-11-01,4.2522,proxy
2017-11-02,4.2867,proxy
2017-11-03,4.3049,proxy
2017-11-06,4.3305,proxy
2017-11-07,4.3810,proxy
2017-11-08,4.3973,proxy
2017-11-09,4.4125,proxy
2017-11-10,4.2881,proxy
2017-11-13,4.3076,proxy
2017-11-14,4.3862,proxy
2017-11-15,4.4657,proxy
2017-11-16,4.3310,proxy
2017-11-17,4.3890,proxy
2017-11-20,4.3845,proxy
2017-11-21,4.3925,proxy
2017-11-22,4.4044,proxy
2017-11-24,4.3794,proxy
2017-11-27,4.3914,proxy
2017-11-28,4.3788,proxy
2017-11-29,4.3169,proxy
2017-11-30,4.2917,proxy
2017-12-01,4.4057,proxy
2017-12-04,4.4117,proxy
2017-12-05,4.4526,proxy
2017-12-06,4.4852,proxy
2017-12-07,4.4233,proxy
2017-12-08,4.4163,proxy
2017-12-11,4.3996,proxy
2017-12-12,4.4001,proxy
2017-12-13,4.4510,proxy
2017-12-14,4.4981,proxy
2017-12-15,4.5257,proxy
2017-12-18,4.4490,proxy
2017-12-19,4.3686,proxy
2017-12-20,4.2839,proxy
2017-12-21,4.3318,proxy
2017-12-22,4.3350,proxy
2017-12-26,4.3455,proxy
2017-12-27,4.4362,proxy
2017-12-28,4.4332,proxy
2017-12-29,4.4338,proxy
2018-01-02,4.3482,proxy
2018-01-03,4.3480,proxy
2018-01-04,4.3347,proxy
2018-01-05,4.3096,proxy
2018-01-08,4.3107,proxy
2018-01-09,4.2384,proxy
2018-01-10,4.2450,proxy
2018-01-11,4.2505,proxy
2018-01-12,4.2741,proxy
2018-01-16,4.3073,proxy
2018-01-17,4.2969,proxy
2018-01-18,4.2392,proxy
2018-01-19,4.1964,proxy
2018-01-22,4.1968,proxy
2018-01-23,4.2058,proxy
2018-01-24,4.1791,proxy
2018-01-25,4.2393,proxy
2018-01-26,4.2085,proxy
2018-01-29,4.1852,proxy
2018-01-30,4.1688,proxy
2018-01-31,4.1968,proxy
2018-02-01,4.1262,proxy
2018-02-02,4.1068,proxy
2018-02-05,4.2065,proxy
2018-02-06,4.1245,proxy
2018-02-07,4.0865,proxy
2018-02-08,4.1366,proxy
2018-02-09,4.1135,proxy
2018-02-12,4.0978,proxy
2018-02-13,4.1479,proxy
2018-02-14,4.0637,proxy
2018-02-15,4.0340,proxy
2018-02-16,4.0426,proxy
2018-02-20,4.0368,proxy
2018-02-21,3.9878,proxy
2018-02-22,4.0021,proxy
2018-02-23,4.0160,proxy
2018-02-26,4.0073,proxy
2018-02-27,4.0149,proxy
2018-02-28,4.0647,proxy
2018-03-01,4.1655,proxy
2018-03-02,4.0752,proxy
2018-03-05,4.0578,proxy
2018-03-06,4.0548,proxy
2018-03-07,4.0635,proxy
2018-03-08,4.0930,proxy
2018-03-09,4.0277,proxy
2018-03-12,4.0747,proxy
2018-03-13,4.1281,proxy
2018-03-14,4.1943,proxy
2018-03-15,4.1896,proxy
2018-03-16,4.1516,proxy
2018-03-19,4.1576,proxy
2018-03-20,4.1179,proxy
2018-03-21,4.1228,proxy
2018-03-22,4.2289,proxy
2018-03-23,4.2415,proxy
2018-03-26,4.1717,proxy
2018-03-27,4.2503,proxy
2018-03-28,4.2718,proxy
2018-03-29,4.2820,proxy
2018-04-02,4.3371,proxy
2018-04-03,4.2628,proxy
2018-04-04,4.2332,proxy
2018-04-05,4.1769,proxy
2018-04-06,4.2663,proxy
2018-04-09,4.2518,proxy
2018-04-10,4.2146,proxy
2018-04-11,4.2364,proxy
2018-04-12,4.1624,proxy
2018-04-13,4.1740,proxy
2018-04-16,4.1661,proxy
2018-04-17,4.1813,proxy
2018-04-18,4.1348,proxy
2018-04-19,4.1017,proxy
2018-04-20,4.0707,proxy
2018-04-23,4.0896,proxy
2018-04-24,4.0729,proxy
2018-04-25,4.0293,proxy
2018-04-26,4.0514,proxy
2018-04-27,4.1039,proxy
2018-04-30,4.1200,proxy
2018-05-01,4.1050,proxy
2018-05-02,4.1001,proxy
2018-05-03,4.1301,proxy
2018-05-04,4.1355,proxy
2018-05-07,4.1188,proxy
2018-05-08,4.1227,proxy
2018-05-09,4.0731,proxy
2018-05-10,4.1061,proxy
2018-05-11,4.1249,proxy
2018-05-14,4.0888,proxy
2018-05-15,4.0468,proxy
2018-05-16,4.0144,proxy
2018-05-17,3.9791,proxy
2018-05-18,4.0394,proxy
2018-05-21,4.0338,proxy
2018-05-22,4.0197,proxy
2018-05-23,4.0604,proxy
2018-05-24,4.1079,proxy
2018-05-25,4.1596,proxy
2018-05-29,4.3380,proxy
2018-05-30,4.2692,proxy
2018-05-31,4.2642,proxy
2018-06-01,4.2271,proxy
2018-06-04,4.1639,proxy
2018-06-05,4.1717,proxy
2018-06-06,4.1018,proxy
2018-06-07,4.1630,proxy
2018-06-08,4.1469,proxy
2018-06-11,4.1224,proxy
2018-06-12,4.1187,proxy
2018-06-13,4.1131,proxy
2018-06-14,4.1484,proxy
2018-06-15,4.1584,proxy
2018-06-18,4.1531,proxy
2018-06-19,4.2013,proxy
2018-06-20,4.1355,proxy
2018-06-21,4.1844,proxy
2018-06-22,4.1830,proxy
2018-06-25,4.2139,proxy
2018-06-26,4.2243,proxy
2018-06-27,4.3039,proxy
2018-06-28,4.3255,proxy
2018-06-29,4.3177,proxy
2018-07-02,4.3212,proxy
2018-07-03,4.3584,proxy
2018-07-05,4.3520,proxy
2018-07-06,4.3569,proxy
2018-07-09,4.3002,proxy
2018-07-10,4.2988,proxy
2018-07-11,4.3368,proxy
2018-07-12,4.3138,proxy
2018-07-13,4.3317,proxy
2018-07-16,4.3072,proxy
2018-07-17,4.2915,proxy
2018-07-18,4.2602,proxy
2018-07-19,4.3076,proxy
2018-07-20,4.2188,proxy
2018-07-23,4.1379,proxy
2018-07-24,4.1467,proxy
2018-07-25,4.1239,proxy
2018-07-26,4.1105,proxy
2018-07-27,4.1238,proxy
2018-07-30,4.0990,proxy
2018-07-31,4.1209,proxy
2018-08-01,4.0752,proxy
2018-08-02,4.0807,proxy
2018-08-03,4.1076,proxy
2018-08-06,4.0993,proxy
2018-08-07,4.0626,proxy
2018-08-08,4.0729,proxy
2018-08-09,4.1320,proxy
2018-08-10,4.1919,proxy
2018-08-13,4.1826,proxy
2018-08-14,4.1559,proxy
2018-08-15,4.2067,proxy
2018-08-16,4.1974,proxy
2018-08-17,4.1980,proxy
2018-08-20,4.2403,proxy
2018-08-21,4.2069,proxy
2018-08-22,4.2315,proxy
2018-08-23,4.2430,proxy
2018-08-24,4.2445,proxy
2018-08-27,4.2030,proxy
2018-08-28,4.1656,proxy
2018-08-29,4.1783,proxy
2018-08-30,4.1982,proxy
2018-08-31,4.1741,proxy
2018-09-04,4.1630,proxy
2018-09-05,4.1522,proxy
2018-09-06,4.1712,proxy
2018-09-07,4.1217,proxy
2018-09-10,4.1329,proxy
2018-09-11,4.0815,proxy
2018-09-12,4.0817,proxy
2018-09-13,4.0795,proxy
2018-09-14,4.0429,proxy
2018-09-17,4.0473,proxy
2018-09-18,3.9819,proxy
2018-09-19,3.9565,proxy
2018-09-20,3.9763,proxy
2018-09-21,3.9723,proxy
2018-09-24,3.9593,proxy
2018-09-25,3.9580,proxy
2018-09-26,3.9949,proxy
2018-09-27,3.9876,proxy
2018-09-28,3.9669,proxy
2018-10-01,3.9183,proxy
2018-10-02,3.9603,proxy
2018-10-03,3.8707,proxy
2018-10-04,3.8510,proxy
2018-10-05,3.8266,proxy
2018-10-08,3.8200,proxy
2018-10-09,3.8700,proxy
2018-10-10,3.8965,proxy
2018-10-11,3.9648,proxy
2018-10-12,3.9113,proxy
2018-10-15,3.9129,proxy
2018-10-16,3.9061,proxy
2018-10-17,3.8825,proxy
2018-10-18,3.9057,proxy
2018-10-19,3.8890,proxy
2018-10-22,3.8783,proxy
2018-10-23,3.9029,proxy
2018-10-24,3.9790,proxy
2018-10-25,3.9408,proxy
2018-10-26,4.0059,proxy
2018-10-29,3.9976,proxy
2018-10-30,3.9522,proxy
2018-10-31,3.9212,proxy
2018-11-01,3.9143,proxy
2018-11-02,3.8435,proxy
2018-11-05,3.8616,proxy
2018-11-06,3.8427,proxy
2018-11-07,3.8168,proxy
2018-11-08,3.8307,proxy
2018-11-09,3.9082,proxy
2018-11-12,3.9858,proxy
2018-11-13,3.9924,proxy
2018-11-14,4.0082,proxy
2018-11-15,4.0069,proxy
2018-11-16,4.0625,proxy
2018-11-19,4.1007,proxy
2018-11-20,4.1234,proxy
2018-11-21,4.0882,proxy
2018-11-23,4.1312,proxy
2018-11-26,4.0857,proxy
2018-11-27,4.0962,proxy
2018-11-28,4.0122,proxy
2018-11-29,4.0354,proxy
2018-11-30,4.0723,proxy
2018-12-03,4.0875,proxy
2018-12-04,4.2398,proxy
2018-12-06,4.2857,proxy
2018-12-07,4.3123,proxy
2018-12-10,4.3364,proxy
2018-12-11,4.3224,proxy
2018-12-12,4.2683,proxy
2018-12-13,4.2354,proxy
2018-12-14,4.2885,proxy
2018-12-17,4.3761,proxy
2018-12-18,4.4506,proxy
2018-12-19,4.6203,proxy
2018-12-20,4.6610,proxy
2018-12-21,4.6997,proxy
2018-12-24,4.8024,proxy
2018-12-26,4.5807,proxy
2018-12-27,4.5868,proxy
2018-12-28,4.6410,proxy
2018-12-31,4.6654,proxy
2019-01-02,4.7188,proxy
2019-01-03,4.8083,proxy
2019-01-04,4.5797,proxy
2019-01-07,4.4833,proxy
2019-01-08,4.4158,proxy
2019-01-09,4.3956,proxy
2019-01-10,4.3210,proxy
2019-01-11,4.3718,proxy
2019-01-14,4.3682,proxy
2019-01-15,4.3182,proxy
2019-01-16,4.3143,proxy
2019-01-17,4.2968,proxy
2019-01-18,4.2406,proxy
2019-01-22,4.3343,proxy
2019-01-23,4.3170,proxy
2019-01-24,4.3560,proxy
2019-01-25,4.3042,proxy
2019-01-28,4.3080,proxy
2019-01-29,4.3481,proxy
2019-01-30,4.2868,proxy
2019-01-31,4.3298,proxy
2019-02-01,4.3068,proxy
2019-02-04,4.2591,proxy
2019-02-05,4.2662,proxy
2019-02-06,4.2762,proxy
2019-02-07,4.3468,proxy
2019-02-08,4.3791,proxy
2019-02-11,4.3474,proxy
2019-02-12,4.2952,proxy
2019-02-13,4.2786,proxy
2019-02-14,4.3176,proxy
2019-02-15,4.3063,proxy
2019-02-19,4.3217,proxy
2019-02-20,4.2958,proxy
2019-02-21,4.2399,proxy
2019-02-22,4.2672,proxy
2019-02-25,4.2411,proxy
2019-02-26,4.2663,proxy
2019-02-27,4.1861,proxy
2019-02-28,4.1671,proxy
2019-03-01,4.1027,proxy
2019-03-04,4.1642,proxy
2019-03-05,4.1813,proxy
2019-03-06,4.2172,proxy
2019-03-07,4.2665,proxy
2019-03-08,4.3074,proxy
2019-03-11,4.2637,proxy
2019-03-12,4.3002,proxy
2019-03-13,4.2683,proxy
2019-03-14,4.2232,proxy
2019-03-15,4.2621,proxy
2019-03-18,4.2605,proxy
2019-03-19,4.2412,proxy
2019-03-20,4.2835,proxy
2019-03-21,4.3005,proxy
2019-03-22,4.4376,proxy
2019-03-25,4.4521,proxy
2019-03-26,4.4286,proxy
2019-03-27,4.4917,proxy
2019-03-28,4.5031,proxy
2019-03-29,4.4768,proxy
2019-04-01,4.3892,proxy
2019-04-02,4.3992,proxy
2019-04-03,4.3340,proxy
2019-04-04,4.3435,proxy
2019-04-05,4.3394,proxy
2019-04-08,4.3183,proxy
2019-04-09,4.3457,proxy
2019-04-10,4.3316,proxy
2019-04-11,4.2795,proxy
2019-04-12,4.2199,proxy
2019-04-15,4.2419,proxy
2019-04-16,4.2030,proxy
2019-04-17,4.2222,proxy
2019-04-18,4.2549,proxy
2019-04-22,4.2337,proxy
2019-04-23,4.2246,proxy
2019-04-24,4.2903,proxy
2019-04-25,4.2769,proxy
2019-04-26,4.2830,proxy
2019-04-29,4.2418,proxy
2019-04-30,4.2763,proxy
2019-05-01,4.3435,proxy
2019-05-02,4.3047,proxy
2019-05-03,4.3068,proxy
2019-05-06,4.3229,proxy
2019-05-07,4.4215,proxy
2019-05-08,4.3873,proxy
2019-05-09,4.4283,proxy
2019-05-10,4.3979,proxy
2019-05-13,4.5248,proxy
2019-05-14,4.4857,proxy
2019-05-15,4.5250,proxy
2019-05-16,4.4768,proxy
2019-05-17,4.4962,proxy
2019-05-20,4.4877,proxy
2019-05-21,4.4523,proxy
2019-05-22,4.4890,proxy
2019-05-23,4.6135,proxy
2019-05-24,4.6314,proxy
2019-05-28,4.6963,proxy
2019-05-29,4.7429,proxy
2019-05-30,4.7964,proxy
2019-05-31,4.9658,proxy
2019-06-03,5.0333,proxy
2019-06-04,4.8455,proxy
2019-06-05,4.7782,proxy
2019-06-06,4.7875,proxy
2019-06-07,4.8385,proxy
2019-06-10,4.7469,proxy
2019-06-11,4.7405,proxy
2019-06-12,4.7659,proxy
2019-06-13,4.7752,proxy
2019-06-14,4.8020,proxy
2019-06-17,4.8294,proxy
2019-06-18,4.8130,proxy
2019-06-19,4.7855,proxy
2019-06-20,4.7656,proxy
2019-06-21,4.7014,proxy
2019-06-24,4.7631,proxy
2019-06-25,4.8244,proxy
2019-06-26,4.7745,proxy
2019-06-27,4.8102,proxy
2019-06-28,4.8016,proxy
2019-07-01,4.8002,proxy
2019-07-02,4.8466,proxy
2019-07-03,4.8749,proxy
2019-07-05,4.7959,proxy
2019-07-08,4.8237,proxy
2019-07-09,4.8303,proxy
2019-07-10,4.7610,proxy
2019-07-11,4.6675,proxy
2019-07-12,4.6639,proxy
2019-07-15,4.7046,proxy
2019-07-16,4.6972,proxy
2019-07-17,4.7960,proxy
2019-07-18,4.7927,proxy
2019-07-19,4.7876,proxy
2019-07-22,4.7755,proxy
2019-07-23,4.7163,proxy
2019-07-24,4.7452,proxy
2019-07-25,4.7173,proxy
2019-07-26,4.7187,proxy
2019-07-29,4.7334,proxy
2019-07-30,4.7496,proxy
2019-07-31,4.8308,proxy
2019-08-01,5.0263,proxy
2019-08-02,5.1241,proxy
2019-08-05,5.3904,proxy
2019-08-06,5.4059,proxy
2019-08-07,5.4107,proxy
2019-08-08,5.3926,proxy
2019-08-09,5.3865,proxy
2019-08-12,5.6367,proxy
2019-08-13,5.5534,proxy
2019-08-14,5.8966,proxy
2019-08-15,5.9914,proxy
2019-08-16,5.8591,proxy
2019-08-19,5.6670,proxy
2019-08-20,5.7711,proxy
2019-08-21,5.6510,proxy
2019-08-22,5.5604,proxy
2019-08-23,5.7872,proxy
2019-08-26,5.6878,proxy
2019-08-27,5.8633,proxy
2019-08-28,5.8505,proxy
2019-08-29,5.7960,proxy
2019-08-30,5.8094,proxy
2019-09-03,5.8850,proxy
2019-09-04,5.8783,proxy
2019-09-05,5.6325,proxy
2019-09-06,5.6993,proxy
2019-09-09,5.4978,proxy
2019-09-10,5.3140,proxy
2019-09-11,5.2977,proxy
2019-09-12,5.2287,proxy
2019-09-13,5.0448,proxy
2019-09-16,5.1283,proxy
2019-09-17,5.1736,proxy
2019-09-18,5.2191,proxy
2019-09-19,5.2589,proxy
2019-09-20,5.3754,proxy
2019-09-23,5.3779,proxy
2019-09-24,5.5139,proxy
2019-09-25,5.3744,proxy
2019-09-26,5.4460,proxy
2019-09-27,5.4829,proxy
2019-09-30,5.4963,proxy
2019-10-01,5.5755,proxy
2019-10-02,5.6647,proxy
2019-10-03,5.7579,proxy
2019-10-04,5.8050,proxy
2019-10-07,5.7216,proxy
2019-10-08,5.7926,proxy
2019-10-09,5.6966,proxy
2019-10-10,5.5231,proxy
2019-10-11,5.3543,proxy
2019-10-14,5.4198,proxy
2019-10-15,5.2777,proxy
2019-10-16,5.2974,proxy
2019-10-17,5.2603,proxy
2019-10-18,5.2581,proxy
2019-10-21,5.1828,proxy
2019-10-22,5.2361,proxy
2019-10-23,5.2369,proxy
2019-10-24,5.2068,proxy
2019-10-25,5.1530,proxy
2019-10-28,5.0697,proxy
2019-10-29,5.0924,proxy
2019-10-30,5.2407,proxy
2019-10-31,5.4065,proxy
2019-11-01,5.3570,proxy
2019-11-04,5.2081,proxy
2019-11-05,5.1118,proxy
2019-11-06,5.1789,proxy
2019-11-07,5.0150,proxy
2019-11-08,4.9692,proxy
2019-11-11,4.9802,proxy
2019-11-12,5.0191,proxy
2019-11-13,5.0872,proxy
2019-11-14,5.1882,proxy
2019-11-15,5.1498,proxy
2019-11-18,5.1787,proxy
2019-11-19,5.2926,proxy
2019-11-20,5.4154,proxy
2019-11-21,5.3503,proxy
2019-11-22,5.3253,proxy
2019-11-25,5.3280,proxy
2019-11-26,5.3744,proxy
2019-11-27,5.3330,proxy
2019-11-29,5.3335,proxy
2019-12-02,5.2312,proxy
2019-12-03,5.4499,proxy
2019-12-04,5.3194,proxy
2019-12-05,5.2573,proxy
2019-12-06,5.1911,proxy
2019-12-09,5.2117,proxy
2019-12-10,5.1895,proxy
2019-12-11,5.2444,proxy
2019-12-12,5.0677,proxy
2019-12-13,5.1646,proxy
2019-12-16,5.0632,proxy
2019-12-17,5.0229,proxy
2019-12-18,4.9337,proxy
2019-12-19,4.9697,proxy
2019-12-20,4.9945,proxy
2019-12-23,4.9774,proxy
2019-12-24,4.9957,proxy
2019-12-26,5.0040,proxy
2019-12-27,5.0179,proxy
2019-12-30,4.9914,proxy
2019-12-31,4.8971,proxy
2020-01-02,4.9584,proxy
2020-01-03,5.1054,proxy
2020-01-06,5.0626,proxy
2020-01-07,5.0262,proxy
2020-01-08,4.9590,proxy
2020-01-09,4.9669,proxy
2020-01-10,5.0430,proxy
2020-01-13,5.0157,proxy
2020-01-14,5.0631,proxy
2020-01-15,5.1217,proxy
2020-01-16,5.0894,proxy
2020-01-17,5.0187,proxy
2020-01-21,5.1339,proxy
2020-01-22,5.1497,proxy
2020-01-23,5.2448,proxy
2020-01-24,5.3648,proxy
2020-01-27,5.5929,proxy
2020-01-28,5.4225,proxy
2020-01-29,5.5284,proxy
2020-01-30,5.5191,proxy
2020-01-31,5.6590,proxy
2020-02-03,5.6793,proxy
2020-02-04,5.4733,proxy
2020-02-05,5.3217,proxy
2020-02-06,5.3583,proxy
2020-02-07,5.4989,proxy
2020-02-10,5.5135,proxy
2020-02-11,5.4544,proxy
2020-02-12,5.3768,proxy
2020-02-13,5.4118,proxy
2020-02-14,5.4573,proxy
2020-02-18,5.5491,proxy
2020-02-19,5.5436,proxy
2020-02-20,5.6081,proxy
2020-02-21,5.7184,proxy
2020-02-24,6.0106,proxy
2020-02-25,6.1591,proxy
2020-02-26,6.0819,proxy
2020-02-27,6.3863,proxy
2020-02-28,6.6296,proxy
2020-03-02,6.4682,proxy
2020-03-03,6.7366,proxy
2020-03-04,6.4078,proxy
2020-03-05,6.9224,proxy
2020-03-06,7.9243,proxy
2020-03-09,9.3419,proxy
2020-03-10,7.9756,proxy
2020-03-11,7.7045,proxy
2020-03-12,8.5713,proxy
2020-03-13,7.5886,proxy
2020-03-16,10.0309,proxy
2020-03-17,8.3201,proxy
2020-03-18,8.0784,proxy
2020-03-19,9.0642,proxy
2020-03-20,11.4961,proxy
2020-03-23,13.3880,proxy
2020-03-24,11.4174,proxy
2020-03-25,10.5692,proxy
2020-03-26,9.5741,proxy
2020-03-27,10.1509,proxy
2020-03-30,9.7380,proxy
2020-03-31,9.7347,proxy
2020-04-01,10.9062,proxy
2020-04-02,10.8666,proxy
2020-04-03,11.5651,proxy
2020-04-06,10.7937,proxy
2020-04-07,10.5088,proxy
2020-04-08,9.6812,proxy
2020-04-09,8.3652,proxy
2020-04-13,8.4673,proxy
2020-04-14,8.3813,proxy
2020-04-15,9.1086,proxy
2020-04-16,9.3810,proxy
2020-04-17,8.9736,proxy
2020-04-20,9.4862,proxy
2020-04-21,10.2381,proxy
2020-04-22,9.7665,proxy
2020-04-23,9.9069,proxy
2020-04-24,10.2002,proxy
2020-04-27,9.6401,proxy
2020-04-28,9.8407,proxy
2020-04-29,9.3123,proxy
2020-04-30,9.0114,proxy
2020-05-01,9.6689,proxy
2020-05-04,9.5910,proxy
2020-05-05,9.2484,proxy
2020-05-06,9.0179,proxy
2020-05-07,9.3257,proxy
2020-05-08,8.8384,proxy
2020-05-11,8.7698,proxy
2020-05-12,9.0106,proxy
2020-05-13,9.2789,proxy
2020-05-14,9.5793,proxy
2020-05-15,9.4872,proxy
2020-05-18,8.6324,proxy
2020-05-19,8.6826,proxy
2020-05-20,8.5313,proxy
2020-05-21,8.5857,proxy
2020-05-22,8.6567,proxy
2020-05-26,8.2472,proxy
2020-05-27,8.1739,proxy
2020-05-28,8.0878,proxy
2020-05-29,8.1450,proxy
2020-06-01,7.9329,proxy
2020-06-02,7.6974,proxy
2020-06-03,7.3982,proxy
2020-06-04,7.2166,proxy
2020-06-05,6.9662,proxy
2020-06-08,7.0055,proxy
2020-06-09,7.2986,proxy
2020-06-10,7.5603,proxy
2020-06-11,8.3601,proxy
2020-06-12,7.9959,proxy
2020-06-15,7.8342,proxy
2020-06-16,7.5029,proxy
2020-06-17,7.6496,proxy
2020-06-18,7.8370,proxy
2020-06-19,7.9106,proxy
2020-06-22,7.9257,proxy
2020-06-23,7.7798,proxy
2020-06-24,8.1558,proxy
2020-06-25,8.2026,proxy
2020-06-26,8.5931,proxy
2020-06-29,8.6436,proxy
2020-06-30,8.3683,proxy
2020-07-01,8.3297,proxy
2020-07-02,8.2106,proxy
2020-07-06,8.0035,proxy
2020-07-07,8.3888,proxy
2020-07-08,8.2612,proxy
2020-07-09,8.6113,proxy
2020-07-10,8.4445,proxy
2020-07-13,8.6180,proxy
2020-07-14,8.4780,proxy
2020-07-15,8.2786,proxy
2020-07-16,8.3506,proxy
2020-07-17,8.2582,proxy
2020-07-20,8.1922,proxy
2020-07-21,8.1174,proxy
2020-07-22,8.1354,proxy
2020-07-23,8.3678,proxy
2020-07-24,8.3485,proxy
2020-07-27,8.2330,proxy
2020-07-28,8.4143,proxy
2020-07-29,8.2754,proxy
2020-07-30,8.3604,proxy
2020-07-31,8.3122,proxy
2020-08-03,8.2665,proxy
2020-08-04,8.4557,proxy
2020-08-05,8.2532,proxy
2020-08-06,8.3166,proxy
2020-08-07,8.2366,proxy
2020-08-10,8.1441,proxy
2020-08-11,8.0911,proxy
2020-08-12,7.9218,proxy
2020-08-13,7.7810,proxy
2020-08-14,7.7441,proxy
2020-08-17,7.6856,proxy
2020-08-18,7.7816,proxy
2020-08-19,7.7225,proxy
2020-08-20,7.8209,proxy
2020-08-21,7.9283,proxy
2020-08-24,7.8187,proxy
2020-08-25,7.6683,proxy
2020-08-26,7.6056,proxy
2020-08-27,7.3500,proxy
2020-08-28,7.3251,proxy
2020-08-31,7.4541,proxy
2020-09-01,7.6000,proxy
2020-09-02,7.7410,proxy
2020-09-03,7.8994,proxy
2020-09-04,7.6155,proxy
2020-09-08,7.8159,proxy
2020-09-09,7.6355,proxy
2020-09-10,7.8035,proxy
2020-09-11,7.8055,proxy
2020-09-14,7.8230,proxy
2020-09-15,7.7337,proxy
2020-09-16,7.6826,proxy
2020-09-17,7.7531,proxy
2020-09-18,7.7423,proxy
2020-09-21,7.9737,proxy
2020-09-22,7.8978,proxy
2020-09-23,8.1057,proxy
2020-09-24,8.1652,proxy
2020-09-25,8.1989,proxy
2020-09-28,8.0270,proxy
2020-09-29,8.0327,proxy
2020-09-30,7.7897,proxy
2020-10-01,7.8148,proxy
2020-10-02,7.7500,proxy
2020-10-05,7.3008,proxy
2020-10-06,7.4228,proxy
2020-10-07,7.2498,proxy
2020-10-08,7.2992,proxy
2020-10-09,7.2610,proxy
2020-10-12,7.2318,proxy
2020-10-13,7.4158,proxy
2020-10-14,7.4933,proxy
2020-10-15,7.4766,proxy
2020-10-16,7.4504,proxy
2020-10-19,7.4466,proxy
2020-10-20,7.2378,proxy
2020-10-21,7.1859,proxy
2020-10-22,7.0008,proxy
2020-10-23,7.0744,proxy
2020-10-26,7.3559,proxy
2020-10-27,7.4561,proxy
2020-10-28,7.6097,proxy
2020-10-29,7.4020,proxy
2020-10-30,7.2112,proxy
2020-11-02,7.3417,proxy
2020-11-03,7.1178,proxy
2020-11-04,7.3062,proxy
2020-11-05,7.2782,proxy
2020-11-06,7.1441,proxy
2020-11-09,6.7221,proxy
2020-11-10,6.6612,proxy
2020-11-11,6.7161,proxy
2020-11-12,7.0591,proxy
2020-11-13,6.9885,proxy
2020-11-16,6.8714,proxy
2020-11-17,6.9612,proxy
2020-11-18,7.0318,proxy
2020-11-19,7.0582,proxy
2020-11-20,7.2216,proxy
2020-11-23,7.1276,proxy
2020-11-24,6.9331,proxy
2020-11-25,6.8949,proxy
2020-11-27,7.0131,proxy
2020-11-30,7.0100,proxy
2020-12-01,6.7992,proxy
2020-12-02,6.6488,proxy
2020-12-03,6.7526,proxy
2020-12-04,6.4936,proxy
2020-12-07,6.6209,proxy
2020-12-08,6.6971,proxy
2020-12-09,6.6719,proxy
2020-12-10,6.7695,proxy
2020-12-11,6.8346,proxy
2020-12-14,6.7917,proxy
2020-12-15,6.7008,proxy
2020-12-16,6.6846,proxy
2020-12-17,6.6702,proxy
2020-12-18,6.6178,proxy
2020-12-21,6.7221,proxy
2020-12-22,6.7766,proxy
2020-12-23,6.6176,proxy
2020-12-24,6.6433,proxy
2020-12-28,6.6321,proxy
2020-12-29,6.6320,proxy
2020-12-30,6.6333,proxy
2020-12-31,6.6423,proxy
2021-01-04,6.6541,proxy
2021-01-05,6.5479,proxy
2021-01-06,6.3008,proxy
2021-01-07,6.1544,proxy
2021-01-08,6.0969,proxy
2021-01-11,6.1424,proxy
2021-01-12,6.1173,proxy
2021-01-13,6.2184,proxy
2021-01-14,6.1055,proxy
2021-01-15,6.1736,proxy
2021-01-19,6.1779,proxy
2021-01-20,6.1675,proxy
2021-01-21,6.0887,proxy
2021-01-22,6.1516,proxy
2021-01-25,6.2949,proxy
2021-01-26,6.2898,proxy
2021-01-27,6.3590,proxy
2021-01-28,6.2505,proxy
2021-01-29,6.2081,proxy
2021-02-01,6.2138,proxy
2021-02-02,6.1048,proxy
2021-02-03,5.9888,proxy
2021-02-04,5.9334,proxy
2021-02-05,5.8202,proxy
2021-02-08,5.8362,proxy
2021-02-09,5.8653,proxy
2021-02-10,5.9443,proxy
2021-02-11,5.8757,proxy
2021-02-12,5.7178,proxy
2021-02-16,5.5699,proxy
2021-02-17,5.6410,proxy
2021-02-18,5.6122,proxy
2021-02-19,5.4711,proxy
2021-02-22,5.4247,proxy
2021-02-23,5.3715,proxy
2021-02-24,5.2964,proxy
2021-02-25,5.2294,proxy
2021-02-26,5.5872,proxy
2021-03-01,5.3603,proxy
2021-03-02,5.3759,proxy
2021-03-03,5.3000,proxy
2021-03-04,5.2742,proxy
2021-03-05,5.2639,proxy
2021-03-08,5.2590,proxy
2021-03-09,5.3806,proxy
2021-03-10,5.3693,proxy
2021-03-11,5.2620,proxy
2021-03-12,5.0862,proxy
2021-03-15,5.1393,proxy
2021-03-16,5.1234,proxy
2021-03-17,5.0419,proxy
2021-03-18,5.0193,proxy
2021-03-19,5.0403,proxy
2021-03-22,5.1093,proxy
2021-03-23,5.1834,proxy
2021-03-24,5.2289,proxy
2021-03-25,5.1379,proxy
2021-03-26,5.0779,proxy
2021-03-29,4.9957,proxy
2021-03-30,5.0646,proxy
2021-03-31,4.9710,proxy
2021-04-01,5.1191,proxy
2021-04-05,5.0746,proxy
2021-04-06,5.1211,proxy
2021-04-07,5.0601,proxy
2021-04-08,5.1325,proxy
2021-04-09,5.1053,proxy
2021-04-12,5.1108,proxy
2021-04-13,5.1740,proxy
2021-04-14,5.1484,proxy
2021-04-15,5.2681,proxy
2021-04-16,5.2130,proxy
2021-04-19,5.2009,proxy
2021-04-20,5.2615,proxy
2021-04-21,5.2487,proxy
2021-04-22,5.3088,proxy
2021-04-23,5.2603,proxy
2021-04-26,5.2509,proxy
2021-04-27,5.1805,proxy
2021-04-28,5.1683,proxy
2021-04-29,5.1300,proxy
2021-04-30,5.1558,proxy
2021-05-03,5.1756,proxy
2021-05-04,5.2454,proxy
2021-05-05,5.2425,proxy
2021-05-06,5.2617,proxy
2021-05-07,5.2077,proxy
2021-05-10,5.1336,proxy
2021-05-11,5.0907,proxy
2021-05-12,5.0385,proxy
2021-05-13,5.0203,proxy
2021-05-14,5.0755,proxy
2021-05-17,5.0729,proxy
2021-05-18,5.0716,proxy
2021-05-19,5.0737,proxy
2021-05-20,5.1098,proxy
2021-05-21,5.1256,proxy
2021-05-24,5.1493,proxy
2021-05-25,5.2355,proxy
2021-05-26,5.2158,proxy
2021-05-27,5.1819,proxy
2021-05-28,5.1702,proxy
2021-06-01,5.1578,proxy
2021-06-02,5.1677,proxy
2021-06-03,5.1518,proxy
2021-06-04,5.2603,proxy
2021-06-07,5.2274,proxy
2021-06-08,5.2884,proxy
2021-06-09,5.3670,proxy
2021-06-10,5.4086,proxy
2021-06-11,5.3890,proxy
2021-06-14,5.3217,proxy
2021-06-15,5.3110,proxy
2021-06-16,5.3161,proxy
2021-06-17,5.4581,proxy
2021-06-18,5.6587,proxy
2021-06-21,5.4608,proxy
2021-06-22,5.4788,proxy
2021-06-23,5.4629,proxy
2021-06-24,5.4478,proxy
2021-06-25,5.3329,proxy
2021-06-28,5.4364,proxy
2021-06-29,5.4407,proxy
2021-06-30,5.4850,proxy
2021-07-01,5.4862,proxy
2021-07-02,5.5321,proxy
2021-07-06,5.6619,proxy
2021-07-07,5.7547,proxy
2021-07-08,5.8226,proxy
2021-07-09,5.6477,proxy
2021-07-12,5.6374,proxy
2021-07-13,5.5870,proxy
2021-07-14,5.6913,proxy
2021-07-15,5.8204,proxy
2021-07-16,5.8146,proxy
2021-07-19,6.1486,proxy
2021-07-20,5.9722,proxy
2021-07-21,5.7985,proxy
2021-07-22,5.8989,proxy
2021-07-23,5.8007,proxy
2021-07-26,5.7840,proxy
2021-07-27,5.9202,proxy
2021-07-28,5.9118,proxy
2021-07-29,5.8236,proxy
2021-07-30,5.8926,proxy
2021-08-02,6.0493,proxy
2021-08-03,6.0420,proxy
2021-08-04,6.0886,proxy
2021-08-05,6.0003,proxy
2021-08-06,5.8192,proxy
2021-08-09,5.8045,proxy
2021-08-10,5.7784,proxy
2021-08-11,5.7537,proxy
2021-08-12,5.7167,proxy
2021-08-13,5.8677,proxy
2021-08-16,5.8915,proxy
2021-08-17,5.9132,proxy
2021-08-18,5.9790,proxy
2021-08-19,6.0675,proxy
2021-08-20,6.0466,proxy
2021-08-23,6.0020,proxy
2021-08-24,5.8951,proxy
2021-08-25,5.7889,proxy
2021-08-26,5.8264,proxy
2021-08-27,5.8724,proxy
2021-08-30,5.8879,proxy
2021-08-31,5.8078,proxy
2021-09-01,5.8380,proxy
2021-09-02,5.8733,proxy
2021-09-03,5.7690,proxy
2021-09-07,5.7044,proxy
2021-09-08,5.7666,proxy
2021-09-09,5.8923,proxy
2021-09-10,5.8085,proxy
2021-09-13,5.8485,proxy
2021-09-14,5.9932,proxy
2021-09-15,5.9348,proxy
2021-09-16,5.8858,proxy
2021-09-17,5.8451,proxy
2021-09-20,6.0293,proxy
2021-09-21,5.9988,proxy
2021-09-22,6.0478,proxy
2021-09-23,5.7787,proxy
2021-09-24,5.6868,proxy
2021-09-27,5.6567,proxy
2021-09-28,5.5384,proxy
2021-09-29,5.5375,proxy
2021-09-30,5.5480,proxy
2021-10-01,5.6331,proxy
2021-10-04,5.6439,proxy
2021-10-05,5.5457,proxy
2021-10-06,5.6112,proxy
2021-10-07,5.4996,proxy
2021-10-08,5.4582,proxy
2021-10-11,5.4641,proxy
2021-10-12,5.6222,proxy
2021-10-13,5.6981,proxy
2021-10-14,5.6773,proxy
2021-10-15,5.6328,proxy
2021-10-18,5.6883,proxy
2021-10-19,5.5329,proxy
2021-10-20,5.4593,proxy
2021-10-21,5.4730,proxy
2021-10-22,5.6129,proxy
2021-10-25,5.5783,proxy
2021-10-26,5.6639,proxy
2021-10-27,5.8734,proxy
2021-10-28,5.8063,proxy
2021-10-29,5.8708,proxy
2021-11-01,5.8228,proxy
2021-11-02,5.8455,proxy
2021-11-03,5.7079,proxy
2021-11-04,5.7944,proxy
2021-11-05,5.9203,proxy
2021-11-08,5.9132,proxy
2021-11-09,6.0559,proxy
2021-11-10,5.9051,proxy
2021-11-11,5.9079,proxy
2021-11-12,5.8535,proxy
2021-11-15,5.7251,proxy
2021-11-16,5.6922,proxy
2021-11-17,5.7908,proxy
2021-11-18,5.8422,proxy
2021-11-19,5.9726,proxy
2021-11-22,5.8801,proxy
2021-11-23,5.7322,proxy
2021-11-24,5.9145,proxy
2021-11-26,6.3047,proxy
2021-11-29,6.1272,proxy
2021-11-30,6.3691,proxy
2021-12-01,6.4749,proxy
2021-12-02,6.3948,proxy
2021-12-03,6.5517,proxy
2021-12-06,6.3128,proxy
2021-12-07,6.1452,proxy
2021-12-08,5.9399,proxy
2021-12-09,6.0589,proxy
2021-12-10,6.0027,proxy
2021-12-13,6.1798,proxy
2021-12-14,6.1718,proxy
2021-12-15,6.0091,proxy
2021-12-16,6.0497,proxy
2021-12-17,6.1981,proxy
2021-12-20,6.1271,proxy
2021-12-21,6.0173,proxy
2021-12-22,6.0407,proxy
2021-12-23,5.9048,proxy
2021-12-27,5.9209,proxy
2021-12-28,5.8804,proxy
2021-12-29,5.7745,proxy
2021-12-30,5.8739,proxy
2021-12-31,5.8990,proxy
2022-01-03,5.6095,proxy
2022-01-04,5.5921,proxy
2022-01-05,5.6167,proxy
2022-01-06,5.6432,proxy
2022-01-07,5.5934,proxy
2022-01-10,5.6109,proxy
2022-01-11,5.6323,proxy
2022-01-12,5.5742,proxy
2022-01-13,5.7078,proxy
2022-01-14,5.5546,proxy
2022-01-18,5.4584,proxy
2022-01-19,5.5394,proxy
2022-01-20,5.6242,proxy
2022-01-21,5.7518,proxy
2022-01-24,5.6729,proxy
2022-01-25,5.6872,proxy
2022-01-26,5.5932,proxy
2022-01-27,5.8407,proxy
2022-01-28,5.8126,proxy
2022-01-31,5.7521,proxy
2022-02-01,5.6963,proxy
2022-02-02,5.7166,proxy
2022-02-03,5.7293,proxy
2022-02-04,5.6110,proxy
2022-02-07,5.6256,proxy
2022-02-08,5.5658,proxy
2022-02-09,5.5304,proxy
2022-02-10,5.5021,proxy
2022-02-11,5.6957,proxy
2022-02-14,5.5795,proxy
2022-02-15,5.4434,proxy
2022-02-16,5.4471,proxy
2022-02-17,5.5676,proxy
2022-02-18,5.6640,proxy
2022-02-22,5.7173,proxy
2022-02-23,5.5873,proxy
2022-02-24,5.5194,proxy
2022-02-25,5.4688,proxy
2022-02-28,5.6903,proxy
2022-03-01,5.8762,proxy
2022-03-02,5.4731,proxy
2022-03-03,5.6106,proxy
2022-03-04,5.8715,proxy
2022-03-07,5.8841,proxy
2022-03-08,5.8097,proxy
2022-03-09,5.6109,proxy
2022-03-10,5.5470,proxy
2022-03-11,5.6599,proxy
2022-03-14,5.5356,proxy
2022-03-15,5.4406,proxy
2022-03-16,5.3984,proxy
2022-03-17,5.2575,proxy
2022-03-18,5.3441,proxy
2022-03-21,5.2288,proxy
2022-03-22,5.0606,proxy
2022-03-23,5.2947,proxy
2022-03-24,5.1991,proxy
2022-03-25,5.1357,proxy
2022-03-28,5.1568,proxy
2022-03-29,5.1127,proxy
2022-03-30,5.2140,proxy
2022-03-31,5.2723,proxy
2022-04-01,5.3350,proxy
2022-04-04,5.1946,proxy
2022-04-05,5.1030,proxy
2022-04-06,5.1008,proxy
2022-04-07,5.0464,proxy
2022-04-08,5.0032,proxy
2022-04-11,4.9232,proxy
2022-04-12,4.8457,proxy
2022-04-13,4.8125,proxy
2022-04-14,4.7007,proxy
2022-04-18,4.6736,proxy
2022-04-19,4.6208,proxy
2022-04-20,4.7563,proxy
2022-04-21,4.7518,proxy
2022-04-22,4.7495,proxy
2022-04-25,4.7622,proxy
2022-04-26,4.8967,proxy
2022-04-27,4.8284,proxy
2022-04-28,4.7943,proxy
2022-04-29,4.7888,proxy
2022-05-02,4.6633,proxy
2022-05-03,4.6753,proxy
2022-05-04,4.6384,proxy
2022-05-05,4.5611,proxy
2022-05-06,4.4910,proxy
2022-05-09,4.6409,proxy
2022-05-10,4.6673,proxy
2022-05-11,4.8752,proxy
2022-05-12,4.8625,proxy
2022-05-13,4.7282,proxy
2022-05-16,4.7315,proxy
2022-05-17,4.6409,proxy
2022-05-18,4.8834,proxy
2022-05-19,4.8467,proxy
2022-05-20,4.9499,proxy
2022-05-23,4.7747,proxy
2022-05-24,4.8895,proxy
2022-05-25,4.7953,proxy
2022-05-26,4.6457,proxy
2022-05-27,4.5949,proxy
2022-05-31,4.4969,proxy
2022-06-01,4.5323,proxy
2022-06-02,4.5045,proxy
2022-06-03,4.5451,proxy
2022-06-06,4.4612,proxy
2022-06-07,4.5248,proxy
2022-06-08,4.5225,proxy
2022-06-09,4.6104,proxy
2022-06-10,4.6977,proxy
2022-06-13,4.7151,proxy
2022-06-14,4.5625,proxy
2022-06-15,4.5566,proxy
2022-06-16,4.7470,proxy
2022-06-17,4.7478,proxy
2022-06-21,4.6157,proxy
2022-06-22,4.8396,proxy
2022-06-23,4.8484,proxy
2022-06-24,4.6746,proxy
2022-06-27,4.6553,proxy
2022-06-28,4.7833,proxy
2022-06-29,4.9280,proxy
2022-06-30,5.0101,proxy
2022-07-01,5.0391,proxy
2022-07-05,5.1193,proxy
2022-07-06,4.9999,proxy
2022-07-07,4.7843,proxy
2022-07-08,4.6864,proxy
2022-07-11,4.8754,proxy
2022-07-12,4.8918,proxy
2022-07-13,5.0013,proxy
2022-07-14,4.9454,proxy
2022-07-15,4.8841,proxy
2022-07-18,4.8776,proxy
2022-07-19,4.7222,proxy
2022-07-20,4.7082,proxy
2022-07-21,4.7521,proxy
2022-07-22,4.9039,proxy
2022-07-25,4.8221,proxy
2022-07-26,4.8887,proxy
2022-07-27,4.7491,proxy
2022-07-28,4.7306,proxy
2022-07-29,4.6846,proxy
2022-08-01,4.8980,proxy
2022-08-02,4.7564,proxy
2022-08-03,4.8139,proxy
2022-08-04,4.7886,proxy
2022-08-05,4.6343,proxy
2022-08-08,4.7565,proxy
2022-08-09,4.7861,proxy
2022-08-10,4.6128,proxy
2022-08-11,4.4757,proxy
2022-08-12,4.4846,proxy
2022-08-15,4.4915,proxy
2022-08-16,4.5590,proxy
2022-08-17,4.5582,proxy
2022-08-18,4.5577,proxy
2022-08-19,4.5116,proxy
2022-08-22,4.5730,proxy
2022-08-23,4.5115,proxy
2022-08-24,4.4476,proxy
2022-08-25,4.4808,proxy
2022-08-26,4.6679,proxy
2022-08-29,4.6323,proxy
2022-08-30,4.7141,proxy
2022-08-31,4.6807,proxy
2022-09-01,4.5370,proxy
2022-09-02,4.5858,proxy
2022-09-06,4.4165,proxy
2022-09-07,4.4265,proxy
2022-09-08,4.3204,proxy
2022-09-09,4.3081,proxy
2022-09-12,4.2297,proxy
2022-09-13,4.4091,proxy
2022-09-14,4.4234,proxy
2022-09-15,4.4655,proxy
2022-09-16,4.3792,proxy
2022-09-19,4.3688,proxy
2022-09-20,4.3705,proxy
2022-09-21,4.5157,proxy
2022-09-22,4.3685,proxy
2022-09-23,4.4931,proxy
2022-09-26,4.4375,proxy
2022-09-27,4.2616,proxy
2022-09-28,4.3693,proxy
2022-09-29,4.4001,proxy
2022-09-30,4.3396,proxy
2022-10-03,4.3776,proxy
2022-10-04,4.2087,proxy
2022-10-05,4.1706,proxy
2022-10-06,4.1535,proxy
2022-10-07,4.1702,proxy
2022-10-10,4.1477,proxy
2022-10-11,4.1565,proxy
2022-10-12,4.1780,proxy
2022-10-13,4.0997,proxy
2022-10-14,4.0670,proxy
2022-10-17,3.9595,proxy
2022-10-18,3.9309,proxy
2022-10-19,3.8785,proxy
2022-10-20,3.8101,proxy
2022-10-21,3.6555,proxy
2022-10-24,3.6077,proxy
2022-10-25,3.7106,proxy
2022-10-26,3.7754,proxy
2022-10-27,3.7930,proxy
2022-10-28,3.7111,proxy
2022-10-31,3.7556,proxy
2022-11-01,3.7820,proxy
2022-11-02,3.8095,proxy
2022-11-03,3.8196,proxy
2022-11-04,3.6857,proxy
2022-11-07,3.6324,proxy
2022-11-08,3.6963,proxy
2022-11-09,3.7818,proxy
2022-11-10,3.8226,proxy
2022-11-11,3.7814,proxy
2022-11-14,3.8098,proxy
2022-11-15,3.8523,proxy
2022-11-16,3.9962,proxy
2022-11-17,3.9572,proxy
2022-11-18,3.9023,proxy
2022-11-21,3.9301,proxy
2022-11-22,3.9720,proxy
2022-11-23,4.0453,proxy
2022-11-25,4.0364,proxy
2022-11-28,4.1228,proxy
2022-11-29,4.0193,proxy
2022-11-30,3.9720,proxy
2022-12-01,4.1620,proxy
2022-12-02,4.2521,proxy
2022-12-05,4.2210,proxy
2022-12-06,4.3354,proxy
2022-12-07,4.4652,proxy
2022-12-08,4.4389,proxy
2022-12-09,4.2506,proxy
2022-12-12,4.2460,proxy
2022-12-13,4.2413,proxy
2022-12-14,4.3104,proxy
2022-12-15,4.3856,proxy
2022-12-16,4.3432,proxy
2022-12-19,4.2599,proxy
2022-12-20,4.1558,proxy
2022-12-21,4.1164,proxy
2022-12-22,4.1559,proxy
2022-12-23,4.0432,proxy
2022-12-27,3.9832,proxy
2022-12-28,4.0310,proxy
2022-12-29,4.0210,proxy
2022-12-30,3.9465,proxy
2023-01-03,4.0528,proxy
2023-01-04,4.0665,proxy
2023-01-05,4.1065,proxy
2023-01-06,4.1334,proxy
2023-01-09,4.1449,proxy
2023-01-10,4.0443,proxy
2023-01-11,4.1057,proxy
2023-01-12,4.1978,proxy
2023-01-13,4.1349,proxy
2023-01-17,4.1146,proxy
2023-01-18,4.2681,proxy
2023-01-19,4.2655,proxy
2023-01-20,4.1414,proxy
2023-01-23,4.1113,proxy
2023-01-24,4.2019,proxy
2023-01-25,4.2192,proxy
2023-01-26,4.1709,proxy
2023-01-27,4.1742,proxy
2023-01-30,4.1867,proxy
2023-01-31,4.1881,proxy
2023-02-01,4.2135,proxy
2023-02-02,4.1836,proxy
2023-02-03,4.1534,proxy
2023-02-06,4.1468,proxy
2023-02-07,4.0710,proxy
2023-02-08,4.1293,proxy
2023-02-09,4.1094,proxy
2023-02-10,4.0865,proxy
2023-02-13,4.1246,proxy
2023-02-14,4.1077,proxy
2023-02-15,4.0575,proxy
2023-02-16,4.0181,proxy
2023-02-17,4.0424,proxy
2023-02-21,4.0166,proxy
2023-02-22,4.0330,proxy
2023-02-23,4.0323,proxy
2023-02-24,3.9882,proxy
2023-02-27,3.9638,proxy
2023-02-28,4.0035,proxy
2023-03-01,3.9764,proxy
2023-03-02,3.9145,proxy
2023-03-03,3.9987,proxy
2023-03-06,3.9506,proxy
2023-03-07,4.0329,proxy
2023-03-08,4.0694,proxy
2023-03-09,4.1215,proxy
2023-03-10,4.3531,proxy
2023-03-13,4.4091,proxy
2023-03-14,4.2402,proxy
2023-03-15,4.3987,proxy
2023-03-16,4.2959,proxy
2023-03-17,4.4465,proxy
2023-03-20,4.4016,proxy
2023-03-21,4.2629,proxy
2023-03-22,4.3495,proxy
2023-03-23,4.3778,proxy
2023-03-24,4.4234,proxy
2023-03-27,4.2709,proxy
2023-03-28,4.2874,proxy
2023-03-29,4.1881,proxy
2023-03-30,4.1793,proxy
2023-03-31,4.2069,proxy
2023-04-03,4.2580,proxy
2023-04-04,4.3132,proxy
2023-04-05,4.4288,proxy
2023-04-06,4.4153,proxy
2023-04-10,4.3052,proxy
2023-04-11,4.3046,proxy
2023-04-12,4.2993,proxy
2023-04-13,4.1981,proxy
2023-04-14,4.1490,proxy
2023-04-17,4.0880,proxy
2023-04-18,4.1068,proxy
2023-04-19,4.1268,proxy
2023-04-20,4.1896,proxy
2023-04-21,4.1316,proxy
2023-04-24,4.1770,proxy
2023-04-25,4.2880,proxy
2023-04-26,4.2405,proxy
2023-04-27,4.1506,proxy
2023-04-28,4.2298,proxy
2023-05-01,4.0780,proxy
2023-05-02,4.2484,proxy
2023-05-03,4.2907,proxy
2023-05-04,4.2424,proxy
2023-05-05,4.1832,proxy
2023-05-08,4.1084,proxy
2023-05-09,4.1017,proxy
2023-05-10,4.1254,proxy
2023-05-11,4.2063,proxy
2023-05-12,4.1740,proxy
2023-05-15,4.1070,proxy
2023-05-16,4.1333,proxy
2023-05-17,4.0965,proxy
2023-05-18,4.0452,proxy
2023-05-19,3.9937,proxy
2023-05-22,3.9443,proxy
2023-05-23,3.9944,proxy
2023-05-24,4.0074,proxy
2023-05-25,3.9961,proxy
2023-05-26,4.0082,proxy
2023-05-30,4.0438,proxy
2023-05-31,4.1198,proxy
2023-06-01,4.1202,proxy
2023-06-02,4.0166,proxy
2023-06-05,4.0099,proxy
2023-06-06,4.0368,proxy
2023-06-07,3.9776,proxy
2023-06-08,4.0108,proxy
2023-06-09,4.0005,proxy
2023-06-12,4.0257,proxy
2023-06-13,3.9564,proxy
2023-06-14,4.0033,proxy
2023-06-15,4.0332,proxy
2023-06-16,4.0247,proxy
2023-06-20,4.0858,proxy
2023-06-21,4.1181,proxy
2023-06-22,4.0586,proxy
2023-06-23,4.1344,proxy
2023-06-26,4.1379,proxy
2023-06-27,4.0987,proxy
2023-06-28,4.0890,proxy
2023-06-29,3.9903,proxy
2023-06-30,4.0338,proxy
2023-07-03,4.0247,proxy
2023-07-05,3.9842,proxy
2023-07-06,3.9415,proxy
2023-07-07,3.8993,proxy
2023-07-10,3.8773,proxy
2023-07-11,3.8758,proxy
2023-07-12,3.8956,proxy
2023-07-13,3.9226,proxy
2023-07-14,3.9311,proxy
2023-07-17,3.9228,proxy
2023-07-18,3.9333,proxy
2023-07-19,3.9976,proxy
2023-07-20,3.9492,proxy
2023-07-21,3.9356,proxy
2023-07-24,3.9240,proxy
2023-07-25,3.9166,proxy
2023-07-26,3.8986,proxy
2023-07-27,3.8298,proxy
2023-07-28,3.8263,proxy
2023-07-31,3.8264,proxy
2023-08-01,3.7715,proxy
2023-08-02,3.7352,proxy
2023-08-03,3.6257,proxy
2023-08-04,3.6884,proxy
2023-08-07,3.6251,proxy
2023-08-08,3.6756,proxy
2023-08-09,3.7030,proxy
2023-08-10,3.6150,proxy
2023-08-11,3.6106,proxy
2023-08-14,3.5997,proxy
2023-08-15,3.5846,proxy
2023-08-16,3.5599,proxy
2023-08-17,3.5594,proxy
2023-08-18,3.5742,proxy
2023-08-21,3.5071,proxy
2023-08-22,3.5431,proxy
2023-08-23,3.6285,proxy
2023-08-24,3.6226,proxy
2023-08-25,3.6179,proxy
2023-08-28,3.6037,proxy
2023-08-29,3.6252,proxy
2023-08-30,3.6218,proxy
2023-08-31,3.6491,proxy
2023-09-01,3.5654,proxy
2023-09-05,3.5267,proxy
2023-09-06,3.5515,proxy
2023-09-07,3.5485,proxy
2023-09-08,3.5703,proxy
2023-09-11,3.5244,proxy
2023-09-12,3.5619,proxy
2023-09-13,3.5471,proxy
2023-09-14,3.5043,proxy
2023-09-15,3.4925,proxy
2023-09-18,3.5176,proxy
2023-09-19,3.4960,proxy
2023-09-20,3.5156,proxy
2023-09-21,3.4228,proxy
2023-09-22,3.4531,proxy
2023-09-25,3.3412,proxy
2023-09-26,3.3451,proxy
2023-09-27,3.3275,proxy
2023-09-28,3.3197,proxy
2023-09-29,4.0300,fred
2023-10-02,4.1100,fred
2023-10-03,4.2600,fred
2023-10-04,4.3700,fred
2023-10-05,4.3800,fred
2023-10-06,4.3300,fred
2023-10-09,4.3400,fred
2023-10-10,4.2600,fred
2023-10-11,4.2500,fred
2023-10-12,4.2500,fred
2023-10-13,4.3000,fred
2023-10-16,4.2700,fred
2023-10-17,4.2500,fred
2023-10-18,4.3200,fred
2023-10-19,4.3700,fred
2023-10-20,4.5200,fred
2023-10-23,4.5100,fred
2023-10-24,4.4100,fred
2023-10-25,4.3700,fred
2023-10-26,4.5000,fred
2023-10-27,4.5300,fred
2023-10-30,4.5000,fred
2023-10-31,4.4200,fred
2023-11-01,4.4700,fred
2023-11-02,4.1500,fred
2023-11-03,4.0400,fred
2023-11-06,4.0000,fred
2023-11-07,4.0800,fred
2023-11-08,4.0800,fred
2023-11-09,4.0400,fred
2023-11-10,4.0300,fred
2023-11-13,4.0300,fred
2023-11-14,3.9200,fred
2023-11-15,3.8900,fred
2023-11-16,4.0200,fred
2023-11-17,3.9900,fred
2023-11-20,3.9200,fred
2023-11-21,3.9500,fred
2023-11-22,3.9000,fred
2023-11-24,3.8500,fred
2023-11-27,3.8900,fred
2023-11-28,3.9000,fred
2023-11-29,3.8000,fred
2023-11-30,3.8400,fred
2023-12-01,3.8700,fred
2023-12-04,3.8000,fred
2023-12-05,3.8000,fred
2023-12-06,3.7900,fred
2023-12-07,3.7700,fred
2023-12-08,3.7500,fred
2023-12-11,3.7900,fred
2023-12-12,3.7600,fred
2023-12-13,3.7900,fred
2023-12-14,3.4700,fred
2023-12-15,3.5100,fred
2023-12-18,3.5100,fred
2023-12-19,3.4600,fred
2023-12-20,3.4300,fred
2023-12-21,3.4100,fred
2023-12-22,3.3900,fred
2023-12-26,3.3700,fred
2023-12-27,3.3400,fred
2023-12-28,3.3200,fred
2023-12-29,3.3400,fred
2024-01-02,3.5400,fred
2024-01-03,3.7100,fred
2024-01-04,3.6900,fred
2024-01-05,3.6800,fred
2024-01-08,3.6300,fred
2024-01-09,3.5900,fred
2024-01-10,3.5000,fred
2024-01-11,3.5500,fred
2024-01-12,3.5600,fred
2024-01-16,3.5800,fred
2024-01-17,3.6200,fred
2024-01-18,3.5800,fred
2024-01-19,3.5400,fred
2024-01-22,3.4900,fred
2024-01-23,3.5100,fred
2024-01-24,3.4400,fred
2024-01-25,3.4500,fred
2024-01-26,3.3900,fred
2024-01-29,3.4100,fred
2024-01-30,3.4200,fred
2024-01-31,3.5900,fred
2024-02-01,3.5600,fred
2024-02-02,3.4700,fred
2024-02-05,3.5000,fred
2024-02-06,3.5200,fred
2024-02-07,3.4300,fred
2024-02-08,3.3800,fred
2024-02-09,3.3300,fred
2024-02-12,3.3500,fred
2024-02-13,3.3600,fred
2024-02-14,3.3800,fred
2024-02-15,3.3500,fred
2024-02-16,3.3400,fred
2024-02-20,3.3700,fred
2024-02-21,3.3400,fred
2024-02-22,3.2200,fred
2024-02-23,3.2300,fred
2024-02-26,3.2300,fred
2024-02-27,3.2600,fred
2024-02-28,3.3100,fred
2024-02-29,3.2900,fred
2024-03-01,3.3200,fred
2024-03-04,3.2600,fred
2024-03-05,3.3100,fred
2024-03-06,3.2700,fred
2024-03-07,3.2700,fred
2024-03-08,3.2600,fred
2024-03-11,3.2600,fred
2024-03-12,3.2000,fred
2024-03-13,3.1500,fred
2024-03-14,3.1500,fred
2024-03-15,3.1600,fred
2024-03-18,3.1300,fred
2024-03-19,3.1000,fred
2024-03-20,3.1400,fred
2024-03-21,3.0500,fred
2024-03-22,3.0800,fred
2024-03-25,3.1100,fred
2024-03-26,3.1500,fred
2024-03-27,3.1500,fred
2024-03-28,3.1200,fred
2024-04-01,3.1200,fred
2024-04-02,3.2300,fred
2024-04-03,3.2300,fred
2024-04-04,3.2400,fred
2024-04-05,3.1800,fred
2024-04-08,3.1500,fred
2024-04-09,3.1400,fred
2024-04-10,3.1000,fred
2024-04-11,3.1600,fred
2024-04-12,3.2500,fred
2024-04-15,3.2800,fred
2024-04-16,3.3600,fred
2024-04-17,3.4200,fred
2024-04-18,3.3900,fred
2024-04-19,3.3700,fred
2024-04-22,3.2900,fred
2024-04-23,3.2000,fred
2024-04-24,3.1900,fred
2024-04-25,3.2400,fred
2024-04-26,3.1600,fred
2024-04-29,3.1200,fred
2024-04-30,3.1800,fred
2024-05-01,3.2100,fred
2024-05-02,3.1600,fred
2024-05-03,3.0800,fred
2024-05-06,3.0300,fred
2024-05-07,3.0600,fred
2024-05-08,3.1000,fred
2024-05-09,3.1400,fred
2024-05-10,3.1200,fred
2024-05-13,3.1400,fred
2024-05-14,3.1400,fred
2024-05-15,3.1300,fred
2024-05-16,3.0800,fred
2024-05-17,3.0900,fred
2024-05-20,3.0700,fred
2024-05-21,3.0700,fred
2024-05-22,3.1100,fred
2024-05-23,3.1000,fred
2024-05-24,3.1100,fred
2024-05-28,3.0900,fred
2024-05-29,3.1500,fred
2024-05-30,3.1900,fred
2024-05-31,3.2000,fred
2024-06-03,3.1700,fred
2024-06-04,3.2200,fred
2024-06-05,3.2000,fred
2024-06-06,3.2000,fred
2024-06-07,3.1500,fred
2024-06-10,3.1500,fred
2024-06-11,3.1900,fred
2024-06-12,3.0900,fred
2024-06-13,3.2000,fred
2024-06-14,3.2900,fred
2024-06-17,3.2600,fred
2024-06-18,3.2400,fred
2024-06-20,3.2300,fred
2024-06-21,3.2100,fred
2024-06-24,3.1900,fred
2024-06-25,3.1900,fred
2024-06-26,3.1800,fred
2024-06-27,3.2100,fred
2024-06-28,3.1800,fred
2024-07-01,3.2100,fred
2024-07-02,3.2300,fred
2024-07-03,3.2500,fred
2024-07-05,3.2700,fred
2024-07-08,3.2000,fred
2024-07-09,3.2100,fred
2024-07-10,3.1700,fred
2024-07-11,3.1800,fred
2024-07-12,3.1900,fred
2024-07-15,3.1300,fred
2024-07-16,3.0800,fred
2024-07-17,3.0900,fred
2024-07-18,3.0900,fred
2024-07-19,3.0900,fred
2024-07-22,3.0500,fred
2024-07-23,3.0200,fred
2024-07-24,3.1000,fred
2024-07-25,3.0800,fred
2024-07-26,3.1000,fred
2024-07-29,3.1300,fred
2024-07-30,3.2000,fred
2024-07-31,3.2500,fred
2024-08-01,3.3500,fred
2024-08-02,3.7200,fred
2024-08-05,3.9300,fred
2024-08-06,3.6700,fred
2024-08-07,3.5700,fred
2024-08-08,3.4800,fred
2024-08-09,3.4900,fred
2024-08-12,3.5200,fred
2024-08-13,3.5400,fred
2024-08-14,3.4600,fred
2024-08-15,3.3100,fred
2024-08-16,3.2900,fred
2024-08-19,3.2100,fred
2024-08-20,3.2500,fred
2024-08-21,3.2700,fred
2024-08-22,3.2100,fred
2024-08-23,3.1900,fred
2024-08-26,3.1500,fred
2024-08-27,3.1700,fred
2024-08-28,3.1900,fred
2024-08-29,3.1500,fred
2024-08-30,3.1300,fred
2024-09-03,3.3100,fred
2024-09-04,3.3500,fred
2024-09-05,3.2900,fred
2024-09-06,3.3900,fred
2024-09-09,3.3600,fred
2024-09-10,3.4600,fred
2024-09-11,3.4400,fred
2024-09-12,3.3900,fred
2024-09-13,3.3700,fred
2024-09-16,3.3200,fred
2024-09-17,3.2500,fred
2024-09-18,3.2100,fred
2024-09-19,3.1000,fred
2024-09-20,3.1500,fred
2024-09-23,3.1500,fred
2024-09-24,3.2100,fred
2024-09-25,3.1900,fred
2024-09-26,3.1400,fred
2024-09-27,3.1400,fred
2024-09-30,3.0300,fred
2024-10-01,3.0700,fred
2024-10-02,3.0600,fred
2024-10-03,3.0400,fred
2024-10-04,2.8900,fred
2024-10-07,2.9500,fred
2024-10-08,2.9900,fred
2024-10-09,2.9400,fred
2024-10-10,2.9900,fred
2024-10-11,2.9800,fred
2024-10-14,2.9700,fred
2024-10-15,2.9300,fred
2024-10-16,2.9000,fred
2024-10-17,2.8900,fred
2024-10-18,2.8800,fred
2024-10-21,2.8800,fred
2024-10-22,2.9200,fred
2024-10-23,2.9500,fred
2024-10-24,2.9300,fred
2024-10-25,2.8900,fred
2024-10-28,2.8200,fred
2024-10-29,2.8500,fred
2024-10-30,2.8000,fred
2024-10-31,2.8800,fred
2024-11-01,2.8300,fred
2024-11-04,2.8700,fred
2024-11-05,2.8600,fred
2024-11-06,2.7400,fred
2024-11-07,2.7300,fred
2024-11-08,2.6300,fred
2024-11-11,2.6300,fred
2024-11-12,2.6100,fred
2024-11-13,2.6400,fred
2024-11-14,2.6000,fred
2024-11-15,2.7200,fred
2024-11-18,2.7200,fred
2024-11-19,2.6900,fred
2024-11-20,2.6700,fred
2024-11-21,2.6100,fred
2024-11-22,2.6100,fred
2024-11-25,2.6400,fred
2024-11-26,2.6800,fred
2024-11-27,2.6900,fred
2024-11-29,2.7200,fred
2024-12-02,2.6800,fred
2024-12-03,2.6600,fred
2024-12-04,2.6600,fred
2024-12-05,2.6600,fred
2024-12-06,2.6700,fred
2024-12-09,2.6700,fred
2024-12-10,2.6700,fred
2024-12-11,2.6400,fred
2024-12-12,2.6600,fred
2024-12-13,2.6800,fred
2024-12-16,2.6900,fred
2024-12-17,2.7500,fred
2024-12-18,2.7300,fred
2024-12-19,2.9100,fred
2024-12-20,2.8600,fred
2024-12-23,2.8500,fred
2024-12-24,2.8600,fred
2024-12-26,2.8600,fred
2024-12-27,2.8400,fred
2024-12-30,2.9400,fred
2024-12-31,2.9200,fred
2025-01-02,2.8800,fred
2025-01-03,2.8100,fred
2025-01-06,2.7600,fred
2025-01-07,2.7900,fred
2025-01-08,2.8400,fred
2025-01-10,2.8100,fred
2025-01-13,2.8500,fred
2025-01-14,2.8000,fred
2025-01-15,2.7200,fred
2025-01-16,2.7300,fred
2025-01-17,2.6400,fred
2025-01-21,2.6100,fred
2025-01-22,2.5900,fred
2025-01-23,2.6100,fred
2025-01-24,2.6000,fred
2025-01-27,2.6600,fred
2025-01-28,2.6600,fred
2025-01-29,2.6800,fred
2025-01-30,2.6700,fred
2025-01-31,2.6800,fred
2025-02-03,2.7300,fred
2025-02-04,2.7100,fred
2025-02-05,2.6900,fred
2025-02-06,2.6600,fred
2025-02-07,2.6700,fred
2025-02-10,2.6600,fred
2025-02-11,2.6600,fred
2025-02-12,2.6500,fred
2025-02-13,2.6500,fred
2025-02-14,2.6200,fred
2025-02-18,2.6200,fred
2025-02-19,2.6800,fred
2025-02-20,2.6600,fred
2025-02-21,2.7800,fred
2025-02-24,2.7800,fred
2025-02-25,2.8400,fred
2025-02-26,2.8100,fred
2025-02-27,2.8100,fred
2025-02-28,2.8700,fred
2025-03-03,2.9400,fred
2025-03-04,2.9900,fred
2025-03-05,2.8800,fred
2025-03-06,2.9900,fred
2025-03-07,2.9700,fred
2025-03-10,3.1600,fred
2025-03-11,3.2200,fred
2025-03-12,3.2000,fred
2025-03-13,3.4000,fred
2025-03-14,3.2500,fred
2025-03-17,3.1800,fred
2025-03-18,3.2300,fred
2025-03-19,3.1900,fred
2025-03-20,3.1700,fred
2025-03-21,3.2100,fred
2025-03-24,3.0500,fred
2025-03-25,3.0900,fred
2025-03-26,3.1900,fred
2025-03-27,3.2700,fred
2025-03-28,3.4700,fred
2025-03-31,3.5500,fred
2025-04-01,3.5000,fred
2025-04-02,3.4200,fred
2025-04-03,4.0100,fred
2025-04-04,4.4500,fred
2025-04-07,4.6100,fred
2025-04-08,4.5700,fred
2025-04-09,4.3700,fred
2025-04-10,4.4200,fred
2025-04-11,4.2600,fred
2025-04-14,4.1400,fred
2025-04-15,4.0900,fred
2025-04-16,4.1600,fred
2025-04-17,4.0200,fred
2025-04-21,4.1600,fred
2025-04-22,3.9900,fred
2025-04-23,3.7500,fred
2025-04-24,3.7300,fred
2025-04-25,3.6700,fred
2025-04-28,3.7300,fred
2025-04-29,3.7400,fred
2025-04-30,3.9400,fred
2025-05-01,3.7800,fred
2025-05-02,3.6000,fred
2025-05-05,3.6000,fred
2025-05-06,3.6600,fred
2025-05-07,3.6700,fred
2025-05-08,3.5100,fred
2025-05-09,3.5300,fred
2025-05-12,3.1500,fred
2025-05-13,3.0900,fred
2025-05-14,3.1000,fred
2025-05-15,3.2000,fred
2025-05-16,3.1600,fred
2025-05-19,3.2100,fred
2025-05-20,3.2000,fred
2025-05-21,3.2500,fred
2025-05-22,3.3200,fred
2025-05-23,3.4000,fred
2025-05-27,3.2400,fred
2025-05-28,3.2300,fred
2025-05-29,3.2200,fred
2025-05-30,3.3100,fred
2025-06-02,3.2700,fred
2025-06-03,3.1900,fred
2025-06-04,3.2300,fred
2025-06-05,3.1800,fred
2025-06-06,3.0900,fred
2025-06-09,3.1200,fred
2025-06-10,3.1200,fred
2025-06-11,3.1200,fred
2025-06-12,3.1700,fred
2025-06-13,3.1800,fred
2025-06-16,3.1000,fred
2025-06-17,3.1700,fred
2025-06-18,3.1600,fred
2025-06-20,3.1300,fred
2025-06-23,3.1200,fred
2025-06-24,3.0600,fred
2025-06-25,3.0400,fred
2025-06-26,3.0400,fred
2025-06-27,3.0200,fred
2025-06-30,2.9600,fred
2025-07-01,2.9100,fred
2025-07-02,2.8800,fred
2025-07-03,2.8000,fred
2025-07-07,2.8600,fred
2025-07-08,2.9200,fred
2025-07-09,2.9400,fred
2025-07-10,2.9200,fred
2025-07-11,2.9700,fred
2025-07-14,2.9500,fred
2025-07-15,2.9500,fred
2025-07-16,3.0000,fred
2025-07-17,2.9100,fred
2025-07-18,2.9300,fred
2025-07-21,2.8900,fred
2025-07-22,2.9000,fred
2025-07-23,2.8300,fred
2025-07-24,2.8200,fred
2025-07-25,2.8400,fred
2025-07-28,2.8200,fred
2025-07-29,2.8600,fred
2025-07-30,2.8900,fred
2025-07-31,2.8600,fred
2025-08-01,3.1300,fred
2025-08-04,3.0200,fred
2025-08-05,2.9800,fred
2025-08-06,2.9800,fred
2025-08-07,2.9500,fred
2025-08-08,2.9400,fred
2025-08-11,2.9400,fred
2025-08-12,2.9300,fred
2025-08-13,2.9000,fred
2025-08-14,2.8900,fred
2025-08-15,2.8800,fred
2025-08-18,2.8800,fred
2025-08-19,2.9000,fred
2025-08-20,2.9400,fred
2025-08-21,2.9500,fred
2025-08-22,2.8800,fred
2025-08-25,2.8000,fred
2025-08-26,2.7800,fred
2025-08-27,2.7800,fred
2025-08-28,2.7500,fred
2025-08-29,2.8200,fred
2025-09-02,2.9200,fred
2025-09-03,2.8800,fred
2025-09-04,2.8400,fred
2025-09-05,2.8300,fred
2025-09-08,2.8400,fred
2025-09-09,2.8700,fred
2025-09-10,2.8400,fred
2025-09-11,2.7800,fred
2025-09-12,2.7900,fred
2025-09-15,2.7500,fred
2025-09-16,2.7900,fred
2025-09-17,2.7900,fred
2025-09-18,2.7100,fred
2025-09-19,2.7200,fred
2025-09-22,2.6900,fred
2025-09-23,2.7100,fred
2025-09-24,2.7000,fred
2025-09-25,2.7600,fred
2025-09-26,2.7500,fred
2025-09-29,2.7400,fred
2025-09-30,2.8000,fred
2025-10-01,2.8100,fred
2025-10-02,2.8100,fred
2025-10-03,2.8000,fred
2025-10-06,2.7600,fred
2025-10-07,2.8200,fred
2025-10-08,2.8400,fred
2025-10-09,2.9500,fred
2025-10-10,3.1800,fred
2025-10-13,3.1800,fred
2025-10-14,3.1100,fred
2025-10-15,2.9500,fred
2025-10-16,3.0400,fred
2025-10-17,3.0400,fred
2025-10-20,2.9900,fred
2025-10-21,2.9700,fred
2025-10-22,3.0100,fred
2025-10-23,2.9600,fred
2025-10-24,2.8800,fred
2025-10-27,2.8000,fred
2025-10-28,2.8200,fred
2025-10-29,2.7600,fred
2025-10-30,2.8500,fred
2025-10-31,2.9400,fred
2025-11-03,3.0400,fred
2025-11-04,3.1300,fred
2025-11-05,3.0500,fred
2025-11-06,3.1300,fred
2025-11-07,3.1500,fred
2025-11-10,3.0200,fred
2025-11-11,3.0200,fred
2025-11-12,3.0200,fred
2025-11-13,3.0900,fred
2025-11-14,3.0700,fred
2025-11-17,3.1300,fred
2025-11-18,3.2000,fred
2025-11-19,3.1700,fred
2025-11-20,3.1700,fred
2025-11-21,3.1900,fred
2025-11-24,3.1500,fred
2025-11-25,3.1000,fred
2025-11-26,3.0000,fred
2025-11-28,2.9500,fred
2025-12-01,2.9400,fred
2025-12-02,2.9200,fred
2025-12-03,2.8900,fred
2025-12-04,2.8800,fred
2025-12-05,2.8500,fred
2025-12-08,2.8900,fred
2025-12-09,2.8900,fred
2025-12-10,2.9100,fred
2025-12-11,2.8800,fred
2025-12-12,2.9100,fred
2025-12-15,2.9100,fred
2025-12-16,2.9800,fred
2025-12-17,2.9900,fred
2025-12-18,2.9500,fred
2025-12-19,2.9000,fred
2025-12-22,2.8800,fred
2025-12-23,2.8300,fred
2025-12-24,2.8400,fred
2025-12-26,2.8600,fred
2025-12-29,2.8700,fred
2025-12-30,2.8400,fred
2025-12-31,2.8100,fred
2026-01-02,2.8300,fred
2026-01-05,2.8100,fred
2026-01-06,2.7900,fred
2026-01-07,2.7900,fred
2026-01-08,2.7600,fred
2026-01-09,2.7400,fred
2026-01-12,2.7400,fred
2026-01-13,2.7500,fred
2026-01-14,2.7600,fred
2026-01-15,2.7100,fred
2026-01-16,2.6500,fred
2026-01-20,2.7300,fred
2026-01-21,2.6900,fred
2026-01-22,2.6400,fred
2026-01-23,2.6800,fred
2026-01-26,2.6900,fred
2026-01-27,2.7100,fred
2026-01-28,2.7200,fred
2026-01-29,2.7700,fred
2026-01-30,2.8000,fred
2026-02-02,2.8100,fred
2026-02-03,2.8500,fred
2026-02-04,2.8600,fred
2026-02-05,2.9700,fred
2026-02-06,2.8700,fred
2026-02-09,2.8400,fred
2026-02-10,2.8600,fred
2026-02-11,2.8400,fred
2026-02-12,2.9200,fred
2026-02-13,2.9500,fred
2026-02-17,2.9400,fred
2026-02-18,2.8600,fred
2026-02-19,2.8800,fred
2026-02-20,2.8600,fred
2026-02-23,2.9500,fred
2026-02-24,2.9700,fred
2026-02-25,2.9400,fred
2026-02-26,2.9800,fred
2026-02-27,3.1000,fred
2026-03-02,3.0300,fred
2026-03-03,3.0800,fred
2026-03-04,2.9700,fred
2026-03-05,3.0000,fred
2026-03-06,3.1300,fred
2026-03-09,3.1900,fred
2026-03-10,3.0600,fred
2026-03-11,3.0900,fred
2026-03-12,3.1700,fred
2026-03-13,3.2800,fred
2026-03-16,3.2700,fred
2026-03-17,3.2200,fred
2026-03-18,3.2000,fred
2026-03-19,3.2700,fred
2026-03-20,3.2400,fred
2026-03-23,3.1900,fred
2026-03-24,3.1900,fred
2026-03-25,3.1700,fred
2026-03-26,3.2100,fred
2026-03-27,3.4200,fred
2026-03-30,3.4600,fred
2026-03-31,3.2800,fred
2026-04-01,3.1600,fred
2026-04-02,3.1700,fred
2026-04-06,3.0500,fred
2026-04-07,3.1200,fred
2026-04-08,2.9400,fred
2026-04-09,2.9000,fred
2026-04-10,2.9400,fred
2026-04-13,2.9500,fred
2026-04-14,2.8400,fred
2026-04-15,2.8500,fred
2026-04-16,2.8600,fred
2026-04-17,2.8300,fred
2026-04-20,2.8700,fred
2026-04-21,2.8500,fred
2026-04-22,2.8400,fred
2026-04-23,2.8600,fred
2026-04-24,2.8600,fred
2026-04-27,2.8400,fred
2026-04-28,2.8500,fred
2026-04-29,2.8200,fred
2026-04-30,2.8300,fred
2026-05-01,2.7700,fred
2026-05-04,2.7800,fred
2026-05-05,2.7700,fred
2026-05-06,2.7500,fred
2026-05-07,2.7900,fred
2026-05-08,2.8100,fred
2026-05-11,2.7900,fred
2026-05-12,2.8200,fred
2026-05-13,2.8200,fred
2026-05-14,2.7600,fred
2026-05-15,2.8000,fred
2026-05-18,2.8300,fred
2026-05-19,2.8600,fred
2026-05-20,2.8000,fred
2026-05-21,2.7800,fred
2026-05-22,2.7400,fred
2026-05-26,2.7200,fred
2026-05-27,2.7100,fred
2026-05-28,2.7200,fred
2026-05-29,2.7200,fred
2026-06-01,2.7200,fred
2026-06-02,2.7100,fred
2026-06-03,2.7500,fred
2026-06-04,2.7400,fred
2026-06-05,2.7600,fred
2026-06-08,2.7500,fred
2026-06-09,2.7800,fred
2026-06-10,2.8000,fred
2026-06-11,2.7800,fred
2026-06-12,2.7100,fred
2026-06-15,2.6600,fred
2026-06-16,2.7100,fred
2026-06-17,2.6300,fred
2026-06-18,2.6600,fred
2026-06-22,2.6500,fred
2026-06-23,2.7100,fred
2026-06-24,2.7600,fred
2026-06-25,2.7800,fred
2026-06-26,2.8300,fred
2026-06-29,2.8000,fred
2026-06-30,2.7500,fred
2026-07-01,2.7400,fred
2026-07-02,2.7500,fred
2026-07-06,2.7200,fred
2026-07-07,2.6700,fred
2026-07-08,2.7000,fred
2026-07-09,2.7000,fred
2026-07-10,2.6900,fred
2026-07-13,2.6900,fred
2026-07-14,2.7200,fred
2026-07-15,2.7100,fred
2026-07-16,2.7100,fred
2026-07-17,2.7300,fred
2026-07-20,2.6900,fred
2026-07-21,2.6900,fred
2026-07-22,2.6800,fred
2026-07-23,2.7700,fred
2026-07-24,2.7900,fred
2026-07-27,2.8100,fred
2026-07-28,2.8400,fred
2026-07-29,2.8700,fred
2026-07-30,2.8400,fred
2026-07-31,2.8500,fred
2026-08-03,2.7800,fred
2026-08-04,2.7300,fred
2026-08-05,2.7500,fred
2026-08-06,2.7100,fred
2026-08-07,2.7000,fred
2026-08-10,2.7000,fred
2026-08-11,2.7200,fred
2026-08-12,2.7100,fred
2026-08-13,2.7100,fred
2026-08-14,2.6700,fred
2026-08-17,2.7000,fred
2026-08-18,2.7500,fred
2026-08-19,2.7300,fred
2026-08-20,2.7500,fred
2026-08-21,2.7000,fred
2026-08-24,2.6900,fred
2026-08-25,2.7000,fred
2026-08-26,2.6700,fred
2026-08-27,2.6300,fred
2026-08-28,2.6000,fred
2026-08-31,2.6300,fred
2026-09-01,2.6500,fred
2026-09-02,2.6600,fred
2026-09-03,2.6500,fred
2026-09-04,2.6800,fred
2026-09-08,2.6700,fred
2026-09-09,2.7100,fred
2026-09-10,2.7000,fred
2026-09-11,2.6500,fred
2026-09-14,2.7100,fred
2026-09-15,2.7600,fred
2026-09-16,2.7000,fred
2026-09-17,2.7000,fred
2026-09-18,2.6800,fred
2026-09-21,2.6600,fred
2026-09-22,2.6800,fred
2026-09-23,2.7300,fred
2026-09-24,2.8000,fred
2026-09-25,2.9300,fred
2026-09-28,2.6791,proxy
