Date,Pct,Coverage
2005-10-17,58.95,95
2005-10-18,54.74,95
2005-10-19,63.16,95
2005-10-20,57.89,95
2005-10-21,58.95,95
2005-10-24,67.37,95
2005-10-25,69.47,95
2005-10-26,67.37,95
2005-10-27,57.89,95
2005-10-28,67.37,95
2005-10-31,67.37,95
2005-11-01,67.37,95
2005-11-02,67.37,95
2005-11-03,71.58,95
2005-11-04,71.58,95
2005-11-07,72.63,95
2005-11-08,72.63,95
2005-11-09,74.74,95
2005-11-10,76.84,95
2005-11-11,77.89,95
2005-11-14,77.89,95
2005-11-15,75.79,95
2005-11-16,78.95,95
2005-11-17,80.00,95
2005-11-18,81.05,95
2005-11-21,82.11,95
2005-11-22,85.26,95
2005-11-23,86.32,95
2005-11-25,88.42,95
2005-11-28,84.21,95
2005-11-29,85.26,95
2005-11-30,83.16,95
2005-12-01,86.32,95
2005-12-02,85.26,95
2005-12-05,83.16,95
2005-12-06,84.21,95
2005-12-07,82.11,95
2005-12-08,82.11,95
2005-12-09,85.26,95
2005-12-12,85.26,95
2005-12-13,85.26,95
2005-12-14,87.37,95
2005-12-15,87.37,95
2005-12-16,87.37,95
2005-12-19,83.16,95
2005-12-20,84.21,95
2005-12-21,84.21,95
2005-12-22,85.26,95
2005-12-23,84.21,95
2005-12-27,83.16,95
2005-12-28,83.16,95
2005-12-29,82.11,95
2005-12-30,81.05,95
2006-01-03,86.32,95
2006-01-04,86.32,95
2006-01-05,87.37,95
2006-01-06,88.42,95
2006-01-09,88.42,95
2006-01-10,87.37,95
2006-01-11,86.32,95
2006-01-12,87.37,95
2006-01-13,86.32,95
2006-01-17,87.37,95
2006-01-18,86.32,95
2006-01-19,86.32,95
2006-01-20,82.11,95
2006-01-23,80.00,95
2006-01-24,82.11,95
2006-01-25,81.05,95
2006-01-26,81.05,95
2006-01-27,83.16,95
2006-01-30,82.11,95
2006-01-31,82.11,95
2006-02-01,81.05,95
2006-02-02,78.95,95
2006-02-03,73.68,95
2006-02-06,73.68,95
2006-02-07,70.53,95
2006-02-08,75.79,95
2006-02-09,74.74,95
2006-02-10,75.79,95
2006-02-13,74.74,95
2006-02-14,78.95,95
2006-02-15,80.00,95
2006-02-16,82.11,95
2006-02-17,84.21,95
2006-02-21,81.05,95
2006-02-22,84.21,95
2006-02-23,78.95,95
2006-02-24,78.95,95
2006-02-27,86.32,95
2006-02-28,80.00,95
2006-03-01,83.16,95
2006-03-02,78.95,95
2006-03-03,77.89,95
2006-03-06,74.74,95
2006-03-07,74.74,95
2006-03-08,75.79,95
2006-03-09,72.63,95
2006-03-10,74.74,95
2006-03-13,76.84,95
2006-03-14,81.05,95
2006-03-15,83.16,95
2006-03-16,81.05,95
2006-03-17,78.95,95
2006-03-20,81.05,95
2006-03-21,77.89,95
2006-03-22,82.11,95
2006-03-23,80.00,95
2006-03-24,82.11,95
2006-03-27,83.16,95
2006-03-28,77.89,95
2006-03-29,82.11,95
2006-03-30,80.00,95
2006-03-31,77.89,95
2006-04-03,77.89,95
2006-04-04,80.00,95
2006-04-05,85.26,95
2006-04-06,82.11,95
2006-04-07,80.00,95
2006-04-10,78.95,95
2006-04-11,73.68,95
2006-04-12,72.63,95
2006-04-13,73.68,95
2006-04-17,71.58,95
2006-04-18,77.89,95
2006-04-19,76.84,95
2006-04-20,76.84,95
2006-04-21,76.84,95
2006-04-24,77.89,95
2006-04-25,78.95,95
2006-04-26,80.00,95
2006-04-27,80.00,95
2006-04-28,77.89,95
2006-05-01,73.68,95
2006-05-02,76.84,95
2006-05-03,76.84,95
2006-05-04,77.89,95
2006-05-05,82.11,95
2006-05-08,81.05,95
2006-05-09,80.00,95
2006-05-10,77.89,95
2006-05-11,76.84,95
2006-05-12,72.63,95
2006-05-15,75.79,95
2006-05-16,73.68,95
2006-05-17,69.47,95
2006-05-18,65.26,95
2006-05-19,68.42,95
2006-05-22,65.26,95
2006-05-23,58.95,95
2006-05-24,61.05,95
2006-05-25,70.53,95
2006-05-26,70.53,95
2006-05-30,57.89,95
2006-05-31,66.32,95
2006-06-01,70.53,95
2006-06-02,72.63,95
2006-06-05,63.16,95
2006-06-06,64.21,95
2006-06-07,62.11,95
2006-06-08,64.21,95
2006-06-09,60.00,95
2006-06-12,55.79,95
2006-06-13,51.58,95
2006-06-14,48.42,95
2006-06-15,66.32,95
2006-06-16,62.11,95
2006-06-19,52.63,95
2006-06-20,51.58,95
2006-06-21,56.84,95
2006-06-22,55.79,95
2006-06-23,57.89,95
2006-06-26,60.00,95
2006-06-27,54.74,95
2006-06-28,57.89,95
2006-06-29,65.26,95
2006-06-30,62.11,95
2006-07-03,66.32,95
2006-07-05,64.21,95
2006-07-06,65.26,95
2006-07-07,61.05,95
2006-07-10,57.89,95
2006-07-11,63.16,95
2006-07-12,58.95,95
2006-07-13,53.68,95
2006-07-14,48.42,95
2006-07-17,48.42,95
2006-07-18,47.37,95
2006-07-19,60.00,95
2006-07-20,53.68,95
2006-07-21,49.47,95
2006-07-24,53.68,95
2006-07-25,60.00,95
2006-07-26,57.89,95
2006-07-27,51.58,95
2006-07-28,63.16,95
2006-07-31,63.16,95
2006-08-01,58.95,95
2006-08-02,61.05,95
2006-08-03,61.05,95
2006-08-04,58.95,95
2006-08-07,57.89,95
2006-08-08,56.84,95
2006-08-09,54.74,95
2006-08-10,56.84,95
2006-08-11,54.74,95
2006-08-14,55.79,95
2006-08-15,61.05,95
2006-08-16,64.21,95
2006-08-17,66.32,95
2006-08-18,69.47,95
2006-08-21,67.37,95
2006-08-22,65.26,95
2006-08-23,64.21,95
2006-08-24,64.21,95
2006-08-25,61.05,95
2006-08-28,64.21,95
2006-08-29,62.11,95
2006-08-30,65.26,95
2006-08-31,69.47,95
2006-09-01,69.79,96
2006-09-05,70.83,96
2006-09-06,64.58,96
2006-09-07,63.54,96
2006-09-08,65.62,96
2006-09-11,67.71,96
2006-09-12,69.79,96
2006-09-13,71.88,96
2006-09-14,70.83,96
2006-09-15,72.92,96
2006-09-18,72.92,96
2006-09-19,71.88,96
2006-09-20,73.96,96
2006-09-21,72.92,96
2006-09-22,75.00,96
2006-09-25,77.08,96
2006-09-26,78.12,96
2006-09-27,80.21,96
2006-09-28,80.21,96
2006-09-29,81.25,96
2006-10-02,78.12,96
2006-10-03,79.17,96
2006-10-04,80.21,96
2006-10-05,81.25,96
2006-10-06,78.12,96
2006-10-09,78.12,96
2006-10-10,78.12,96
2006-10-11,80.21,96
2006-10-12,82.29,96
2006-10-13,82.29,96
2006-10-16,83.33,96
2006-10-17,81.25,96
2006-10-18,80.21,96
2006-10-19,80.21,96
2006-10-20,79.17,96
2006-10-23,84.38,96
2006-10-24,83.33,96
2006-10-25,84.38,96
2006-10-26,86.46,96
2006-10-27,80.21,96
2006-10-30,82.29,96
2006-10-31,82.29,96
2006-11-01,80.21,96
2006-11-02,79.17,96
2006-11-03,79.17,96
2006-11-06,82.29,96
2006-11-07,82.29,96
2006-11-08,81.25,96
2006-11-09,81.25,96
2006-11-10,81.25,96
2006-11-13,80.21,96
2006-11-14,83.33,96
2006-11-15,87.50,96
2006-11-16,85.42,96
2006-11-17,87.50,96
2006-11-20,87.50,96
2006-11-21,88.54,96
2006-11-22,87.50,96
2006-11-24,87.50,96
2006-11-27,84.38,96
2006-11-28,83.33,96
2006-11-29,87.50,96
2006-11-30,84.38,96
2006-12-01,84.38,96
2006-12-04,86.46,96
2006-12-05,86.46,96
2006-12-06,85.42,96
2006-12-07,85.42,96
2006-12-08,85.42,96
2006-12-11,87.50,96
2006-12-12,84.38,96
2006-12-13,86.46,96
2006-12-14,86.46,96
2006-12-15,86.46,96
2006-12-18,87.50,96
2006-12-19,85.42,96
2006-12-20,85.42,96
2006-12-21,85.42,96
2006-12-22,83.33,96
2006-12-26,82.29,96
2006-12-27,87.50,96
2006-12-28,86.46,96
2006-12-29,84.38,96
2007-01-03,84.38,96
2007-01-04,85.42,96
2007-01-05,85.42,96
2007-01-08,85.42,96
2007-01-09,85.42,96
2007-01-10,85.42,96
2007-01-11,85.42,96
2007-01-12,85.42,96
2007-01-16,85.42,96
2007-01-17,85.42,96
2007-01-18,85.42,96
2007-01-19,84.38,96
2007-01-22,84.38,96
2007-01-23,88.54,96
2007-01-24,88.54,96
2007-01-25,84.38,96
2007-01-26,86.46,96
2007-01-29,86.46,96
2007-01-30,88.54,96
2007-01-31,88.54,96
2007-02-01,87.50,96
2007-02-02,88.54,96
2007-02-05,89.58,96
2007-02-06,89.58,96
2007-02-07,89.58,96
2007-02-08,88.54,96
2007-02-09,88.54,96
2007-02-12,86.46,96
2007-02-13,86.46,96
2007-02-14,90.62,96
2007-02-15,90.62,96
2007-02-16,91.67,96
2007-02-20,90.62,96
2007-02-21,91.67,96
2007-02-22,90.62,96
2007-02-23,90.62,96
2007-02-26,90.62,96
2007-02-27,82.29,96
2007-02-28,83.33,96
2007-03-01,82.29,96
2007-03-02,77.08,96
2007-03-05,72.92,96
2007-03-06,79.17,96
2007-03-07,77.08,96
2007-03-08,82.29,96
2007-03-09,83.33,96
2007-03-12,82.29,96
2007-03-13,67.01,97
2007-03-14,72.16,97
2007-03-15,77.32,97
2007-03-16,71.13,97
2007-03-19,80.41,97
2007-03-20,79.38,97
2007-03-21,86.60,97
2007-03-22,87.63,97
2007-03-23,87.63,97
2007-03-26,87.63,97
2007-03-27,84.54,97
2007-03-28,79.38,97
2007-03-29,81.44,97
2007-03-30,81.44,97
2007-04-02,79.38,97
2007-04-03,83.51,97
2007-04-04,85.57,97
2007-04-05,86.60,97
2007-04-09,87.63,97
2007-04-10,87.63,97
2007-04-11,86.60,97
2007-04-12,87.63,97
2007-04-13,88.66,97
2007-04-16,89.69,97
2007-04-17,89.69,97
2007-04-18,90.72,97
2007-04-19,89.69,97
2007-04-20,89.69,97
2007-04-23,89.69,97
2007-04-24,89.69,97
2007-04-25,91.75,97
2007-04-26,91.75,97
2007-04-27,91.75,97
2007-04-30,91.75,97
2007-05-01,90.72,97
2007-05-02,89.69,97
2007-05-03,87.63,97
2007-05-04,88.66,97
2007-05-07,89.69,97
2007-05-08,86.60,97
2007-05-09,87.63,97
2007-05-10,87.63,97
2007-05-11,88.66,97
2007-05-14,88.66,97
2007-05-15,86.60,97
2007-05-16,87.63,97
2007-05-17,86.60,97
2007-05-18,88.66,97
2007-05-21,87.63,97
2007-05-22,87.63,97
2007-05-23,87.63,97
2007-05-24,84.54,97
2007-05-25,86.60,97
2007-05-29,86.60,97
2007-05-30,89.69,97
2007-05-31,89.69,97
2007-06-01,92.78,97
2007-06-04,92.78,97
2007-06-05,90.72,97
2007-06-06,91.75,97
2007-06-07,81.44,97
2007-06-08,89.69,97
2007-06-11,88.66,97
2007-06-12,82.47,97
2007-06-13,86.60,97
2007-06-14,87.63,97
2007-06-15,91.75,97
2007-06-18,89.69,97
2007-06-19,90.72,97
2007-06-20,86.60,97
2007-06-21,86.60,97
2007-06-22,82.47,97
2007-06-25,83.51,97
2007-06-26,78.35,97
2007-06-27,84.54,97
2007-06-28,85.57,97
2007-06-29,80.41,97
2007-07-02,85.57,97
2007-07-03,85.57,97
2007-07-05,84.54,97
2007-07-06,87.63,97
2007-07-09,84.54,97
2007-07-10,76.29,97
2007-07-11,79.38,97
2007-07-12,85.57,97
2007-07-13,84.54,97
2007-07-16,86.60,97
2007-07-17,84.54,97
2007-07-18,84.54,97
2007-07-19,83.51,97
2007-07-20,77.32,97
2007-07-23,81.44,97
2007-07-24,77.32,97
2007-07-25,77.32,97
2007-07-26,65.98,97
2007-07-27,63.92,97
2007-07-30,71.13,97
2007-07-31,63.92,97
2007-08-01,68.04,97
2007-08-02,70.10,97
2007-08-03,61.86,97
2007-08-06,72.16,97
2007-08-07,73.20,97
2007-08-08,76.29,97
2007-08-09,70.10,97
2007-08-10,70.10,97
2007-08-13,68.04,97
2007-08-14,58.76,97
2007-08-15,54.64,97
2007-08-16,57.73,97
2007-08-17,69.07,97
2007-08-20,67.01,97
2007-08-21,68.04,97
2007-08-22,71.13,97
2007-08-23,70.10,97
2007-08-24,72.16,97
2007-08-27,67.01,97
2007-08-28,60.82,97
2007-08-29,64.95,97
2007-08-30,64.95,97
2007-08-31,68.04,97
2007-09-04,71.13,97
2007-09-05,65.98,97
2007-09-06,71.13,97
2007-09-07,63.92,97
2007-09-10,62.89,97
2007-09-11,68.04,97
2007-09-12,68.04,97
2007-09-13,71.13,97
2007-09-14,69.07,97
2007-09-17,69.07,97
2007-09-18,77.32,97
2007-09-19,84.54,97
2007-09-20,78.35,97
2007-09-21,78.35,97
2007-09-24,78.35,97
2007-09-25,77.32,97
2007-09-26,82.47,97
2007-09-27,82.47,97
2007-09-28,82.47,97
2007-10-01,85.57,97
2007-10-02,86.60,97
2007-10-03,86.60,97
2007-10-04,86.60,97
2007-10-05,88.66,97
2007-10-08,86.60,97
2007-10-09,87.63,97
2007-10-10,85.57,97
2007-10-11,84.54,97
2007-10-12,85.57,97
2007-10-15,81.44,97
2007-10-16,80.41,97
2007-10-17,80.41,97
2007-10-18,77.32,97
2007-10-19,71.13,97
2007-10-22,73.20,97
2007-10-23,73.20,97
2007-10-24,71.13,97
2007-10-25,74.23,97
2007-10-26,78.35,97
2007-10-29,79.38,97
2007-10-30,77.32,97
2007-10-31,79.38,97
2007-11-01,70.10,97
2007-11-02,70.10,97
2007-11-05,72.16,97
2007-11-06,73.20,97
2007-11-07,64.95,97
2007-11-08,68.04,97
2007-11-09,59.79,97
2007-11-12,60.82,97
2007-11-13,67.01,97
2007-11-14,68.04,97
2007-11-15,63.92,97
2007-11-16,62.89,97
2007-11-19,59.79,97
2007-11-20,60.82,97
2007-11-21,54.64,97
2007-11-23,58.76,97
2007-11-26,53.61,97
2007-11-27,55.67,97
2007-11-28,68.04,97
2007-11-29,68.04,97
2007-11-30,69.07,97
2007-12-03,69.07,97
2007-12-04,68.04,97
2007-12-05,68.04,97
2007-12-06,71.13,97
2007-12-07,72.16,97
2007-12-10,74.23,97
2007-12-11,68.04,97
2007-12-12,70.10,97
2007-12-13,69.07,97
2007-12-14,63.92,97
2007-12-17,60.82,97
2007-12-18,60.82,97
2007-12-19,62.89,97
2007-12-20,61.86,97
2007-12-21,63.92,97
2007-12-24,68.04,97
2007-12-26,68.04,97
2007-12-27,63.92,97
2007-12-28,63.92,97
2007-12-31,64.95,97
2008-01-02,57.73,97
2008-01-03,56.70,97
2008-01-04,53.61,97
2008-01-07,54.64,97
2008-01-08,48.45,97
2008-01-09,49.48,97
2008-01-10,50.52,97
2008-01-11,49.48,97
2008-01-14,50.52,97
2008-01-15,45.36,97
2008-01-16,45.36,97
2008-01-17,36.08,97
2008-01-18,35.05,97
2008-01-22,27.84,97
2008-01-23,30.93,97
2008-01-24,31.96,97
2008-01-25,28.87,97
2008-01-28,30.93,97
2008-01-29,29.90,97
2008-01-30,30.93,97
2008-01-31,39.18,97
2008-02-01,40.21,97
2008-02-04,37.11,97
2008-02-05,29.90,97
2008-02-06,29.90,97
2008-02-07,32.99,97
2008-02-08,32.99,97
2008-02-11,34.02,97
2008-02-12,37.11,97
2008-02-13,41.24,97
2008-02-14,35.05,97
2008-02-15,35.05,97
2008-02-19,38.14,97
2008-02-20,39.18,97
2008-02-21,31.96,97
2008-02-22,35.05,97
2008-02-25,41.24,97
2008-02-26,44.33,97
2008-02-27,43.30,97
2008-02-28,39.18,97
2008-02-29,32.99,97
2008-03-03,32.99,97
2008-03-04,32.99,97
2008-03-05,34.02,97
2008-03-06,29.90,97
2008-03-07,24.74,97
2008-03-10,20.62,97
2008-03-11,28.87,97
2008-03-12,30.93,97
2008-03-13,30.93,97
2008-03-14,25.77,97
2008-03-17,25.77,97
2008-03-18,31.96,97
2008-03-19,28.87,97
2008-03-20,36.08,97
2008-03-24,42.27,97
2008-03-25,44.33,97
2008-03-26,37.11,97
2008-03-27,35.05,97
2008-03-28,30.93,97
2008-03-31,35.05,97
2008-04-01,49.48,97
2008-04-02,48.45,97
2008-04-03,50.52,97
2008-04-04,46.39,97
2008-04-07,48.45,97
2008-04-08,45.36,97
2008-04-09,41.24,97
2008-04-10,43.30,97
2008-04-11,35.05,97
2008-04-14,35.05,97
2008-04-15,34.02,97
2008-04-16,44.33,97
2008-04-17,43.30,97
2008-04-18,52.58,97
2008-04-21,49.48,97
2008-04-22,44.33,97
2008-04-23,50.52,97
2008-04-24,56.70,97
2008-04-25,55.67,97
2008-04-28,57.73,97
2008-04-29,53.61,97
2008-04-30,54.64,97
2008-05-01,62.89,97
2008-05-02,64.95,97
2008-05-05,59.79,97
2008-05-06,63.92,97
2008-05-07,52.58,97
2008-05-08,55.67,97
2008-05-09,52.58,97
2008-05-12,59.79,97
2008-05-13,60.82,97
2008-05-14,61.86,97
2008-05-15,67.01,97
2008-05-16,65.98,97
2008-05-19,65.98,97
2008-05-20,58.76,97
2008-05-21,56.70,97
2008-05-22,55.67,97
2008-05-23,51.55,97
2008-05-27,54.64,97
2008-05-28,54.64,97
2008-05-29,56.70,97
2008-05-30,57.73,97
2008-06-02,53.61,97
2008-06-03,48.45,97
2008-06-04,55.67,97
2008-06-05,61.86,97
2008-06-06,44.33,97
2008-06-09,42.27,97
2008-06-10,43.30,97
2008-06-11,37.11,97
2008-06-12,40.21,97
2008-06-13,44.33,97
2008-06-16,46.39,97
2008-06-17,43.30,97
2008-06-18,40.21,97
2008-06-19,42.27,97
2008-06-20,37.11,97
2008-06-23,39.18,97
2008-06-24,37.11,97
2008-06-25,38.14,97
2008-06-26,29.90,97
2008-06-27,28.87,97
2008-06-30,27.84,97
2008-07-01,30.93,97
2008-07-02,24.74,97
2008-07-03,29.90,97
2008-07-07,25.77,97
2008-07-08,30.93,97
2008-07-09,30.93,97
2008-07-10,30.93,97
2008-07-11,28.87,97
2008-07-14,26.80,97
2008-07-15,25.77,97
2008-07-16,29.90,97
2008-07-17,30.93,97
2008-07-18,34.02,97
2008-07-21,34.02,97
2008-07-22,37.11,97
2008-07-23,35.05,97
2008-07-24,29.90,97
2008-07-25,29.90,97
2008-07-28,27.84,97
2008-07-29,34.02,97
2008-07-30,36.08,97
2008-07-31,36.08,97
2008-08-01,35.05,97
2008-08-04,34.02,97
2008-08-05,42.27,97
2008-08-06,42.27,97
2008-08-07,38.14,97
2008-08-08,45.36,97
2008-08-11,49.48,97
2008-08-12,45.36,97
2008-08-13,45.36,97
2008-08-14,44.33,97
2008-08-15,48.45,97
2008-08-18,45.36,97
2008-08-19,42.27,97
2008-08-20,43.30,97
2008-08-21,42.27,97
2008-08-22,47.42,97
2008-08-25,42.27,97
2008-08-26,43.30,97
2008-08-27,46.39,97
2008-08-28,48.45,97
2008-08-29,45.36,97
2008-09-02,44.33,97
2008-09-03,40.21,97
2008-09-04,30.93,97
2008-09-05,30.93,97
2008-09-08,39.18,97
2008-09-09,34.02,97
2008-09-10,30.93,97
2008-09-11,37.11,97
2008-09-12,32.99,97
2008-09-15,25.77,97
2008-09-16,35.05,97
2008-09-17,22.68,97
2008-09-18,35.05,97
2008-09-19,41.24,97
2008-09-22,28.87,97
2008-09-23,22.68,97
2008-09-24,23.71,97
2008-09-25,29.90,97
2008-09-26,31.96,97
2008-09-29,16.49,97
2008-09-30,24.74,97
2008-10-01,23.71,97
2008-10-02,18.56,97
2008-10-03,16.49,97
2008-10-06,10.31,97
2008-10-07,6.19,97
2008-10-08,3.09,97
2008-10-09,1.03,97
2008-10-10,2.06,97
2008-10-13,6.19,97
2008-10-14,3.09,97
2008-10-15,1.03,97
2008-10-16,3.09,97
2008-10-17,3.09,97
2008-10-20,3.09,97
2008-10-21,3.09,97
2008-10-22,1.03,97
2008-10-23,4.12,97
2008-10-24,2.06,97
2008-10-27,2.06,97
2008-10-28,5.15,97
2008-10-29,3.09,97
2008-10-30,6.19,97
2008-10-31,8.25,97
2008-11-03,6.19,97
2008-11-04,12.37,97
2008-11-05,4.12,97
2008-11-06,2.06,97
2008-11-07,4.12,97
2008-11-10,3.09,97
2008-11-11,2.06,97
2008-11-12,1.03,97
2008-11-13,3.09,97
2008-11-14,2.06,97
2008-11-17,3.09,97
2008-11-18,2.06,97
2008-11-19,1.03,97
2008-11-20,0.00,97
2008-11-21,2.06,97
2008-11-24,2.06,97
2008-11-25,2.06,97
2008-11-26,4.12,97
2008-11-28,5.15,97
2008-12-01,1.03,97
2008-12-02,2.06,97
2008-12-03,4.12,97
2008-12-04,4.12,97
2008-12-05,7.22,97
2008-12-08,7.22,97
2008-12-09,4.12,97
2008-12-10,6.19,97
2008-12-11,4.12,97
2008-12-12,4.12,97
2008-12-15,4.12,97
2008-12-16,7.22,97
2008-12-17,6.19,97
2008-12-18,6.19,97
2008-12-19,6.19,97
2008-12-22,5.15,97
2008-12-23,5.15,97
2008-12-24,5.15,97
2008-12-26,5.15,97
2008-12-29,4.08,98
2008-12-30,6.12,98
2008-12-31,7.07,99
2009-01-02,10.10,99
2009-01-05,9.09,99
2009-01-06,7.07,99
2009-01-07,4.04,99
2009-01-08,5.05,99
2009-01-09,3.03,99
2009-01-12,4.04,99
2009-01-13,3.03,99
2009-01-14,2.02,99
2009-01-15,2.02,99
2009-01-16,3.03,99
2009-01-20,2.02,99
2009-01-21,3.03,99
2009-01-22,3.03,99
2009-01-23,1.01,99
2009-01-26,3.03,99
2009-01-27,2.02,99
2009-01-28,6.06,99
2009-01-29,4.04,99
2009-01-30,4.04,99
2009-02-02,4.04,99
2009-02-03,5.05,99
2009-02-04,4.04,99
2009-02-05,4.04,99
2009-02-06,5.05,99
2009-02-09,6.06,99
2009-02-10,3.03,99
2009-02-11,4.04,99
2009-02-12,4.04,99
2009-02-13,4.04,99
2009-02-17,2.02,99
2009-02-18,2.02,99
2009-02-19,2.02,99
2009-02-20,2.02,99
2009-02-23,1.01,99
2009-02-24,4.04,99
2009-02-25,1.01,99
2009-02-26,0.00,99
2009-02-27,0.00,99
2009-03-02,0.00,99
2009-03-03,0.00,99
2009-03-04,0.00,99
2009-03-05,0.00,99
2009-03-06,0.00,99
2009-03-09,0.00,99
2009-03-10,1.01,99
2009-03-11,1.01,99
2009-03-12,2.02,99
2009-03-13,2.02,99
2009-03-16,1.01,99
2009-03-17,2.02,99
2009-03-18,3.03,99
2009-03-19,2.02,99
2009-03-20,1.01,99
2009-03-23,4.04,99
2009-03-24,3.03,99
2009-03-25,3.03,99
2009-03-26,9.09,99
2009-03-27,5.05,99
2009-03-30,3.03,99
2009-03-31,4.04,99
2009-04-01,7.07,99
2009-04-02,10.10,99
2009-04-03,15.15,99
2009-04-06,13.13,99
2009-04-07,10.10,99
2009-04-08,13.13,99
2009-04-09,19.19,99
2009-04-13,20.20,99
2009-04-14,15.15,99
2009-04-15,18.18,99
2009-04-16,21.21,99
2009-04-17,25.25,99
2009-04-20,14.14,99
2009-04-21,23.23,99
2009-04-22,21.21,99
2009-04-23,23.23,99
2009-04-24,28.28,99
2009-04-27,29.29,99
2009-04-28,31.31,99
2009-04-29,35.35,99
2009-04-30,32.32,99
2009-05-01,33.33,99
2009-05-04,45.45,99
2009-05-05,43.43,99
2009-05-06,46.46,99
2009-05-07,38.38,99
2009-05-08,48.48,99
2009-05-11,37.37,99
2009-05-12,39.39,99
2009-05-13,27.27,99
2009-05-14,30.30,99
2009-05-15,30.30,99
2009-05-18,41.41,99
2009-05-19,40.40,99
2009-05-20,43.43,99
2009-05-21,36.36,99
2009-05-22,37.37,99
2009-05-26,48.48,99
2009-05-27,40.40,99
2009-05-28,49.49,99
2009-05-29,58.59,99
2009-06-01,65.66,99
2009-06-02,71.72,99
2009-06-03,62.63,99
2009-06-04,66.67,99
2009-06-05,65.66,99
2009-06-08,63.64,99
2009-06-09,65.66,99
2009-06-10,65.66,99
2009-06-11,66.67,99
2009-06-12,64.65,99
2009-06-15,62.63,99
2009-06-16,62.63,99
2009-06-17,60.61,99
2009-06-18,66.67,99
2009-06-19,66.67,99
2009-06-22,57.58,99
2009-06-23,58.59,99
2009-06-24,55.56,99
2009-06-25,69.70,99
2009-06-26,67.68,99
2009-06-29,73.74,99
2009-06-30,72.73,99
2009-07-01,74.75,99
2009-07-02,61.62,99
2009-07-06,64.65,99
2009-07-07,56.57,99
2009-07-08,56.57,99
2009-07-09,59.60,99
2009-07-10,57.58,99
2009-07-13,68.69,99
2009-07-14,70.71,99
2009-07-15,77.78,99
2009-07-16,83.84,99
2009-07-17,80.81,99
2009-07-20,85.86,99
2009-07-21,86.87,99
2009-07-22,87.88,99
2009-07-23,90.91,99
2009-07-24,91.92,99
2009-07-27,89.90,99
2009-07-28,91.92,99
2009-07-29,90.91,99
2009-07-30,90.91,99
2009-07-31,90.91,99
2009-08-03,91.92,99
2009-08-04,92.93,99
2009-08-05,93.94,99
2009-08-06,91.92,99
2009-08-07,92.93,99
2009-08-10,92.93,99
2009-08-11,89.90,99
2009-08-12,94.95,99
2009-08-13,92.93,99
2009-08-14,92.93,99
2009-08-17,89.90,99
2009-08-18,89.90,99
2009-08-19,91.92,99
2009-08-20,93.94,99
2009-08-21,96.97,99
2009-08-24,95.96,99
2009-08-25,96.97,99
2009-08-26,96.97,99
2009-08-27,96.97,99
2009-08-28,96.97,99
2009-08-31,96.97,99
2009-09-01,96.97,99
2009-09-02,94.95,99
2009-09-03,95.96,99
2009-09-04,96.97,99
2009-09-08,97.98,99
2009-09-09,96.97,99
2009-09-10,95.96,99
2009-09-11,95.96,99
2009-09-14,97.98,99
2009-09-15,95.96,99
2009-09-16,97.98,99
2009-09-17,96.97,99
2009-09-18,97.98,99
2009-09-21,97.98,99
2009-09-22,96.97,99
2009-09-23,95.96,99
2009-09-24,97.98,99
2009-09-25,96.97,99
2009-09-28,97.98,99
2009-09-29,96.97,99
2009-09-30,96.97,99
2009-10-01,96.97,99
2009-10-02,94.95,99
2009-10-05,94.95,99
2009-10-06,96.97,99
2009-10-07,95.96,99
2009-10-08,97.98,99
2009-10-09,97.98,99
2009-10-12,96.97,99
2009-10-13,97.98,99
2009-10-14,97.98,99
2009-10-15,98.99,99
2009-10-16,97.98,99
2009-10-19,100.00,99
2009-10-20,96.97,99
2009-10-21,96.97,99
2009-10-22,96.97,99
2009-10-23,95.96,99
2009-10-26,94.95,99
2009-10-27,94.95,99
2009-10-28,93.94,99
2009-10-29,95.96,99
2009-10-30,93.94,99
2009-11-02,95.96,99
2009-11-03,94.95,99
2009-11-04,92.93,99
2009-11-05,94.95,99
2009-11-06,96.97,99
2009-11-09,97.98,99
2009-11-10,95.96,99
2009-11-11,97.98,99
2009-11-12,95.96,99
2009-11-13,96.97,99
2009-11-16,96.97,99
2009-11-17,96.97,99
2009-11-18,97.98,99
2009-11-19,96.97,99
2009-11-20,96.97,99
2009-11-23,97.98,99
2009-11-24,96.97,99
2009-11-25,96.97,99
2009-11-27,96.97,99
2009-11-30,96.97,99
2009-12-01,98.99,99
2009-12-02,98.99,99
2009-12-03,97.98,99
2009-12-04,97.98,99
2009-12-07,97.98,99
2009-12-08,97.98,99
2009-12-09,97.98,99
2009-12-10,97.98,99
2009-12-11,98.99,99
2009-12-14,98.99,99
2009-12-15,95.96,99
2009-12-16,95.96,99
2009-12-17,94.95,99
2009-12-18,95.96,99
2009-12-21,96.97,99
2009-12-22,95.96,99
2009-12-23,94.95,99
2009-12-24,94.95,99
2009-12-28,95.96,99
2009-12-29,95.96,99
2009-12-30,96.97,99
2009-12-31,93.94,99
2010-01-04,95.96,99
2010-01-05,95.96,99
2010-01-06,94.95,99
2010-01-07,94.95,99
2010-01-08,94.95,99
2010-01-11,95.96,99
2010-01-12,94.95,99
2010-01-13,95.96,99
2010-01-14,95.96,99
2010-01-15,95.96,99
2010-01-19,96.97,99
2010-01-20,97.98,99
2010-01-21,96.97,99
2010-01-22,93.94,99
2010-01-25,94.95,99
2010-01-26,91.92,99
2010-01-27,92.93,99
2010-01-28,89.90,99
2010-01-29,87.88,99
2010-02-01,89.90,99
2010-02-02,92.93,99
2010-02-03,90.91,99
2010-02-04,83.84,99
2010-02-05,87.88,99
2010-02-08,78.79,99
2010-02-09,84.85,99
2010-02-10,84.85,99
2010-02-11,86.87,99
2010-02-12,84.85,99
2010-02-16,89.90,99
2010-02-17,89.90,99
2010-02-18,92.93,99
2010-02-19,92.93,99
2010-02-22,91.92,99
2010-02-23,88.89,99
2010-02-24,90.91,99
2010-02-25,88.89,99
2010-02-26,89.90,99
2010-03-01,90.91,99
2010-03-02,90.91,99
2010-03-03,90.91,99
2010-03-04,91.92,99
2010-03-05,92.93,99
2010-03-08,93.94,99
2010-03-09,94.95,99
2010-03-10,94.95,99
2010-03-11,94.95,99
2010-03-12,94.95,99
2010-03-15,93.94,99
2010-03-16,94.95,99
2010-03-17,94.95,99
2010-03-18,94.95,99
2010-03-19,94.95,99
2010-03-22,95.96,99
2010-03-23,96.97,99
2010-03-24,95.96,99
2010-03-25,93.94,99
2010-03-26,94.95,99
2010-03-29,94.95,99
2010-03-30,94.95,99
2010-03-31,94.95,99
2010-04-01,94.95,99
2010-04-05,92.93,99
2010-04-06,93.94,99
2010-04-07,93.94,99
2010-04-08,93.94,99
2010-04-09,95.96,99
2010-04-12,95.96,99
2010-04-13,95.96,99
2010-04-14,95.96,99
2010-04-15,94.95,99
2010-04-16,91.92,99
2010-04-19,92.93,99
2010-04-20,92.93,99
2010-04-21,92.93,99
2010-04-22,90.91,99
2010-04-23,92.93,99
2010-04-26,91.92,99
2010-04-27,88.89,99
2010-04-28,89.90,99
2010-04-29,91.92,99
2010-04-30,89.90,99
2010-05-03,90.91,99
2010-05-04,85.86,99
2010-05-05,86.87,99
2010-05-06,73.74,99
2010-05-07,66.67,99
2010-05-10,81.82,99
2010-05-11,80.81,99
2010-05-12,83.84,99
2010-05-13,79.80,99
2010-05-14,69.70,99
2010-05-17,73.74,99
2010-05-18,69.70,99
2010-05-19,68.69,99
2010-05-20,41.41,99
2010-05-21,51.00,100
2010-05-24,43.00,100
2010-05-25,43.00,100
2010-05-26,38.00,100
2010-05-27,59.00,100
2010-05-28,52.00,100
2010-06-01,41.00,100
2010-06-02,56.00,100
2010-06-03,54.00,100
2010-06-04,40.00,100
2010-06-07,31.00,100
2010-06-08,38.00,100
2010-06-09,35.00,100
2010-06-10,51.00,100
2010-06-11,50.00,100
2010-06-14,52.00,100
2010-06-15,62.00,100
2010-06-16,61.00,100
2010-06-17,61.00,100
2010-06-18,60.00,100
2010-06-21,59.00,100
2010-06-22,53.00,100
2010-06-23,54.00,100
2010-06-24,43.00,100
2010-06-25,44.00,100
2010-06-28,42.00,100
2010-06-29,27.00,100
2010-06-30,25.00,100
2010-07-01,21.00,100
2010-07-02,19.00,100
2010-07-06,21.00,100
2010-07-07,35.00,100
2010-07-08,41.00,100
2010-07-09,46.00,100
2010-07-12,47.00,100
2010-07-13,52.00,100
2010-07-14,51.00,100
2010-07-15,51.00,100
2010-07-16,37.00,100
2010-07-19,41.00,100
2010-07-20,48.00,100
2010-07-21,40.00,100
2010-07-22,50.00,100
2010-07-23,53.00,100
2010-07-26,56.00,100
2010-07-27,54.00,100
2010-07-28,51.00,100
2010-07-29,50.00,100
2010-07-30,50.00,100
2010-08-02,58.00,100
2010-08-03,52.00,100
2010-08-04,56.00,100
2010-08-05,58.00,100
2010-08-06,55.00,100
2010-08-09,60.00,100
2010-08-10,58.00,100
2010-08-11,41.00,100
2010-08-12,38.00,100
2010-08-13,35.00,100
2010-08-16,34.00,100
2010-08-17,41.00,100
2010-08-18,43.00,100
2010-08-19,34.00,100
2010-08-20,34.00,100
2010-08-23,33.00,100
2010-08-24,27.00,100
2010-08-25,27.00,100
2010-08-26,26.00,100
2010-08-27,32.00,100
2010-08-30,25.00,100
2010-08-31,26.00,100
2010-09-01,34.00,100
2010-09-02,43.00,100
2010-09-03,48.00,100
2010-09-07,40.00,100
2010-09-08,44.00,100
2010-09-09,46.00,100
2010-09-10,48.00,100
2010-09-13,52.00,100
2010-09-14,52.00,100
2010-09-15,52.00,100
2010-09-16,56.00,100
2010-09-17,59.00,100
2010-09-20,66.00,100
2010-09-21,65.00,100
2010-09-22,61.00,100
2010-09-23,57.00,100
2010-09-24,65.00,100
2010-09-27,62.00,100
2010-09-28,64.00,100
2010-09-29,63.00,100
2010-09-30,63.00,100
2010-10-01,65.00,100
2010-10-04,62.00,100
2010-10-05,68.00,100
2010-10-06,66.00,100
2010-10-07,67.00,100
2010-10-08,70.00,100
2010-10-11,69.00,100
2010-10-12,71.00,100
2010-10-13,72.00,100
2010-10-14,70.00,100
2010-10-15,71.00,100
2010-10-18,74.00,100
2010-10-19,70.00,100
2010-10-20,72.00,100
2010-10-21,72.00,100
2010-10-22,71.00,100
2010-10-25,73.00,100
2010-10-26,73.00,100
2010-10-27,75.00,100
2010-10-28,75.00,100
2010-10-29,76.00,100
2010-11-01,77.00,100
2010-11-02,78.00,100
2010-11-03,80.00,100
2010-11-04,84.00,100
2010-11-05,86.00,100
2010-11-08,83.00,100
2010-11-09,80.00,100
2010-11-10,82.00,100
2010-11-11,79.00,100
2010-11-12,76.00,100
2010-11-15,75.00,100
2010-11-16,71.00,100
2010-11-17,70.00,100
2010-11-18,73.00,100
2010-11-19,76.00,100
2010-11-22,74.00,100
2010-11-23,72.00,100
2010-11-24,74.00,100
2010-11-26,72.00,100
2010-11-29,71.00,100
2010-11-30,70.00,100
2010-12-01,75.00,100
2010-12-02,82.00,100
2010-12-03,85.00,100
2010-12-06,84.00,100
2010-12-07,83.00,100
2010-12-08,87.00,100
2010-12-09,88.00,100
2010-12-10,88.00,100
2010-12-13,88.00,100
2010-12-14,89.00,100
2010-12-15,87.00,100
2010-12-16,85.00,100
2010-12-17,84.00,100
2010-12-20,87.00,100
2010-12-21,88.00,100
2010-12-22,88.00,100
2010-12-23,88.00,100
2010-12-27,88.00,100
2010-12-28,88.00,100
2010-12-29,88.00,100
2010-12-30,88.00,100
2010-12-31,87.00,100
2011-01-03,89.00,100
2011-01-04,89.00,100
2011-01-05,92.00,100
2011-01-06,93.00,100
2011-01-07,92.00,100
2011-01-10,92.00,100
2011-01-11,93.00,100
2011-01-12,94.00,100
2011-01-13,93.00,100
2011-01-14,95.00,100
2011-01-18,95.00,100
2011-01-19,95.00,100
2011-01-20,95.00,100
2011-01-21,96.00,100
2011-01-24,95.00,100
2011-01-25,95.00,100
2011-01-26,94.00,100
2011-01-27,94.00,100
2011-01-28,94.00,100
2011-01-31,93.00,100
2011-02-01,95.00,100
2011-02-02,94.00,100
2011-02-03,95.00,100
2011-02-04,95.00,100
2011-02-07,94.00,100
2011-02-08,96.00,100
2011-02-09,95.00,100
2011-02-10,95.00,100
2011-02-11,94.00,100
2011-02-14,94.00,100
2011-02-15,96.00,100
2011-02-16,94.00,100
2011-02-17,95.00,100
2011-02-18,94.00,100
2011-02-22,92.00,100
2011-02-23,91.00,100
2011-02-24,91.00,100
2011-02-25,92.00,100
2011-02-28,92.00,100
2011-03-01,92.00,100
2011-03-02,92.00,100
2011-03-03,94.00,100
2011-03-04,94.00,100
2011-03-07,92.00,100
2011-03-08,95.00,100
2011-03-09,96.00,100
2011-03-10,91.00,100
2011-03-11,92.00,100
2011-03-14,91.00,100
2011-03-15,85.00,100
2011-03-16,83.00,100
2011-03-17,85.00,100
2011-03-18,84.00,100
2011-03-21,86.00,100
2011-03-22,86.00,100
2011-03-23,88.00,100
2011-03-24,89.00,100
2011-03-25,87.00,100
2011-03-28,88.00,100
2011-03-29,88.00,100
2011-03-30,91.00,100
2011-03-31,89.00,100
2011-04-01,90.00,100
2011-04-04,93.00,100
2011-04-05,92.00,100
2011-04-06,92.00,100
2011-04-07,93.00,100
2011-04-08,93.00,100
2011-04-11,93.00,100
2011-04-12,92.00,100
2011-04-13,91.00,100
2011-04-14,91.00,100
2011-04-15,91.00,100
2011-04-18,89.00,100
2011-04-19,89.00,100
2011-04-20,91.00,100
2011-04-21,91.00,100
2011-04-25,91.00,100
2011-04-26,94.00,100
2011-04-27,95.00,100
2011-04-28,95.00,100
2011-04-29,95.00,100
2011-05-02,94.00,100
2011-05-03,94.00,100
2011-05-04,94.00,100
2011-05-05,92.00,100
2011-05-06,93.00,100
2011-05-09,93.00,100
2011-05-10,93.00,100
2011-05-11,92.00,100
2011-05-12,92.00,100
2011-05-13,92.00,100
2011-05-16,92.00,100
2011-05-17,92.00,100
2011-05-18,92.00,100
2011-05-19,91.00,100
2011-05-20,91.00,100
2011-05-23,89.00,100
2011-05-24,89.00,100
2011-05-25,89.00,100
2011-05-26,89.00,100
2011-05-27,89.00,100
2011-05-31,90.00,100
2011-06-01,83.00,100
2011-06-02,83.00,100
2011-06-03,79.00,100
2011-06-06,78.00,100
2011-06-07,78.00,100
2011-06-08,75.00,100
2011-06-09,76.00,100
2011-06-10,72.00,100
2011-06-13,72.00,100
2011-06-14,78.00,100
2011-06-15,70.00,100
2011-06-16,69.00,100
2011-06-17,70.00,100
2011-06-20,70.00,100
2011-06-21,76.00,100
2011-06-22,73.00,100
2011-06-23,74.00,100
2011-06-24,69.00,100
2011-06-27,71.00,100
2011-06-28,75.00,100
2011-06-29,77.00,100
2011-06-30,81.00,100
2011-07-01,84.00,100
2011-07-05,82.00,100
2011-07-06,84.00,100
2011-07-07,85.00,100
2011-07-08,82.00,100
2011-07-11,76.00,100
2011-07-12,74.00,100
2011-07-13,75.00,100
2011-07-14,72.00,100
2011-07-15,70.00,100
2011-07-18,65.00,100
2011-07-19,70.00,100
2011-07-20,71.00,100
2011-07-21,77.00,100
2011-07-22,74.00,100
2011-07-25,71.00,100
2011-07-26,68.00,100
2011-07-27,59.00,100
2011-07-28,58.00,100
2011-07-29,55.00,100
2011-08-01,53.00,100
2011-08-02,43.00,100
2011-08-03,43.00,100
2011-08-04,27.00,100
2011-08-05,28.00,100
2011-08-08,13.00,100
2011-08-09,20.00,100
2011-08-10,12.00,100
2011-08-11,20.00,100
2011-08-12,23.00,100
2011-08-15,31.00,100
2011-08-16,29.00,100
2011-08-17,29.00,100
2011-08-18,16.00,100
2011-08-19,17.00,100
2011-08-22,15.00,100
2011-08-23,26.00,100
2011-08-24,29.00,100
2011-08-25,24.00,100
2011-08-26,27.00,100
2011-08-29,34.00,100
2011-08-30,37.00,100
2011-08-31,38.00,100
2011-09-01,33.00,100
2011-09-02,25.74,101
2011-09-06,24.75,101
2011-09-07,33.66,101
2011-09-08,31.68,101
2011-09-09,21.78,101
2011-09-12,25.74,101
2011-09-13,26.73,101
2011-09-14,30.69,101
2011-09-15,37.62,101
2011-09-16,40.59,101
2011-09-19,39.60,101
2011-09-20,37.62,101
2011-09-21,31.68,101
2011-09-22,23.76,101
2011-09-23,23.76,101
2011-09-26,27.72,101
2011-09-27,29.70,101
2011-09-28,24.75,101
2011-09-29,28.71,101
2011-09-30,23.76,101
2011-10-03,17.82,101
2011-10-04,24.75,101
2011-10-05,26.73,101
2011-10-06,31.68,101
2011-10-07,32.67,101
2011-10-10,36.63,101
2011-10-11,36.63,101
2011-10-12,38.61,101
2011-10-13,38.61,101
2011-10-14,41.58,101
2011-10-17,36.63,101
2011-10-18,43.56,101
2011-10-19,42.57,101
2011-10-20,41.58,101
2011-10-21,51.49,101
2011-10-24,53.47,101
2011-10-25,47.52,101
2011-10-26,50.50,101
2011-10-27,60.40,101
2011-10-28,60.40,101
2011-10-31,50.50,101
2011-11-01,47.52,101
2011-11-02,47.52,101
2011-11-03,54.46,101
2011-11-04,56.44,101
2011-11-07,57.43,101
2011-11-08,62.38,101
2011-11-09,50.50,101
2011-11-10,52.48,101
2011-11-11,61.39,101
2011-11-14,57.43,101
2011-11-15,62.38,101
2011-11-16,52.48,101
2011-11-17,42.57,101
2011-11-18,40.59,101
2011-11-21,32.67,101
2011-11-22,32.67,101
2011-11-23,27.72,101
2011-11-25,26.73,101
2011-11-28,34.65,101
2011-11-29,37.62,101
2011-11-30,55.45,101
2011-12-01,55.45,101
2011-12-02,54.46,101
2011-12-05,58.42,101
2011-12-06,56.44,101
2011-12-07,60.40,101
2011-12-08,51.49,101
2011-12-09,59.41,101
2011-12-12,51.49,101
2011-12-13,49.50,101
2011-12-14,46.53,101
2011-12-15,46.53,101
2011-12-16,47.52,101
2011-12-19,45.54,101
2011-12-20,54.46,101
2011-12-21,58.42,101
2011-12-22,60.40,101
2011-12-23,63.37,101
2011-12-27,63.37,101
2011-12-28,58.42,101
2011-12-29,63.37,101
2011-12-30,61.39,101
2012-01-03,67.33,101
2012-01-04,67.33,101
2012-01-05,65.35,101
2012-01-06,66.34,101
2012-01-09,64.36,101
2012-01-10,73.27,101
2012-01-11,74.26,101
2012-01-12,73.27,101
2012-01-13,69.31,101
2012-01-17,75.25,101
2012-01-18,78.22,101
2012-01-19,83.17,101
2012-01-20,84.16,101
2012-01-23,83.17,101
2012-01-24,83.17,101
2012-01-25,84.16,101
2012-01-26,81.19,101
2012-01-27,81.19,101
2012-01-30,82.18,101
2012-01-31,79.21,101
2012-02-01,86.14,101
2012-02-02,89.11,101
2012-02-03,92.08,101
2012-02-06,93.07,101
2012-02-07,92.08,101
2012-02-08,93.07,101
2012-02-09,92.08,101
2012-02-10,93.07,101
2012-02-13,93.07,101
2012-02-14,89.11,101
2012-02-15,89.11,101
2012-02-16,93.07,101
2012-02-17,93.07,101
2012-02-21,92.08,101
2012-02-22,92.08,101
2012-02-23,94.06,101
2012-02-24,94.06,101
2012-02-27,94.06,101
2012-02-28,94.06,101
2012-02-29,94.06,101
2012-03-01,94.06,101
2012-03-02,95.05,101
2012-03-05,95.05,101
2012-03-06,92.08,101
2012-03-07,93.07,101
2012-03-08,95.05,101
2012-03-09,95.05,101
2012-03-12,93.07,101
2012-03-13,97.03,101
2012-03-14,96.04,101
2012-03-15,96.04,101
2012-03-16,97.03,101
2012-03-19,97.03,101
2012-03-20,97.03,101
2012-03-21,94.06,101
2012-03-22,94.06,101
2012-03-23,94.06,101
2012-03-26,97.03,101
2012-03-27,97.03,101
2012-03-28,97.03,101
2012-03-29,97.03,101
2012-03-30,97.03,101
2012-04-02,96.04,101
2012-04-03,96.04,101
2012-04-04,96.04,101
2012-04-05,97.03,101
2012-04-09,93.07,101
2012-04-10,88.12,101
2012-04-11,91.09,101
2012-04-12,93.07,101
2012-04-13,90.10,101
2012-04-16,91.09,101
2012-04-17,93.07,101
2012-04-18,91.09,101
2012-04-19,90.10,101
2012-04-20,90.10,101
2012-04-23,86.14,101
2012-04-24,87.13,101
2012-04-25,93.07,101
2012-04-26,93.07,101
2012-04-27,95.05,101
2012-04-30,94.06,101
2012-05-01,95.05,101
2012-05-02,96.04,101
2012-05-03,92.08,101
2012-05-04,89.11,101
2012-05-07,89.11,101
2012-05-08,89.11,101
2012-05-09,82.18,101
2012-05-10,84.16,101
2012-05-11,82.18,101
2012-05-14,78.22,101
2012-05-15,73.27,101
2012-05-16,69.31,101
2012-05-17,66.34,101
2012-05-18,60.40,101
2012-05-21,66.34,101
2012-05-22,65.35,101
2012-05-23,66.34,101
2012-05-24,66.34,101
2012-05-25,66.34,101
2012-05-29,72.28,101
2012-05-30,65.35,101
2012-05-31,63.37,101
2012-06-01,53.47,101
2012-06-04,51.49,101
2012-06-05,56.44,101
2012-06-06,63.37,101
2012-06-07,65.35,101
2012-06-08,68.32,101
2012-06-11,64.36,101
2012-06-12,66.34,101
2012-06-13,66.34,101
2012-06-14,66.34,101
2012-06-15,70.30,101
2012-06-18,70.30,101
2012-06-19,72.28,101
2012-06-20,75.25,101
2012-06-21,62.38,101
2012-06-22,66.34,101
2012-06-25,63.37,101
2012-06-26,64.36,101
2012-06-27,67.33,101
2012-06-28,65.35,101
2012-06-29,75.25,101
2012-07-02,75.25,101
2012-07-03,78.22,101
2012-07-05,76.24,101
2012-07-06,72.28,101
2012-07-09,67.33,101
2012-07-10,64.36,101
2012-07-11,63.37,101
2012-07-12,57.43,101
2012-07-13,68.32,101
2012-07-16,63.37,101
2012-07-17,67.33,101
2012-07-18,71.29,101
2012-07-19,73.27,101
2012-07-20,67.33,101
2012-07-23,57.43,101
2012-07-24,54.46,101
2012-07-25,56.44,101
2012-07-26,64.36,101
2012-07-27,74.26,101
2012-07-30,70.30,101
2012-07-31,68.32,101
2012-08-01,68.32,101
2012-08-02,62.38,101
2012-08-03,70.30,101
2012-08-06,73.27,101
2012-08-07,80.20,101
2012-08-08,82.18,101
2012-08-09,83.17,101
2012-08-10,81.19,101
2012-08-13,81.19,101
2012-08-14,80.20,101
2012-08-15,79.21,101
2012-08-16,84.16,101
2012-08-17,84.16,101
2012-08-20,85.15,101
2012-08-21,87.13,101
2012-08-22,84.16,101
2012-08-23,79.21,101
2012-08-24,82.18,101
2012-08-27,80.20,101
2012-08-28,79.21,101
2012-08-29,80.20,101
2012-08-30,77.23,101
2012-08-31,77.23,101
2012-09-04,77.23,101
2012-09-05,78.22,101
2012-09-06,84.16,101
2012-09-07,86.14,101
2012-09-10,82.18,101
2012-09-11,82.18,101
2012-09-12,82.18,101
2012-09-13,86.14,101
2012-09-14,88.12,101
2012-09-17,86.14,101
2012-09-18,87.13,101
2012-09-19,84.16,101
2012-09-20,86.14,101
2012-09-21,89.11,101
2012-09-24,86.14,101
2012-09-25,80.20,101
2012-09-26,79.21,101
2012-09-27,83.17,101
2012-09-28,79.21,101
2012-10-01,82.18,101
2012-10-02,81.19,101
2012-10-03,80.20,101
2012-10-04,85.15,101
2012-10-05,83.17,101
2012-10-08,81.19,101
2012-10-09,75.25,101
2012-10-10,73.27,101
2012-10-11,73.27,101
2012-10-12,74.26,101
2012-10-15,76.24,101
2012-10-16,83.17,101
2012-10-17,84.16,101
2012-10-18,83.17,101
2012-10-19,78.22,101
2012-10-22,78.22,101
2012-10-23,72.28,101
2012-10-24,72.28,101
2012-10-25,70.30,101
2012-10-26,69.31,101
2012-10-31,73.27,101
2012-11-01,76.24,101
2012-11-02,74.26,101
2012-11-05,72.28,101
2012-11-06,80.20,101
2012-11-07,66.34,101
2012-11-08,60.40,101
2012-11-09,59.41,101
2012-11-12,59.41,101
2012-11-13,59.41,101
2012-11-14,53.47,101
2012-11-15,49.50,101
2012-11-16,54.46,101
2012-11-19,62.38,101
2012-11-20,66.34,101
2012-11-21,67.33,101
2012-11-23,76.24,101
2012-11-26,70.30,101
2012-11-27,68.32,101
2012-11-28,71.29,101
2012-11-29,77.23,101
2012-11-30,78.22,101
2012-12-03,75.25,101
2012-12-04,75.25,101
2012-12-05,74.26,101
2012-12-06,74.26,101
2012-12-07,78.22,101
2012-12-10,78.22,101
2012-12-11,84.16,101
2012-12-12,82.18,101
2012-12-13,81.19,101
2012-12-14,79.21,101
2012-12-17,83.17,101
2012-12-18,87.13,101
2012-12-19,82.18,101
2012-12-20,84.16,101
2012-12-21,78.22,101
2012-12-24,75.25,101
2012-12-26,74.26,101
2012-12-27,71.29,101
2012-12-28,68.32,101
2012-12-31,75.25,101
2013-01-02,87.13,101
2013-01-03,88.12,101
2013-01-04,90.10,101
2013-01-07,87.13,101
2013-01-08,86.14,101
2013-01-09,85.15,101
2013-01-10,88.12,101
2013-01-11,89.11,101
2013-01-14,88.12,101
2013-01-15,87.13,101
2013-01-16,88.12,101
2013-01-17,91.09,101
2013-01-18,92.08,101
2013-01-22,91.09,101
2013-01-23,93.07,101
2013-01-24,93.07,101
2013-01-25,93.07,101
2013-01-28,93.07,101
2013-01-29,93.07,101
2013-01-30,94.06,101
2013-01-31,93.07,101
2013-02-01,93.07,101
2013-02-04,89.11,101
2013-02-05,91.09,101
2013-02-06,92.08,101
2013-02-07,92.08,101
2013-02-08,92.08,101
2013-02-11,92.08,101
2013-02-12,91.09,101
2013-02-13,90.10,101
2013-02-14,90.10,101
2013-02-15,89.11,101
2013-02-19,92.08,101
2013-02-20,92.08,101
2013-02-21,92.08,101
2013-02-22,93.07,101
2013-02-25,90.10,101
2013-02-26,91.09,101
2013-02-27,93.07,101
2013-02-28,93.07,101
2013-03-01,94.06,101
2013-03-04,90.10,101
2013-03-05,96.04,101
2013-03-06,94.06,101
2013-03-07,94.06,101
2013-03-08,94.06,101
2013-03-11,95.05,101
2013-03-12,95.05,101
2013-03-13,95.05,101
2013-03-14,95.05,101
2013-03-15,94.06,101
2013-03-18,94.06,101
2013-03-19,92.08,101
2013-03-20,92.08,101
2013-03-21,92.08,101
2013-03-22,92.08,101
2013-03-25,91.09,101
2013-03-26,91.09,101
2013-03-27,92.08,101
2013-03-28,94.06,101
2013-04-01,93.07,101
2013-04-02,93.07,101
2013-04-03,93.07,101
2013-04-04,94.06,101
2013-04-05,93.07,101
2013-04-08,93.07,101
2013-04-09,93.07,101
2013-04-10,95.05,101
2013-04-11,95.05,101
2013-04-12,95.05,101
2013-04-15,91.09,101
2013-04-16,92.08,101
2013-04-17,89.11,101
2013-04-18,87.13,101
2013-04-19,88.12,101
2013-04-22,89.11,101
2013-04-23,91.09,101
2013-04-24,95.05,101
2013-04-25,94.06,101
2013-04-26,93.07,101
2013-04-29,93.07,101
2013-04-30,95.05,101
2013-05-01,93.07,101
2013-05-02,95.05,101
2013-05-03,95.05,101
2013-05-06,96.04,101
2013-05-07,97.03,101
2013-05-08,97.03,101
2013-05-09,97.03,101
2013-05-10,97.03,101
2013-05-13,97.03,101
2013-05-14,97.03,101
2013-05-15,97.03,101
2013-05-16,97.03,101
2013-05-17,98.02,101
2013-05-20,98.02,101
2013-05-21,98.02,101
2013-05-22,98.02,101
2013-05-23,96.04,101
2013-05-24,97.03,101
2013-05-28,97.03,101
2013-05-29,96.04,101
2013-05-30,96.04,101
2013-05-31,94.06,101
2013-06-03,94.06,101
2013-06-04,94.06,101
2013-06-05,93.07,101
2013-06-06,94.06,101
2013-06-07,95.05,101
2013-06-10,94.06,101
2013-06-11,91.09,101
2013-06-12,89.11,101
2013-06-13,92.08,101
2013-06-14,92.08,101
2013-06-17,92.08,101
2013-06-18,93.07,101
2013-06-19,90.10,101
2013-06-20,85.15,101
2013-06-21,84.16,101
2013-06-24,84.16,101
2013-06-25,84.16,101
2013-06-26,86.14,101
2013-06-27,87.13,101
2013-06-28,86.14,101
2013-07-01,86.14,101
2013-07-02,86.14,101
2013-07-03,85.15,101
2013-07-05,87.13,101
2013-07-08,88.12,101
2013-07-09,89.11,101
2013-07-10,88.12,101
2013-07-11,92.08,101
2013-07-12,93.07,101
2013-07-15,92.08,101
2013-07-16,92.08,101
2013-07-17,91.09,101
2013-07-18,91.09,101
2013-07-19,91.09,101
2013-07-22,92.08,101
2013-07-23,91.09,101
2013-07-24,90.10,101
2013-07-25,91.09,101
2013-07-26,90.10,101
2013-07-29,90.10,101
2013-07-30,92.08,101
2013-07-31,93.07,101
2013-08-01,93.07,101
2013-08-02,93.07,101
2013-08-05,93.07,101
2013-08-06,91.09,101
2013-08-07,91.09,101
2013-08-08,92.08,101
2013-08-09,91.09,101
2013-08-12,91.09,101
2013-08-13,91.09,101
2013-08-14,91.09,101
2013-08-15,89.11,101
2013-08-16,89.11,101
2013-08-19,86.14,101
2013-08-20,86.14,101
2013-08-21,85.15,101
2013-08-22,86.14,101
2013-08-23,87.13,101
2013-08-26,86.14,101
2013-08-27,81.19,101
2013-08-28,82.18,101
2013-08-29,82.18,101
2013-08-30,82.18,101
2013-09-03,81.19,101
2013-09-04,83.17,101
2013-09-05,83.17,101
2013-09-06,83.17,101
2013-09-09,84.16,101
2013-09-10,85.15,101
2013-09-11,87.13,101
2013-09-12,86.14,101
2013-09-13,86.14,101
2013-09-16,87.13,101
2013-09-17,88.12,101
2013-09-18,94.06,101
2013-09-19,94.06,101
2013-09-20,90.10,101
2013-09-23,90.10,101
2013-09-24,88.12,101
2013-09-25,87.13,101
2013-09-26,89.11,101
2013-09-27,86.14,101
2013-09-30,83.17,101
2013-10-01,84.16,101
2013-10-02,84.16,101
2013-10-03,81.19,101
2013-10-04,82.18,101
2013-10-07,80.20,101
2013-10-08,80.20,101
2013-10-09,81.19,101
2013-10-10,85.15,101
2013-10-11,86.14,101
2013-10-14,87.13,101
2013-10-15,84.16,101
2013-10-16,88.24,102
2013-10-17,89.22,102
2013-10-18,90.20,102
2013-10-21,90.20,102
2013-10-22,90.20,102
2013-10-23,88.24,102
2013-10-24,88.24,102
2013-10-25,89.22,102
2013-10-28,89.22,102
2013-10-29,93.14,102
2013-10-30,91.18,102
2013-10-31,90.20,102
2013-11-01,90.20,102
2013-11-04,91.18,102
2013-11-05,90.20,102
2013-11-06,93.14,102
2013-11-07,93.14,102
2013-11-08,93.14,102
2013-11-11,93.14,102
2013-11-12,92.16,102
2013-11-13,92.16,102
2013-11-14,93.14,102
2013-11-15,92.16,102
2013-11-18,93.14,102
2013-11-19,92.16,102
2013-11-20,92.16,102
2013-11-21,90.20,102
2013-11-22,92.16,102
2013-11-25,92.16,102
2013-11-26,91.18,102
2013-11-27,92.16,102
2013-11-29,92.16,102
2013-12-02,91.18,102
2013-12-03,89.22,102
2013-12-04,90.20,102
2013-12-05,91.18,102
2013-12-06,92.16,102
2013-12-09,90.20,102
2013-12-10,91.18,102
2013-12-11,88.24,102
2013-12-12,87.25,102
2013-12-13,87.25,102
2013-12-16,89.22,102
2013-12-17,86.27,102
2013-12-18,90.20,102
2013-12-19,90.20,102
2013-12-20,90.20,102
2013-12-23,90.20,102
2013-12-24,91.18,102
2013-12-26,92.16,102
2013-12-27,92.16,102
2013-12-30,92.16,102
2013-12-31,92.16,102
2014-01-02,90.20,102
2014-01-03,90.20,102
2014-01-06,90.20,102
2014-01-07,89.22,102
2014-01-08,88.24,102
2014-01-09,88.24,102
2014-01-10,90.20,102
2014-01-13,87.25,102
2014-01-14,88.24,102
2014-01-15,88.24,102
2014-01-16,88.24,102
2014-01-17,89.22,102
2014-01-21,89.22,102
2014-01-22,89.22,102
2014-01-23,84.31,102
2014-01-24,79.41,102
2014-01-27,80.39,102
2014-01-28,81.37,102
2014-01-29,76.47,102
2014-01-30,78.43,102
2014-01-31,75.49,102
2014-02-03,67.65,102
2014-02-04,72.55,102
2014-02-05,73.53,102
2014-02-06,75.49,102
2014-02-07,78.43,102
2014-02-10,76.47,102
2014-02-11,80.39,102
2014-02-12,79.41,102
2014-02-13,81.37,102
2014-02-14,84.31,102
2014-02-18,83.33,102
2014-02-19,78.43,102
2014-02-20,81.37,102
2014-02-21,81.37,102
2014-02-24,83.33,102
2014-02-25,81.37,102
2014-02-26,80.39,102
2014-02-27,81.37,102
2014-02-28,83.33,102
2014-03-03,80.39,102
2014-03-04,85.29,102
2014-03-05,85.29,102
2014-03-06,84.31,102
2014-03-07,84.31,102
2014-03-10,88.24,102
2014-03-11,87.25,102
2014-03-12,85.29,102
2014-03-13,83.33,102
2014-03-14,83.33,102
2014-03-17,86.27,102
2014-03-18,86.27,102
2014-03-19,85.29,102
2014-03-20,87.25,102
2014-03-21,89.22,102
2014-03-24,90.20,102
2014-03-25,90.20,102
2014-03-26,86.27,102
2014-03-27,86.27,102
2014-03-28,87.25,102
2014-03-31,89.22,102
2014-04-01,91.18,102
2014-04-02,92.16,102
2014-04-03,92.16,102
2014-04-04,87.25,102
2014-04-07,82.35,102
2014-04-08,85.29,102
2014-04-09,89.22,102
2014-04-10,79.41,102
2014-04-11,71.57,102
2014-04-14,76.47,102
2014-04-15,81.37,102
2014-04-16,85.29,102
2014-04-17,86.27,102
2014-04-21,88.24,102
2014-04-22,89.22,102
2014-04-23,85.29,102
2014-04-24,85.29,102
2014-04-25,81.37,102
2014-04-28,80.39,102
2014-04-29,81.37,102
2014-04-30,82.35,102
2014-05-01,85.29,102
2014-05-02,85.29,102
2014-05-05,82.35,102
2014-05-06,77.45,102
2014-05-07,79.41,102
2014-05-08,81.37,102
2014-05-09,81.37,102
2014-05-12,84.31,102
2014-05-13,83.33,102
2014-05-14,81.37,102
2014-05-15,77.45,102
2014-05-16,79.41,102
2014-05-19,80.39,102
2014-05-20,78.43,102
2014-05-21,80.39,102
2014-05-22,81.37,102
2014-05-23,81.37,102
2014-05-27,84.31,102
2014-05-28,83.33,102
2014-05-29,83.33,102
2014-05-30,85.29,102
2014-06-02,84.31,102
2014-06-03,84.31,102
2014-06-04,86.27,102
2014-06-05,86.27,102
2014-06-06,89.22,102
2014-06-09,91.18,102
2014-06-10,90.20,102
2014-06-11,87.25,102
2014-06-12,83.33,102
2014-06-13,84.31,102
2014-06-16,85.29,102
2014-06-17,88.24,102
2014-06-18,91.18,102
2014-06-19,87.25,102
2014-06-20,87.25,102
2014-06-23,88.24,102
2014-06-24,85.29,102
2014-06-25,85.29,102
2014-06-26,83.33,102
2014-06-27,84.31,102
2014-06-30,84.31,102
2014-07-01,86.27,102
2014-07-02,90.20,102
2014-07-03,92.16,102
2014-07-07,93.14,102
2014-07-08,88.24,102
2014-07-09,88.24,102
2014-07-10,84.31,102
2014-07-11,85.29,102
2014-07-14,89.22,102
2014-07-15,92.16,102
2014-07-16,91.18,102
2014-07-17,86.27,102
2014-07-18,91.18,102
2014-07-21,89.22,102
2014-07-22,90.20,102
2014-07-23,90.20,102
2014-07-24,88.24,102
2014-07-25,84.31,102
2014-07-28,83.33,102
2014-07-29,81.37,102
2014-07-30,82.35,102
2014-07-31,71.57,102
2014-08-01,69.61,102
2014-08-04,72.55,102
2014-08-05,68.63,102
2014-08-06,68.63,102
2014-08-07,65.69,102
2014-08-08,72.55,102
2014-08-11,73.53,102
2014-08-12,73.53,102
2014-08-13,74.51,102
2014-08-14,74.51,102
2014-08-15,75.49,102
2014-08-18,81.37,102
2014-08-19,83.33,102
2014-08-20,85.29,102
2014-08-21,86.27,102
2014-08-22,88.24,102
2014-08-25,90.20,102
2014-08-26,88.24,102
2014-08-27,89.22,102
2014-08-28,88.24,102
2014-08-29,86.27,102
2014-09-02,86.27,102
2014-09-03,86.27,102
2014-09-04,88.24,102
2014-09-05,89.22,102
2014-09-08,86.27,102
2014-09-09,84.31,102
2014-09-10,85.29,102
2014-09-11,86.27,102
2014-09-12,80.39,102
2014-09-15,81.37,102
2014-09-16,85.29,102
2014-09-17,85.29,102
2014-09-18,92.16,102
2014-09-19,89.22,102
2014-09-22,84.31,102
2014-09-23,79.41,102
2014-09-24,83.33,102
2014-09-25,74.51,102
2014-09-26,79.41,102
2014-09-29,77.45,102
2014-09-30,73.53,102
2014-10-01,68.63,102
2014-10-02,69.61,102
2014-10-03,72.55,102
2014-10-06,74.51,102
2014-10-07,56.86,102
2014-10-08,68.63,102
2014-10-09,61.76,102
2014-10-10,51.96,102
2014-10-13,48.04,102
2014-10-14,46.08,102
2014-10-15,42.16,102
2014-10-16,42.16,102
2014-10-17,47.06,102
2014-10-20,51.96,102
2014-10-21,64.71,102
2014-10-22,58.82,102
2014-10-23,66.67,102
2014-10-24,67.65,102
2014-10-27,66.67,102
2014-10-28,75.49,102
2014-10-29,75.49,102
2014-10-30,76.47,102
2014-10-31,79.41,102
2014-11-03,79.41,102
2014-11-04,78.43,102
2014-11-05,79.41,102
2014-11-06,81.37,102
2014-11-07,81.37,102
2014-11-10,81.37,102
2014-11-11,81.37,102
2014-11-12,82.35,102
2014-11-13,81.37,102
2014-11-14,83.33,102
2014-11-17,83.33,102
2014-11-18,85.29,102
2014-11-19,83.33,102
2014-11-20,85.29,102
2014-11-21,87.25,102
2014-11-24,87.25,102
2014-11-25,87.25,102
2014-11-26,87.25,102
2014-11-28,84.31,102
2014-12-01,83.33,102
2014-12-02,84.31,102
2014-12-03,86.27,102
2014-12-04,86.27,102
2014-12-05,85.29,102
2014-12-08,80.39,102
2014-12-09,80.39,102
2014-12-10,79.41,102
2014-12-11,79.41,102
2014-12-12,77.45,102
2014-12-15,75.49,102
2014-12-16,72.55,102
2014-12-17,77.45,102
2014-12-18,81.37,102
2014-12-19,83.33,102
2014-12-22,83.33,102
2014-12-23,84.31,102
2014-12-24,83.33,102
2014-12-26,85.29,102
2014-12-29,84.31,102
2014-12-30,83.33,102
2014-12-31,82.35,102
2015-01-02,82.35,102
2015-01-05,79.41,102
2015-01-06,76.47,102
2015-01-07,79.41,102
2015-01-08,79.41,102
2015-01-09,78.43,102
2015-01-12,78.43,102
2015-01-13,74.51,102
2015-01-14,70.59,102
2015-01-15,68.63,102
2015-01-16,72.55,102
2015-01-20,71.57,102
2015-01-21,74.51,102
2015-01-22,77.45,102
2015-01-23,72.55,102
2015-01-26,72.55,102
2015-01-27,67.65,102
2015-01-28,63.73,102
2015-01-29,66.67,102
2015-01-30,62.75,102
2015-02-02,67.65,102
2015-02-03,72.55,102
2015-02-04,72.55,102
2015-02-05,74.51,102
2015-02-06,75.49,102
2015-02-09,74.51,102
2015-02-10,75.49,102
2015-02-11,76.47,102
2015-02-12,79.41,102
2015-02-13,80.39,102
2015-02-17,81.37,102
2015-02-18,80.39,102
2015-02-19,81.37,102
2015-02-20,83.33,102
2015-02-23,82.35,102
2015-02-24,83.33,102
2015-02-25,82.35,102
2015-02-26,82.35,102
2015-02-27,82.35,102
2015-03-02,82.35,102
2015-03-03,81.37,102
2015-03-04,79.41,102
2015-03-05,79.41,102
2015-03-06,72.55,102
2015-03-09,70.59,102
2015-03-10,65.69,102
2015-03-11,67.65,102
2015-03-12,72.55,102
2015-03-13,68.63,102
2015-03-16,72.55,102
2015-03-17,71.57,102
2015-03-18,72.55,102
2015-03-19,73.53,102
2015-03-20,76.47,102
2015-03-23,77.45,102
2015-03-24,73.53,102
2015-03-25,69.61,102
2015-03-26,67.65,102
2015-03-27,67.65,102
2015-03-30,71.57,102
2015-03-31,67.65,102
2015-04-01,68.63,102
2015-04-02,69.61,102
2015-04-06,70.59,102
2015-04-07,68.63,102
2015-04-08,68.63,102
2015-04-09,71.57,102
2015-04-10,73.53,102
2015-04-13,71.57,102
2015-04-14,72.55,102
2015-04-15,73.53,102
2015-04-16,74.51,102
2015-04-17,72.55,102
2015-04-20,72.55,102
2015-04-21,71.57,102
2015-04-22,72.55,102
2015-04-23,75.49,102
2015-04-24,77.45,102
2015-04-27,75.49,102
2015-04-28,78.43,102
2015-04-29,79.41,102
2015-04-30,75.49,102
2015-05-01,78.43,102
2015-05-04,79.41,102
2015-05-05,72.55,102
2015-05-06,71.57,102
2015-05-07,71.57,102
2015-05-08,76.47,102
2015-05-11,72.55,102
2015-05-12,73.53,102
2015-05-13,74.51,102
2015-05-14,77.45,102
2015-05-15,79.41,102
2015-05-18,79.41,102
2015-05-19,78.43,102
2015-05-20,76.47,102
2015-05-21,79.41,102
2015-05-22,76.47,102
2015-05-26,73.53,102
2015-05-27,76.47,102
2015-05-28,75.49,102
2015-05-29,72.55,102
2015-06-01,76.47,102
2015-06-02,74.51,102
2015-06-03,73.53,102
2015-06-04,67.65,102
2015-06-05,67.65,102
2015-06-08,65.69,102
2015-06-09,64.71,102
2015-06-10,70.59,102
2015-06-11,71.57,102
2015-06-12,66.67,102
2015-06-15,63.73,102
2015-06-16,66.67,102
2015-06-17,67.65,102
2015-06-18,75.49,102
2015-06-19,70.59,102
2015-06-22,73.53,102
2015-06-23,71.57,102
2015-06-24,69.61,102
2015-06-25,67.65,102
2015-06-26,69.61,102
2015-06-29,52.94,102
2015-06-30,52.94,102
2015-07-01,54.90,102
2015-07-02,53.92,102
2015-07-06,54.90,102
2015-07-07,60.78,102
2015-07-08,51.96,102
2015-07-09,54.90,102
2015-07-10,60.78,102
2015-07-13,62.75,102
2015-07-14,65.69,102
2015-07-15,66.67,102
2015-07-16,68.63,102
2015-07-17,68.63,102
2015-07-20,67.65,102
2015-07-21,66.67,102
2015-07-22,65.69,102
2015-07-23,65.69,102
2015-07-24,61.76,102
2015-07-27,61.76,102
2015-07-28,63.73,102
2015-07-29,65.69,102
2015-07-30,65.69,102
2015-07-31,65.69,102
2015-08-03,67.65,102
2015-08-04,67.65,102
2015-08-05,67.65,102
2015-08-06,66.67,102
2015-08-07,67.65,102
2015-08-10,70.59,102
2015-08-11,67.65,102
2015-08-12,68.63,102
2015-08-13,67.65,102
2015-08-14,70.59,102
2015-08-17,72.55,102
2015-08-18,70.59,102
2015-08-19,69.61,102
2015-08-20,59.80,102
2015-08-21,40.20,102
2015-08-24,17.65,102
2015-08-25,13.73,102
2015-08-26,26.47,102
2015-08-27,35.29,102
2015-08-28,32.35,102
2015-08-31,29.41,102
2015-09-01,17.65,102
2015-09-02,25.49,102
2015-09-03,27.45,102
2015-09-04,21.57,102
2015-09-08,29.41,102
2015-09-09,24.51,102
2015-09-10,25.49,102
2015-09-11,28.43,102
2015-09-14,26.47,102
2015-09-15,31.37,102
2015-09-16,33.33,102
2015-09-17,32.35,102
2015-09-18,27.45,102
2015-09-21,27.45,102
2015-09-22,24.51,102
2015-09-23,24.51,102
2015-09-24,23.53,102
2015-09-25,24.51,102
2015-09-28,19.61,102
2015-09-29,20.59,102
2015-09-30,23.53,102
2015-10-01,24.51,102
2015-10-02,30.39,102
2015-10-05,36.27,102
2015-10-06,34.31,102
2015-10-07,38.24,102
2015-10-08,43.14,102
2015-10-09,42.16,102
2015-10-12,44.12,102
2015-10-13,39.22,102
2015-10-14,41.18,102
2015-10-15,48.04,102
2015-10-16,50.00,102
2015-10-19,47.06,102
2015-10-20,49.02,102
2015-10-21,46.08,102
2015-10-22,54.90,102
2015-10-23,58.82,102
2015-10-26,54.90,102
2015-10-27,54.90,102
2015-10-28,66.67,102
2015-10-29,65.69,102
2015-10-30,57.84,102
2015-11-02,65.69,102
2015-11-03,69.61,102
2015-11-04,67.65,102
2015-11-05,66.67,102
2015-11-06,68.63,102
2015-11-09,66.67,102
2015-11-10,64.71,102
2015-11-11,62.75,102
2015-11-12,52.94,102
2015-11-13,48.04,102
2015-11-16,58.82,102
2015-11-17,55.88,102
2015-11-18,61.76,102
2015-11-19,57.84,102
2015-11-20,60.78,102
2015-11-23,59.80,102
2015-11-24,61.76,102
2015-11-25,62.75,102
2015-11-27,62.75,102
2015-11-30,61.76,102
2015-12-01,67.65,102
2015-12-02,63.73,102
2015-12-03,56.86,102
2015-12-04,61.76,102
2015-12-07,60.78,102
2015-12-08,58.82,102
2015-12-09,55.88,102
2015-12-10,57.84,102
2015-12-11,49.02,102
2015-12-14,50.98,102
2015-12-15,54.90,102
2015-12-16,59.80,102
2015-12-17,56.86,102
2015-12-18,52.94,102
2015-12-21,53.92,102
2015-12-22,54.90,102
2015-12-23,58.82,102
2015-12-24,58.82,102
2015-12-28,58.82,102
2015-12-29,61.76,102
2015-12-30,60.78,102
2015-12-31,55.88,102
2016-01-04,50.00,102
2016-01-05,50.98,102
2016-01-06,46.08,102
2016-01-07,39.22,102
2016-01-08,31.37,102
2016-01-11,32.35,102
2016-01-12,37.25,102
2016-01-13,31.37,102
2016-01-14,33.33,102
2016-01-15,26.47,102
2016-01-19,28.43,102
2016-01-20,24.51,102
2016-01-21,25.49,102
2016-01-22,31.37,102
2016-01-25,29.41,102
2016-01-26,32.35,102
2016-01-27,32.35,102
2016-01-28,31.37,102
2016-01-29,42.16,102
2016-02-01,41.18,102
2016-02-02,37.25,102
2016-02-03,34.31,102
2016-02-04,36.27,102
2016-02-05,26.47,102
2016-02-08,24.51,102
2016-02-09,25.49,102
2016-02-10,26.47,102
2016-02-11,23.53,102
2016-02-12,27.45,102
2016-02-16,30.39,102
2016-02-17,37.25,102
2016-02-18,34.31,102
2016-02-19,35.29,102
2016-02-22,43.14,102
2016-02-23,37.25,102
2016-02-24,39.22,102
2016-02-25,44.12,102
2016-02-26,44.12,102
2016-02-29,40.20,102
2016-03-01,49.02,102
2016-03-02,50.98,102
2016-03-03,53.92,102
2016-03-04,58.82,102
2016-03-07,59.80,102
2016-03-08,51.96,102
2016-03-09,54.90,102
2016-03-10,53.92,102
2016-03-11,63.73,102
2016-03-14,60.78,102
2016-03-15,56.86,102
2016-03-16,63.73,102
2016-03-17,65.69,102
2016-03-18,64.71,102
2016-03-21,65.69,102
2016-03-22,67.65,102
2016-03-23,62.75,102
2016-03-24,61.76,102
2016-03-28,61.76,102
2016-03-29,63.73,102
2016-03-30,64.71,102
2016-03-31,67.65,102
2016-04-01,66.67,102
2016-04-04,68.63,102
2016-04-05,64.71,102
2016-04-06,70.59,102
2016-04-07,68.63,102
2016-04-08,68.63,102
2016-04-11,66.67,102
2016-04-12,71.57,102
2016-04-13,74.51,102
2016-04-14,74.51,102
2016-04-15,74.51,102
2016-04-18,75.49,102
2016-04-19,81.37,102
2016-04-20,83.33,102
2016-04-21,82.35,102
2016-04-22,81.37,102
2016-04-25,81.37,102
2016-04-26,85.29,102
2016-04-27,87.25,102
2016-04-28,80.39,102
2016-04-29,76.47,102
2016-05-02,80.39,102
2016-05-03,75.49,102
2016-05-04,72.55,102
2016-05-05,71.57,102
2016-05-06,73.53,102
2016-05-09,72.55,102
2016-05-10,79.41,102
2016-05-11,76.47,102
2016-05-12,74.51,102
2016-05-13,71.57,102
2016-05-16,75.49,102
2016-05-17,71.57,102
2016-05-18,72.55,102
2016-05-19,70.59,102
2016-05-20,74.51,102
2016-05-23,70.59,102
2016-05-24,78.43,102
2016-05-25,82.35,102
2016-05-26,80.39,102
2016-05-27,82.35,102
2016-05-31,82.35,102
2016-06-01,81.37,102
2016-06-02,83.33,102
2016-06-03,79.41,102
2016-06-06,82.35,102
2016-06-07,82.35,102
2016-06-08,84.31,102
2016-06-09,81.37,102
2016-06-10,76.47,102
2016-06-13,75.49,102
2016-06-14,73.53,102
2016-06-15,73.53,102
2016-06-16,74.51,102
2016-06-17,72.55,102
2016-06-20,75.49,102
2016-06-21,77.45,102
2016-06-22,75.49,102
2016-06-23,80.39,102
2016-06-24,65.69,102
2016-06-27,58.82,102
2016-06-28,63.73,102
2016-06-29,69.61,102
2016-06-30,72.55,102
2016-07-01,71.57,102
2016-07-05,69.61,102
2016-07-06,69.61,102
2016-07-07,71.57,102
2016-07-08,75.49,102
2016-07-11,76.47,102
2016-07-12,76.47,102
2016-07-13,76.47,102
2016-07-14,80.39,102
2016-07-15,80.39,102
2016-07-18,81.37,102
2016-07-19,83.33,102
2016-07-20,83.33,102
2016-07-21,83.33,102
2016-07-22,85.29,102
2016-07-25,83.33,102
2016-07-26,86.27,102
2016-07-27,84.31,102
2016-07-28,85.29,102
2016-07-29,82.35,102
2016-08-01,81.37,102
2016-08-02,81.37,102
2016-08-03,82.35,102
2016-08-04,78.43,102
2016-08-05,85.29,102
2016-08-08,86.27,102
2016-08-09,86.27,102
2016-08-10,84.31,102
2016-08-11,86.27,102
2016-08-12,87.25,102
2016-08-15,86.27,102
2016-08-16,85.29,102
2016-08-17,86.27,102
2016-08-18,86.27,102
2016-08-19,87.25,102
2016-08-22,87.25,102
2016-08-23,89.22,102
2016-08-24,89.22,102
2016-08-25,87.25,102
2016-08-26,86.27,102
2016-08-29,87.25,102
2016-08-30,88.24,102
2016-08-31,88.24,102
2016-09-01,87.25,102
2016-09-02,87.25,102
2016-09-06,87.25,102
2016-09-07,87.25,102
2016-09-08,85.29,102
2016-09-09,78.43,102
2016-09-12,83.33,102
2016-09-13,77.45,102
2016-09-14,77.45,102
2016-09-15,80.39,102
2016-09-16,79.41,102
2016-09-19,79.41,102
2016-09-20,79.41,102
2016-09-21,81.37,102
2016-09-22,82.35,102
2016-09-23,80.39,102
2016-09-26,80.39,102
2016-09-27,80.39,102
2016-09-28,81.37,102
2016-09-29,81.37,102
2016-09-30,81.37,102
2016-10-03,81.37,102
2016-10-04,78.43,102
2016-10-05,78.43,102
2016-10-06,78.43,102
2016-10-07,76.47,102
2016-10-10,76.47,102
2016-10-11,71.57,102
2016-10-12,74.51,102
2016-10-13,76.47,102
2016-10-14,74.51,102
2016-10-17,74.51,102
2016-10-18,73.53,102
2016-10-19,73.53,102
2016-10-20,70.59,102
2016-10-21,70.59,102
2016-10-24,75.49,102
2016-10-25,73.53,102
2016-10-26,73.53,102
2016-10-27,69.61,102
2016-10-28,70.59,102
2016-10-31,71.57,102
2016-11-01,66.67,102
2016-11-02,66.67,102
2016-11-03,67.65,102
2016-11-04,66.67,102
2016-11-07,73.53,102
2016-11-08,73.53,102
2016-11-09,73.53,102
2016-11-10,70.59,102
2016-11-11,70.59,102
2016-11-14,65.69,102
2016-11-15,67.65,102
2016-11-16,69.61,102
2016-11-17,73.53,102
2016-11-18,72.55,102
2016-11-21,75.49,102
2016-11-22,72.55,102
2016-11-23,73.53,102
2016-11-25,79.41,102
2016-11-28,74.51,102
2016-11-29,74.51,102
2016-11-30,72.55,102
2016-12-01,68.63,102
2016-12-02,65.69,102
2016-12-05,68.63,102
2016-12-06,70.59,102
2016-12-07,76.47,102
2016-12-08,77.45,102
2016-12-09,79.41,102
2016-12-12,78.43,102
2016-12-13,81.37,102
2016-12-14,79.41,102
2016-12-15,80.39,102
2016-12-16,79.41,102
2016-12-19,77.45,102
2016-12-20,77.45,102
2016-12-21,77.45,102
2016-12-22,75.49,102
2016-12-23,75.49,102
2016-12-27,74.51,102
2016-12-28,73.53,102
2016-12-29,73.53,102
2016-12-30,71.57,102
2017-01-03,75.49,102
2017-01-04,77.45,102
2017-01-05,75.49,102
2017-01-06,78.43,102
2017-01-09,75.49,102
2017-01-10,76.47,102
2017-01-11,74.51,102
2017-01-12,73.53,102
2017-01-13,74.51,102
2017-01-17,75.49,102
2017-01-18,76.47,102
2017-01-19,73.53,102
2017-01-20,74.51,102
2017-01-23,72.55,102
2017-01-24,76.47,102
2017-01-25,79.41,102
2017-01-26,78.43,102
2017-01-27,75.49,102
2017-01-30,74.51,102
2017-01-31,74.51,102
2017-02-01,73.53,102
2017-02-02,72.55,102
2017-02-03,75.49,102
2017-02-06,75.49,102
2017-02-07,75.49,102
2017-02-08,75.49,102
2017-02-09,77.45,102
2017-02-10,78.43,102
2017-02-13,80.39,102
2017-02-14,83.33,102
2017-02-15,86.27,102
2017-02-16,86.27,102
2017-02-17,86.27,102
2017-02-21,90.20,102
2017-02-22,88.24,102
2017-02-23,89.22,102
2017-02-24,92.16,102
2017-02-27,89.22,102
2017-02-28,90.20,102
2017-03-01,92.16,102
2017-03-02,93.14,102
2017-03-03,92.16,102
2017-03-06,88.24,102
2017-03-07,87.25,102
2017-03-08,87.25,102
2017-03-09,87.25,102
2017-03-10,88.24,102
2017-03-13,87.25,102
2017-03-14,88.24,102
2017-03-15,90.20,102
2017-03-16,89.22,102
2017-03-17,90.20,102
2017-03-20,90.20,102
2017-03-21,86.27,102
2017-03-22,85.29,102
2017-03-23,87.25,102
2017-03-24,86.27,102
2017-03-27,82.35,102
2017-03-28,86.27,102
2017-03-29,88.24,102
2017-03-30,87.25,102
2017-03-31,86.27,102
2017-04-03,87.25,102
2017-04-04,88.24,102
2017-04-05,86.27,102
2017-04-06,87.25,102
2017-04-07,87.25,102
2017-04-10,87.25,102
2017-04-11,87.25,102
2017-04-12,88.24,102
2017-04-13,83.33,102
2017-04-17,86.27,102
2017-04-18,86.27,102
2017-04-19,84.31,102
2017-04-20,86.27,102
2017-04-21,84.31,102
2017-04-24,86.27,102
2017-04-25,88.24,102
2017-04-26,86.27,102
2017-04-27,86.27,102
2017-04-28,87.25,102
2017-05-01,86.27,102
2017-05-02,84.31,102
2017-05-03,85.29,102
2017-05-04,84.31,102
2017-05-05,84.31,102
2017-05-08,86.27,102
2017-05-09,85.29,102
2017-05-10,84.31,102
2017-05-11,83.33,102
2017-05-12,83.33,102
2017-05-15,85.29,102
2017-05-16,82.35,102
2017-05-17,77.45,102
2017-05-18,77.45,102
2017-05-19,78.43,102
2017-05-22,80.39,102
2017-05-23,79.41,102
2017-05-24,79.41,102
2017-05-25,78.43,102
2017-05-26,78.43,102
2017-05-30,77.45,102
2017-05-31,77.45,102
2017-06-01,80.39,102
2017-06-02,80.39,102
2017-06-05,78.43,102
2017-06-06,78.43,102
2017-06-07,79.41,102
2017-06-08,79.41,102
2017-06-09,81.37,102
2017-06-12,84.31,102
2017-06-13,85.29,102
2017-06-14,84.31,102
2017-06-15,81.37,102
2017-06-16,83.33,102
2017-06-19,83.33,102
2017-06-20,81.37,102
2017-06-21,81.37,102
2017-06-22,82.35,102
2017-06-23,81.37,102
2017-06-26,84.31,102
2017-06-27,84.31,102
2017-06-28,86.27,102
2017-06-29,81.37,102
2017-06-30,83.33,102
2017-07-03,83.33,102
2017-07-05,82.35,102
2017-07-06,79.41,102
2017-07-07,79.41,102
2017-07-10,79.41,102
2017-07-11,79.41,102
2017-07-12,80.39,102
2017-07-13,81.37,102
2017-07-14,81.37,102
2017-07-17,82.35,102
2017-07-18,82.35,102
2017-07-19,83.33,102
2017-07-20,82.35,102
2017-07-21,81.37,102
2017-07-24,79.41,102
2017-07-25,82.35,102
2017-07-26,80.39,102
2017-07-27,82.35,102
2017-07-28,81.37,102
2017-07-31,83.33,102
2017-08-01,83.33,102
2017-08-02,84.31,102
2017-08-03,81.37,102
2017-08-04,80.39,102
2017-08-07,82.35,102
2017-08-08,81.37,102
2017-08-09,81.37,102
2017-08-10,77.45,102
2017-08-11,78.43,102
2017-08-14,81.37,102
2017-08-15,80.39,102
2017-08-16,80.39,102
2017-08-17,71.57,102
2017-08-18,71.57,102
2017-08-21,69.61,102
2017-08-22,71.57,102
2017-08-23,70.59,102
2017-08-24,71.57,102
2017-08-25,71.57,102
2017-08-28,72.55,102
2017-08-29,69.61,102
2017-08-30,70.59,102
2017-08-31,72.55,102
2017-09-01,73.53,102
2017-09-05,71.57,102
2017-09-06,75.49,102
2017-09-07,71.57,102
2017-09-08,73.53,102
2017-09-11,77.45,102
2017-09-12,78.43,102
2017-09-13,81.37,102
2017-09-14,79.41,102
2017-09-15,80.39,102
2017-09-18,82.35,102
2017-09-19,82.35,102
2017-09-20,84.31,102
2017-09-21,86.27,102
2017-09-22,87.25,102
2017-09-25,87.25,102
2017-09-26,86.27,102
2017-09-27,87.25,102
2017-09-28,89.22,102
2017-09-29,89.22,102
2017-10-02,88.24,102
2017-10-03,88.24,102
2017-10-04,88.24,102
2017-10-05,88.24,102
2017-10-06,85.29,102
2017-10-09,85.29,102
2017-10-10,86.27,102
2017-10-11,87.25,102
2017-10-12,86.27,102
2017-10-13,85.29,102
2017-10-16,85.29,102
2017-10-17,85.29,102
2017-10-18,86.27,102
2017-10-19,85.29,102
2017-10-20,86.27,102
2017-10-23,85.29,102
2017-10-24,83.33,102
2017-10-25,83.33,102
2017-10-26,83.33,102
2017-10-27,85.29,102
2017-10-30,83.33,102
2017-10-31,82.35,102
2017-11-01,83.33,102
2017-11-02,83.33,102
2017-11-03,83.33,102
2017-11-06,83.33,102
2017-11-07,84.31,102
2017-11-08,84.31,102
2017-11-09,83.33,102
2017-11-10,84.31,102
2017-11-13,83.33,102
2017-11-14,84.31,102
2017-11-15,82.35,102
2017-11-16,85.29,102
2017-11-17,85.29,102
2017-11-20,84.31,102
2017-11-21,87.25,102
2017-11-22,86.27,102
2017-11-24,86.27,102
2017-11-27,84.31,102
2017-11-28,87.25,102
2017-11-29,90.20,102
2017-11-30,90.20,102
2017-12-01,90.20,102
2017-12-04,92.16,102
2017-12-05,90.20,102
2017-12-06,91.18,102
2017-12-07,90.20,102
2017-12-08,90.20,102
2017-12-11,91.18,102
2017-12-12,93.14,102
2017-12-13,93.14,102
2017-12-14,92.16,102
2017-12-15,95.10,102
2017-12-18,95.10,102
2017-12-19,95.10,102
2017-12-20,93.14,102
2017-12-21,94.12,102
2017-12-22,93.14,102
2017-12-26,92.16,102
2017-12-27,92.16,102
2017-12-28,92.16,102
2017-12-29,91.18,102
2018-01-02,91.18,102
2018-01-03,92.16,102
2018-01-04,93.14,102
2018-01-05,95.10,102
2018-01-08,95.10,102
2018-01-09,95.10,102
2018-01-10,94.12,102
2018-01-11,93.14,102
2018-01-12,93.14,102
2018-01-16,96.08,102
2018-01-17,96.08,102
2018-01-18,95.10,102
2018-01-19,96.08,102
2018-01-22,96.08,102
2018-01-23,96.08,102
2018-01-24,96.08,102
2018-01-25,95.10,102
2018-01-26,95.10,102
2018-01-29,92.16,102
2018-01-30,91.18,102
2018-01-31,91.18,102
2018-02-01,90.20,102
2018-02-02,90.20,102
2018-02-05,80.39,102
2018-02-06,82.35,102
2018-02-07,81.37,102
2018-02-08,64.71,102
2018-02-09,72.55,102
2018-02-12,77.45,102
2018-02-13,80.39,102
2018-02-14,80.39,102
2018-02-15,83.33,102
2018-02-16,82.35,102
2018-02-20,79.41,102
2018-02-21,76.47,102
2018-02-22,79.41,102
2018-02-23,81.37,102
2018-02-26,84.31,102
2018-02-27,81.37,102
2018-02-28,78.43,102
2018-03-01,74.51,102
2018-03-02,77.45,102
2018-03-05,77.45,102
2018-03-06,80.39,102
2018-03-07,80.39,102
2018-03-08,79.41,102
2018-03-09,80.39,102
2018-03-12,80.39,102
2018-03-13,83.33,102
2018-03-14,80.39,102
2018-03-15,79.41,102
2018-03-16,80.39,102
2018-03-19,74.51,102
2018-03-20,73.53,102
2018-03-21,73.53,102
2018-03-22,69.61,102
2018-03-23,58.82,102
2018-03-26,68.63,102
2018-03-27,65.69,102
2018-03-28,63.73,102
2018-03-29,68.63,102
2018-04-02,60.78,102
2018-04-03,62.75,102
2018-04-04,69.61,102
2018-04-05,69.61,102
2018-04-06,63.73,102
2018-04-09,63.73,102
2018-04-10,69.61,102
2018-04-11,65.69,102
2018-04-12,67.65,102
2018-04-13,67.65,102
2018-04-16,72.55,102
2018-04-17,72.55,102
2018-04-18,69.61,102
2018-04-19,65.69,102
2018-04-20,64.71,102
2018-04-23,64.71,102
2018-04-24,58.82,102
2018-04-25,58.82,102
2018-04-26,62.75,102
2018-04-27,63.73,102
2018-04-30,57.84,102
2018-05-01,58.82,102
2018-05-02,54.90,102
2018-05-03,51.96,102
2018-05-04,58.82,102
2018-05-07,58.82,102
2018-05-08,59.80,102
2018-05-09,62.75,102
2018-05-10,66.67,102
2018-05-11,67.65,102
2018-05-14,66.67,102
2018-05-15,66.67,102
2018-05-16,67.65,102
2018-05-17,65.69,102
2018-05-18,65.69,102
2018-05-21,66.67,102
2018-05-22,66.67,102
2018-05-23,68.63,102
2018-05-24,68.63,102
2018-05-25,69.61,102
2018-05-29,63.73,102
2018-05-30,66.67,102
2018-05-31,67.65,102
2018-06-01,68.63,102
2018-06-04,67.65,102
2018-06-05,67.65,102
2018-06-06,70.59,102
2018-06-07,71.57,102
2018-06-08,71.57,102
2018-06-11,70.59,102
2018-06-12,70.59,102
2018-06-13,67.65,102
2018-06-14,67.65,102
2018-06-15,67.65,102
2018-06-18,66.67,102
2018-06-19,60.78,102
2018-06-20,60.78,102
2018-06-21,58.82,102
2018-06-22,58.82,102
2018-06-25,57.84,102
2018-06-26,55.88,102
2018-06-27,54.90,102
2018-06-28,51.96,102
2018-06-29,50.00,102
2018-07-02,51.96,102
2018-07-03,49.02,102
2018-07-05,51.96,102
2018-07-06,55.88,102
2018-07-09,56.86,102
2018-07-10,57.84,102
2018-07-11,55.88,102
2018-07-12,58.82,102
2018-07-13,56.86,102
2018-07-16,59.80,102
2018-07-17,60.78,102
2018-07-18,61.76,102
2018-07-19,61.76,102
2018-07-20,61.76,102
2018-07-23,59.80,102
2018-07-24,61.76,102
2018-07-25,64.71,102
2018-07-26,66.67,102
2018-07-27,66.67,102
2018-07-30,65.69,102
2018-07-31,67.65,102
2018-08-01,69.61,102
2018-08-02,69.61,102
2018-08-03,69.61,102
2018-08-06,70.59,102
2018-08-07,70.59,102
2018-08-08,69.61,102
2018-08-09,69.61,102
2018-08-10,67.65,102
2018-08-13,66.67,102
2018-08-14,68.63,102
2018-08-15,65.69,102
2018-08-16,68.63,102
2018-08-17,68.63,102
2018-08-20,67.65,102
2018-08-21,66.67,102
2018-08-22,66.67,102
2018-08-23,65.69,102
2018-08-24,66.67,102
2018-08-27,71.57,102
2018-08-28,71.57,102
2018-08-29,73.53,102
2018-08-30,70.59,102
2018-08-31,68.63,102
2018-09-04,68.63,102
2018-09-05,66.67,102
2018-09-06,66.67,102
2018-09-07,66.67,102
2018-09-10,67.65,102
2018-09-11,63.73,102
2018-09-12,64.71,102
2018-09-13,68.63,102
2018-09-14,66.67,102
2018-09-17,65.69,102
2018-09-18,72.55,102
2018-09-19,73.53,102
2018-09-20,76.47,102
2018-09-21,80.39,102
2018-09-24,77.45,102
2018-09-25,73.53,102
2018-09-26,70.59,102
2018-09-27,70.59,102
2018-09-28,71.57,102
2018-10-01,71.57,102
2018-10-02,72.55,102
2018-10-03,75.49,102
2018-10-04,74.51,102
2018-10-05,71.57,102
2018-10-08,72.55,102
2018-10-09,71.57,102
2018-10-10,60.78,102
2018-10-11,43.14,102
2018-10-12,50.00,102
2018-10-15,50.00,102
2018-10-16,56.86,102
2018-10-17,57.84,102
2018-10-18,50.00,102
2018-10-19,53.92,102
2018-10-22,51.96,102
2018-10-23,49.02,102
2018-10-24,40.20,102
2018-10-25,45.10,102
2018-10-26,41.18,102
2018-10-29,35.29,102
2018-10-30,42.16,102
2018-10-31,45.10,102
2018-11-01,46.08,102
2018-11-02,48.04,102
2018-11-05,49.02,102
2018-11-06,50.00,102
2018-11-07,58.82,102
2018-11-08,58.82,102
2018-11-09,57.84,102
2018-11-12,46.08,102
2018-11-13,46.08,102
2018-11-14,39.22,102
2018-11-15,43.14,102
2018-11-16,50.00,102
2018-11-19,47.06,102
2018-11-20,34.31,102
2018-11-21,35.29,102
2018-11-23,33.33,102
2018-11-26,40.20,102
2018-11-27,36.27,102
2018-11-28,52.94,102
2018-11-29,50.98,102
2018-11-30,57.84,102
2018-12-03,60.78,102
2018-12-04,44.12,102
2018-12-06,41.18,102
2018-12-07,33.33,102
2018-12-10,37.25,102
2018-12-11,36.27,102
2018-12-12,39.22,102
2018-12-13,40.20,102
2018-12-14,30.39,102
2018-12-17,22.55,102
2018-12-18,22.55,102
2018-12-19,18.63,102
2018-12-20,13.73,102
2018-12-21,12.75,102
2018-12-24,10.78,102
2018-12-26,14.71,102
2018-12-27,19.61,102
2018-12-28,21.57,102
2018-12-31,21.57,102
2019-01-02,18.63,102
2019-01-03,12.75,102
2019-01-04,22.55,102
2019-01-07,23.53,102
2019-01-08,27.45,102
2019-01-09,29.41,102
2019-01-10,28.43,102
2019-01-11,30.39,102
2019-01-14,29.41,102
2019-01-15,31.37,102
2019-01-16,34.31,102
2019-01-17,38.24,102
2019-01-18,46.08,102
2019-01-22,40.20,102
2019-01-23,41.18,102
2019-01-24,43.14,102
2019-01-25,46.08,102
2019-01-28,42.16,102
2019-01-29,42.16,102
2019-01-30,47.06,102
2019-01-31,48.04,102
2019-02-01,50.98,102
2019-02-04,57.84,102
2019-02-05,56.86,102
2019-02-06,54.90,102
2019-02-07,50.98,102
2019-02-08,50.98,102
2019-02-11,50.98,102
2019-02-12,58.82,102
2019-02-13,59.80,102
2019-02-14,56.86,102
2019-02-15,64.71,102
2019-02-19,64.71,102
2019-02-20,65.69,102
2019-02-21,64.71,102
2019-02-22,64.71,102
2019-02-25,64.71,102
2019-02-26,65.69,102
2019-02-27,66.67,102
2019-02-28,64.71,102
2019-03-01,66.67,102
2019-03-04,64.71,102
2019-03-05,64.71,102
2019-03-06,60.78,102
2019-03-07,56.86,102
2019-03-08,57.84,102
2019-03-11,63.73,102
2019-03-12,61.76,102
2019-03-13,64.71,102
2019-03-14,63.73,102
2019-03-15,65.69,102
2019-03-18,69.61,102
2019-03-19,67.65,102
2019-03-20,61.76,102
2019-03-21,66.67,102
2019-03-22,62.75,102
2019-03-25,62.75,102
2019-03-26,63.73,102
2019-03-27,61.76,102
2019-03-28,62.75,102
2019-03-29,67.65,102
2019-04-01,73.53,102
2019-04-02,71.57,102
2019-04-03,73.53,102
2019-04-04,72.55,102
2019-04-05,75.49,102
2019-04-08,75.49,102
2019-04-09,74.51,102
2019-04-10,73.53,102
2019-04-11,75.49,102
2019-04-12,78.43,102
2019-04-15,75.49,102
2019-04-16,76.47,102
2019-04-17,76.47,102
2019-04-18,77.45,102
2019-04-22,77.45,102
2019-04-23,79.41,102
2019-04-24,78.43,102
2019-04-25,74.51,102
2019-04-26,73.53,102
2019-04-29,77.45,102
2019-04-30,77.45,102
2019-05-01,75.49,102
2019-05-02,74.51,102
2019-05-03,76.47,102
2019-05-06,76.47,102
2019-05-07,73.53,102
2019-05-08,72.55,102
2019-05-09,71.57,102
2019-05-10,71.57,102
2019-05-13,62.75,102
2019-05-14,68.63,102
2019-05-15,67.65,102
2019-05-16,69.61,102
2019-05-17,68.63,102
2019-05-20,67.65,102
2019-05-21,69.61,102
2019-05-22,69.61,102
2019-05-23,67.65,102
2019-05-24,67.65,102
2019-05-28,60.78,102
2019-05-29,56.86,102
2019-05-30,57.84,102
2019-05-31,51.96,102
2019-06-03,53.92,102
2019-06-04,63.73,102
2019-06-05,64.71,102
2019-06-06,65.69,102
2019-06-07,67.65,102
2019-06-10,69.61,102
2019-06-11,69.61,102
2019-06-12,66.67,102
2019-06-13,68.63,102
2019-06-14,65.69,102
2019-06-17,69.61,102
2019-06-18,72.55,102
2019-06-19,72.55,102
2019-06-20,77.45,102
2019-06-21,76.47,102
2019-06-24,75.49,102
2019-06-25,73.53,102
2019-06-26,72.55,102
2019-06-27,76.47,102
2019-06-28,79.41,102
2019-07-01,79.41,102
2019-07-02,79.41,102
2019-07-03,82.35,102
2019-07-05,81.37,102
2019-07-08,79.41,102
2019-07-09,79.41,102
2019-07-10,81.37,102
2019-07-11,81.37,102
2019-07-12,82.35,102
2019-07-15,82.35,102
2019-07-16,82.35,102
2019-07-17,82.35,102
2019-07-18,81.37,102
2019-07-19,81.37,102
2019-07-22,82.35,102
2019-07-23,84.31,102
2019-07-24,85.29,102
2019-07-25,84.31,102
2019-07-26,84.31,102
2019-07-29,82.35,102
2019-07-30,82.35,102
2019-07-31,82.35,102
2019-08-01,78.43,102
2019-08-02,75.49,102
2019-08-05,69.61,102
2019-08-06,72.55,102
2019-08-07,72.55,102
2019-08-08,77.45,102
2019-08-09,73.53,102
2019-08-12,71.57,102
2019-08-13,72.55,102
2019-08-14,62.75,102
2019-08-15,58.82,102
2019-08-16,65.69,102
2019-08-19,71.57,102
2019-08-20,65.69,102
2019-08-21,70.59,102
2019-08-22,74.51,102
2019-08-23,59.80,102
2019-08-26,66.67,102
2019-08-27,62.75,102
2019-08-28,64.71,102
2019-08-29,74.51,102
2019-08-30,72.55,102
2019-09-03,67.65,102
2019-09-04,73.53,102
2019-09-05,79.41,102
2019-09-06,77.45,102
2019-09-09,80.39,102
2019-09-10,81.37,102
2019-09-11,85.29,102
2019-09-12,84.31,102
2019-09-13,84.31,102
2019-09-16,87.25,102
2019-09-17,85.29,102
2019-09-18,85.29,102
2019-09-19,85.29,102
2019-09-20,84.31,102
2019-09-23,83.33,102
2019-09-24,78.43,102
2019-09-25,79.41,102
2019-09-26,79.41,102
2019-09-27,77.45,102
2019-09-30,79.41,102
2019-10-01,74.51,102
2019-10-02,68.63,102
2019-10-03,68.63,102
2019-10-04,75.49,102
2019-10-07,73.53,102
2019-10-08,65.69,102
2019-10-09,67.65,102
2019-10-10,71.57,102
2019-10-11,74.51,102
2019-10-14,74.51,102
2019-10-15,78.43,102
2019-10-16,78.43,102
2019-10-17,77.45,102
2019-10-18,78.43,102
2019-10-21,79.41,102
2019-10-22,78.43,102
2019-10-23,76.47,102
2019-10-24,75.49,102
2019-10-25,73.53,102
2019-10-28,76.47,102
2019-10-29,77.45,102
2019-10-30,79.41,102
2019-10-31,76.47,102
2019-11-01,80.39,102
2019-11-04,84.31,102
2019-11-05,81.37,102
2019-11-06,83.33,102
2019-11-07,81.37,102
2019-11-08,79.41,102
2019-11-11,81.37,102
2019-11-12,78.43,102
2019-11-13,78.43,102
2019-11-14,79.41,102
2019-11-15,83.33,102
2019-11-18,81.37,102
2019-11-19,79.41,102
2019-11-20,80.39,102
2019-11-21,82.35,102
2019-11-22,82.35,102
2019-11-25,83.33,102
2019-11-26,82.35,102
2019-11-27,84.31,102
2019-11-29,82.35,102
2019-12-02,80.39,102
2019-12-03,79.41,102
2019-12-04,82.35,102
2019-12-05,82.35,102
2019-12-06,82.35,102
2019-12-09,82.35,102
2019-12-10,83.33,102
2019-12-11,83.33,102
2019-12-12,85.29,102
2019-12-13,85.29,102
2019-12-16,86.27,102
2019-12-17,86.27,102
2019-12-18,87.25,102
2019-12-19,86.27,102
2019-12-20,89.22,102
2019-12-23,89.22,102
2019-12-24,88.24,102
2019-12-26,89.22,102
2019-12-27,89.22,102
2019-12-30,87.25,102
2019-12-31,88.24,102
2020-01-02,90.20,102
2020-01-03,88.24,102
2020-01-06,89.22,102
2020-01-07,89.22,102
2020-01-08,89.22,102
2020-01-09,93.14,102
2020-01-10,91.18,102
2020-01-13,91.18,102
2020-01-14,91.18,102
2020-01-15,91.18,102
2020-01-16,91.18,102
2020-01-17,90.20,102
2020-01-21,90.20,102
2020-01-22,90.20,102
2020-01-23,89.22,102
2020-01-24,85.29,102
2020-01-27,82.35,102
2020-01-28,84.31,102
2020-01-29,81.37,102
2020-01-30,81.37,102
2020-01-31,75.49,102
2020-02-03,75.49,102
2020-02-04,80.39,102
2020-02-05,84.31,102
2020-02-06,86.27,102
2020-02-07,83.33,102
2020-02-10,83.33,102
2020-02-11,85.29,102
2020-02-12,84.31,102
2020-02-13,84.31,102
2020-02-14,85.29,102
2020-02-18,82.35,102
2020-02-19,83.33,102
2020-02-20,83.33,102
2020-02-21,82.35,102
2020-02-24,77.45,102
2020-02-25,63.73,102
2020-02-26,59.80,102
2020-02-27,41.18,102
2020-02-28,27.45,102
2020-03-02,51.96,102
2020-03-03,44.12,102
2020-03-04,53.92,102
2020-03-05,45.10,102
2020-03-06,44.12,102
2020-03-09,17.65,102
2020-03-10,34.31,102
2020-03-11,13.73,102
2020-03-12,3.92,102
2020-03-13,11.76,102
2020-03-16,0.98,102
2020-03-17,10.78,102
2020-03-18,4.90,102
2020-03-19,5.88,102
2020-03-20,1.96,102
2020-03-23,3.92,102
2020-03-24,5.88,102
2020-03-25,2.94,102
2020-03-26,10.78,102
2020-03-27,4.90,102
2020-03-30,12.75,102
2020-03-31,8.82,102
2020-04-01,4.90,102
2020-04-02,8.82,102
2020-04-03,8.82,102
2020-04-06,15.69,102
2020-04-07,13.73,102
2020-04-08,22.55,102
2020-04-09,25.49,102
2020-04-13,20.59,102
2020-04-14,29.41,102
2020-04-15,25.49,102
2020-04-16,27.45,102
2020-04-17,35.29,102
2020-04-20,31.37,102
2020-04-21,23.53,102
2020-04-22,25.49,102
2020-04-23,25.49,102
2020-04-24,29.41,102
2020-04-27,30.39,102
2020-04-28,29.41,102
2020-04-29,40.20,102
2020-04-30,30.39,102
2020-05-01,26.47,102
2020-05-04,29.41,102
2020-05-05,31.37,102
2020-05-06,30.39,102
2020-05-07,31.37,102
2020-05-08,37.25,102
2020-05-11,35.29,102
2020-05-12,27.45,102
2020-05-13,27.45,102
2020-05-14,32.35,102
2020-05-15,32.35,102
2020-05-18,41.18,102
2020-05-19,34.31,102
2020-05-20,41.18,102
2020-05-21,37.25,102
2020-05-22,39.22,102
2020-05-26,39.22,102
2020-05-27,49.02,102
2020-05-28,46.08,102
2020-05-29,49.02,102
2020-06-01,46.08,102
2020-06-02,49.02,102
2020-06-03,56.86,102
2020-06-04,54.90,102
2020-06-05,63.73,102
2020-06-08,78.43,102
2020-06-09,64.71,102
2020-06-10,59.80,102
2020-06-11,41.18,102
2020-06-12,41.18,102
2020-06-15,45.10,102
2020-06-16,49.02,102
2020-06-17,47.06,102
2020-06-18,48.04,102
2020-06-19,49.02,102
2020-06-22,46.08,102
2020-06-23,49.02,102
2020-06-24,41.18,102
2020-06-25,45.10,102
2020-06-26,38.24,102
2020-06-29,43.14,102
2020-06-30,47.06,102
2020-07-01,48.04,102
2020-07-02,51.96,102
2020-07-06,53.92,102
2020-07-07,50.00,102
2020-07-08,50.98,102
2020-07-09,49.02,102
2020-07-10,50.98,102
2020-07-13,50.98,102
2020-07-14,52.94,102
2020-07-15,55.88,102
2020-07-16,57.84,102
2020-07-17,57.84,102
2020-07-20,55.88,102
2020-07-21,58.82,102
2020-07-22,61.76,102
2020-07-23,58.82,102
2020-07-24,57.84,102
2020-07-27,56.86,102
2020-07-28,56.86,102
2020-07-29,56.86,102
2020-07-30,54.90,102
2020-07-31,52.94,102
2020-08-03,53.92,102
2020-08-04,54.90,102
2020-08-05,56.86,102
2020-08-06,54.90,102
2020-08-07,59.80,102
2020-08-10,63.73,102
2020-08-11,66.67,102
2020-08-12,67.65,102
2020-08-13,64.71,102
2020-08-14,66.67,102
2020-08-17,62.75,102
2020-08-18,64.71,102
2020-08-19,60.78,102
2020-08-20,60.78,102
2020-08-21,59.80,102
2020-08-24,63.73,102
2020-08-25,64.71,102
2020-08-26,63.73,102
2020-08-27,64.71,102
2020-08-28,66.67,102
2020-08-31,65.69,102
2020-09-01,64.71,102
2020-09-02,69.61,102
2020-09-03,67.65,102
2020-09-04,67.65,102
2020-09-08,61.76,102
2020-09-09,62.75,102
2020-09-10,57.84,102
2020-09-11,60.78,102
2020-09-14,62.75,102
2020-09-15,62.75,102
2020-09-16,65.69,102
2020-09-17,65.69,102
2020-09-18,62.75,102
2020-09-21,55.88,102
2020-09-22,59.80,102
2020-09-23,53.92,102
2020-09-24,53.92,102
2020-09-25,54.90,102
2020-09-28,58.82,102
2020-09-29,56.86,102
2020-09-30,60.78,102
2020-10-01,59.80,102
2020-10-02,60.78,102
2020-10-05,65.69,102
2020-10-06,60.78,102
2020-10-07,67.65,102
2020-10-08,74.51,102
2020-10-09,74.51,102
2020-10-12,76.47,102
2020-10-13,70.59,102
2020-10-14,69.61,102
2020-10-15,70.59,102
2020-10-16,72.55,102
2020-10-19,69.61,102
2020-10-20,69.61,102
2020-10-21,67.65,102
2020-10-22,70.59,102
2020-10-23,71.57,102
2020-10-26,67.65,102
2020-10-27,58.82,102
2020-10-28,52.94,102
2020-10-29,54.90,102
2020-10-30,56.86,102
2020-11-02,63.73,102
2020-11-03,68.63,102
2020-11-04,71.57,102
2020-11-05,73.53,102
2020-11-06,72.55,102
2020-11-09,81.37,102
2020-11-10,84.31,102
2020-11-11,84.31,102
2020-11-12,83.33,102
2020-11-13,84.31,102
2020-11-16,89.22,102
2020-11-17,90.20,102
2020-11-18,88.24,102
2020-11-19,88.24,102
2020-11-20,87.25,102
2020-11-23,90.20,102
2020-11-24,94.12,102
2020-11-25,93.14,102
2020-11-27,93.14,102
2020-11-30,92.16,102
2020-12-01,91.18,102
2020-12-02,93.14,102
2020-12-03,93.14,102
2020-12-04,94.12,102
2020-12-07,93.14,102
2020-12-08,93.14,102
2020-12-09,94.12,102
2020-12-10,94.12,102
2020-12-11,94.12,102
2020-12-14,93.14,102
2020-12-15,95.10,102
2020-12-16,94.12,102
2020-12-17,95.10,102
2020-12-18,94.12,102
2020-12-21,93.14,102
2020-12-22,92.16,102
2020-12-23,93.14,102
2020-12-24,93.14,102
2020-12-28,92.16,102
2020-12-29,92.16,102
2020-12-30,92.16,102
2020-12-31,94.12,102
2021-01-04,94.12,102
2021-01-05,94.12,102
2021-01-06,94.12,102
2021-01-07,94.12,102
2021-01-08,94.12,102
2021-01-11,93.14,102
2021-01-12,94.12,102
2021-01-13,94.12,102
2021-01-14,94.12,102
2021-01-15,95.10,102
2021-01-19,96.08,102
2021-01-20,96.08,102
2021-01-21,96.08,102
2021-01-22,94.12,102
2021-01-25,95.10,102
2021-01-26,95.10,102
2021-01-27,91.18,102
2021-01-28,93.14,102
2021-01-29,88.24,102
2021-02-01,92.16,102
2021-02-02,92.16,102
2021-02-03,92.16,102
2021-02-04,92.16,102
2021-02-05,93.14,102
2021-02-08,93.14,102
2021-02-09,92.16,102
2021-02-10,91.18,102
2021-02-11,91.18,102
2021-02-12,91.18,102
2021-02-16,88.24,102
2021-02-17,92.16,102
2021-02-18,90.20,102
2021-02-19,88.24,102
2021-02-22,88.24,102
2021-02-23,87.25,102
2021-02-24,86.27,102
2021-02-25,83.33,102
2021-02-26,78.43,102
2021-03-01,84.31,102
2021-03-02,82.35,102
2021-03-03,80.39,102
2021-03-04,76.47,102
2021-03-05,81.37,102
2021-03-08,79.41,102
2021-03-09,81.37,102
2021-03-10,84.31,102
2021-03-11,85.29,102
2021-03-12,85.29,102
2021-03-15,86.27,102
2021-03-16,86.27,102
2021-03-17,89.22,102
2021-03-18,85.29,102
2021-03-19,86.27,102
2021-03-22,89.22,102
2021-03-23,90.20,102
2021-03-24,90.20,102
2021-03-25,90.20,102
2021-03-26,96.08,102
2021-03-29,96.08,102
2021-03-30,95.10,102
2021-03-31,95.10,102
2021-04-01,96.08,102
2021-04-05,98.04,102
2021-04-06,97.06,102
2021-04-07,97.06,102
2021-04-08,97.06,102
2021-04-09,99.02,102
2021-04-12,99.02,102
2021-04-13,99.02,102
2021-04-14,99.02,102
2021-04-15,99.02,102
2021-04-16,99.02,102
2021-04-19,99.02,102
2021-04-20,98.04,102
2021-04-21,100.00,102
2021-04-22,99.02,102
2021-04-23,99.02,102
2021-04-26,97.06,102
2021-04-27,97.06,102
2021-04-28,96.08,102
2021-04-29,97.06,102
2021-04-30,98.04,102
2021-05-03,98.04,102
2021-05-04,98.04,102
2021-05-05,96.08,102
2021-05-06,96.08,102
2021-05-07,96.08,102
2021-05-10,96.08,102
2021-05-11,95.10,102
2021-05-12,91.18,102
2021-05-13,92.16,102
2021-05-14,94.12,102
2021-05-17,94.12,102
2021-05-18,95.10,102
2021-05-19,95.10,102
2021-05-20,97.06,102
2021-05-21,95.10,102
2021-05-24,95.10,102
2021-05-25,95.10,102
2021-05-26,94.12,102
2021-05-27,94.12,102
2021-05-28,96.08,102
2021-06-01,92.16,102
2021-06-02,92.16,102
2021-06-03,90.20,102
2021-06-04,93.14,102
2021-06-07,93.14,102
2021-06-08,93.14,102
2021-06-09,93.14,102
2021-06-10,94.12,102
2021-06-11,95.10,102
2021-06-14,97.06,102
2021-06-15,94.12,102
2021-06-16,93.14,102
2021-06-17,92.16,102
2021-06-18,91.18,102
2021-06-21,93.14,102
2021-06-22,93.14,102
2021-06-23,93.14,102
2021-06-24,95.10,102
2021-06-25,96.08,102
2021-06-28,99.02,102
2021-06-29,98.04,102
2021-06-30,99.02,102
2021-07-01,98.04,102
2021-07-02,98.04,102
2021-07-06,99.02,102
2021-07-07,99.02,102
2021-07-08,99.02,102
2021-07-09,98.04,102
2021-07-12,98.04,102
2021-07-13,99.02,102
2021-07-14,100.00,102
2021-07-15,100.00,102
2021-07-16,97.06,102
2021-07-19,94.12,102
2021-07-20,96.08,102
2021-07-21,99.02,102
2021-07-22,98.04,102
2021-07-23,98.04,102
2021-07-26,98.04,102
2021-07-27,98.04,102
2021-07-28,97.06,102
2021-07-29,98.04,102
2021-07-30,98.04,102
2021-08-02,98.04,102
2021-08-03,99.02,102
2021-08-04,94.12,102
2021-08-05,92.16,102
2021-08-06,93.14,102
2021-08-09,91.18,102
2021-08-10,91.18,102
2021-08-11,93.14,102
2021-08-12,92.16,102
2021-08-13,93.14,102
2021-08-16,93.14,102
2021-08-17,89.22,102
2021-08-18,85.29,102
2021-08-19,82.35,102
2021-08-20,82.35,102
2021-08-23,87.25,102
2021-08-24,89.22,102
2021-08-25,89.22,102
2021-08-26,87.25,102
2021-08-27,88.24,102
2021-08-30,88.24,102
2021-08-31,88.24,102
2021-09-01,85.29,102
2021-09-02,88.24,102
2021-09-03,88.24,102
2021-09-07,83.33,102
2021-09-08,83.33,102
2021-09-09,78.43,102
2021-09-10,77.45,102
2021-09-13,81.37,102
2021-09-14,79.41,102
2021-09-15,80.39,102
2021-09-16,79.41,102
2021-09-17,77.45,102
2021-09-20,73.53,102
2021-09-21,73.53,102
2021-09-22,73.53,102
2021-09-23,80.39,102
2021-09-24,81.37,102
2021-09-27,79.41,102
2021-09-28,76.47,102
2021-09-29,78.43,102
2021-09-30,68.63,102
2021-10-01,73.53,102
2021-10-04,71.57,102
2021-10-05,72.55,102
2021-10-06,73.53,102
2021-10-07,76.47,102
2021-10-08,76.47,102
2021-10-11,74.51,102
2021-10-12,71.57,102
2021-10-13,74.51,102
2021-10-14,80.39,102
2021-10-15,82.35,102
2021-10-18,79.41,102
2021-10-19,82.35,102
2021-10-20,81.37,102
2021-10-21,82.35,102
2021-10-22,81.37,102
2021-10-25,82.35,102
2021-10-26,82.35,102
2021-10-27,76.47,102
2021-10-28,77.45,102
2021-10-29,75.49,102
2021-11-01,76.47,102
2021-11-02,76.47,102
2021-11-03,82.35,102
2021-11-04,78.43,102
2021-11-05,80.39,102
2021-11-08,80.39,102
2021-11-09,80.39,102
2021-11-10,80.39,102
2021-11-11,81.37,102
2021-11-12,83.33,102
2021-11-15,81.37,102
2021-11-16,79.41,102
2021-11-17,78.43,102
2021-11-18,78.43,102
2021-11-19,77.45,102
2021-11-22,76.47,102
2021-11-23,78.43,102
2021-11-24,79.41,102
2021-11-26,68.63,102
2021-11-29,69.61,102
2021-11-30,60.78,102
2021-12-01,58.82,102
2021-12-02,64.71,102
2021-12-03,64.71,102
2021-12-06,72.55,102
2021-12-07,76.47,102
2021-12-08,75.49,102
2021-12-09,76.47,102
2021-12-10,78.43,102
2021-12-13,74.51,102
2021-12-14,73.53,102
2021-12-15,73.53,102
2021-12-16,74.51,102
2021-12-17,66.67,102
2021-12-20,61.76,102
2021-12-21,68.63,102
2021-12-22,69.61,102
2021-12-23,75.49,102
2021-12-27,79.41,102
2021-12-28,82.35,102
2021-12-29,82.35,102
2021-12-30,80.39,102
2021-12-31,80.39,102
2022-01-03,82.35,102
2022-01-04,84.31,102
2022-01-05,79.41,102
2022-01-06,79.41,102
2022-01-07,84.31,102
2022-01-10,83.33,102
2022-01-11,84.31,102
2022-01-12,84.31,102
2022-01-13,82.35,102
2022-01-14,82.35,102
2022-01-18,75.49,102
2022-01-19,69.61,102
2022-01-20,67.65,102
2022-01-21,62.75,102
2022-01-24,63.73,102
2022-01-25,62.75,102
2022-01-26,57.84,102
2022-01-27,54.90,102
2022-01-28,63.73,102
2022-01-31,66.67,102
2022-02-01,66.67,102
2022-02-02,69.61,102
2022-02-03,62.75,102
2022-02-04,61.76,102
2022-02-07,62.75,102
2022-02-08,63.73,102
2022-02-09,68.63,102
2022-02-10,64.71,102
2022-02-11,58.82,102
2022-02-14,55.88,102
2022-02-15,60.78,102
2022-02-16,62.75,102
2022-02-17,51.96,102
2022-02-18,49.02,102
2022-02-22,48.04,102
2022-02-23,44.12,102
2022-02-24,43.14,102
2022-02-25,51.96,102
2022-02-28,52.94,102
2022-03-01,44.12,102
2022-03-02,50.00,102
2022-03-03,50.00,102
2022-03-04,50.00,102
2022-03-07,38.24,102
2022-03-08,40.20,102
2022-03-09,43.14,102
2022-03-10,42.16,102
2022-03-11,40.20,102
2022-03-14,41.18,102
2022-03-15,46.08,102
2022-03-16,49.02,102
2022-03-17,51.96,102
2022-03-18,55.88,102
2022-03-21,52.94,102
2022-03-22,59.80,102
2022-03-23,50.00,102
2022-03-24,56.86,102
2022-03-25,57.84,102
2022-03-28,59.80,102
2022-03-29,67.65,102
2022-03-30,62.75,102
2022-03-31,55.88,102
2022-04-01,57.84,102
2022-04-04,58.82,102
2022-04-05,56.86,102
2022-04-06,53.92,102
2022-04-07,52.94,102
2022-04-08,52.94,102
2022-04-11,51.96,102
2022-04-12,49.02,102
2022-04-13,49.02,102
2022-04-14,50.00,102
2022-04-18,48.04,102
2022-04-19,50.00,102
2022-04-20,51.96,102
2022-04-21,50.98,102
2022-04-22,45.10,102
2022-04-25,48.04,102
2022-04-26,45.10,102
2022-04-27,46.08,102
2022-04-28,50.00,102
2022-04-29,43.14,102
2022-05-02,42.16,102
2022-05-03,44.12,102
2022-05-04,49.02,102
2022-05-05,40.20,102
2022-05-06,39.22,102
2022-05-09,37.25,102
2022-05-10,36.27,102
2022-05-11,36.27,102
2022-05-12,35.29,102
2022-05-13,35.29,102
2022-05-16,37.25,102
2022-05-17,38.24,102
2022-05-18,32.35,102
2022-05-19,30.39,102
2022-05-20,30.39,102
2022-05-23,32.35,102
2022-05-24,34.31,102
2022-05-25,35.29,102
2022-05-26,37.25,102
2022-05-27,42.16,102
2022-05-31,41.18,102
2022-06-01,40.20,102
2022-06-02,42.16,102
2022-06-03,39.22,102
2022-06-06,38.24,102
2022-06-07,41.18,102
2022-06-08,38.24,102
2022-06-09,31.37,102
2022-06-10,30.39,102
2022-06-13,26.47,102
2022-06-14,26.47,102
2022-06-15,24.51,102
2022-06-16,19.61,102
2022-06-17,19.61,102
2022-06-21,23.53,102
2022-06-22,23.53,102
2022-06-23,26.47,102
2022-06-24,30.39,102
2022-06-27,30.39,102
2022-06-28,27.45,102
2022-06-29,28.43,102
2022-06-30,29.41,102
2022-07-01,32.35,102
2022-07-05,27.45,102
2022-07-06,24.51,102
2022-07-07,26.47,102
2022-07-08,26.47,102
2022-07-11,25.49,102
2022-07-12,24.51,102
2022-07-13,22.55,102
2022-07-14,21.57,102
2022-07-15,21.57,102
2022-07-18,20.59,102
2022-07-19,25.49,102
2022-07-20,25.49,102
2022-07-21,27.45,102
2022-07-22,28.43,102
2022-07-25,29.41,102
2022-07-26,24.51,102
2022-07-27,31.37,102
2022-07-28,36.27,102
2022-07-29,37.25,102
2022-08-01,37.25,102
2022-08-02,35.29,102
2022-08-03,35.29,102
2022-08-04,36.27,102
2022-08-05,38.24,102
2022-08-08,36.27,102
2022-08-09,35.29,102
2022-08-10,44.12,102
2022-08-11,45.10,102
2022-08-12,48.04,102
2022-08-15,49.02,102
2022-08-16,53.92,102
2022-08-17,50.00,102
2022-08-18,50.98,102
2022-08-19,48.04,102
2022-08-22,40.20,102
2022-08-23,42.16,102
2022-08-24,43.14,102
2022-08-25,46.08,102
2022-08-26,35.29,102
2022-08-29,32.35,102
2022-08-30,28.43,102
2022-08-31,26.47,102
2022-09-01,29.41,102
2022-09-02,27.45,102
2022-09-06,25.49,102
2022-09-07,30.39,102
2022-09-08,33.33,102
2022-09-09,38.24,102
2022-09-12,41.18,102
2022-09-13,30.39,102
2022-09-14,28.43,102
2022-09-15,26.47,102
2022-09-16,26.47,102
2022-09-19,27.45,102
2022-09-20,23.53,102
2022-09-21,20.59,102
2022-09-22,17.65,102
2022-09-23,12.75,102
2022-09-26,10.78,102
2022-09-27,9.80,102
2022-09-28,14.71,102
2022-09-29,10.78,102
2022-09-30,8.82,102
2022-10-03,11.76,102
2022-10-04,20.59,102
2022-10-05,20.59,102
2022-10-06,15.69,102
2022-10-07,13.73,102
2022-10-10,13.73,102
2022-10-11,15.69,102
2022-10-12,15.69,102
2022-10-13,19.61,102
2022-10-14,15.69,102
2022-10-17,20.59,102
2022-10-18,22.55,102
2022-10-19,22.55,102
2022-10-20,20.59,102
2022-10-21,28.43,102
2022-10-24,28.43,102
2022-10-25,32.35,102
2022-10-26,38.24,102
2022-10-27,38.24,102
2022-10-28,45.10,102
2022-10-31,44.12,102
2022-11-01,44.12,102
2022-11-02,40.20,102
2022-11-03,41.18,102
2022-11-04,47.06,102
2022-11-07,50.00,102
2022-11-08,50.00,102
2022-11-09,48.04,102
2022-11-10,58.82,102
2022-11-11,59.80,102
2022-11-14,58.82,102
2022-11-15,62.75,102
2022-11-16,56.86,102
2022-11-17,55.88,102
2022-11-18,59.80,102
2022-11-21,60.78,102
2022-11-22,66.67,102
2022-11-23,71.57,102
2022-11-25,72.55,102
2022-11-28,63.73,102
2022-11-29,64.71,102
2022-11-30,74.51,102
2022-12-01,74.51,102
2022-12-02,74.51,102
2022-12-05,68.63,102
2022-12-06,63.73,102
2022-12-07,64.71,102
2022-12-08,68.63,102
2022-12-09,64.71,102
2022-12-12,71.57,102
2022-12-13,77.45,102
2022-12-14,73.53,102
2022-12-15,63.73,102
2022-12-16,59.80,102
2022-12-19,57.84,102
2022-12-20,56.86,102
2022-12-21,62.75,102
2022-12-22,60.78,102
2022-12-23,61.76,102
2022-12-27,62.75,102
2022-12-28,58.82,102
2022-12-29,64.71,102
2022-12-30,61.76,102
2023-01-03,62.75,102
2023-01-04,65.69,102
2023-01-05,62.75,102
2023-01-06,66.67,102
2023-01-09,68.63,102
2023-01-10,70.59,102
2023-01-11,71.57,102
2023-01-12,74.51,102
2023-01-13,74.51,102
2023-01-17,73.53,102
2023-01-18,65.69,102
2023-01-19,62.75,102
2023-01-20,66.67,102
2023-01-23,71.57,102
2023-01-24,68.63,102
2023-01-25,66.67,102
2023-01-26,70.59,102
2023-01-27,72.55,102
2023-01-30,67.65,102
2023-01-31,77.45,102
2023-02-01,76.47,102
2023-02-02,81.37,102
2023-02-03,78.43,102
2023-02-06,74.51,102
2023-02-07,78.43,102
2023-02-08,75.49,102
2023-02-09,76.47,102
2023-02-10,78.43,102
2023-02-13,77.45,102
2023-02-14,77.45,102
2023-02-15,76.47,102
2023-02-16,74.51,102
2023-02-17,73.53,102
2023-02-21,63.73,102
2023-02-22,61.76,102
2023-02-23,65.69,102
2023-02-24,58.82,102
2023-02-27,58.82,102
2023-02-28,56.86,102
2023-03-01,53.92,102
2023-03-02,56.86,102
2023-03-03,66.67,102
2023-03-06,65.69,102
2023-03-07,60.78,102
2023-03-08,60.78,102
2023-03-09,50.00,102
2023-03-10,45.10,102
2023-03-13,41.18,102
2023-03-14,44.12,102
2023-03-15,43.14,102
2023-03-16,45.10,102
2023-03-17,40.20,102
2023-03-20,48.04,102
2023-03-21,50.00,102
2023-03-22,44.12,102
2023-03-23,42.16,102
2023-03-24,42.16,102
2023-03-27,46.08,102
2023-03-28,46.08,102
2023-03-29,54.90,102
2023-03-30,54.90,102
2023-03-31,59.80,102
2023-04-03,65.69,102
2023-04-04,60.78,102
2023-04-05,60.78,102
2023-04-06,57.84,102
2023-04-10,57.84,102
2023-04-11,63.73,102
2023-04-12,63.73,102
2023-04-13,67.65,102
2023-04-14,67.65,102
2023-04-17,64.71,102
2023-04-18,66.67,102
2023-04-19,66.67,102
2023-04-20,64.71,102
2023-04-21,64.71,102
2023-04-24,64.71,102
2023-04-25,55.88,102
2023-04-26,50.00,102
2023-04-27,56.86,102
2023-04-28,61.76,102
2023-05-01,58.82,102
2023-05-02,49.02,102
2023-05-03,47.06,102
2023-05-04,43.14,102
2023-05-05,49.02,102
2023-05-08,48.04,102
2023-05-09,48.04,102
2023-05-10,49.02,102
2023-05-11,46.08,102
2023-05-12,47.06,102
2023-05-15,49.02,102
2023-05-16,43.14,102
2023-05-17,49.02,102
2023-05-18,50.98,102
2023-05-19,50.98,102
2023-05-22,48.04,102
2023-05-23,47.06,102
2023-05-24,43.14,102
2023-05-25,40.20,102
2023-05-26,42.16,102
2023-05-30,43.14,102
2023-05-31,41.18,102
2023-06-01,43.14,102
2023-06-02,53.92,102
2023-06-05,53.92,102
2023-06-06,54.90,102
2023-06-07,55.88,102
2023-06-08,58.82,102
2023-06-09,56.86,102
2023-06-12,58.82,102
2023-06-13,62.75,102
2023-06-14,61.76,102
2023-06-15,69.61,102
2023-06-16,68.63,102
2023-06-20,65.69,102
2023-06-21,62.75,102
2023-06-22,62.75,102
2023-06-23,56.86,102
2023-06-26,57.84,102
2023-06-27,62.75,102
2023-06-28,60.78,102
2023-06-29,65.69,102
2023-06-30,65.69,102
2023-07-03,66.67,102
2023-07-05,63.73,102
2023-07-06,61.76,102
2023-07-07,62.75,102
2023-07-10,62.75,102
2023-07-11,66.67,102
2023-07-12,68.63,102
2023-07-13,70.59,102
2023-07-14,66.67,102
2023-07-17,65.69,102
2023-07-18,66.67,102
2023-07-19,70.59,102
2023-07-20,75.49,102
2023-07-21,76.47,102
2023-07-24,76.47,102
2023-07-25,76.47,102
2023-07-26,77.45,102
2023-07-27,75.49,102
2023-07-28,75.49,102
2023-07-31,76.47,102
2023-08-01,75.49,102
2023-08-02,71.57,102
2023-08-03,71.57,102
2023-08-04,65.69,102
2023-08-07,73.53,102
2023-08-08,70.59,102
2023-08-09,68.63,102
2023-08-10,65.69,102
2023-08-11,68.63,102
2023-08-14,68.63,102
2023-08-15,57.84,102
2023-08-16,54.90,102
2023-08-17,53.92,102
2023-08-18,53.92,102
2023-08-21,50.98,102
2023-08-22,49.02,102
2023-08-23,49.02,102
2023-08-24,48.04,102
2023-08-25,49.02,102
2023-08-28,51.96,102
2023-08-29,59.80,102
2023-08-30,62.75,102
2023-08-31,58.82,102
2023-09-01,61.76,102
2023-09-05,53.92,102
2023-09-06,53.92,102
2023-09-07,55.88,102
2023-09-08,53.92,102
2023-09-11,56.86,102
2023-09-12,59.80,102
2023-09-13,59.80,102
2023-09-14,65.69,102
2023-09-15,64.71,102
2023-09-18,63.73,102
2023-09-19,61.76,102
2023-09-20,59.80,102
2023-09-21,50.00,102
2023-09-22,50.98,102
2023-09-25,50.98,102
2023-09-26,45.10,102
2023-09-27,43.14,102
2023-09-28,44.12,102
2023-09-29,43.14,102
2023-10-02,43.14,102
2023-10-03,39.22,102
2023-10-04,39.22,102
2023-10-05,38.24,102
2023-10-06,39.22,102
2023-10-09,43.14,102
2023-10-10,46.08,102
2023-10-11,45.10,102
2023-10-12,43.14,102
2023-10-13,43.14,102
2023-10-16,45.10,102
2023-10-17,46.08,102
2023-10-18,45.10,102
2023-10-19,44.12,102
2023-10-20,41.18,102
2023-10-23,40.20,102
2023-10-24,41.18,102
2023-10-25,38.24,102
2023-10-26,32.35,102
2023-10-27,29.41,102
2023-10-30,32.35,102
2023-10-31,37.25,102
2023-11-01,37.25,102
2023-11-02,45.10,102
2023-11-03,50.00,102
2023-11-06,48.04,102
2023-11-07,44.12,102
2023-11-08,43.14,102
2023-11-09,40.20,102
2023-11-10,44.12,102
2023-11-13,46.08,102
2023-11-14,58.82,102
2023-11-15,58.82,102
2023-11-16,56.86,102
2023-11-17,60.78,102
2023-11-20,61.76,102
2023-11-21,61.76,102
2023-11-22,64.71,102
2023-11-24,66.67,102
2023-11-27,65.69,102
2023-11-28,66.67,102
2023-11-29,68.63,102
2023-11-30,67.65,102
2023-12-01,73.53,102
2023-12-04,72.55,102
2023-12-05,69.61,102
2023-12-06,69.61,102
2023-12-07,68.63,102
2023-12-08,70.59,102
2023-12-11,70.59,102
2023-12-12,70.59,102
2023-12-13,76.47,102
2023-12-14,78.43,102
2023-12-15,76.47,102
2023-12-18,78.43,102
2023-12-19,82.35,102
2023-12-20,74.51,102
2023-12-21,80.39,102
2023-12-22,81.37,102
2023-12-26,82.35,102
2023-12-27,82.35,102
2023-12-28,81.37,102
2023-12-29,82.35,102
2024-01-02,83.33,102
2024-01-03,82.35,102
2024-01-04,80.39,102
2024-01-05,82.35,102
2024-01-08,81.37,102
2024-01-09,82.35,102
2024-01-10,81.37,102
2024-01-11,81.37,102
2024-01-12,80.39,102
2024-01-16,77.45,102
2024-01-17,77.45,102
2024-01-18,78.43,102
2024-01-19,78.43,102
2024-01-22,79.41,102
2024-01-23,77.45,102
2024-01-24,79.41,102
2024-01-25,80.39,102
2024-01-26,81.37,102
2024-01-29,81.37,102
2024-01-30,79.41,102
2024-01-31,77.45,102
2024-02-01,80.39,102
2024-02-02,75.49,102
2024-02-05,71.57,102
2024-02-06,75.49,102
2024-02-07,74.51,102
2024-02-08,74.51,102
2024-02-09,75.49,102
2024-02-12,76.47,102
2024-02-13,71.57,102
2024-02-14,72.55,102
2024-02-15,74.51,102
2024-02-16,73.53,102
2024-02-20,74.51,102
2024-02-21,77.45,102
2024-02-22,79.41,102
2024-02-23,78.43,102
2024-02-26,78.43,102
2024-02-27,77.45,102
2024-02-28,77.45,102
2024-02-29,78.43,102
2024-03-01,78.43,102
2024-03-04,77.45,102
2024-03-05,74.51,102
2024-03-06,77.45,102
2024-03-07,79.41,102
2024-03-08,80.39,102
2024-03-11,82.35,102
2024-03-12,84.31,102
2024-03-13,83.33,102
2024-03-14,85.29,102
2024-03-15,81.37,102
2024-03-18,83.33,102
2024-03-19,85.29,102
2024-03-20,87.25,102
2024-03-21,86.27,102
2024-03-22,86.27,102
2024-03-25,85.29,102
2024-03-26,83.33,102
2024-03-27,87.25,102
2024-03-28,87.25,102
2024-04-01,86.27,102
2024-04-02,86.27,102
2024-04-03,83.33,102
2024-04-04,82.35,102
2024-04-05,82.35,102
2024-04-08,81.37,102
2024-04-09,83.33,102
2024-04-10,77.45,102
2024-04-11,78.43,102
2024-04-12,75.49,102
2024-04-15,73.53,102
2024-04-16,71.57,102
2024-04-17,73.53,102
2024-04-18,74.51,102
2024-04-19,76.47,102
2024-04-22,79.41,102
2024-04-23,80.39,102
2024-04-24,79.41,102
2024-04-25,77.45,102
2024-04-26,78.43,102
2024-04-29,80.39,102
2024-04-30,77.45,102
2024-05-01,78.43,102
2024-05-02,79.41,102
2024-05-03,79.41,102
2024-05-06,78.43,102
2024-05-07,80.39,102
2024-05-08,79.41,102
2024-05-09,80.39,102
2024-05-10,79.41,102
2024-05-13,79.41,102
2024-05-14,80.39,102
2024-05-15,80.39,102
2024-05-16,80.39,102
2024-05-17,82.35,102
2024-05-20,82.35,102
2024-05-21,80.39,102
2024-05-22,79.41,102
2024-05-23,76.47,102
2024-05-24,76.47,102
2024-05-28,72.55,102
2024-05-29,69.61,102
2024-05-30,69.61,102
2024-05-31,76.47,102
2024-06-03,72.55,102
2024-06-04,72.55,102
2024-06-05,73.53,102
2024-06-06,72.55,102
2024-06-07,72.55,102
2024-06-10,73.53,102
2024-06-11,70.59,102
2024-06-12,72.55,102
2024-06-13,71.57,102
2024-06-14,71.57,102
2024-06-17,71.57,102
2024-06-18,71.57,102
2024-06-20,73.53,102
2024-06-21,75.49,102
2024-06-24,76.47,102
2024-06-25,73.53,102
2024-06-26,72.55,102
2024-06-27,73.53,102
2024-06-28,73.53,102
2024-07-01,72.55,102
2024-07-02,70.59,102
2024-07-03,71.57,102
2024-07-05,72.55,102
2024-07-08,69.61,102
2024-07-09,69.61,102
2024-07-10,72.55,102
2024-07-11,74.51,102
2024-07-12,74.51,102
2024-07-15,77.45,102
2024-07-16,77.45,102
2024-07-17,81.37,102
2024-07-18,82.35,102
2024-07-19,78.43,102
2024-07-22,77.45,102
2024-07-23,74.51,102
2024-07-24,77.45,102
2024-07-25,78.43,102
2024-07-26,80.39,102
2024-07-29,78.43,102
2024-07-30,78.43,102
2024-07-31,80.39,102
2024-08-01,79.41,102
2024-08-02,74.51,102
2024-08-05,66.67,102
2024-08-06,67.65,102
2024-08-07,66.67,102
2024-08-08,70.59,102
2024-08-09,71.57,102
2024-08-12,69.61,102
2024-08-13,75.49,102
2024-08-14,73.53,102
2024-08-15,78.43,102
2024-08-16,81.37,102
2024-08-19,82.35,102
2024-08-20,81.37,102
2024-08-21,83.33,102
2024-08-22,82.35,102
2024-08-23,83.33,102
2024-08-26,82.35,102
2024-08-27,82.35,102
2024-08-28,80.39,102
2024-08-29,81.37,102
2024-08-30,83.33,102
2024-09-03,80.39,102
2024-09-04,80.39,102
2024-09-05,78.43,102
2024-09-06,75.49,102
2024-09-09,79.41,102
2024-09-10,78.43,102
2024-09-11,75.49,102
2024-09-12,77.45,102
2024-09-13,78.43,102
2024-09-16,78.43,102
2024-09-17,80.39,102
2024-09-18,79.41,102
2024-09-19,82.35,102
2024-09-20,79.41,102
2024-09-23,80.39,102
2024-09-24,82.35,102
2024-09-25,80.39,102
2024-09-26,85.29,102
2024-09-27,85.29,102
2024-09-30,83.33,102
2024-10-01,82.35,102
2024-10-02,84.31,102
2024-10-03,80.39,102
2024-10-04,82.35,102
2024-10-07,80.39,102
2024-10-08,80.39,102
2024-10-09,81.37,102
2024-10-10,81.37,102
2024-10-11,84.31,102
2024-10-14,86.27,102
2024-10-15,84.31,102
2024-10-16,84.31,102
2024-10-17,84.31,102
2024-10-18,84.31,102
2024-10-21,82.35,102
2024-10-22,83.33,102
2024-10-23,79.41,102
2024-10-24,78.43,102
2024-10-25,77.45,102
2024-10-28,75.49,102
2024-10-29,76.47,102
2024-10-30,75.49,102
2024-10-31,71.57,102
2024-11-01,74.51,102
2024-11-04,73.53,102
2024-11-05,74.51,102
2024-11-06,75.49,102
2024-11-07,73.53,102
2024-11-08,75.49,102
2024-11-11,73.53,102
2024-11-12,72.55,102
2024-11-13,71.57,102
2024-11-14,71.57,102
2024-11-15,65.69,102
2024-11-18,68.63,102
2024-11-19,67.65,102
2024-11-20,66.67,102
2024-11-21,69.61,102
2024-11-22,70.59,102
2024-11-25,74.51,102
2024-11-26,74.51,102
2024-11-27,74.51,102
2024-11-29,74.51,102
2024-12-02,72.55,102
2024-12-03,70.59,102
2024-12-04,70.59,102
2024-12-05,68.63,102
2024-12-06,68.63,102
2024-12-09,69.61,102
2024-12-10,67.65,102
2024-12-11,66.67,102
2024-12-12,64.71,102
2024-12-13,65.69,102
2024-12-16,62.75,102
2024-12-17,60.78,102
2024-12-18,59.80,102
2024-12-19,58.82,102
2024-12-20,60.78,102
2024-12-23,61.76,102
2024-12-24,63.73,102
2024-12-26,62.75,102
2024-12-27,62.75,102
2024-12-30,60.78,102
2024-12-31,59.80,102
2025-01-02,59.80,102
2025-01-03,60.78,102
2025-01-06,59.80,102
2025-01-07,58.82,102
2025-01-08,61.76,102
2025-01-10,55.88,102
2025-01-13,56.86,102
2025-01-14,60.78,102
2025-01-15,61.76,102
2025-01-16,64.71,102
2025-01-17,64.71,102
2025-01-21,69.61,102
2025-01-22,69.61,102
2025-01-23,69.61,102
2025-01-24,67.65,102
2025-01-27,70.59,102
2025-01-28,70.59,102
2025-01-29,69.61,102
2025-01-30,70.59,102
2025-01-31,67.65,102
2025-02-03,66.67,102
2025-02-04,70.59,102
2025-02-05,68.63,102
2025-02-06,65.69,102
2025-02-07,64.71,102
2025-02-10,63.73,102
2025-02-11,64.71,102
2025-02-12,64.71,102
2025-02-13,64.71,102
2025-02-14,63.73,102
2025-02-18,64.71,102
2025-02-19,66.67,102
2025-02-20,66.67,102
2025-02-21,68.63,102
2025-02-24,68.63,102
2025-02-25,70.59,102
2025-02-26,67.65,102
2025-02-27,67.65,102
2025-02-28,69.61,102
2025-03-03,66.67,102
2025-03-04,60.78,102
2025-03-05,63.73,102
2025-03-06,60.78,102
2025-03-07,61.76,102
2025-03-10,54.90,102
2025-03-11,50.00,102
2025-03-12,47.06,102
2025-03-13,42.16,102
2025-03-14,48.04,102
2025-03-17,50.98,102
2025-03-18,50.98,102
2025-03-19,55.88,102
2025-03-20,52.94,102
2025-03-21,50.98,102
2025-03-24,58.82,102
2025-03-25,58.82,102
2025-03-26,60.78,102
2025-03-27,57.84,102
2025-03-28,52.94,102
2025-03-31,54.90,102
2025-04-01,55.88,102
2025-04-02,57.84,102
2025-04-03,42.16,102
2025-04-04,24.51,102
2025-04-07,20.59,102
2025-04-08,17.65,102
2025-04-09,39.22,102
2025-04-10,30.39,102
2025-04-11,32.35,102
2025-04-14,35.29,102
2025-04-15,34.31,102
2025-04-16,31.37,102
2025-04-17,35.29,102
2025-04-21,28.43,102
2025-04-22,35.29,102
2025-04-23,35.29,102
2025-04-24,38.24,102
2025-04-25,41.18,102
2025-04-28,41.18,102
2025-04-29,44.12,102
2025-04-30,43.14,102
2025-05-01,42.16,102
2025-05-02,48.04,102
2025-05-05,48.04,102
2025-05-06,43.14,102
2025-05-07,48.04,102
2025-05-08,48.04,102
2025-05-09,46.08,102
2025-05-12,52.94,102
2025-05-13,51.96,102
2025-05-14,49.02,102
2025-05-15,56.86,102
2025-05-16,58.82,102
2025-05-19,56.86,102
2025-05-20,58.82,102
2025-05-21,51.96,102
2025-05-22,52.94,102
2025-05-23,49.02,102
2025-05-27,54.90,102
2025-05-28,53.92,102
2025-05-29,53.92,102
2025-05-30,54.90,102
2025-06-02,55.88,102
2025-06-03,56.86,102
2025-06-04,54.90,102
2025-06-05,54.90,102
2025-06-06,58.82,102
2025-06-09,59.80,102
2025-06-10,63.73,102
2025-06-11,62.75,102
2025-06-12,63.73,102
2025-06-13,61.76,102
2025-06-16,62.75,102
2025-06-17,56.86,102
2025-06-18,56.86,102
2025-06-20,54.90,102
2025-06-23,56.86,102
2025-06-24,55.88,102
2025-06-25,56.86,102
2025-06-26,62.75,102
2025-06-27,65.69,102
2025-06-30,64.71,102
2025-07-01,71.57,102
2025-07-02,70.59,102
2025-07-03,73.53,102
2025-07-07,68.63,102
2025-07-08,69.61,102
2025-07-09,68.63,102
2025-07-10,69.61,102
2025-07-11,70.59,102
2025-07-14,69.61,102
2025-07-15,62.75,102
2025-07-16,65.69,102
2025-07-17,64.71,102
2025-07-18,64.71,102
2025-07-21,65.69,102
2025-07-22,69.61,102
2025-07-23,69.61,102
2025-07-24,66.67,102
2025-07-25,66.67,102
2025-07-28,67.65,102
2025-07-29,69.61,102
2025-07-30,65.69,102
2025-07-31,60.78,102
2025-08-01,59.80,102
2025-08-04,61.76,102
2025-08-05,60.78,102
2025-08-06,60.78,102
2025-08-07,59.80,102
2025-08-08,66.67,102
2025-08-11,63.73,102
2025-08-12,65.69,102
2025-08-13,71.57,102
2025-08-14,70.59,102
2025-08-15,70.59,102
2025-08-18,68.63,102
2025-08-19,71.57,102
2025-08-20,73.53,102
2025-08-21,70.59,102
2025-08-22,78.43,102
2025-08-25,75.49,102
2025-08-26,76.47,102
2025-08-27,75.49,102
2025-08-28,76.47,102
2025-08-29,75.49,102
2025-09-02,73.53,102
2025-09-03,70.59,102
2025-09-04,72.55,102
2025-09-05,71.57,102
2025-09-08,66.67,102
2025-09-09,67.65,102
2025-09-10,68.63,102
2025-09-11,72.55,102
2025-09-12,67.65,102
2025-09-15,64.71,102
2025-09-16,65.69,102
2025-09-17,65.69,102
2025-09-18,65.69,102
2025-09-19,68.63,102
2025-09-22,66.67,102
2025-09-23,67.65,102
2025-09-24,67.65,102
2025-09-25,64.71,102
2025-09-26,66.67,102
2025-09-29,66.67,102
2025-09-30,69.61,102
2025-10-01,74.51,102
2025-10-02,70.59,102
2025-10-03,72.55,102
2025-10-06,70.59,102
2025-10-07,70.59,102
2025-10-08,69.61,102
2025-10-09,67.65,102
2025-10-10,60.78,102
2025-10-13,64.71,102
2025-10-14,67.65,102
2025-10-15,64.71,102
2025-10-16,58.82,102
2025-10-17,61.76,102
2025-10-20,66.67,102
2025-10-21,66.67,102
2025-10-22,67.65,102
2025-10-23,69.61,102
2025-10-24,68.63,102
2025-10-27,69.61,102
2025-10-28,65.69,102
2025-10-29,61.76,102
2025-10-30,63.73,102
2025-10-31,62.75,102
2025-11-03,59.80,102
2025-11-04,62.75,102
2025-11-05,60.78,102
2025-11-06,59.80,102
2025-11-07,59.80,102
2025-11-10,59.80,102
2025-11-11,62.75,102
2025-11-12,63.73,102
2025-11-13,62.75,102
2025-11-14,65.69,102
2025-11-17,58.82,102
2025-11-18,59.80,102
2025-11-19,57.84,102
2025-11-20,57.84,102
2025-11-21,63.73,102
2025-11-24,58.82,102
2025-11-25,64.71,102
2025-11-26,63.73,102
2025-11-28,64.71,102
2025-12-01,63.73,102
2025-12-02,62.75,102
2025-12-03,66.67,102
2025-12-04,68.63,102
2025-12-05,68.63,102
2025-12-08,69.61,102
2025-12-09,67.65,102
2025-12-10,68.63,102
2025-12-11,71.57,102
2025-12-12,72.55,102
2025-12-15,71.57,102
2025-12-16,69.61,102
2025-12-17,71.57,102
2025-12-18,72.55,102
2025-12-19,71.57,102
2025-12-22,71.57,102
2025-12-23,70.59,102
2025-12-24,72.55,102
2025-12-26,71.57,102
2025-12-29,72.55,102
2025-12-30,72.55,102
2025-12-31,71.57,102
2026-01-02,68.63,102
2026-01-05,70.59,102
2026-01-06,73.53,102
2026-01-07,72.55,102
2026-01-08,76.47,102
2026-01-09,80.39,102
2026-01-12,77.45,102
2026-01-13,76.47,102
2026-01-14,78.43,102
2026-01-15,80.39,102
2026-01-16,78.43,102
2026-01-20,74.51,102
2026-01-21,78.43,102
2026-01-22,77.45,102
2026-01-23,78.43,102
2026-01-26,78.43,102
2026-01-27,79.41,102
2026-01-28,79.41,102
2026-01-29,79.41,102
2026-01-30,78.43,102
2026-02-02,80.39,102
2026-02-03,78.43,102
2026-02-04,79.41,102
2026-02-05,77.45,102
2026-02-06,75.49,102
2026-02-09,79.41,102
2026-02-10,79.41,102
2026-02-11,79.41,102
2026-02-12,76.47,102
2026-02-13,76.47,102
2026-02-17,73.53,102
2026-02-18,77.45,102
2026-02-19,76.47,102
2026-02-20,77.45,102
2026-02-23,74.51,102
2026-02-24,75.49,102
2026-02-25,76.47,102
2026-02-26,76.47,102
2026-02-27,75.49,102
2026-03-02,72.55,102
2026-03-03,69.61,102
2026-03-04,71.57,102
2026-03-05,66.67,102
2026-03-06,65.69,102
2026-03-09,64.71,102
2026-03-10,63.73,102
2026-03-11,63.73,102
2026-03-12,60.78,102
2026-03-13,58.82,102
2026-03-16,62.75,102
2026-03-17,60.78,102
2026-03-18,58.82,102
2026-03-19,56.86,102
2026-03-20,52.94,102
2026-03-23,56.86,102
2026-03-24,56.86,102
2026-03-25,57.84,102
2026-03-26,55.88,102
2026-03-27,53.92,102
2026-03-30,53.92,102
2026-03-31,57.84,102
2026-04-01,56.86,102
2026-04-02,55.88,102
2026-04-06,56.86,102
2026-04-07,57.84,102
2026-04-08,64.71,102
2026-04-09,66.67,102
2026-04-10,62.75,102
2026-04-13,65.69,102
2026-04-14,65.69,102
2026-04-15,65.69,102
2026-04-16,64.71,102
2026-04-17,67.65,102
2026-04-20,65.69,102
2026-04-21,62.75,102
2026-04-22,62.75,102
2026-04-23,63.73,102
2026-04-24,59.80,102
2026-04-27,59.80,102
2026-04-28,61.76,102
2026-04-29,63.73,102
2026-04-30,62.75,102
2026-05-01,62.75,102
2026-05-04,60.78,102
2026-05-05,60.78,102
2026-05-06,64.71,102
2026-05-07,64.71,102
2026-05-08,61.76,102
2026-05-11,61.76,102
2026-05-12,62.75,102
2026-05-13,60.78,102
2026-05-14,60.78,102
2026-05-15,58.82,102
2026-05-18,64.71,102
2026-05-19,62.75,102
2026-05-20,64.71,102
2026-05-21,64.71,102
2026-05-22,66.67,102
2026-05-26,65.69,102
2026-05-27,62.75,102
2026-05-28,63.73,102
2026-05-29,66.67,102
2026-06-01,57.84,102
2026-06-02,56.86,102
2026-06-03,59.80,102
2026-06-04,64.71,102
2026-06-05,66.67,102
2026-06-08,63.73,102
2026-06-09,68.63,102
2026-06-10,64.71,102
2026-06-11,68.63,102
2026-06-12,70.59,102
2026-06-15,67.65,102
2026-06-16,71.57,102
2026-06-17,71.57,102
2026-06-18,63.73,102
2026-06-22,64.71,102
2026-06-23,68.63,102
2026-06-24,68.63,102
2026-06-25,65.69,102
2026-06-26,67.65,102
2026-06-29,62.75,102
2026-06-30,60.78,102
2026-07-01,63.73,102
2026-07-02,73.53,102
2026-07-06,71.57,102
2026-07-07,73.53,102
2026-07-08,68.63,102
2026-07-09,67.65,102
2026-07-10,70.59,102
2026-07-13,71.57,102
2026-07-14,67.65,102
2026-07-15,71.57,102
2026-07-16,75.49,102
2026-07-17,75.49,102
2026-07-20,72.55,102
2026-07-21,69.61,102
2026-07-22,69.61,102
2026-07-23,67.65,102
2026-07-24,68.63,102
2026-07-27,72.55,102
2026-07-28,75.49,102
2026-07-29,74.51,102
2026-07-30,74.51,102
2026-07-31,71.57,102
2026-08-03,74.51,102
2026-08-04,75.49,102
2026-08-05,74.51,102
2026-08-06,75.49,102
2026-08-07,77.45,102
2026-08-10,77.45,102
2026-08-11,76.47,102
2026-08-12,76.47,102
2026-08-13,78.43,102
2026-08-14,79.41,102
2026-08-17,74.51,102
2026-08-18,77.45,102
2026-08-19,81.37,102
2026-08-20,76.47,102
2026-08-21,76.47,102
2026-08-24,79.41,102
2026-08-25,76.47,102
2026-08-26,76.47,102
2026-08-27,76.47,102
2026-08-31,77.45,102
