Date,Pct,Coverage
2005-03-15,56.84,95
2005-03-16,50.53,95
2005-03-17,45.26,95
2005-03-18,44.21,95
2005-03-21,42.11,95
2005-03-22,33.68,95
2005-03-23,34.74,95
2005-03-24,34.74,95
2005-03-28,37.89,95
2005-03-29,32.63,95
2005-03-30,43.16,95
2005-03-31,41.05,95
2005-04-01,34.74,95
2005-04-04,33.68,95
2005-04-05,36.84,95
2005-04-06,40.00,95
2005-04-07,45.26,95
2005-04-08,37.89,95
2005-04-11,40.00,95
2005-04-12,48.42,95
2005-04-13,34.74,95
2005-04-14,24.21,95
2005-04-15,17.89,95
2005-04-18,17.89,95
2005-04-19,26.32,95
2005-04-20,20.00,95
2005-04-21,33.68,95
2005-04-22,30.53,95
2005-04-25,32.63,95
2005-04-26,27.37,95
2005-04-27,33.68,95
2005-04-28,26.32,95
2005-04-29,40.00,95
2005-05-02,41.05,95
2005-05-03,44.21,95
2005-05-04,52.63,95
2005-05-05,53.68,95
2005-05-06,54.74,95
2005-05-09,60.00,95
2005-05-10,49.47,95
2005-05-11,54.74,95
2005-05-12,47.37,95
2005-05-13,43.16,95
2005-05-16,56.84,95
2005-05-17,66.32,95
2005-05-18,74.74,95
2005-05-19,76.84,95
2005-05-20,75.79,95
2005-05-23,80.00,95
2005-05-24,82.11,95
2005-05-25,80.00,95
2005-05-26,82.11,95
2005-05-27,86.32,95
2005-05-31,82.11,95
2005-06-01,86.32,95
2005-06-02,88.42,95
2005-06-03,82.11,95
2005-06-06,82.11,95
2005-06-07,83.16,95
2005-06-08,81.05,95
2005-06-09,82.11,95
2005-06-10,83.16,95
2005-06-13,83.16,95
2005-06-14,84.21,95
2005-06-15,83.16,95
2005-06-16,83.16,95
2005-06-17,86.32,95
2005-06-20,87.37,95
2005-06-21,88.42,95
2005-06-22,83.16,95
2005-06-23,76.84,95
2005-06-24,69.47,95
2005-06-27,66.32,95
2005-06-28,75.79,95
2005-06-29,69.47,95
2005-06-30,64.21,95
2005-07-01,64.21,95
2005-07-05,65.26,95
2005-07-06,61.05,95
2005-07-07,60.00,95
2005-07-08,68.42,95
2005-07-11,72.63,95
2005-07-12,69.47,95
2005-07-13,71.58,95
2005-07-14,74.74,95
2005-07-15,74.74,95
2005-07-18,69.47,95
2005-07-19,73.68,95
2005-07-20,80.00,95
2005-07-21,78.95,95
2005-07-22,80.00,95
2005-07-25,74.74,95
2005-07-26,75.79,95
2005-07-27,78.95,95
2005-07-28,82.11,95
2005-07-29,74.74,95
2005-08-01,74.74,95
2005-08-02,78.95,95
2005-08-03,80.00,95
2005-08-04,73.68,95
2005-08-05,60.00,95
2005-08-08,58.95,95
2005-08-09,64.21,95
2005-08-10,61.05,95
2005-08-11,61.05,95
2005-08-12,58.95,95
2005-08-15,67.37,95
2005-08-16,52.63,95
2005-08-17,51.58,95
2005-08-18,52.63,95
2005-08-19,53.68,95
2005-08-22,55.79,95
2005-08-23,55.79,95
2005-08-24,50.53,95
2005-08-25,50.53,95
2005-08-26,45.26,95
2005-08-29,50.53,95
2005-08-30,45.26,95
2005-08-31,48.42,95
2005-09-01,50.53,95
2005-09-02,50.53,95
2005-09-06,63.16,95
2005-09-07,66.32,95
2005-09-08,63.16,95
2005-09-09,68.42,95
2005-09-12,70.53,95
2005-09-13,61.05,95
2005-09-14,53.68,95
2005-09-15,61.05,95
2005-09-16,66.32,95
2005-09-19,57.89,95
2005-09-20,52.63,95
2005-09-21,42.11,95
2005-09-22,46.32,95
2005-09-23,46.32,95
2005-09-26,48.42,95
2005-09-27,46.32,95
2005-09-28,46.32,95
2005-09-29,51.58,95
2005-09-30,54.74,95
2005-10-03,53.68,95
2005-10-04,47.37,95
2005-10-05,41.05,95
2005-10-06,35.79,95
2005-10-07,41.05,95
2005-10-10,33.68,95
2005-10-11,31.58,95
2005-10-12,28.42,95
2005-10-13,26.32,95
2005-10-14,35.79,95
2005-10-17,36.84,95
2005-10-18,29.47,95
2005-10-19,45.26,95
2005-10-20,38.95,95
2005-10-21,37.89,95
2005-10-24,56.84,95
2005-10-25,56.84,95
2005-10-26,49.47,95
2005-10-27,42.11,95
2005-10-28,52.63,95
2005-10-31,57.89,95
2005-11-01,53.68,95
2005-11-02,60.00,95
2005-11-03,66.32,95
2005-11-04,65.26,95
2005-11-07,65.26,95
2005-11-08,65.26,95
2005-11-09,68.42,95
2005-11-10,72.63,95
2005-11-11,70.53,95
2005-11-14,72.63,95
2005-11-15,74.74,95
2005-11-16,76.84,95
2005-11-17,78.95,95
2005-11-18,77.89,95
2005-11-21,80.00,95
2005-11-22,81.05,95
2005-11-23,85.26,95
2005-11-25,87.37,95
2005-11-28,82.11,95
2005-11-29,85.26,95
2005-11-30,82.11,95
2005-12-01,85.26,95
2005-12-02,88.42,95
2005-12-05,88.42,95
2005-12-06,88.42,95
2005-12-07,86.32,95
2005-12-08,82.11,95
2005-12-09,83.16,95
2005-12-12,84.21,95
2005-12-13,89.47,95
2005-12-14,89.47,95
2005-12-15,87.37,95
2005-12-16,89.47,95
2005-12-19,78.95,95
2005-12-20,81.05,95
2005-12-21,82.11,95
2005-12-22,84.21,95
2005-12-23,83.16,95
2005-12-27,70.53,95
2005-12-28,71.58,95
2005-12-29,68.42,95
2005-12-30,62.11,95
2006-01-03,73.68,95
2006-01-04,80.00,95
2006-01-05,78.95,95
2006-01-06,84.21,95
2006-01-09,85.26,95
2006-01-10,84.21,95
2006-01-11,82.11,95
2006-01-12,78.95,95
2006-01-13,75.79,95
2006-01-17,65.26,95
2006-01-18,71.58,95
2006-01-19,69.47,95
2006-01-20,53.68,95
2006-01-23,52.63,95
2006-01-24,54.74,95
2006-01-25,54.74,95
2006-01-26,61.05,95
2006-01-27,65.26,95
2006-01-30,67.71,96
2006-01-31,65.62,96
2006-02-01,64.58,96
2006-02-02,59.38,96
2006-02-03,57.29,96
2006-02-06,54.17,96
2006-02-07,50.00,96
2006-02-08,56.25,96
2006-02-09,57.29,96
2006-02-10,57.29,96
2006-02-13,55.21,96
2006-02-14,67.71,96
2006-02-15,66.67,96
2006-02-16,69.79,96
2006-02-17,67.71,96
2006-02-21,63.54,96
2006-02-22,70.83,96
2006-02-23,68.75,96
2006-02-24,65.62,96
2006-02-27,71.88,96
2006-02-28,66.67,96
2006-03-01,70.83,96
2006-03-02,69.79,96
2006-03-03,69.79,96
2006-03-06,64.58,96
2006-03-07,59.38,96
2006-03-08,61.46,96
2006-03-09,59.38,96
2006-03-10,68.75,96
2006-03-13,66.67,96
2006-03-14,70.83,96
2006-03-15,72.92,96
2006-03-16,73.96,96
2006-03-17,69.79,96
2006-03-20,71.88,96
2006-03-21,67.71,96
2006-03-22,68.75,96
2006-03-23,65.62,96
2006-03-24,66.67,96
2006-03-27,64.58,96
2006-03-28,62.50,96
2006-03-29,65.62,96
2006-03-30,62.50,96
2006-03-31,60.42,96
2006-04-03,59.38,96
2006-04-04,61.46,96
2006-04-05,63.54,96
2006-04-06,63.54,96
2006-04-07,55.21,96
2006-04-10,56.25,96
2006-04-11,50.00,96
2006-04-12,50.00,96
2006-04-13,47.92,96
2006-04-17,43.75,96
2006-04-18,61.46,96
2006-04-19,63.54,96
2006-04-20,69.79,96
2006-04-21,63.54,96
2006-04-24,60.42,96
2006-04-25,58.33,96
2006-04-26,59.38,96
2006-04-27,67.71,96
2006-04-28,62.50,96
2006-05-01,62.50,96
2006-05-02,63.54,96
2006-05-03,62.50,96
2006-05-04,65.62,96
2006-05-05,68.75,96
2006-05-08,69.79,96
2006-05-09,70.83,96
2006-05-10,66.67,96
2006-05-11,59.38,96
2006-05-12,47.92,96
2006-05-15,47.92,96
2006-05-16,43.75,96
2006-05-17,28.12,96
2006-05-18,19.79,96
2006-05-19,19.79,96
2006-05-22,19.79,96
2006-05-23,18.75,96
2006-05-24,20.83,96
2006-05-25,33.33,96
2006-05-26,36.46,96
2006-05-30,19.79,96
2006-05-31,33.33,96
2006-06-01,41.67,96
2006-06-02,47.92,96
2006-06-05,27.08,96
2006-06-06,27.08,96
2006-06-07,23.96,96
2006-06-08,26.04,96
2006-06-09,23.96,96
2006-06-12,20.83,96
2006-06-13,14.58,96
2006-06-14,15.62,96
2006-06-15,30.21,96
2006-06-16,28.12,96
2006-06-19,22.92,96
2006-06-20,23.96,96
2006-06-21,28.12,96
2006-06-22,27.08,96
2006-06-23,25.00,96
2006-06-26,29.17,96
2006-06-27,20.83,96
2006-06-28,22.92,96
2006-06-29,47.92,96
2006-06-30,52.08,96
2006-07-03,61.46,96
2006-07-05,48.96,96
2006-07-06,51.04,96
2006-07-07,45.83,96
2006-07-10,45.83,96
2006-07-11,53.12,96
2006-07-12,44.79,96
2006-07-13,34.38,96
2006-07-14,32.29,96
2006-07-17,35.42,96
2006-07-18,34.38,96
2006-07-19,53.12,96
2006-07-20,47.92,96
2006-07-21,43.75,96
2006-07-24,48.96,96
2006-07-25,57.29,96
2006-07-26,58.33,96
2006-07-27,55.21,96
2006-07-28,62.50,96
2006-07-31,61.46,96
2006-08-01,59.38,96
2006-08-02,64.58,96
2006-08-03,68.75,96
2006-08-04,69.07,97
2006-08-07,65.98,97
2006-08-08,64.95,97
2006-08-09,62.89,97
2006-08-10,63.92,97
2006-08-11,61.86,97
2006-08-14,63.92,97
2006-08-15,70.10,97
2006-08-16,72.16,97
2006-08-17,75.26,97
2006-08-18,76.29,97
2006-08-21,74.23,97
2006-08-22,72.16,97
2006-08-23,72.16,97
2006-08-24,70.10,97
2006-08-25,72.16,97
2006-08-28,72.16,97
2006-08-29,73.20,97
2006-08-30,73.20,97
2006-08-31,75.26,97
2006-09-01,79.38,97
2006-09-05,79.38,97
2006-09-06,78.35,97
2006-09-07,75.26,97
2006-09-08,79.38,97
2006-09-11,81.44,97
2006-09-12,84.54,97
2006-09-13,85.57,97
2006-09-14,85.57,97
2006-09-15,85.57,97
2006-09-18,87.63,97
2006-09-19,87.63,97
2006-09-20,90.72,97
2006-09-21,86.60,97
2006-09-22,85.57,97
2006-09-25,87.63,97
2006-09-26,86.60,97
2006-09-27,86.60,97
2006-09-28,86.60,97
2006-09-29,86.60,97
2006-10-02,84.54,97
2006-10-03,84.54,97
2006-10-04,86.60,97
2006-10-05,86.60,97
2006-10-06,85.57,97
2006-10-09,83.51,97
2006-10-10,83.51,97
2006-10-11,81.44,97
2006-10-12,85.57,97
2006-10-13,86.60,97
2006-10-16,87.63,97
2006-10-17,87.63,97
2006-10-18,84.54,97
2006-10-19,87.63,97
2006-10-20,85.57,97
2006-10-23,88.66,97
2006-10-24,83.51,97
2006-10-25,87.63,97
2006-10-26,90.72,97
2006-10-27,83.51,97
2006-10-30,84.54,97
2006-10-31,80.41,97
2006-11-01,76.29,97
2006-11-02,79.38,97
2006-11-03,76.29,97
2006-11-06,78.35,97
2006-11-07,80.41,97
2006-11-08,79.38,97
2006-11-09,74.23,97
2006-11-10,76.29,97
2006-11-13,76.29,97
2006-11-14,81.44,97
2006-11-15,82.47,97
2006-11-16,81.44,97
2006-11-17,84.54,97
2006-11-20,82.47,97
2006-11-21,77.32,97
2006-11-22,78.35,97
2006-11-24,75.26,97
2006-11-27,61.86,97
2006-11-28,60.82,97
2006-11-29,69.07,97
2006-11-30,68.04,97
2006-12-01,63.92,97
2006-12-04,76.29,97
2006-12-05,75.26,97
2006-12-06,73.20,97
2006-12-07,73.20,97
2006-12-08,73.20,97
2006-12-11,74.23,97
2006-12-12,72.16,97
2006-12-13,70.10,97
2006-12-14,75.26,97
2006-12-15,76.29,97
2006-12-18,74.23,97
2006-12-19,76.29,97
2006-12-20,71.13,97
2006-12-21,64.95,97
2006-12-22,64.95,97
2006-12-26,67.01,97
2006-12-27,70.10,97
2006-12-28,69.07,97
2006-12-29,63.92,97
2007-01-03,62.89,97
2007-01-04,70.10,97
2007-01-05,61.86,97
2007-01-08,64.95,97
2007-01-09,62.89,97
2007-01-10,62.89,97
2007-01-11,65.98,97
2007-01-12,73.20,97
2007-01-16,72.16,97
2007-01-17,73.20,97
2007-01-18,68.04,97
2007-01-19,72.16,97
2007-01-22,60.82,97
2007-01-23,68.04,97
2007-01-24,71.13,97
2007-01-25,62.89,97
2007-01-26,58.76,97
2007-01-29,55.67,97
2007-01-30,62.89,97
2007-01-31,65.98,97
2007-02-01,74.23,97
2007-02-02,74.23,97
2007-02-05,72.16,97
2007-02-06,73.20,97
2007-02-07,74.23,97
2007-02-08,73.20,97
2007-02-09,69.07,97
2007-02-12,59.79,97
2007-02-13,69.07,97
2007-02-14,77.32,97
2007-02-15,72.16,97
2007-02-16,74.23,97
2007-02-20,74.23,97
2007-02-21,73.20,97
2007-02-22,73.20,97
2007-02-23,70.10,97
2007-02-26,65.98,97
2007-02-27,37.11,97
2007-02-28,37.11,97
2007-03-01,36.08,97
2007-03-02,25.77,97
2007-03-05,16.49,97
2007-03-06,30.93,97
2007-03-07,29.90,97
2007-03-08,35.05,97
2007-03-09,32.99,97
2007-03-12,40.21,97
2007-03-13,23.71,97
2007-03-14,27.84,97
2007-03-15,29.90,97
2007-03-16,22.68,97
2007-03-19,36.08,97
2007-03-20,43.30,97
2007-03-21,57.73,97
2007-03-22,55.67,97
2007-03-23,58.76,97
2007-03-26,54.64,97
2007-03-27,48.45,97
2007-03-28,42.27,97
2007-03-29,44.33,97
2007-03-30,40.21,97
2007-04-02,42.27,97
2007-04-03,54.64,97
2007-04-04,57.73,97
2007-04-05,61.86,97
2007-04-09,64.95,97
2007-04-10,68.04,97
2007-04-11,55.67,97
2007-04-12,63.92,97
2007-04-13,68.04,97
2007-04-16,77.32,97
2007-04-17,83.51,97
2007-04-18,83.51,97
2007-04-19,82.47,97
2007-04-20,85.57,97
2007-04-23,81.44,97
2007-04-24,83.51,97
2007-04-25,87.63,97
2007-04-26,85.57,97
2007-04-27,86.60,97
2007-04-30,80.41,97
2007-05-01,79.38,97
2007-05-02,84.54,97
2007-05-03,84.54,97
2007-05-04,86.60,97
2007-05-07,90.72,97
2007-05-08,93.81,97
2007-05-09,93.81,97
2007-05-10,82.47,97
2007-05-11,87.63,97
2007-05-14,85.57,97
2007-05-15,81.44,97
2007-05-16,90.72,97
2007-05-17,85.57,97
2007-05-18,87.63,97
2007-05-21,85.57,97
2007-05-22,85.57,97
2007-05-23,83.51,97
2007-05-24,78.35,97
2007-05-25,82.47,97
2007-05-29,84.54,97
2007-05-30,85.57,97
2007-05-31,88.66,97
2007-06-01,89.69,97
2007-06-04,89.69,97
2007-06-05,84.54,97
2007-06-06,79.38,97
2007-06-07,56.70,97
2007-06-08,72.16,97
2007-06-11,69.07,97
2007-06-12,56.70,97
2007-06-13,73.20,97
2007-06-14,74.23,97
2007-06-15,77.32,97
2007-06-18,76.29,97
2007-06-19,75.26,97
2007-06-20,62.89,97
2007-06-21,67.01,97
2007-06-22,52.58,97
2007-06-25,49.48,97
2007-06-26,48.45,97
2007-06-27,56.70,97
2007-06-28,54.64,97
2007-06-29,53.61,97
2007-07-02,60.82,97
2007-07-03,62.89,97
2007-07-05,59.79,97
2007-07-06,65.98,97
2007-07-09,65.98,97
2007-07-10,50.52,97
2007-07-11,54.64,97
2007-07-12,71.13,97
2007-07-13,71.13,97
2007-07-16,69.07,97
2007-07-17,64.95,97
2007-07-18,61.86,97
2007-07-19,68.04,97
2007-07-20,57.73,97
2007-07-23,60.82,97
2007-07-24,51.55,97
2007-07-25,56.70,97
2007-07-26,41.24,97
2007-07-27,29.90,97
2007-07-30,41.24,97
2007-07-31,28.87,97
2007-08-01,37.11,97
2007-08-02,40.21,97
2007-08-03,26.80,97
2007-08-06,41.24,97
2007-08-07,46.39,97
2007-08-08,62.89,97
2007-08-09,36.08,97
2007-08-10,37.11,97
2007-08-13,37.11,97
2007-08-14,25.77,97
2007-08-15,12.37,97
2007-08-16,17.53,97
2007-08-17,34.02,97
2007-08-20,32.99,97
2007-08-21,35.05,97
2007-08-22,46.39,97
2007-08-23,42.27,97
2007-08-24,53.61,97
2007-08-27,48.45,97
2007-08-28,24.74,97
2007-08-29,46.39,97
2007-08-30,45.36,97
2007-08-31,54.64,97
2007-09-04,61.86,97
2007-09-05,47.42,97
2007-09-06,57.73,97
2007-09-07,41.24,97
2007-09-10,44.33,97
2007-09-11,53.61,97
2007-09-12,55.67,97
2007-09-13,61.86,97
2007-09-14,61.86,97
2007-09-17,58.76,97
2007-09-18,81.44,97
2007-09-19,86.60,97
2007-09-20,82.47,97
2007-09-21,85.57,97
2007-09-24,77.32,97
2007-09-25,76.29,97
2007-09-26,79.38,97
2007-09-27,80.41,97
2007-09-28,79.38,97
2007-10-01,90.72,97
2007-10-02,90.72,97
2007-10-03,89.69,97
2007-10-04,90.72,97
2007-10-05,92.78,97
2007-10-08,92.78,97
2007-10-09,94.85,97
2007-10-10,91.75,97
2007-10-11,91.75,97
2007-10-12,90.72,97
2007-10-15,85.57,97
2007-10-16,81.44,97
2007-10-17,81.44,97
2007-10-18,78.35,97
2007-10-19,57.73,97
2007-10-22,61.86,97
2007-10-23,63.92,97
2007-10-24,62.89,97
2007-10-25,65.98,97
2007-10-26,70.10,97
2007-10-29,72.16,97
2007-10-30,69.07,97
2007-10-31,74.23,97
2007-11-01,56.70,97
2007-11-02,55.67,97
2007-11-05,56.70,97
2007-11-06,58.76,97
2007-11-07,50.52,97
2007-11-08,48.45,97
2007-11-09,38.14,97
2007-11-12,38.14,97
2007-11-13,53.61,97
2007-11-14,50.52,97
2007-11-15,42.27,97
2007-11-16,48.45,97
2007-11-19,37.11,97
2007-11-20,39.18,97
2007-11-21,36.08,97
2007-11-23,41.24,97
2007-11-26,31.96,97
2007-11-27,34.02,97
2007-11-28,52.58,97
2007-11-29,49.48,97
2007-11-30,53.61,97
2007-12-03,51.55,97
2007-12-04,48.45,97
2007-12-05,55.67,97
2007-12-06,63.92,97
2007-12-07,63.92,97
2007-12-10,67.01,97
2007-12-11,53.61,97
2007-12-12,62.89,97
2007-12-13,62.89,97
2007-12-14,57.73,97
2007-12-17,42.27,97
2007-12-18,51.55,97
2007-12-19,48.45,97
2007-12-20,50.52,97
2007-12-21,61.86,97
2007-12-24,68.04,97
2007-12-26,68.04,97
2007-12-27,60.82,97
2007-12-28,61.86,97
2007-12-31,54.64,97
2008-01-02,39.18,97
2008-01-03,40.21,97
2008-01-04,30.93,97
2008-01-07,34.02,97
2008-01-08,27.84,97
2008-01-09,27.84,97
2008-01-10,32.99,97
2008-01-11,27.84,97
2008-01-14,31.96,97
2008-01-15,20.62,97
2008-01-16,20.62,97
2008-01-17,12.37,97
2008-01-18,8.25,97
2008-01-22,8.25,97
2008-01-23,18.56,97
2008-01-24,16.49,97
2008-01-25,11.34,97
2008-01-28,18.56,97
2008-01-29,19.59,97
2008-01-30,21.65,97
2008-01-31,29.90,97
2008-02-01,42.27,97
2008-02-04,34.02,97
2008-02-05,21.65,97
2008-02-06,18.56,97
2008-02-07,21.65,97
2008-02-08,16.49,97
2008-02-11,20.62,97
2008-02-12,22.68,97
2008-02-13,36.08,97
2008-02-14,29.90,97
2008-02-15,30.93,97
2008-02-19,26.80,97
2008-02-20,34.02,97
2008-02-21,26.80,97
2008-02-22,34.02,97
2008-02-25,45.36,97
2008-02-26,54.64,97
2008-02-27,50.52,97
2008-02-28,44.33,97
2008-02-29,28.87,97
2008-03-03,29.90,97
2008-03-04,25.77,97
2008-03-05,29.90,97
2008-03-06,21.65,97
2008-03-07,13.40,97
2008-03-10,10.31,97
2008-03-11,28.87,97
2008-03-12,27.84,97
2008-03-13,32.99,97
2008-03-14,19.59,97
2008-03-17,22.68,97
2008-03-18,51.55,97
2008-03-19,36.08,97
2008-03-20,53.61,97
2008-03-24,60.82,97
2008-03-25,63.92,97
2008-03-26,59.79,97
2008-03-27,55.67,97
2008-03-28,48.45,97
2008-03-31,56.70,97
2008-04-01,76.29,97
2008-04-02,76.29,97
2008-04-03,78.35,97
2008-04-04,81.44,97
2008-04-07,80.41,97
2008-04-08,72.16,97
2008-04-09,67.01,97
2008-04-10,73.20,97
2008-04-11,57.73,97
2008-04-14,52.58,97
2008-04-15,55.67,97
2008-04-16,72.16,97
2008-04-17,71.13,97
2008-04-18,78.35,97
2008-04-21,77.32,97
2008-04-22,69.07,97
2008-04-23,73.20,97
2008-04-24,76.29,97
2008-04-25,80.41,97
2008-04-28,79.38,97
2008-04-29,79.38,97
2008-04-30,75.26,97
2008-05-01,82.47,97
2008-05-02,80.41,97
2008-05-05,79.38,97
2008-05-06,81.44,97
2008-05-07,76.29,97
2008-05-08,73.20,97
2008-05-09,72.16,97
2008-05-12,81.44,97
2008-05-13,77.32,97
2008-05-14,78.35,97
2008-05-15,77.32,97
2008-05-16,75.26,97
2008-05-19,78.35,97
2008-05-20,69.07,97
2008-05-21,60.82,97
2008-05-22,62.89,97
2008-05-23,54.64,97
2008-05-27,60.20,98
2008-05-28,60.20,98
2008-05-29,68.69,99
2008-05-30,66.67,99
2008-06-02,57.58,99
2008-06-03,57.58,99
2008-06-04,59.60,99
2008-06-05,67.68,99
2008-06-06,44.44,99
2008-06-09,46.46,99
2008-06-10,46.46,99
2008-06-11,32.32,99
2008-06-12,37.37,99
2008-06-13,50.51,99
2008-06-16,50.51,99
2008-06-17,42.42,99
2008-06-18,38.38,99
2008-06-19,42.42,99
2008-06-20,29.29,99
2008-06-23,28.28,99
2008-06-24,24.24,99
2008-06-25,32.32,99
2008-06-26,9.09,99
2008-06-27,11.11,99
2008-06-30,11.11,99
2008-07-01,14.14,99
2008-07-02,13.13,99
2008-07-03,12.12,99
2008-07-07,8.08,99
2008-07-08,15.15,99
2008-07-09,18.18,99
2008-07-10,15.15,99
2008-07-11,12.12,99
2008-07-14,13.13,99
2008-07-15,13.13,99
2008-07-16,18.18,99
2008-07-17,27.27,99
2008-07-18,28.28,99
2008-07-21,23.23,99
2008-07-22,33.33,99
2008-07-23,40.40,99
2008-07-24,31.31,99
2008-07-25,33.33,99
2008-07-28,24.24,99
2008-07-29,39.39,99
2008-07-30,46.46,99
2008-07-31,42.42,99
2008-08-01,40.40,99
2008-08-04,46.46,99
2008-08-05,54.55,99
2008-08-06,57.58,99
2008-08-07,47.47,99
2008-08-08,65.66,99
2008-08-11,68.69,99
2008-08-12,63.64,99
2008-08-13,61.62,99
2008-08-14,63.64,99
2008-08-15,66.67,99
2008-08-18,61.62,99
2008-08-19,53.54,99
2008-08-20,54.55,99
2008-08-21,53.54,99
2008-08-22,61.62,99
2008-08-25,50.51,99
2008-08-26,53.54,99
2008-08-27,57.58,99
2008-08-28,73.74,99
2008-08-29,64.65,99
2008-09-02,64.65,99
2008-09-03,59.60,99
2008-09-04,38.38,99
2008-09-05,41.41,99
2008-09-08,57.58,99
2008-09-09,45.45,99
2008-09-10,40.40,99
2008-09-11,50.51,99
2008-09-12,49.49,99
2008-09-15,34.34,99
2008-09-16,39.39,99
2008-09-17,21.21,99
2008-09-18,35.35,99
2008-09-19,39.39,99
2008-09-22,25.25,99
2008-09-23,23.23,99
2008-09-24,21.21,99
2008-09-25,27.27,99
2008-09-26,33.33,99
2008-09-29,8.08,99
2008-09-30,21.21,99
2008-10-01,21.21,99
2008-10-02,15.15,99
2008-10-03,11.11,99
2008-10-06,6.06,99
2008-10-07,0.00,99
2008-10-08,0.00,99
2008-10-09,0.00,99
2008-10-10,1.01,99
2008-10-13,3.03,99
2008-10-14,4.04,99
2008-10-15,1.01,99
2008-10-16,2.02,99
2008-10-17,2.02,99
2008-10-20,5.05,99
2008-10-21,2.02,99
2008-10-22,0.00,99
2008-10-23,0.00,99
2008-10-24,1.01,99
2008-10-27,0.00,99
2008-10-28,3.03,99
2008-10-29,2.02,99
2008-10-30,6.06,99
2008-10-31,8.08,99
2008-11-03,8.08,99
2008-11-04,19.19,99
2008-11-05,5.05,99
2008-11-06,1.01,99
2008-11-07,6.06,99
2008-11-10,4.04,99
2008-11-11,2.02,99
2008-11-12,0.00,99
2008-11-13,12.12,99
2008-11-14,6.06,99
2008-11-17,3.03,99
2008-11-18,5.05,99
2008-11-19,1.01,99
2008-11-20,0.00,99
2008-11-21,2.02,99
2008-11-24,10.10,99
2008-11-25,13.13,99
2008-11-26,17.17,99
2008-11-28,21.21,99
2008-12-01,4.04,99
2008-12-02,12.12,99
2008-12-03,17.17,99
2008-12-04,12.12,99
2008-12-05,23.23,99
2008-12-08,39.39,99
2008-12-09,34.34,99
2008-12-10,39.39,99
2008-12-11,25.25,99
2008-12-12,32.32,99
2008-12-15,30.30,99
2008-12-16,51.52,99
2008-12-17,49.49,99
2008-12-18,48.48,99
2008-12-19,53.54,99
2008-12-22,43.43,99
2008-12-23,38.38,99
2008-12-24,40.40,99
2008-12-26,43.43,99
2008-12-29,39.39,99
2008-12-30,55.56,99
2008-12-31,64.65,99
2009-01-02,80.81,99
2009-01-05,79.80,99
2009-01-06,81.82,99
2009-01-07,73.74,99
2009-01-08,67.68,99
2009-01-09,59.60,99
2009-01-12,46.46,99
2009-01-13,45.45,99
2009-01-14,28.28,99
2009-01-15,30.30,99
2009-01-16,44.44,99
2009-01-20,24.24,99
2009-01-21,33.33,99
2009-01-22,30.30,99
2009-01-23,32.32,99
2009-01-26,37.37,99
2009-01-27,40.40,99
2009-01-28,56.57,99
2009-01-29,38.38,99
2009-01-30,34.34,99
2009-02-02,34.34,99
2009-02-03,44.44,99
2009-02-04,43.43,99
2009-02-05,53.54,99
2009-02-06,58.59,99
2009-02-09,56.57,99
2009-02-10,44.44,99
2009-02-11,44.44,99
2009-02-12,44.44,99
2009-02-13,36.36,99
2009-02-17,21.21,99
2009-02-18,24.24,99
2009-02-19,17.17,99
2009-02-20,15.15,99
2009-02-23,9.09,99
2009-02-24,12.12,99
2009-02-25,14.14,99
2009-02-26,11.11,99
2009-02-27,10.10,99
2009-03-02,6.06,99
2009-03-03,4.04,99
2009-03-04,9.09,99
2009-03-05,6.06,99
2009-03-06,4.04,99
2009-03-09,4.04,99
2009-03-10,11.11,99
2009-03-11,14.14,99
2009-03-12,24.24,99
2009-03-13,27.27,99
2009-03-16,26.26,99
2009-03-17,43.43,99
2009-03-18,53.54,99
2009-03-19,49.49,99
2009-03-20,45.45,99
2009-03-23,70.71,99
2009-03-24,67.68,99
2009-03-25,70.71,99
2009-03-26,83.84,99
2009-03-27,71.72,99
2009-03-30,55.56,99
2009-03-31,61.62,99
2009-04-01,67.68,99
2009-04-02,80.81,99
2009-04-03,80.81,99
2009-04-06,81.82,99
2009-04-07,76.77,99
2009-04-08,79.80,99
2009-04-09,85.86,99
2009-04-13,85.86,99
2009-04-14,83.84,99
2009-04-15,84.85,99
2009-04-16,85.86,99
2009-04-17,89.90,99
2009-04-20,79.80,99
2009-04-21,84.85,99
2009-04-22,80.81,99
2009-04-23,83.84,99
2009-04-24,85.86,99
2009-04-27,85.86,99
2009-04-28,86.87,99
2009-04-29,91.92,99
2009-04-30,86.87,99
2009-05-01,87.88,99
2009-05-04,86.87,99
2009-05-05,89.90,99
2009-05-06,88.89,99
2009-05-07,90.91,99
2009-05-08,88.89,99
2009-05-11,89.90,99
2009-05-12,89.90,99
2009-05-13,85.86,99
2009-05-14,87.88,99
2009-05-15,76.77,99
2009-05-18,85.86,99
2009-05-19,84.85,99
2009-05-20,85.86,99
2009-05-21,78.79,99
2009-05-22,78.79,99
2009-05-26,85.86,99
2009-05-27,77.78,99
2009-05-28,83.84,99
2009-05-29,86.87,99
2009-06-01,94.95,99
2009-06-02,93.94,99
2009-06-03,90.91,99
2009-06-04,92.93,99
2009-06-05,89.90,99
2009-06-08,89.90,99
2009-06-09,89.90,99
2009-06-10,87.88,99
2009-06-11,86.87,99
2009-06-12,87.88,99
2009-06-15,77.78,99
2009-06-16,67.68,99
2009-06-17,68.69,99
2009-06-18,73.74,99
2009-06-19,72.73,99
2009-06-22,49.49,99
2009-06-23,48.48,99
2009-06-24,48.48,99
2009-06-25,65.66,99
2009-06-26,62.63,99
2009-06-29,67.68,99
2009-06-30,55.56,99
2009-07-01,61.62,99
2009-07-02,40.40,99
2009-07-06,42.42,99
2009-07-07,32.32,99
2009-07-08,30.30,99
2009-07-09,31.31,99
2009-07-10,29.29,99
2009-07-13,47.47,99
2009-07-14,52.53,99
2009-07-15,68.69,99
2009-07-16,77.78,99
2009-07-17,68.69,99
2009-07-20,82.83,99
2009-07-21,82.83,99
2009-07-22,81.82,99
2009-07-23,83.84,99
2009-07-24,85.86,99
2009-07-27,84.85,99
2009-07-28,84.85,99
2009-07-29,84.85,99
2009-07-30,87.88,99
2009-07-31,88.89,99
2009-08-03,91.92,99
2009-08-04,90.91,99
2009-08-05,89.90,99
2009-08-06,88.89,99
2009-08-07,90.91,99
2009-08-10,89.90,99
2009-08-11,86.87,99
2009-08-12,88.89,99
2009-08-13,89.90,99
2009-08-14,86.87,99
2009-08-17,79.80,99
2009-08-18,83.84,99
2009-08-19,87.88,99
2009-08-20,89.90,99
2009-08-21,94.95,99
2009-08-24,95.96,99
2009-08-25,94.95,99
2009-08-26,95.96,99
2009-08-27,95.96,99
2009-08-28,90.91,99
2009-08-31,88.89,99
2009-09-01,80.81,99
2009-09-02,81.82,99
2009-09-03,80.81,99
2009-09-04,89.90,99
2009-09-08,91.92,99
2009-09-09,90.91,99
2009-09-10,90.91,99
2009-09-11,89.90,99
2009-09-14,92.93,99
2009-09-15,89.90,99
2009-09-16,92.93,99
2009-09-17,88.89,99
2009-09-18,90.91,99
2009-09-21,91.92,99
2009-09-22,88.89,99
2009-09-23,88.89,99
2009-09-24,83.84,99
2009-09-25,75.76,99
2009-09-28,87.88,99
2009-09-29,82.83,99
2009-09-30,80.81,99
2009-10-01,58.59,99
2009-10-02,52.53,99
2009-10-05,65.66,99
2009-10-06,72.73,99
2009-10-07,75.76,99
2009-10-08,75.76,99
2009-10-09,80.81,99
2009-10-12,81.82,99
2009-10-13,79.80,99
2009-10-14,90.91,99
2009-10-15,89.00,100
2009-10-16,88.00,100
2009-10-19,93.00,100
2009-10-20,84.00,100
2009-10-21,72.00,100
2009-10-22,80.00,100
2009-10-23,69.00,100
2009-10-26,67.00,100
2009-10-27,64.00,100
2009-10-28,55.00,100
2009-10-29,65.00,100
2009-10-30,40.00,100
2009-11-02,51.00,100
2009-11-03,50.00,100
2009-11-04,52.00,100
2009-11-05,68.00,100
2009-11-06,71.00,100
2009-11-09,83.00,100
2009-11-10,83.00,100
2009-11-11,87.00,100
2009-11-12,80.00,100
2009-11-13,80.00,100
2009-11-16,85.00,100
2009-11-17,85.00,100
2009-11-18,85.00,100
2009-11-19,81.00,100
2009-11-20,78.00,100
2009-11-23,82.00,100
2009-11-24,83.00,100
2009-11-25,84.00,100
2009-11-27,70.00,100
2009-11-30,79.00,100
2009-12-01,83.00,100
2009-12-02,84.00,100
2009-12-03,78.00,100
2009-12-04,82.00,100
2009-12-07,78.00,100
2009-12-08,71.00,100
2009-12-09,73.00,100
2009-12-10,77.00,100
2009-12-11,76.00,100
2009-12-14,81.00,100
2009-12-15,74.00,100
2009-12-16,74.00,100
2009-12-17,71.00,100
2009-12-18,70.00,100
2009-12-21,79.00,100
2009-12-22,82.00,100
2009-12-23,80.00,100
2009-12-24,83.00,100
2009-12-28,82.00,100
2009-12-29,81.00,100
2009-12-30,83.00,100
2009-12-31,76.00,100
2010-01-04,88.00,100
2010-01-05,90.00,100
2010-01-06,86.00,100
2010-01-07,86.00,100
2010-01-08,88.00,100
2010-01-11,89.00,100
2010-01-12,84.00,100
2010-01-13,86.00,100
2010-01-14,85.00,100
2010-01-15,79.00,100
2010-01-19,83.00,100
2010-01-20,78.00,100
2010-01-21,65.00,100
2010-01-22,38.00,100
2010-01-25,43.00,100
2010-01-26,40.00,100
2010-01-27,43.00,100
2010-01-28,29.00,100
2010-01-29,26.00,100
2010-02-01,33.00,100
2010-02-02,43.00,100
2010-02-03,42.00,100
2010-02-04,15.00,100
2010-02-05,16.00,100
2010-02-08,13.00,100
2010-02-09,17.00,100
2010-02-10,14.00,100
2010-02-11,24.00,100
2010-02-12,22.00,100
2010-02-16,43.00,100
2010-02-17,51.00,100
2010-02-18,59.00,100
2010-02-19,58.00,100
2010-02-22,55.00,100
2010-02-23,37.00,100
2010-02-24,54.00,100
2010-02-25,46.00,100
2010-02-26,48.00,100
2010-03-01,61.00,100
2010-03-02,61.00,100
2010-03-03,60.00,100
2010-03-04,62.00,100
2010-03-05,77.00,100
2010-03-08,81.00,100
2010-03-09,78.00,100
2010-03-10,82.00,100
2010-03-11,86.00,100
2010-03-12,83.00,100
2010-03-15,85.00,100
2010-03-16,91.00,100
2010-03-17,92.00,100
2010-03-18,93.00,100
2010-03-19,92.00,100
2010-03-22,93.00,100
2010-03-23,93.00,100
2010-03-24,92.00,100
2010-03-25,89.00,100
2010-03-26,91.00,100
2010-03-29,93.00,100
2010-03-30,92.00,100
2010-03-31,90.00,100
2010-04-01,95.00,100
2010-04-05,96.00,100
2010-04-06,93.00,100
2010-04-07,90.00,100
2010-04-08,88.00,100
2010-04-09,92.00,100
2010-04-12,91.00,100
2010-04-13,90.00,100
2010-04-14,91.00,100
2010-04-15,88.00,100
2010-04-16,82.00,100
2010-04-19,87.00,100
2010-04-20,85.00,100
2010-04-21,84.00,100
2010-04-22,81.00,100
2010-04-23,80.00,100
2010-04-26,77.00,100
2010-04-27,71.00,100
2010-04-28,75.00,100
2010-04-29,75.00,100
2010-04-30,67.00,100
2010-05-03,70.00,100
2010-05-04,60.00,100
2010-05-05,53.00,100
2010-05-06,26.00,100
2010-05-07,14.00,100
2010-05-10,45.00,100
2010-05-11,41.00,100
2010-05-12,54.00,100
2010-05-13,44.00,100
2010-05-14,29.00,100
2010-05-17,32.00,100
2010-05-18,20.00,100
2010-05-19,17.00,100
2010-05-20,1.00,100
2010-05-21,5.00,100
2010-05-24,4.00,100
2010-05-25,3.00,100
2010-05-26,1.00,100
2010-05-27,13.00,100
2010-05-28,7.00,100
2010-06-01,5.00,100
2010-06-02,10.00,100
2010-06-03,14.00,100
2010-06-04,6.00,100
2010-06-07,5.00,100
2010-06-08,6.00,100
2010-06-09,5.00,100
2010-06-10,15.00,100
2010-06-11,18.00,100
2010-06-14,17.00,100
2010-06-15,32.00,100
2010-06-16,32.00,100
2010-06-17,37.00,100
2010-06-18,36.00,100
2010-06-21,32.00,100
2010-06-22,25.00,100
2010-06-23,24.00,100
2010-06-24,14.00,100
2010-06-25,18.00,100
2010-06-28,18.00,100
2010-06-29,4.00,100
2010-06-30,4.00,100
2010-07-01,5.00,100
2010-07-02,5.00,100
2010-07-06,6.00,100
2010-07-07,19.00,100
2010-07-08,35.00,100
2010-07-09,37.00,100
2010-07-12,38.00,100
2010-07-13,54.00,100
2010-07-14,56.00,100
2010-07-15,52.00,100
2010-07-16,34.00,100
2010-07-19,39.00,100
2010-07-20,46.00,100
2010-07-21,37.00,100
2010-07-22,61.00,100
2010-07-23,66.00,100
2010-07-26,74.00,100
2010-07-27,71.00,100
2010-07-28,69.00,100
2010-07-29,67.00,100
2010-07-30,69.00,100
2010-08-02,75.00,100
2010-08-03,74.00,100
2010-08-04,79.00,100
2010-08-05,78.00,100
2010-08-06,77.00,100
2010-08-09,80.00,100
2010-08-10,76.00,100
2010-08-11,53.00,100
2010-08-12,46.00,100
2010-08-13,40.00,100
2010-08-16,41.00,100
2010-08-17,51.00,100
2010-08-18,54.00,100
2010-08-19,35.00,100
2010-08-20,31.00,100
2010-08-23,31.00,100
2010-08-24,26.00,100
2010-08-25,31.00,100
2010-08-26,27.00,100
2010-08-27,36.00,100
2010-08-30,26.00,100
2010-08-31,30.00,100
2010-09-01,45.00,100
2010-09-02,49.00,100
2010-09-03,66.00,100
2010-09-07,54.00,100
2010-09-08,63.00,100
2010-09-09,67.00,100
2010-09-10,69.00,100
2010-09-13,78.00,100
2010-09-14,78.00,100
2010-09-15,78.00,100
2010-09-16,78.00,100
2010-09-17,78.00,100
2010-09-20,84.00,100
2010-09-21,83.00,100
2010-09-22,74.00,100
2010-09-23,74.00,100
2010-09-24,82.00,100
2010-09-27,80.00,100
2010-09-28,79.00,100
2010-09-29,78.00,100
2010-09-30,77.00,100
2010-10-01,82.00,100
2010-10-04,80.00,100
2010-10-05,89.00,100
2010-10-06,89.00,100
2010-10-07,88.00,100
2010-10-08,89.00,100
2010-10-11,87.00,100
2010-10-12,91.00,100
2010-10-13,92.00,100
2010-10-14,90.00,100
2010-10-15,88.00,100
2010-10-18,89.00,100
2010-10-19,86.00,100
2010-10-20,90.00,100
2010-10-21,93.00,100
2010-10-22,93.00,100
2010-10-25,93.00,100
2010-10-26,91.00,100
2010-10-27,92.00,100
2010-10-28,90.00,100
2010-10-29,89.00,100
2010-11-01,86.00,100
2010-11-02,90.00,100
2010-11-03,90.00,100
2010-11-04,94.00,100
2010-11-05,90.00,100
2010-11-08,89.00,100
2010-11-09,85.00,100
2010-11-10,88.00,100
2010-11-11,86.00,100
2010-11-12,82.00,100
2010-11-15,81.00,100
2010-11-16,65.00,100
2010-11-17,67.00,100
2010-11-18,78.00,100
2010-11-19,77.00,100
2010-11-22,75.00,100
2010-11-23,59.00,100
2010-11-24,70.00,100
2010-11-26,61.00,100
2010-11-29,57.00,100
2010-11-30,53.00,100
2010-12-01,65.00,100
2010-12-02,77.00,100
2010-12-03,77.00,100
2010-12-06,75.00,100
2010-12-07,74.00,100
2010-12-08,75.00,100
2010-12-09,77.00,100
2010-12-10,82.00,100
2010-12-13,80.00,100
2010-12-14,85.00,100
2010-12-15,81.00,100
2010-12-16,82.00,100
2010-12-17,84.00,100
2010-12-20,85.00,100
2010-12-21,84.00,100
2010-12-22,84.00,100
2010-12-23,81.00,100
2010-12-27,81.00,100
2010-12-28,80.00,100
2010-12-29,81.00,100
2010-12-30,83.00,100
2010-12-31,82.00,100
2011-01-03,90.00,100
2011-01-04,91.00,100
2011-01-05,89.00,100
2011-01-06,80.00,100
2011-01-07,82.00,100
2011-01-10,78.00,100
2011-01-11,79.00,100
2011-01-12,83.00,100
2011-01-13,84.00,100
2011-01-14,81.00,100
2011-01-18,84.00,100
2011-01-19,80.00,100
2011-01-20,81.00,100
2011-01-21,82.00,100
2011-01-24,86.00,100
2011-01-25,85.00,100
2011-01-26,84.00,100
2011-01-27,83.00,100
2011-01-28,72.00,100
2011-01-31,72.28,101
2011-02-01,77.23,101
2011-02-02,74.26,101
2011-02-03,75.25,101
2011-02-04,77.23,101
2011-02-07,82.18,101
2011-02-08,82.18,101
2011-02-09,82.18,101
2011-02-10,78.22,101
2011-02-11,84.16,101
2011-02-14,83.17,101
2011-02-15,79.21,101
2011-02-16,82.18,101
2011-02-17,82.18,101
2011-02-18,86.14,101
2011-02-22,73.27,101
2011-02-23,68.32,101
2011-02-24,69.31,101
2011-02-25,73.27,101
2011-02-28,76.24,101
2011-03-01,64.36,101
2011-03-02,61.39,101
2011-03-03,75.25,101
2011-03-04,71.29,101
2011-03-07,63.37,101
2011-03-08,75.25,101
2011-03-09,72.28,101
2011-03-10,54.46,101
2011-03-11,55.45,101
2011-03-14,47.52,101
2011-03-15,32.67,101
2011-03-16,21.78,101
2011-03-17,24.75,101
2011-03-18,25.74,101
2011-03-21,41.58,101
2011-03-22,37.62,101
2011-03-23,37.62,101
2011-03-24,55.45,101
2011-03-25,54.46,101
2011-03-28,55.45,101
2011-03-29,62.38,101
2011-03-30,71.29,101
2011-03-31,68.32,101
2011-04-01,74.26,101
2011-04-04,74.26,101
2011-04-05,71.29,101
2011-04-06,74.26,101
2011-04-07,73.27,101
2011-04-08,71.29,101
2011-04-11,65.35,101
2011-04-12,62.38,101
2011-04-13,62.38,101
2011-04-14,60.40,101
2011-04-15,64.36,101
2011-04-18,51.49,101
2011-04-19,54.46,101
2011-04-20,71.29,101
2011-04-21,70.30,101
2011-04-25,71.29,101
2011-04-26,75.25,101
2011-04-27,79.21,101
2011-04-28,84.16,101
2011-04-29,82.18,101
2011-05-02,78.22,101
2011-05-03,77.23,101
2011-05-04,75.25,101
2011-05-05,68.32,101
2011-05-06,77.23,101
2011-05-09,77.23,101
2011-05-10,81.19,101
2011-05-11,74.26,101
2011-05-12,77.23,101
2011-05-13,66.34,101
2011-05-16,64.36,101
2011-05-17,60.40,101
2011-05-18,70.30,101
2011-05-19,70.30,101
2011-05-20,65.35,101
2011-05-23,55.45,101
2011-05-24,54.46,101
2011-05-25,56.44,101
2011-05-26,57.43,101
2011-05-27,61.39,101
2011-05-31,71.29,101
2011-06-01,53.47,101
2011-06-02,47.52,101
2011-06-03,33.66,101
2011-06-06,27.72,101
2011-06-07,28.71,101
2011-06-08,22.77,101
2011-06-09,27.72,101
2011-06-10,15.84,101
2011-06-13,19.80,101
2011-06-14,25.74,101
2011-06-15,12.87,101
2011-06-16,15.84,101
2011-06-17,16.83,101
2011-06-20,26.73,101
2011-06-21,32.67,101
2011-06-22,25.74,101
2011-06-23,24.75,101
2011-06-24,15.84,101
2011-06-27,23.76,101
2011-06-28,37.62,101
2011-06-29,48.51,101
2011-06-30,58.42,101
2011-07-01,72.28,101
2011-07-05,70.30,101
2011-07-06,69.31,101
2011-07-07,78.22,101
2011-07-08,74.26,101
2011-07-11,54.46,101
2011-07-12,53.47,101
2011-07-13,53.47,101
2011-07-14,46.53,101
2011-07-15,45.54,101
2011-07-18,36.63,101
2011-07-19,51.49,101
2011-07-20,51.49,101
2011-07-21,67.33,101
2011-07-22,64.36,101
2011-07-25,60.40,101
2011-07-26,53.47,101
2011-07-27,32.67,101
2011-07-28,36.63,101
2011-07-29,31.68,101
2011-08-01,29.70,101
2011-08-02,20.79,101
2011-08-03,23.76,101
2011-08-04,6.93,101
2011-08-05,8.91,101
2011-08-08,0.99,101
2011-08-09,7.92,101
2011-08-10,2.97,101
2011-08-11,6.93,101
2011-08-12,7.92,101
2011-08-15,13.86,101
2011-08-16,10.89,101
2011-08-17,12.87,101
2011-08-18,7.92,101
2011-08-19,4.95,101
2011-08-22,5.94,101
2011-08-23,14.85,101
2011-08-24,17.82,101
2011-08-25,11.88,101
2011-08-26,15.84,101
2011-08-29,27.72,101
2011-08-30,29.70,101
2011-08-31,30.69,101
2011-09-01,27.72,101
2011-09-02,15.84,101
2011-09-06,15.84,101
2011-09-07,31.68,101
2011-09-08,24.75,101
2011-09-09,16.83,101
2011-09-12,18.81,101
2011-09-13,21.78,101
2011-09-14,29.70,101
2011-09-15,41.58,101
2011-09-16,49.50,101
2011-09-19,43.56,101
2011-09-20,42.57,101
2011-09-21,31.68,101
2011-09-22,15.84,101
2011-09-23,23.76,101
2011-09-26,31.68,101
2011-09-27,39.60,101
2011-09-28,28.71,101
2011-09-29,37.62,101
2011-09-30,20.79,101
2011-10-03,11.88,101
2011-10-04,20.79,101
2011-10-05,32.67,101
2011-10-06,50.50,101
2011-10-07,46.53,101
2011-10-10,73.27,101
2011-10-11,75.25,101
2011-10-12,85.15,101
2011-10-13,80.20,101
2011-10-14,87.13,101
2011-10-17,77.23,101
2011-10-18,86.14,101
2011-10-19,81.19,101
2011-10-20,86.14,101
2011-10-21,92.08,101
2011-10-24,96.04,101
2011-10-25,89.11,101
2011-10-26,92.08,101
2011-10-27,97.03,101
2011-10-28,98.02,101
2011-10-31,96.04,101
2011-11-01,76.24,101
2011-11-02,84.16,101
2011-11-03,94.06,101
2011-11-04,90.10,101
2011-11-07,93.07,101
2011-11-08,95.05,101
2011-11-09,74.26,101
2011-11-10,85.15,101
2011-11-11,91.09,101
2011-11-14,88.12,101
2011-11-15,89.11,101
2011-11-16,77.23,101
2011-11-17,67.33,101
2011-11-18,62.38,101
2011-11-21,49.50,101
2011-11-22,46.53,101
2011-11-23,21.78,101
2011-11-25,20.79,101
2011-11-28,49.50,101
2011-11-29,51.49,101
2011-11-30,84.16,101
2011-12-01,85.15,101
2011-12-02,82.18,101
2011-12-05,90.10,101
2011-12-06,86.14,101
2011-12-07,84.16,101
2011-12-08,72.28,101
2011-12-09,84.16,101
2011-12-12,71.29,101
2011-12-13,59.41,101
2011-12-14,46.53,101
2011-12-15,50.50,101
2011-12-16,49.50,101
2011-12-19,42.57,101
2011-12-20,66.34,101
2011-12-21,66.34,101
2011-12-22,70.30,101
2011-12-23,74.26,101
2011-12-27,74.26,101
2011-12-28,68.32,101
2011-12-29,75.25,101
2011-12-30,71.29,101
2012-01-03,81.19,101
2012-01-04,80.20,101
2012-01-05,81.19,101
2012-01-06,82.18,101
2012-01-09,87.13,101
2012-01-10,89.11,101
2012-01-11,89.11,101
2012-01-12,87.13,101
2012-01-13,86.14,101
2012-01-17,86.14,101
2012-01-18,87.13,101
2012-01-19,89.11,101
2012-01-20,91.09,101
2012-01-23,91.09,101
2012-01-24,89.11,101
2012-01-25,91.09,101
2012-01-26,90.10,101
2012-01-27,87.13,101
2012-01-30,84.16,101
2012-01-31,84.16,101
2012-02-01,90.10,101
2012-02-02,92.08,101
2012-02-03,94.06,101
2012-02-06,94.06,101
2012-02-07,95.05,101
2012-02-08,95.05,101
2012-02-09,94.06,101
2012-02-10,89.11,101
2012-02-13,92.08,101
2012-02-14,92.08,101
2012-02-15,88.12,101
2012-02-16,91.09,101
2012-02-17,90.10,101
2012-02-21,88.12,101
2012-02-22,87.13,101
2012-02-23,88.12,101
2012-02-24,86.14,101
2012-02-27,87.13,101
2012-02-28,89.11,101
2012-02-29,86.14,101
2012-03-01,89.11,101
2012-03-02,88.12,101
2012-03-05,80.20,101
2012-03-06,61.39,101
2012-03-07,67.33,101
2012-03-08,80.20,101
2012-03-09,81.19,101
2012-03-12,78.22,101
2012-03-13,85.15,101
2012-03-14,86.14,101
2012-03-15,92.08,101
2012-03-16,91.09,101
2012-03-19,92.08,101
2012-03-20,89.11,101
2012-03-21,82.18,101
2012-03-22,72.28,101
2012-03-23,75.25,101
2012-03-26,85.15,101
2012-03-27,82.18,101
2012-03-28,80.20,101
2012-03-29,79.21,101
2012-03-30,83.17,101
2012-04-02,90.10,101
2012-04-03,83.17,101
2012-04-04,73.27,101
2012-04-05,73.27,101
2012-04-09,56.44,101
2012-04-10,39.60,101
2012-04-11,51.49,101
2012-04-12,56.44,101
2012-04-13,47.52,101
2012-04-16,49.50,101
2012-04-17,61.39,101
2012-04-18,56.44,101
2012-04-19,52.48,101
2012-04-20,53.47,101
2012-04-23,44.55,101
2012-04-24,49.50,101
2012-04-25,60.40,101
2012-04-26,64.36,101
2012-04-27,66.34,101
2012-04-30,67.33,101
2012-05-01,69.31,101
2012-05-02,63.37,101
2012-05-03,53.47,101
2012-05-04,44.55,101
2012-05-07,44.55,101
2012-05-08,40.59,101
2012-05-09,24.75,101
2012-05-10,29.70,101
2012-05-11,27.72,101
2012-05-14,22.77,101
2012-05-15,20.79,101
2012-05-16,19.80,101
2012-05-17,18.81,101
2012-05-18,15.84,101
2012-05-21,17.82,101
2012-05-22,18.81,101
2012-05-23,17.82,101
2012-05-24,19.80,101
2012-05-25,19.80,101
2012-05-29,21.78,101
2012-05-30,18.81,101
2012-05-31,18.81,101
2012-06-01,10.89,101
2012-06-04,12.87,101
2012-06-05,11.88,101
2012-06-06,17.82,101
2012-06-07,17.82,101
2012-06-08,23.76,101
2012-06-11,17.82,101
2012-06-12,28.71,101
2012-06-13,24.75,101
2012-06-14,34.65,101
2012-06-15,49.50,101
2012-06-18,47.52,101
2012-06-19,58.42,101
2012-06-20,56.44,101
2012-06-21,40.59,101
2012-06-22,49.50,101
2012-06-25,31.68,101
2012-06-26,38.61,101
2012-06-27,49.50,101
2012-06-28,45.54,101
2012-06-29,69.31,101
2012-07-02,68.32,101
2012-07-03,74.26,101
2012-07-05,71.29,101
2012-07-06,62.38,101
2012-07-09,59.41,101
2012-07-10,55.45,101
2012-07-11,53.47,101
2012-07-12,53.47,101
2012-07-13,70.30,101
2012-07-16,63.37,101
2012-07-17,71.29,101
2012-07-18,76.24,101
2012-07-19,77.23,101
2012-07-20,67.33,101
2012-07-23,57.43,101
2012-07-24,53.47,101
2012-07-25,53.47,101
2012-07-26,68.32,101
2012-07-27,81.19,101
2012-07-30,78.22,101
2012-07-31,76.24,101
2012-08-01,75.25,101
2012-08-02,67.33,101
2012-08-03,83.17,101
2012-08-06,84.16,101
2012-08-07,87.13,101
2012-08-08,88.12,101
2012-08-09,88.12,101
2012-08-10,88.12,101
2012-08-13,86.14,101
2012-08-14,86.14,101
2012-08-15,85.15,101
2012-08-16,88.12,101
2012-08-17,90.10,101
2012-08-20,89.11,101
2012-08-21,84.16,101
2012-08-22,79.21,101
2012-08-23,77.23,101
2012-08-24,82.18,101
2012-08-27,81.19,101
2012-08-28,79.21,101
2012-08-29,78.22,101
2012-08-30,74.26,101
2012-08-31,77.23,101
2012-09-04,78.22,101
2012-09-05,73.27,101
2012-09-06,87.13,101
2012-09-07,87.13,101
2012-09-10,83.17,101
2012-09-11,84.16,101
2012-09-12,83.17,101
2012-09-13,87.13,101
2012-09-14,86.14,101
2012-09-17,87.13,101
2012-09-18,89.11,101
2012-09-19,87.13,101
2012-09-20,86.14,101
2012-09-21,87.13,101
2012-09-24,83.17,101
2012-09-25,75.25,101
2012-09-26,69.31,101
2012-09-27,76.24,101
2012-09-28,71.29,101
2012-10-01,75.25,101
2012-10-02,73.27,101
2012-10-03,74.26,101
2012-10-04,76.24,101
2012-10-05,74.26,101
2012-10-08,72.28,101
2012-10-09,66.34,101
2012-10-10,59.41,101
2012-10-11,57.43,101
2012-10-12,52.48,101
2012-10-15,57.43,101
2012-10-16,69.31,101
2012-10-17,70.30,101
2012-10-18,66.34,101
2012-10-19,55.45,101
2012-10-22,51.49,101
2012-10-23,43.56,101
2012-10-24,42.57,101
2012-10-25,46.53,101
2012-10-26,48.51,101
2012-10-31,49.50,101
2012-11-01,52.48,101
2012-11-02,47.52,101
2012-11-05,45.54,101
2012-11-06,56.44,101
2012-11-07,35.64,101
2012-11-08,29.70,101
2012-11-09,31.68,101
2012-11-12,30.69,101
2012-11-13,28.71,101
2012-11-14,20.79,101
2012-11-15,16.83,101
2012-11-16,17.82,101
2012-11-19,33.66,101
2012-11-20,37.62,101
2012-11-21,36.63,101
2012-11-23,51.49,101
2012-11-26,51.49,101
2012-11-27,45.54,101
2012-11-28,56.44,101
2012-11-29,57.43,101
2012-11-30,64.36,101
2012-12-03,54.46,101
2012-12-04,53.47,101
2012-12-05,63.37,101
2012-12-06,70.30,101
2012-12-07,73.27,101
2012-12-10,74.26,101
2012-12-11,75.25,101
2012-12-12,80.20,101
2012-12-13,73.27,101
2012-12-14,67.33,101
2012-12-17,75.25,101
2012-12-18,85.15,101
2012-12-19,77.23,101
2012-12-20,80.20,101
2012-12-21,74.26,101
2012-12-24,71.29,101
2012-12-26,66.34,101
2012-12-27,66.34,101
2012-12-28,55.45,101
2012-12-31,70.30,101
2013-01-02,92.08,101
2013-01-03,91.09,101
2013-01-04,92.08,101
2013-01-07,88.12,101
2013-01-08,88.12,101
2013-01-09,88.12,101
2013-01-10,90.10,101
2013-01-11,90.10,101
2013-01-14,90.10,101
2013-01-15,90.10,101
2013-01-16,87.13,101
2013-01-17,92.08,101
2013-01-18,91.09,101
2013-01-22,95.05,101
2013-01-23,92.08,101
2013-01-24,96.04,101
2013-01-25,95.05,101
2013-01-28,90.10,101
2013-01-29,94.06,101
2013-01-30,92.08,101
2013-01-31,88.12,101
2013-02-01,89.11,101
2013-02-04,85.15,101
2013-02-05,89.11,101
2013-02-06,88.12,101
2013-02-07,87.13,101
2013-02-08,89.11,101
2013-02-11,87.13,101
2013-02-12,87.13,101
2013-02-13,87.13,101
2013-02-14,85.15,101
2013-02-15,84.16,101
2013-02-19,86.14,101
2013-02-20,80.20,101
2013-02-21,74.26,101
2013-02-22,81.19,101
2013-02-25,64.36,101
2013-02-26,65.35,101
2013-02-27,78.22,101
2013-02-28,79.21,101
2013-03-01,81.19,101
2013-03-04,81.19,101
2013-03-05,83.17,101
2013-03-06,83.17,101
2013-03-07,87.13,101
2013-03-08,90.10,101
2013-03-11,92.08,101
2013-03-12,91.09,101
2013-03-13,92.08,101
2013-03-14,90.20,102
2013-03-15,86.27,102
2013-03-18,82.35,102
2013-03-19,76.47,102
2013-03-20,82.35,102
2013-03-21,72.55,102
2013-03-22,79.41,102
2013-03-25,75.49,102
2013-03-26,85.29,102
2013-03-27,84.31,102
2013-03-28,86.27,102
2013-04-01,80.39,102
2013-04-02,80.39,102
2013-04-03,70.59,102
2013-04-04,71.57,102
2013-04-05,66.67,102
2013-04-08,74.51,102
2013-04-09,77.45,102
2013-04-10,86.27,102
2013-04-11,90.20,102
2013-04-12,85.29,102
2013-04-15,63.73,102
2013-04-16,70.59,102
2013-04-17,59.80,102
2013-04-18,51.96,102
2013-04-19,59.80,102
2013-04-22,61.76,102
2013-04-23,73.53,102
2013-04-24,75.49,102
2013-04-25,75.49,102
2013-04-26,73.53,102
2013-04-29,80.39,102
2013-04-30,79.41,102
2013-05-01,75.49,102
2013-05-02,80.39,102
2013-05-03,85.29,102
2013-05-06,86.27,102
2013-05-07,89.22,102
2013-05-08,88.24,102
2013-05-09,89.22,102
2013-05-10,93.14,102
2013-05-13,91.18,102
2013-05-14,94.12,102
2013-05-15,96.08,102
2013-05-16,95.10,102
2013-05-17,96.08,102
2013-05-20,94.12,102
2013-05-21,93.14,102
2013-05-22,90.20,102
2013-05-23,85.29,102
2013-05-24,87.25,102
2013-05-28,87.25,102
2013-05-29,82.35,102
2013-05-30,83.33,102
2013-05-31,76.47,102
2013-06-03,76.47,102
2013-06-04,76.47,102
2013-06-05,60.78,102
2013-06-06,65.69,102
2013-06-07,77.45,102
2013-06-10,75.49,102
2013-06-11,69.61,102
2013-06-12,59.80,102
2013-06-13,70.59,102
2013-06-14,66.67,102
2013-06-17,71.57,102
2013-06-18,77.45,102
2013-06-19,64.71,102
2013-06-20,46.08,102
2013-06-21,46.08,102
2013-06-24,35.29,102
2013-06-25,43.14,102
2013-06-26,49.02,102
2013-06-27,54.90,102
2013-06-28,51.96,102
2013-07-01,56.86,102
2013-07-02,52.94,102
2013-07-03,51.96,102
2013-07-05,67.65,102
2013-07-08,69.61,102
2013-07-09,72.55,102
2013-07-10,72.55,102
2013-07-11,83.33,102
2013-07-12,83.33,102
2013-07-15,83.33,102
2013-07-16,83.33,102
2013-07-17,85.29,102
2013-07-18,85.29,102
2013-07-19,84.31,102
2013-07-22,83.33,102
2013-07-23,82.35,102
2013-07-24,78.43,102
2013-07-25,80.39,102
2013-07-26,78.43,102
2013-07-29,74.51,102
2013-07-30,77.45,102
2013-07-31,79.41,102
2013-08-01,87.25,102
2013-08-02,87.25,102
2013-08-05,85.29,102
2013-08-06,80.39,102
2013-08-07,76.47,102
2013-08-08,79.41,102
2013-08-09,73.53,102
2013-08-12,74.51,102
2013-08-13,78.43,102
2013-08-14,70.59,102
2013-08-15,54.90,102
2013-08-16,48.04,102
2013-08-19,44.12,102
2013-08-20,48.04,102
2013-08-21,39.22,102
2013-08-22,50.98,102
2013-08-23,50.00,102
2013-08-26,44.12,102
2013-08-27,27.45,102
2013-08-28,28.43,102
2013-08-29,31.37,102
2013-08-30,25.49,102
2013-09-03,33.33,102
2013-09-04,45.10,102
2013-09-05,46.08,102
2013-09-06,45.10,102
2013-09-09,59.80,102
2013-09-10,65.69,102
2013-09-11,74.51,102
2013-09-12,65.69,102
2013-09-13,72.55,102
2013-09-16,79.41,102
2013-09-17,79.41,102
2013-09-18,90.20,102
2013-09-19,86.27,102
2013-09-20,80.39,102
2013-09-23,73.53,102
2013-09-24,70.59,102
2013-09-25,64.71,102
2013-09-26,67.65,102
2013-09-27,60.78,102
2013-09-30,57.84,102
2013-10-01,58.82,102
2013-10-02,58.82,102
2013-10-03,49.02,102
2013-10-04,54.90,102
2013-10-07,50.00,102
2013-10-08,33.33,102
2013-10-09,35.29,102
2013-10-10,70.59,102
2013-10-11,77.45,102
2013-10-14,81.37,102
2013-10-15,72.55,102
2013-10-16,89.22,102
2013-10-17,92.16,102
2013-10-18,89.22,102
2013-10-21,90.20,102
2013-10-22,89.22,102
2013-10-23,82.35,102
2013-10-24,88.24,102
2013-10-25,87.25,102
2013-10-28,89.22,102
2013-10-29,89.22,102
2013-10-30,88.24,102
2013-10-31,83.33,102
2013-11-01,83.33,102
2013-11-04,85.29,102
2013-11-05,86.27,102
2013-11-06,86.27,102
2013-11-07,78.43,102
2013-11-08,89.22,102
2013-11-11,89.22,102
2013-11-12,89.22,102
2013-11-13,95.10,102
2013-11-14,92.16,102
2013-11-15,94.12,102
2013-11-18,93.14,102
2013-11-19,88.24,102
2013-11-20,88.24,102
2013-11-21,88.24,102
2013-11-22,85.29,102
2013-11-25,86.27,102
2013-11-26,85.29,102
2013-11-27,86.27,102
2013-11-29,86.27,102
2013-12-02,85.29,102
2013-12-03,80.39,102
2013-12-04,80.39,102
2013-12-05,76.47,102
2013-12-06,85.29,102
2013-12-09,82.35,102
2013-12-10,78.43,102
2013-12-11,66.67,102
2013-12-12,56.86,102
2013-12-13,59.80,102
2013-12-16,64.71,102
2013-12-17,55.88,102
2013-12-18,73.53,102
2013-12-19,70.59,102
2013-12-20,73.53,102
2013-12-23,77.45,102
2013-12-24,78.43,102
2013-12-26,80.39,102
2013-12-27,83.33,102
2013-12-30,82.35,102
2013-12-31,84.31,102
2014-01-02,80.39,102
2014-01-03,78.43,102
2014-01-06,71.57,102
2014-01-07,78.43,102
2014-01-08,73.53,102
2014-01-09,74.51,102
2014-01-10,75.49,102
2014-01-13,65.69,102
2014-01-14,74.51,102
2014-01-15,72.55,102
2014-01-16,72.55,102
2014-01-17,66.67,102
2014-01-21,69.61,102
2014-01-22,70.59,102
2014-01-23,61.76,102
2014-01-24,34.31,102
2014-01-27,33.33,102
2014-01-28,35.29,102
2014-01-29,27.45,102
2014-01-30,41.18,102
2014-01-31,35.29,102
2014-02-03,22.55,102
2014-02-04,27.45,102
2014-02-05,27.45,102
2014-02-06,33.33,102
2014-02-07,43.14,102
2014-02-10,45.10,102
2014-02-11,52.94,102
2014-02-12,56.86,102
2014-02-13,59.80,102
2014-02-14,61.76,102
2014-02-18,60.78,102
2014-02-19,54.90,102
2014-02-20,58.82,102
2014-02-21,57.84,102
2014-02-24,58.82,102
2014-02-25,59.80,102
2014-02-26,60.78,102
2014-02-27,64.71,102
2014-02-28,68.63,102
2014-03-03,58.82,102
2014-03-04,71.57,102
2014-03-05,76.47,102
2014-03-06,79.41,102
2014-03-07,79.41,102
2014-03-10,78.43,102
2014-03-11,81.37,102
2014-03-12,79.41,102
2014-03-13,64.71,102
2014-03-14,61.76,102
2014-03-17,75.49,102
2014-03-18,86.27,102
2014-03-19,77.45,102
2014-03-20,77.45,102
2014-03-21,76.47,102
2014-03-24,66.67,102
2014-03-25,74.51,102
2014-03-26,69.61,102
2014-03-27,67.65,102
2014-03-28,74.51,102
2014-03-31,81.37,102
2014-04-01,85.29,102
2014-04-02,84.31,102
2014-04-03,81.37,102
2014-04-04,73.53,102
2014-04-07,57.84,102
2014-04-08,56.86,102
2014-04-09,66.67,102
2014-04-10,46.08,102
2014-04-11,38.24,102
2014-04-14,42.16,102
2014-04-15,43.14,102
2014-04-16,53.92,102
2014-04-17,56.86,102
2014-04-21,59.80,102
2014-04-22,60.78,102
2014-04-23,60.78,102
2014-04-24,59.80,102
2014-04-25,52.94,102
2014-04-28,51.96,102
2014-04-29,58.82,102
2014-04-30,59.80,102
2014-05-01,61.76,102
2014-05-02,59.80,102
2014-05-05,59.80,102
2014-05-06,46.08,102
2014-05-07,53.92,102
2014-05-08,61.76,102
2014-05-09,58.82,102
2014-05-12,74.51,102
2014-05-13,69.61,102
2014-05-14,61.76,102
2014-05-15,51.96,102
2014-05-16,56.86,102
2014-05-19,56.86,102
2014-05-20,50.00,102
2014-05-21,55.88,102
2014-05-22,62.75,102
2014-05-23,70.59,102
2014-05-27,74.51,102
2014-05-28,71.57,102
2014-05-29,79.41,102
2014-05-30,78.43,102
2014-06-02,80.39,102
2014-06-03,81.37,102
2014-06-04,81.37,102
2014-06-05,86.27,102
2014-06-06,87.25,102
2014-06-09,87.25,102
2014-06-10,85.29,102
2014-06-11,84.31,102
2014-06-12,80.39,102
2014-06-13,83.33,102
2014-06-16,83.33,102
2014-06-17,87.25,102
2014-06-18,90.20,102
2014-06-19,89.22,102
2014-06-20,88.24,102
2014-06-23,88.24,102
2014-06-24,83.33,102
2014-06-25,82.35,102
2014-06-26,79.41,102
2014-06-27,78.43,102
2014-06-30,75.49,102
2014-07-01,84.31,102
2014-07-02,86.27,102
2014-07-03,86.27,102
2014-07-07,86.27,102
2014-07-08,85.29,102
2014-07-09,86.27,102
2014-07-10,81.37,102
2014-07-11,87.25,102
2014-07-14,86.27,102
2014-07-15,84.31,102
2014-07-16,81.37,102
2014-07-17,69.61,102
2014-07-18,80.39,102
2014-07-21,78.43,102
2014-07-22,77.45,102
2014-07-23,79.41,102
2014-07-24,73.53,102
2014-07-25,66.67,102
2014-07-28,64.71,102
2014-07-29,56.86,102
2014-07-30,54.90,102
2014-07-31,34.31,102
2014-08-01,28.43,102
2014-08-04,36.27,102
2014-08-05,24.51,102
2014-08-06,25.49,102
2014-08-07,18.63,102
2014-08-08,30.39,102
2014-08-11,35.29,102
2014-08-12,30.39,102
2014-08-13,38.24,102
2014-08-14,43.14,102
2014-08-15,43.14,102
2014-08-18,55.88,102
2014-08-19,60.78,102
2014-08-20,66.67,102
2014-08-21,72.55,102
2014-08-22,64.71,102
2014-08-25,72.55,102
2014-08-26,69.61,102
2014-08-27,70.59,102
2014-08-28,68.63,102
2014-08-29,72.55,102
2014-09-02,71.57,102
2014-09-03,74.51,102
2014-09-04,72.55,102
2014-09-05,77.45,102
2014-09-08,73.53,102
2014-09-09,65.69,102
2014-09-10,65.69,102
2014-09-11,65.69,102
2014-09-12,59.80,102
2014-09-15,60.78,102
2014-09-16,69.61,102
2014-09-17,68.63,102
2014-09-18,77.45,102
2014-09-19,74.51,102
2014-09-22,65.69,102
2014-09-23,61.76,102
2014-09-24,70.59,102
2014-09-25,48.04,102
2014-09-26,53.92,102
2014-09-29,52.94,102
2014-09-30,53.92,102
2014-10-01,43.14,102
2014-10-02,44.12,102
2014-10-03,56.86,102
2014-10-06,57.84,102
2014-10-07,34.31,102
2014-10-08,54.90,102
2014-10-09,39.22,102
2014-10-10,28.43,102
2014-10-13,18.63,102
2014-10-14,19.61,102
2014-10-15,10.78,102
2014-10-16,10.78,102
2014-10-17,16.67,102
2014-10-20,24.51,102
2014-10-21,45.10,102
2014-10-22,35.29,102
2014-10-23,46.08,102
2014-10-24,55.88,102
2014-10-27,58.82,102
2014-10-28,70.59,102
2014-10-29,71.57,102
2014-10-30,74.51,102
2014-10-31,81.37,102
2014-11-03,82.35,102
2014-11-04,82.35,102
2014-11-05,81.37,102
2014-11-06,85.29,102
2014-11-07,85.29,102
2014-11-10,85.29,102
2014-11-11,86.27,102
2014-11-12,86.27,102
2014-11-13,86.27,102
2014-11-14,87.25,102
2014-11-17,88.24,102
2014-11-18,91.18,102
2014-11-19,90.20,102
2014-11-20,91.18,102
2014-11-21,93.14,102
2014-11-24,93.14,102
2014-11-25,91.18,102
2014-11-26,90.20,102
2014-11-28,89.22,102
2014-12-01,87.25,102
2014-12-02,89.22,102
2014-12-03,88.24,102
2014-12-04,88.24,102
2014-12-05,86.27,102
2014-12-08,84.31,102
2014-12-09,83.33,102
2014-12-10,81.37,102
2014-12-11,80.39,102
2014-12-12,72.55,102
2014-12-15,60.78,102
2014-12-16,55.88,102
2014-12-17,66.67,102
2014-12-18,84.31,102
2014-12-19,87.25,102
2014-12-22,87.25,102
2014-12-23,87.25,102
2014-12-24,88.24,102
2014-12-26,89.22,102
2014-12-29,89.22,102
2014-12-30,79.41,102
2014-12-31,73.53,102
2015-01-02,70.59,102
2015-01-05,50.00,102
2015-01-06,32.35,102
2015-01-07,50.98,102
2015-01-08,67.65,102
2015-01-09,53.92,102
2015-01-12,46.08,102
2015-01-13,44.12,102
2015-01-14,34.31,102
2015-01-15,29.41,102
2015-01-16,41.18,102
2015-01-20,42.16,102
2015-01-21,47.06,102
2015-01-22,61.76,102
2015-01-23,53.92,102
2015-01-26,54.90,102
2015-01-27,36.27,102
2015-01-28,29.41,102
2015-01-29,35.29,102
2015-01-30,25.49,102
2015-02-02,33.33,102
2015-02-03,55.88,102
2015-02-04,48.04,102
2015-02-05,66.67,102
2015-02-06,59.80,102
2015-02-09,52.94,102
2015-02-10,63.73,102
2015-02-11,64.71,102
2015-02-12,70.59,102
2015-02-13,71.57,102
2015-02-17,76.47,102
2015-02-18,76.47,102
2015-02-19,76.47,102
2015-02-20,81.37,102
2015-02-23,80.39,102
2015-02-24,79.41,102
2015-02-25,81.37,102
2015-02-26,80.39,102
2015-02-27,78.43,102
2015-03-02,79.41,102
2015-03-03,73.53,102
2015-03-04,69.61,102
2015-03-05,71.57,102
2015-03-06,60.78,102
2015-03-09,64.71,102
2015-03-10,45.10,102
2015-03-11,47.06,102
2015-03-12,60.78,102
2015-03-13,53.92,102
2015-03-16,62.75,102
2015-03-17,60.78,102
2015-03-18,70.59,102
2015-03-19,68.63,102
2015-03-20,74.51,102
2015-03-23,69.61,102
2015-03-24,62.75,102
2015-03-25,49.02,102
2015-03-26,48.04,102
2015-03-27,48.04,102
2015-03-30,63.73,102
2015-03-31,50.98,102
2015-04-01,40.20,102
2015-04-02,48.04,102
2015-04-06,58.82,102
2015-04-07,52.94,102
2015-04-08,55.88,102
2015-04-09,61.76,102
2015-04-10,65.69,102
2015-04-13,57.84,102
2015-04-14,52.94,102
2015-04-15,58.82,102
2015-04-16,57.84,102
2015-04-17,37.25,102
2015-04-20,50.98,102
2015-04-21,49.02,102
2015-04-22,53.92,102
2015-04-23,56.86,102
2015-04-24,52.94,102
2015-04-27,50.00,102
2015-04-28,54.90,102
2015-04-29,52.94,102
2015-04-30,39.22,102
2015-05-01,49.02,102
2015-05-04,56.86,102
2015-05-05,45.10,102
2015-05-06,37.25,102
2015-05-07,46.08,102
2015-05-08,64.71,102
2015-05-11,55.88,102
2015-05-12,54.90,102
2015-05-13,58.82,102
2015-05-14,66.67,102
2015-05-15,71.57,102
2015-05-18,72.55,102
2015-05-19,68.63,102
2015-05-20,69.61,102
2015-05-21,72.55,102
2015-05-22,67.65,102
2015-05-26,52.94,102
2015-05-27,63.73,102
2015-05-28,66.67,102
2015-05-29,55.88,102
2015-06-01,59.80,102
2015-06-02,59.80,102
2015-06-03,60.78,102
2015-06-04,50.98,102
2015-06-05,49.02,102
2015-06-08,39.22,102
2015-06-09,40.20,102
2015-06-10,50.98,102
2015-06-11,54.90,102
2015-06-12,45.10,102
2015-06-15,42.16,102
2015-06-16,45.10,102
2015-06-17,48.04,102
2015-06-18,61.76,102
2015-06-19,56.86,102
2015-06-22,68.63,102
2015-06-23,58.82,102
2015-06-24,50.98,102
2015-06-25,47.06,102
2015-06-26,49.02,102
2015-06-29,28.43,102
2015-06-30,34.31,102
2015-07-01,37.25,102
2015-07-02,37.25,102
2015-07-06,39.22,102
2015-07-07,43.14,102
2015-07-08,31.37,102
2015-07-09,33.33,102
2015-07-10,48.04,102
2015-07-13,55.88,102
2015-07-14,55.88,102
2015-07-15,55.88,102
2015-07-16,64.71,102
2015-07-17,64.71,102
2015-07-20,66.67,102
2015-07-21,62.75,102
2015-07-22,61.76,102
2015-07-23,56.86,102
2015-07-24,46.08,102
2015-07-27,43.14,102
2015-07-28,50.00,102
2015-07-29,61.76,102
2015-07-30,60.78,102
2015-07-31,62.75,102
2015-08-03,59.80,102
2015-08-04,59.80,102
2015-08-05,63.73,102
2015-08-06,60.78,102
2015-08-07,58.82,102
2015-08-10,65.69,102
2015-08-11,57.84,102
2015-08-12,53.92,102
2015-08-13,54.90,102
2015-08-14,61.76,102
2015-08-17,61.76,102
2015-08-18,64.71,102
2015-08-19,51.96,102
2015-08-20,35.29,102
2015-08-21,19.61,102
2015-08-24,1.96,102
2015-08-25,1.96,102
2015-08-26,8.82,102
2015-08-27,20.59,102
2015-08-28,16.67,102
2015-08-31,12.75,102
2015-09-01,3.92,102
2015-09-02,8.82,102
2015-09-03,12.75,102
2015-09-04,4.90,102
2015-09-08,16.67,102
2015-09-09,7.84,102
2015-09-10,8.82,102
2015-09-11,15.69,102
2015-09-14,13.73,102
2015-09-15,22.55,102
2015-09-16,27.45,102
2015-09-17,25.49,102
2015-09-18,16.67,102
2015-09-21,23.53,102
2015-09-22,10.78,102
2015-09-23,14.71,102
2015-09-24,15.69,102
2015-09-25,18.63,102
2015-09-28,6.86,102
2015-09-29,7.84,102
2015-09-30,21.57,102
2015-10-01,24.51,102
2015-10-02,34.31,102
2015-10-05,53.92,102
2015-10-06,49.02,102
2015-10-07,58.82,102
2015-10-08,65.69,102
2015-10-09,66.67,102
2015-10-12,69.61,102
2015-10-13,65.69,102
2015-10-14,58.82,102
2015-10-15,72.55,102
2015-10-16,72.55,102
2015-10-19,72.55,102
2015-10-20,75.49,102
2015-10-21,72.55,102
2015-10-22,83.33,102
2015-10-23,91.18,102
2015-10-26,90.20,102
2015-10-27,87.25,102
2015-10-28,92.16,102
2015-10-29,89.22,102
2015-10-30,90.20,102
2015-11-02,91.18,102
2015-11-03,91.18,102
2015-11-04,93.14,102
2015-11-05,89.22,102
2015-11-06,86.27,102
2015-11-09,83.33,102
2015-11-10,84.31,102
2015-11-11,84.31,102
2015-11-12,75.49,102
2015-11-13,67.65,102
2015-11-16,79.41,102
2015-11-17,74.51,102
2015-11-18,83.33,102
2015-11-19,82.35,102
2015-11-20,82.35,102
2015-11-23,81.37,102
2015-11-24,81.37,102
2015-11-25,84.31,102
2015-11-27,83.33,102
2015-11-30,81.37,102
2015-12-01,89.22,102
2015-12-02,79.41,102
2015-12-03,60.78,102
2015-12-04,74.51,102
2015-12-07,69.61,102
2015-12-08,63.73,102
2015-12-09,58.82,102
2015-12-10,52.94,102
2015-12-11,31.37,102
2015-12-14,39.22,102
2015-12-15,45.10,102
2015-12-16,63.73,102
2015-12-17,49.02,102
2015-12-18,29.41,102
2015-12-21,37.25,102
2015-12-22,47.06,102
2015-12-23,56.86,102
2015-12-24,53.92,102
2015-12-28,50.98,102
2015-12-29,64.71,102
2015-12-30,58.82,102
2015-12-31,44.12,102
2016-01-04,21.57,102
2016-01-05,33.33,102
2016-01-06,20.59,102
2016-01-07,12.75,102
2016-01-08,10.78,102
2016-01-11,10.78,102
2016-01-12,14.71,102
2016-01-13,9.80,102
2016-01-14,10.78,102
2016-01-15,6.86,102
2016-01-19,10.78,102
2016-01-20,8.82,102
2016-01-21,11.76,102
2016-01-22,13.73,102
2016-01-25,11.76,102
2016-01-26,13.73,102
2016-01-27,12.75,102
2016-01-28,13.73,102
2016-01-29,29.41,102
2016-02-01,31.37,102
2016-02-02,22.55,102
2016-02-03,27.45,102
2016-02-04,24.51,102
2016-02-05,15.69,102
2016-02-08,17.65,102
2016-02-09,20.59,102
2016-02-10,18.63,102
2016-02-11,14.71,102
2016-02-12,25.49,102
2016-02-16,29.41,102
2016-02-17,41.18,102
2016-02-18,41.18,102
2016-02-19,40.20,102
2016-02-22,51.96,102
2016-02-23,42.16,102
2016-02-24,49.02,102
2016-02-25,61.76,102
2016-02-26,57.84,102
2016-02-29,51.96,102
2016-03-01,72.55,102
2016-03-02,75.49,102
2016-03-03,82.35,102
2016-03-04,83.33,102
2016-03-07,77.45,102
2016-03-08,69.61,102
2016-03-09,75.49,102
2016-03-10,76.47,102
2016-03-11,91.18,102
2016-03-14,93.14,102
2016-03-15,92.16,102
2016-03-16,92.16,102
2016-03-17,92.16,102
2016-03-18,96.08,102
2016-03-21,95.10,102
2016-03-22,97.06,102
2016-03-23,95.10,102
2016-03-24,93.14,102
2016-03-28,93.14,102
2016-03-29,94.12,102
2016-03-30,96.08,102
2016-03-31,91.18,102
2016-04-01,95.10,102
2016-04-04,92.16,102
2016-04-05,89.22,102
2016-04-06,91.18,102
2016-04-07,81.37,102
2016-04-08,84.31,102
2016-04-11,87.25,102
2016-04-12,91.18,102
2016-04-13,97.06,102
2016-04-14,94.12,102
2016-04-15,95.10,102
2016-04-18,98.04,102
2016-04-19,98.04,102
2016-04-20,94.12,102
2016-04-21,89.22,102
2016-04-22,86.27,102
2016-04-25,86.27,102
2016-04-26,88.24,102
2016-04-27,87.25,102
2016-04-28,87.25,102
2016-04-29,76.47,102
2016-05-02,78.43,102
2016-05-03,74.51,102
2016-05-04,68.63,102
2016-05-05,66.67,102
2016-05-06,68.63,102
2016-05-09,64.71,102
2016-05-10,76.47,102
2016-05-11,70.59,102
2016-05-12,67.65,102
2016-05-13,55.88,102
2016-05-16,64.71,102
2016-05-17,52.94,102
2016-05-18,57.84,102
2016-05-19,50.98,102
2016-05-20,55.88,102
2016-05-23,53.92,102
2016-05-24,62.75,102
2016-05-25,69.61,102
2016-05-26,69.61,102
2016-05-27,73.53,102
2016-05-31,71.57,102
2016-06-01,74.51,102
2016-06-02,74.51,102
2016-06-03,74.51,102
2016-06-06,76.47,102
2016-06-07,78.43,102
2016-06-08,81.37,102
2016-06-09,76.47,102
2016-06-10,67.65,102
2016-06-13,55.88,102
2016-06-14,58.82,102
2016-06-15,53.92,102
2016-06-16,55.88,102
2016-06-17,53.92,102
2016-06-20,61.76,102
2016-06-21,61.76,102
2016-06-22,57.84,102
2016-06-23,71.57,102
2016-06-24,34.31,102
2016-06-27,18.63,102
2016-06-28,37.25,102
2016-06-29,50.00,102
2016-06-30,61.76,102
2016-07-01,65.69,102
2016-07-05,56.86,102
2016-07-06,60.78,102
2016-07-07,62.75,102
2016-07-08,74.51,102
2016-07-11,78.43,102
2016-07-12,86.27,102
2016-07-13,87.25,102
2016-07-14,92.16,102
2016-07-15,91.18,102
2016-07-18,92.16,102
2016-07-19,92.16,102
2016-07-20,92.16,102
2016-07-21,89.22,102
2016-07-22,91.18,102
2016-07-25,86.27,102
2016-07-26,83.33,102
2016-07-27,81.37,102
2016-07-28,78.43,102
2016-07-29,77.45,102
2016-08-01,74.51,102
2016-08-02,71.57,102
2016-08-03,75.49,102
2016-08-04,74.51,102
2016-08-05,79.41,102
2016-08-08,76.47,102
2016-08-09,76.47,102
2016-08-10,73.53,102
2016-08-11,76.47,102
2016-08-12,78.43,102
2016-08-15,76.47,102
2016-08-16,72.55,102
2016-08-17,74.51,102
2016-08-18,75.49,102
2016-08-19,73.53,102
2016-08-22,72.55,102
2016-08-23,73.53,102
2016-08-24,72.55,102
2016-08-25,68.63,102
2016-08-26,66.67,102
2016-08-29,69.61,102
2016-08-30,64.71,102
2016-08-31,59.80,102
2016-09-01,61.76,102
2016-09-02,65.69,102
2016-09-06,65.69,102
2016-09-07,62.75,102
2016-09-08,58.82,102
2016-09-09,35.29,102
2016-09-12,46.08,102
2016-09-13,31.37,102
2016-09-14,30.39,102
2016-09-15,40.20,102
2016-09-16,39.22,102
2016-09-19,40.20,102
2016-09-20,41.18,102
2016-09-21,54.90,102
2016-09-22,61.76,102
2016-09-23,54.90,102
2016-09-26,42.16,102
2016-09-27,50.00,102
2016-09-28,54.90,102
2016-09-29,42.16,102
2016-09-30,50.98,102
2016-10-03,50.00,102
2016-10-04,43.14,102
2016-10-05,50.00,102
2016-10-06,50.00,102
2016-10-07,46.08,102
2016-10-10,50.00,102
2016-10-11,38.24,102
2016-10-12,37.25,102
2016-10-13,36.27,102
2016-10-14,35.29,102
2016-10-17,35.29,102
2016-10-18,38.24,102
2016-10-19,42.16,102
2016-10-20,41.18,102
2016-10-21,41.18,102
2016-10-24,48.04,102
2016-10-25,46.08,102
2016-10-26,43.14,102
2016-10-27,36.27,102
2016-10-28,37.25,102
2016-10-31,41.18,102
2016-11-01,32.35,102
2016-11-02,30.39,102
2016-11-03,30.39,102
2016-11-04,29.41,102
2016-11-07,52.94,102
2016-11-08,62.75,102
2016-11-09,67.65,102
2016-11-10,65.69,102
2016-11-11,61.76,102
2016-11-14,58.82,102
2016-11-15,61.76,102
2016-11-16,59.80,102
2016-11-17,61.76,102
2016-11-18,58.82,102
2016-11-21,61.76,102
2016-11-22,64.71,102
2016-11-23,65.69,102
2016-11-25,68.63,102
2016-11-28,62.75,102
2016-11-29,67.65,102
2016-11-30,63.73,102
2016-12-01,59.80,102
2016-12-02,59.80,102
2016-12-05,62.75,102
2016-12-06,63.73,102
2016-12-07,64.71,102
2016-12-08,67.65,102
2016-12-09,72.55,102
2016-12-12,76.47,102
2016-12-13,82.35,102
2016-12-14,76.47,102
2016-12-15,80.39,102
2016-12-16,78.43,102
2016-12-19,79.41,102
2016-12-20,81.37,102
2016-12-21,78.43,102
2016-12-22,76.47,102
2016-12-23,78.43,102
2016-12-27,80.39,102
2016-12-28,70.59,102
2016-12-29,72.55,102
2016-12-30,66.67,102
2017-01-03,75.49,102
2017-01-04,83.33,102
2017-01-05,85.29,102
2017-01-06,85.29,102
2017-01-09,84.31,102
2017-01-10,80.39,102
2017-01-11,78.43,102
2017-01-12,77.45,102
2017-01-13,79.41,102
2017-01-17,77.45,102
2017-01-18,75.49,102
2017-01-19,71.57,102
2017-01-20,76.47,102
2017-01-23,74.51,102
2017-01-24,77.45,102
2017-01-25,81.37,102
2017-01-26,78.43,102
2017-01-27,73.53,102
2017-01-30,67.65,102
2017-01-31,65.69,102
2017-02-01,57.84,102
2017-02-02,55.88,102
2017-02-03,64.71,102
2017-02-06,63.73,102
2017-02-07,62.75,102
2017-02-08,61.76,102
2017-02-09,68.63,102
2017-02-10,72.55,102
2017-02-13,74.51,102
2017-02-14,75.49,102
2017-02-15,78.43,102
2017-02-16,77.45,102
2017-02-17,78.43,102
2017-02-21,81.37,102
2017-02-22,79.41,102
2017-02-23,81.37,102
2017-02-24,82.35,102
2017-02-27,83.33,102
2017-02-28,79.41,102
2017-03-01,85.29,102
2017-03-02,80.39,102
2017-03-03,83.33,102
2017-03-06,82.35,102
2017-03-07,80.39,102
2017-03-08,78.43,102
2017-03-09,78.43,102
2017-03-10,81.37,102
2017-03-13,80.39,102
2017-03-14,77.45,102
2017-03-15,82.35,102
2017-03-16,81.37,102
2017-03-17,76.47,102
2017-03-20,76.47,102
2017-03-21,61.76,102
2017-03-22,62.75,102
2017-03-23,60.78,102
2017-03-24,59.80,102
2017-03-27,56.86,102
2017-03-28,63.73,102
2017-03-29,61.76,102
2017-03-30,68.63,102
2017-03-31,65.69,102
2017-04-03,62.75,102
2017-04-04,61.76,102
2017-04-05,58.82,102
2017-04-06,61.76,102
2017-04-07,60.78,102
2017-04-10,60.78,102
2017-04-11,59.80,102
2017-04-12,52.94,102
2017-04-13,44.12,102
2017-04-17,53.92,102
2017-04-18,50.98,102
2017-04-19,50.00,102
2017-04-20,57.84,102
2017-04-21,54.90,102
2017-04-24,61.76,102
2017-04-25,64.71,102
2017-04-26,64.71,102
2017-04-27,66.67,102
2017-04-28,67.65,102
2017-05-01,59.80,102
2017-05-02,61.76,102
2017-05-03,63.73,102
2017-05-04,65.69,102
2017-05-05,70.59,102
2017-05-08,64.71,102
2017-05-09,63.73,102
2017-05-10,65.69,102
2017-05-11,64.71,102
2017-05-12,60.78,102
2017-05-15,68.63,102
2017-05-16,67.65,102
2017-05-17,52.94,102
2017-05-18,53.92,102
2017-05-19,62.75,102
2017-05-22,65.69,102
2017-05-23,64.71,102
2017-05-24,65.69,102
2017-05-25,67.65,102
2017-05-26,66.67,102
2017-05-30,67.65,102
2017-05-31,70.59,102
2017-06-01,77.45,102
2017-06-02,73.53,102
2017-06-05,71.57,102
2017-06-06,70.59,102
2017-06-07,72.55,102
2017-06-08,73.53,102
2017-06-09,80.39,102
2017-06-12,82.35,102
2017-06-13,83.33,102
2017-06-14,80.39,102
2017-06-15,80.39,102
2017-06-16,77.45,102
2017-06-19,82.35,102
2017-06-20,76.47,102
2017-06-21,73.53,102
2017-06-22,69.61,102
2017-06-23,67.65,102
2017-06-26,69.61,102
2017-06-27,65.69,102
2017-06-28,74.51,102
2017-06-29,64.71,102
2017-06-30,67.65,102
2017-07-03,69.61,102
2017-07-05,68.63,102
2017-07-06,61.76,102
2017-07-07,66.67,102
2017-07-10,67.65,102
2017-07-11,68.63,102
2017-07-12,73.53,102
2017-07-13,72.55,102
2017-07-14,76.47,102
2017-07-17,75.49,102
2017-07-18,76.47,102
2017-07-19,78.43,102
2017-07-20,76.47,102
2017-07-21,76.47,102
2017-07-24,74.51,102
2017-07-25,71.57,102
2017-07-26,69.61,102
2017-07-27,68.63,102
2017-07-28,74.51,102
2017-07-31,71.57,102
2017-08-01,73.53,102
2017-08-02,74.51,102
2017-08-03,71.57,102
2017-08-04,72.55,102
2017-08-07,72.55,102
2017-08-08,69.61,102
2017-08-09,72.55,102
2017-08-10,56.86,102
2017-08-11,57.84,102
2017-08-14,68.63,102
2017-08-15,66.67,102
2017-08-16,72.55,102
2017-08-17,48.04,102
2017-08-18,45.10,102
2017-08-21,46.08,102
2017-08-22,56.86,102
2017-08-23,50.00,102
2017-08-24,48.04,102
2017-08-25,48.04,102
2017-08-28,51.96,102
2017-08-29,50.98,102
2017-08-30,53.92,102
2017-08-31,62.75,102
2017-09-01,65.69,102
2017-09-05,60.78,102
2017-09-06,64.71,102
2017-09-07,64.71,102
2017-09-08,60.78,102
2017-09-11,73.53,102
2017-09-12,74.51,102
2017-09-13,75.49,102
2017-09-14,74.51,102
2017-09-15,73.53,102
2017-09-18,79.41,102
2017-09-19,81.37,102
2017-09-20,77.45,102
2017-09-21,73.53,102
2017-09-22,76.47,102
2017-09-25,74.51,102
2017-09-26,76.47,102
2017-09-27,74.51,102
2017-09-28,72.55,102
2017-09-29,73.53,102
2017-10-02,77.45,102
2017-10-03,80.39,102
2017-10-04,82.35,102
2017-10-05,84.31,102
2017-10-06,83.33,102
2017-10-09,83.33,102
2017-10-10,86.27,102
2017-10-11,90.20,102
2017-10-12,88.24,102
2017-10-13,88.24,102
2017-10-16,87.25,102
2017-10-17,86.27,102
2017-10-18,85.29,102
2017-10-19,84.31,102
2017-10-20,84.31,102
2017-10-23,81.37,102
2017-10-24,81.37,102
2017-10-25,80.39,102
2017-10-26,77.45,102
2017-10-27,81.37,102
2017-10-30,80.39,102
2017-10-31,80.39,102
2017-11-01,81.37,102
2017-11-02,79.41,102
2017-11-03,80.39,102
2017-11-06,78.43,102
2017-11-07,80.39,102
2017-11-08,79.41,102
2017-11-09,80.39,102
2017-11-10,76.47,102
2017-11-13,77.45,102
2017-11-14,78.43,102
2017-11-15,70.59,102
2017-11-16,74.51,102
2017-11-17,70.59,102
2017-11-20,70.59,102
2017-11-21,73.53,102
2017-11-22,71.57,102
2017-11-24,72.55,102
2017-11-27,69.61,102
2017-11-28,78.43,102
2017-11-29,83.33,102
2017-11-30,89.22,102
2017-12-01,87.25,102
2017-12-04,75.49,102
2017-12-05,76.47,102
2017-12-06,77.45,102
2017-12-07,78.43,102
2017-12-08,83.33,102
2017-12-11,86.27,102
2017-12-12,86.27,102
2017-12-13,84.31,102
2017-12-14,79.41,102
2017-12-15,84.31,102
2017-12-18,81.37,102
2017-12-19,82.35,102
2017-12-20,81.37,102
2017-12-21,78.43,102
2017-12-22,78.43,102
2017-12-26,76.47,102
2017-12-27,79.41,102
2017-12-28,79.41,102
2017-12-29,76.47,102
2018-01-02,79.41,102
2018-01-03,86.27,102
2018-01-04,88.24,102
2018-01-05,89.22,102
2018-01-08,88.24,102
2018-01-09,91.18,102
2018-01-10,88.24,102
2018-01-11,88.24,102
2018-01-12,87.25,102
2018-01-16,86.27,102
2018-01-17,89.22,102
2018-01-18,89.22,102
2018-01-19,89.22,102
2018-01-22,90.20,102
2018-01-23,91.18,102
2018-01-24,90.20,102
2018-01-25,90.20,102
2018-01-26,90.20,102
2018-01-29,89.22,102
2018-01-30,83.33,102
2018-01-31,83.33,102
2018-02-01,80.39,102
2018-02-02,72.55,102
2018-02-05,29.41,102
2018-02-06,45.10,102
2018-02-07,37.25,102
2018-02-08,12.75,102
2018-02-09,19.61,102
2018-02-12,24.51,102
2018-02-13,28.43,102
2018-02-14,40.20,102
2018-02-15,50.00,102
2018-02-16,51.96,102
2018-02-20,45.10,102
2018-02-21,43.14,102
2018-02-22,44.12,102
2018-02-23,61.76,102
2018-02-26,68.63,102
2018-02-27,55.88,102
2018-02-28,48.04,102
2018-03-01,36.27,102
2018-03-02,39.22,102
2018-03-05,48.04,102
2018-03-06,47.06,102
2018-03-07,47.06,102
2018-03-08,54.90,102
2018-03-09,66.67,102
2018-03-12,64.71,102
2018-03-13,58.82,102
2018-03-14,55.88,102
2018-03-15,51.96,102
2018-03-16,53.92,102
2018-03-19,46.08,102
2018-03-20,46.08,102
2018-03-21,46.08,102
2018-03-22,21.57,102
2018-03-23,11.76,102
2018-03-26,27.45,102
2018-03-27,16.67,102
2018-03-28,14.71,102
2018-03-29,21.57,102
2018-04-02,14.71,102
2018-04-03,17.65,102
2018-04-04,27.45,102
2018-04-05,33.33,102
2018-04-06,16.67,102
2018-04-09,19.61,102
2018-04-10,41.18,102
2018-04-11,34.31,102
2018-04-12,47.06,102
2018-04-13,48.04,102
2018-04-16,55.88,102
2018-04-17,66.67,102
2018-04-18,60.78,102
2018-04-19,54.90,102
2018-04-20,50.98,102
2018-04-23,50.00,102
2018-04-24,39.22,102
2018-04-25,38.24,102
2018-04-26,48.04,102
2018-04-27,46.08,102
2018-04-30,44.12,102
2018-05-01,42.16,102
2018-05-02,40.20,102
2018-05-03,34.31,102
2018-05-04,44.12,102
2018-05-07,45.10,102
2018-05-08,46.08,102
2018-05-09,52.94,102
2018-05-10,63.73,102
2018-05-11,65.69,102
2018-05-14,69.61,102
2018-05-15,63.73,102
2018-05-16,64.71,102
2018-05-17,65.69,102
2018-05-18,63.73,102
2018-05-21,68.63,102
2018-05-22,68.63,102
2018-05-23,71.57,102
2018-05-24,68.63,102
2018-05-25,68.63,102
2018-05-29,58.82,102
2018-05-30,66.67,102
2018-05-31,60.78,102
2018-06-01,66.67,102
2018-06-04,67.65,102
2018-06-05,67.65,102
2018-06-06,75.49,102
2018-06-07,76.47,102
2018-06-08,80.39,102
2018-06-11,81.37,102
2018-06-12,76.47,102
2018-06-13,72.55,102
2018-06-14,72.55,102
2018-06-15,66.67,102
2018-06-18,64.71,102
2018-06-19,58.82,102
2018-06-20,59.80,102
2018-06-21,55.88,102
2018-06-22,60.78,102
2018-06-25,49.02,102
2018-06-26,50.00,102
2018-06-27,42.16,102
2018-06-28,50.00,102
2018-06-29,49.02,102
2018-07-02,47.06,102
2018-07-03,43.14,102
2018-07-05,50.98,102
2018-07-06,52.94,102
2018-07-09,66.67,102
2018-07-10,69.61,102
2018-07-11,56.86,102
2018-07-12,66.67,102
2018-07-13,61.76,102
2018-07-16,65.69,102
2018-07-17,66.67,102
2018-07-18,67.65,102
2018-07-19,64.71,102
2018-07-20,66.67,102
2018-07-23,66.67,102
2018-07-24,66.67,102
2018-07-25,70.59,102
2018-07-26,73.53,102
2018-07-27,70.59,102
2018-07-30,66.67,102
2018-07-31,65.69,102
2018-08-01,63.73,102
2018-08-02,63.73,102
2018-08-03,68.63,102
2018-08-06,68.63,102
2018-08-07,74.51,102
2018-08-08,74.51,102
2018-08-09,72.55,102
2018-08-10,64.71,102
2018-08-13,62.75,102
2018-08-14,69.61,102
2018-08-15,60.78,102
2018-08-16,67.65,102
2018-08-17,69.61,102
2018-08-20,70.59,102
2018-08-21,74.51,102
2018-08-22,74.51,102
2018-08-23,69.61,102
2018-08-24,73.53,102
2018-08-27,76.47,102
2018-08-28,76.47,102
2018-08-29,78.43,102
2018-08-30,75.49,102
2018-08-31,74.51,102
2018-09-04,72.55,102
2018-09-05,75.49,102
2018-09-06,72.55,102
2018-09-07,70.59,102
2018-09-10,71.57,102
2018-09-11,71.57,102
2018-09-12,69.61,102
2018-09-13,71.57,102
2018-09-14,73.53,102
2018-09-17,70.59,102
2018-09-18,69.61,102
2018-09-19,76.47,102
2018-09-20,77.45,102
2018-09-21,82.35,102
2018-09-24,73.53,102
2018-09-25,71.57,102
2018-09-26,68.63,102
2018-09-27,67.65,102
2018-09-28,68.63,102
2018-10-01,69.61,102
2018-10-02,68.63,102
2018-10-03,70.59,102
2018-10-04,66.67,102
2018-10-05,65.69,102
2018-10-08,66.67,102
2018-10-09,65.69,102
2018-10-10,30.39,102
2018-10-11,13.73,102
2018-10-12,16.67,102
2018-10-15,16.67,102
2018-10-16,32.35,102
2018-10-17,28.43,102
2018-10-18,23.53,102
2018-10-19,22.55,102
2018-10-22,22.55,102
2018-10-23,20.59,102
2018-10-24,15.69,102
2018-10-25,18.63,102
2018-10-26,12.75,102
2018-10-29,16.67,102
2018-10-30,19.61,102
2018-10-31,23.53,102
2018-11-01,24.51,102
2018-11-02,20.59,102
2018-11-05,28.43,102
2018-11-06,31.37,102
2018-11-07,45.10,102
2018-11-08,50.00,102
2018-11-09,43.14,102
2018-11-12,29.41,102
2018-11-13,30.39,102
2018-11-14,26.47,102
2018-11-15,33.33,102
2018-11-16,39.22,102
2018-11-19,33.33,102
2018-11-20,23.53,102
2018-11-21,23.53,102
2018-11-23,21.57,102
2018-11-26,29.41,102
2018-11-27,33.33,102
2018-11-28,50.00,102
2018-11-29,48.04,102
2018-11-30,59.80,102
2018-12-03,68.63,102
2018-12-04,38.24,102
2018-12-06,39.22,102
2018-12-07,20.59,102
2018-12-10,24.51,102
2018-12-11,27.45,102
2018-12-12,30.39,102
2018-12-13,30.39,102
2018-12-14,18.63,102
2018-12-17,14.71,102
2018-12-18,13.73,102
2018-12-19,8.82,102
2018-12-20,3.92,102
2018-12-21,2.94,102
2018-12-24,0.98,102
2018-12-26,2.94,102
2018-12-27,12.75,102
2018-12-28,11.76,102
2018-12-31,18.63,102
2019-01-02,11.76,102
2019-01-03,0.98,102
2019-01-04,16.67,102
2019-01-07,21.57,102
2019-01-08,32.35,102
2019-01-09,37.25,102
2019-01-10,41.18,102
2019-01-11,42.16,102
2019-01-14,38.24,102
2019-01-15,43.14,102
2019-01-16,45.10,102
2019-01-17,56.86,102
2019-01-18,74.51,102
2019-01-22,65.69,102
2019-01-23,68.63,102
2019-01-24,68.63,102
2019-01-25,75.49,102
2019-01-28,66.67,102
2019-01-29,65.69,102
2019-01-30,75.49,102
2019-01-31,81.37,102
2019-02-01,84.31,102
2019-02-04,88.24,102
2019-02-05,87.25,102
2019-02-06,85.29,102
2019-02-07,81.37,102
2019-02-08,78.43,102
2019-02-11,81.37,102
2019-02-12,90.20,102
2019-02-13,92.16,102
2019-02-14,90.20,102
2019-02-15,95.10,102
2019-02-19,92.16,102
2019-02-20,93.14,102
2019-02-21,89.22,102
2019-02-22,93.14,102
2019-02-25,91.18,102
2019-02-26,92.16,102
2019-02-27,93.14,102
2019-02-28,92.16,102
2019-03-01,95.10,102
2019-03-04,94.12,102
2019-03-05,94.12,102
2019-03-06,88.24,102
2019-03-07,85.29,102
2019-03-08,77.45,102
2019-03-11,85.29,102
2019-03-12,83.33,102
2019-03-13,87.25,102
2019-03-14,84.31,102
2019-03-15,83.33,102
2019-03-18,87.25,102
2019-03-19,84.31,102
2019-03-20,78.43,102
2019-03-21,81.37,102
2019-03-22,63.73,102
2019-03-25,62.75,102
2019-03-26,70.59,102
2019-03-27,66.67,102
2019-03-28,67.65,102
2019-03-29,78.43,102
2019-04-01,86.27,102
2019-04-02,85.29,102
2019-04-03,80.39,102
2019-04-04,86.27,102
2019-04-05,88.24,102
2019-04-08,87.25,102
2019-04-09,82.35,102
2019-04-10,84.31,102
2019-04-11,86.27,102
2019-04-12,84.31,102
2019-04-15,85.29,102
2019-04-16,81.37,102
2019-04-17,75.49,102
2019-04-18,76.47,102
2019-04-22,75.49,102
2019-04-23,77.45,102
2019-04-24,74.51,102
2019-04-25,72.55,102
2019-04-26,74.51,102
2019-04-29,73.53,102
2019-04-30,76.47,102
2019-05-01,73.53,102
2019-05-02,67.65,102
2019-05-03,74.51,102
2019-05-06,71.57,102
2019-05-07,56.86,102
2019-05-08,58.82,102
2019-05-09,54.90,102
2019-05-10,57.84,102
2019-05-13,34.31,102
2019-05-14,47.06,102
2019-05-15,48.04,102
2019-05-16,50.98,102
2019-05-17,52.94,102
2019-05-20,48.04,102
2019-05-21,52.94,102
2019-05-22,52.94,102
2019-05-23,48.04,102
2019-05-24,48.04,102
2019-05-28,38.24,102
2019-05-29,31.37,102
2019-05-30,36.27,102
2019-05-31,28.43,102
2019-06-03,26.47,102
2019-06-04,41.18,102
2019-06-05,50.98,102
2019-06-06,51.96,102
2019-06-07,57.84,102
2019-06-10,60.78,102
2019-06-11,61.76,102
2019-06-12,55.88,102
2019-06-13,58.82,102
2019-06-14,55.88,102
2019-06-17,57.84,102
2019-06-18,67.65,102
2019-06-19,67.65,102
2019-06-20,73.53,102
2019-06-21,72.55,102
2019-06-24,69.61,102
2019-06-25,66.67,102
2019-06-26,71.57,102
2019-06-27,77.45,102
2019-06-28,82.35,102
2019-07-01,83.33,102
2019-07-02,83.33,102
2019-07-03,89.22,102
2019-07-05,86.27,102
2019-07-08,84.31,102
2019-07-09,83.33,102
2019-07-10,86.27,102
2019-07-11,90.20,102
2019-07-12,92.16,102
2019-07-15,90.20,102
2019-07-16,89.22,102
2019-07-17,84.31,102
2019-07-18,89.22,102
2019-07-19,88.24,102
2019-07-22,90.20,102
2019-07-23,88.24,102
2019-07-24,87.25,102
2019-07-25,83.33,102
2019-07-26,86.27,102
2019-07-29,84.31,102
2019-07-30,82.35,102
2019-07-31,77.45,102
2019-08-01,60.78,102
2019-08-02,57.84,102
2019-08-05,23.53,102
2019-08-06,37.25,102
2019-08-07,39.22,102
2019-08-08,55.88,102
2019-08-09,48.04,102
2019-08-12,40.20,102
2019-08-13,44.12,102
2019-08-14,27.45,102
2019-08-15,34.31,102
2019-08-16,40.20,102
2019-08-19,46.08,102
2019-08-20,43.14,102
2019-08-21,46.08,102
2019-08-22,47.06,102
2019-08-23,35.29,102
2019-08-26,40.20,102
2019-08-27,40.20,102
2019-08-28,43.14,102
2019-08-29,51.96,102
2019-08-30,52.94,102
2019-09-03,47.06,102
2019-09-04,53.92,102
2019-09-05,62.75,102
2019-09-06,62.75,102
2019-09-09,66.67,102
2019-09-10,62.75,102
2019-09-11,65.69,102
2019-09-12,71.57,102
2019-09-13,68.63,102
2019-09-16,71.57,102
2019-09-17,73.53,102
2019-09-18,77.45,102
2019-09-19,78.43,102
2019-09-20,76.47,102
2019-09-23,76.47,102
2019-09-24,64.71,102
2019-09-25,66.67,102
2019-09-26,65.69,102
2019-09-27,60.78,102
2019-09-30,63.73,102
2019-10-01,48.04,102
2019-10-02,31.37,102
2019-10-03,37.25,102
2019-10-04,53.92,102
2019-10-07,50.00,102
2019-10-08,32.35,102
2019-10-09,43.14,102
2019-10-10,47.06,102
2019-10-11,61.76,102
2019-10-14,57.84,102
2019-10-15,69.61,102
2019-10-16,63.73,102
2019-10-17,65.69,102
2019-10-18,58.82,102
2019-10-21,64.71,102
2019-10-22,58.82,102
2019-10-23,59.80,102
2019-10-24,60.78,102
2019-10-25,61.76,102
2019-10-28,63.73,102
2019-10-29,66.67,102
2019-10-30,69.61,102
2019-10-31,67.65,102
2019-11-01,72.55,102
2019-11-04,70.59,102
2019-11-05,64.71,102
2019-11-06,67.65,102
2019-11-07,68.63,102
2019-11-08,73.53,102
2019-11-11,73.53,102
2019-11-12,72.55,102
2019-11-13,72.55,102
2019-11-14,73.53,102
2019-11-15,78.43,102
2019-11-18,75.49,102
2019-11-19,74.51,102
2019-11-20,72.55,102
2019-11-21,73.53,102
2019-11-22,74.51,102
2019-11-25,78.43,102
2019-11-26,80.39,102
2019-11-27,81.37,102
2019-11-29,80.39,102
2019-12-02,74.51,102
2019-12-03,67.65,102
2019-12-04,74.51,102
2019-12-05,75.49,102
2019-12-06,80.39,102
2019-12-09,81.37,102
2019-12-10,82.35,102
2019-12-11,77.45,102
2019-12-12,83.33,102
2019-12-13,82.35,102
2019-12-16,84.31,102
2019-12-17,85.29,102
2019-12-18,82.35,102
2019-12-19,86.27,102
2019-12-20,89.22,102
2019-12-23,90.20,102
2019-12-24,88.24,102
2019-12-26,93.14,102
2019-12-27,92.16,102
2019-12-30,90.20,102
2019-12-31,89.22,102
2020-01-02,92.16,102
2020-01-03,86.27,102
2020-01-06,86.27,102
2020-01-07,81.37,102
2020-01-08,83.33,102
2020-01-09,88.24,102
2020-01-10,84.31,102
2020-01-13,86.27,102
2020-01-14,88.24,102
2020-01-15,82.35,102
2020-01-16,88.24,102
2020-01-17,89.22,102
2020-01-21,86.27,102
2020-01-22,83.33,102
2020-01-23,80.39,102
2020-01-24,73.53,102
2020-01-27,58.82,102
2020-01-28,61.76,102
2020-01-29,57.84,102
2020-01-30,58.82,102
2020-01-31,46.08,102
2020-02-03,50.00,102
2020-02-04,58.82,102
2020-02-05,71.57,102
2020-02-06,70.59,102
2020-02-07,68.63,102
2020-02-10,71.57,102
2020-02-11,76.47,102
2020-02-12,76.47,102
2020-02-13,75.49,102
2020-02-14,75.49,102
2020-02-18,66.67,102
2020-02-19,70.59,102
2020-02-20,70.59,102
2020-02-21,63.73,102
2020-02-24,34.31,102
2020-02-25,20.59,102
2020-02-26,18.63,102
2020-02-27,3.92,102
2020-02-28,1.96,102
2020-03-02,12.75,102
2020-03-03,6.86,102
2020-03-04,24.51,102
2020-03-05,12.75,102
2020-03-06,10.78,102
2020-03-09,2.94,102
2020-03-10,5.88,102
2020-03-11,0.98,102
2020-03-12,0.98,102
2020-03-13,1.96,102
2020-03-16,0.98,102
2020-03-17,2.94,102
2020-03-18,2.94,102
2020-03-19,1.96,102
2020-03-20,0.98,102
2020-03-23,0.98,102
2020-03-24,0.98,102
2020-03-25,0.98,102
2020-03-26,2.94,102
2020-03-27,0.98,102
2020-03-30,3.92,102
2020-03-31,2.94,102
2020-04-01,0.98,102
2020-04-02,2.94,102
2020-04-03,1.96,102
2020-04-06,13.73,102
2020-04-07,8.82,102
2020-04-08,22.55,102
2020-04-09,27.45,102
2020-04-13,22.55,102
2020-04-14,44.12,102
2020-04-15,32.35,102
2020-04-16,36.27,102
2020-04-17,56.86,102
2020-04-20,42.16,102
2020-04-21,27.45,102
2020-04-22,41.18,102
2020-04-23,42.16,102
2020-04-24,54.90,102
2020-04-27,63.73,102
2020-04-28,63.73,102
2020-04-29,82.35,102
2020-04-30,74.51,102
2020-05-01,61.76,102
2020-05-04,63.73,102
2020-05-05,66.67,102
2020-05-06,60.78,102
2020-05-07,68.63,102
2020-05-08,78.43,102
2020-05-11,73.53,102
2020-05-12,66.67,102
2020-05-13,57.84,102
2020-05-14,63.73,102
2020-05-15,64.71,102
2020-05-18,86.27,102
2020-05-19,78.43,102
2020-05-20,81.37,102
2020-05-21,84.31,102
2020-05-22,85.29,102
2020-05-26,93.14,102
2020-05-27,96.08,102
2020-05-28,98.04,102
2020-05-29,97.06,102
2020-06-01,97.06,102
2020-06-02,98.04,102
2020-06-03,97.06,102
2020-06-04,96.08,102
2020-06-05,96.08,102
2020-06-08,97.06,102
2020-06-09,96.08,102
2020-06-10,95.10,102
2020-06-11,76.47,102
2020-06-12,78.43,102
2020-06-15,83.33,102
2020-06-16,87.25,102
2020-06-17,86.27,102
2020-06-18,86.27,102
2020-06-19,81.37,102
2020-06-22,78.43,102
2020-06-23,76.47,102
2020-06-24,58.82,102
2020-06-25,66.67,102
2020-06-26,43.14,102
2020-06-29,60.78,102
2020-06-30,67.65,102
2020-07-01,65.69,102
2020-07-02,65.69,102
2020-07-06,74.51,102
2020-07-07,67.65,102
2020-07-08,65.69,102
2020-07-09,51.96,102
2020-07-10,63.73,102
2020-07-13,63.73,102
2020-07-14,70.59,102
2020-07-15,85.29,102
2020-07-16,81.37,102
2020-07-17,79.41,102
2020-07-20,73.53,102
2020-07-21,88.24,102
2020-07-22,88.24,102
2020-07-23,87.25,102
2020-07-24,74.51,102
2020-07-27,71.57,102
2020-07-28,68.63,102
2020-07-29,78.43,102
2020-07-30,69.61,102
2020-07-31,61.76,102
2020-08-03,61.76,102
2020-08-04,63.73,102
2020-08-05,66.67,102
2020-08-06,66.67,102
2020-08-07,80.39,102
2020-08-10,82.35,102
2020-08-11,78.43,102
2020-08-12,85.29,102
2020-08-13,80.39,102
2020-08-14,79.41,102
2020-08-17,75.49,102
2020-08-18,75.49,102
2020-08-19,73.53,102
2020-08-20,68.63,102
2020-08-21,67.65,102
2020-08-24,76.47,102
2020-08-25,77.45,102
2020-08-26,75.49,102
2020-08-27,77.45,102
2020-08-28,82.35,102
2020-08-31,76.47,102
2020-09-01,75.49,102
2020-09-02,82.35,102
2020-09-03,73.53,102
2020-09-04,69.61,102
2020-09-08,56.86,102
2020-09-09,64.71,102
2020-09-10,55.88,102
2020-09-11,58.82,102
2020-09-14,64.71,102
2020-09-15,64.71,102
2020-09-16,69.61,102
2020-09-17,63.73,102
2020-09-18,57.84,102
2020-09-21,39.22,102
2020-09-22,42.16,102
2020-09-23,27.45,102
2020-09-24,29.41,102
2020-09-25,39.22,102
2020-09-28,50.00,102
2020-09-29,44.12,102
2020-09-30,50.98,102
2020-10-01,54.90,102
2020-10-02,51.96,102
2020-10-05,64.71,102
2020-10-06,51.96,102
2020-10-07,65.69,102
2020-10-08,71.57,102
2020-10-09,73.53,102
2020-10-12,76.47,102
2020-10-13,70.59,102
2020-10-14,66.67,102
2020-10-15,65.69,102
2020-10-16,69.61,102
2020-10-19,61.76,102
2020-10-20,60.78,102
2020-10-21,57.84,102
2020-10-22,62.75,102
2020-10-23,60.78,102
2020-10-26,49.02,102
2020-10-27,44.12,102
2020-10-28,23.53,102
2020-10-29,25.49,102
2020-10-30,23.53,102
2020-11-02,33.33,102
2020-11-03,41.18,102
2020-11-04,50.00,102
2020-11-05,61.76,102
2020-11-06,61.76,102
2020-11-09,72.55,102
2020-11-10,76.47,102
2020-11-11,83.33,102
2020-11-12,76.47,102
2020-11-13,84.31,102
2020-11-16,86.27,102
2020-11-17,84.31,102
2020-11-18,79.41,102
2020-11-19,79.41,102
2020-11-20,75.49,102
2020-11-23,75.49,102
2020-11-24,76.47,102
2020-11-25,77.45,102
2020-11-27,76.47,102
2020-11-30,82.35,102
2020-12-01,85.29,102
2020-12-02,85.29,102
2020-12-03,82.35,102
2020-12-04,81.37,102
2020-12-07,79.41,102
2020-12-08,79.41,102
2020-12-09,77.45,102
2020-12-10,76.47,102
2020-12-11,78.43,102
2020-12-14,76.47,102
2020-12-15,81.37,102
2020-12-16,81.37,102
2020-12-17,84.31,102
2020-12-18,79.41,102
2020-12-21,76.47,102
2020-12-22,73.53,102
2020-12-23,76.47,102
2020-12-24,77.45,102
2020-12-28,76.47,102
2020-12-29,79.41,102
2020-12-30,79.41,102
2020-12-31,86.27,102
2021-01-04,76.47,102
2021-01-05,82.35,102
2021-01-06,82.35,102
2021-01-07,81.37,102
2021-01-08,85.29,102
2021-01-11,84.31,102
2021-01-12,78.43,102
2021-01-13,79.41,102
2021-01-14,74.51,102
2021-01-15,72.55,102
2021-01-19,73.53,102
2021-01-20,78.43,102
2021-01-21,76.47,102
2021-01-22,72.55,102
2021-01-25,73.53,102
2021-01-26,68.63,102
2021-01-27,46.08,102
2021-01-28,55.88,102
2021-01-29,39.22,102
2021-02-01,45.10,102
2021-02-02,59.80,102
2021-02-03,65.69,102
2021-02-04,75.49,102
2021-02-05,76.47,102
2021-02-08,76.47,102
2021-02-09,77.45,102
2021-02-10,74.51,102
2021-02-11,75.49,102
2021-02-12,74.51,102
2021-02-16,74.51,102
2021-02-17,74.51,102
2021-02-18,71.57,102
2021-02-19,61.76,102
2021-02-22,63.73,102
2021-02-23,66.67,102
2021-02-24,70.59,102
2021-02-25,59.80,102
2021-02-26,50.98,102
2021-03-01,58.82,102
2021-03-02,57.84,102
2021-03-03,53.92,102
2021-03-04,46.08,102
2021-03-05,58.82,102
2021-03-08,57.84,102
2021-03-09,61.76,102
2021-03-10,68.63,102
2021-03-11,70.59,102
2021-03-12,71.57,102
2021-03-15,77.45,102
2021-03-16,80.39,102
2021-03-17,79.41,102
2021-03-18,74.51,102
2021-03-19,72.55,102
2021-03-22,77.45,102
2021-03-23,70.59,102
2021-03-24,74.51,102
2021-03-25,75.49,102
2021-03-26,85.29,102
2021-03-29,86.27,102
2021-03-30,80.39,102
2021-03-31,83.33,102
2021-04-01,87.25,102
2021-04-05,89.22,102
2021-04-06,90.20,102
2021-04-07,91.18,102
2021-04-08,94.12,102
2021-04-09,91.18,102
2021-04-12,92.16,102
2021-04-13,91.18,102
2021-04-14,95.10,102
2021-04-15,93.14,102
2021-04-16,94.12,102
2021-04-19,90.20,102
2021-04-20,77.45,102
2021-04-21,88.24,102
2021-04-22,82.35,102
2021-04-23,86.27,102
2021-04-26,89.22,102
2021-04-27,90.20,102
2021-04-28,88.24,102
2021-04-29,86.27,102
2021-04-30,81.37,102
2021-05-03,88.24,102
2021-05-04,82.35,102
2021-05-05,86.27,102
2021-05-06,87.25,102
2021-05-07,90.20,102
2021-05-10,81.37,102
2021-05-11,81.37,102
2021-05-12,69.61,102
2021-05-13,72.55,102
2021-05-14,80.39,102
2021-05-17,79.41,102
2021-05-18,73.53,102
2021-05-19,68.63,102
2021-05-20,78.43,102
2021-05-21,76.47,102
2021-05-24,78.43,102
2021-05-25,78.43,102
2021-05-26,79.41,102
2021-05-27,80.39,102
2021-05-28,80.39,102
2021-06-01,74.51,102
2021-06-02,75.49,102
2021-06-03,75.49,102
2021-06-04,78.43,102
2021-06-07,74.51,102
2021-06-08,70.59,102
2021-06-09,66.67,102
2021-06-10,70.59,102
2021-06-11,69.61,102
2021-06-14,66.67,102
2021-06-15,68.63,102
2021-06-16,61.76,102
2021-06-17,53.92,102
2021-06-18,37.25,102
2021-06-21,56.86,102
2021-06-22,57.84,102
2021-06-23,52.94,102
2021-06-24,58.82,102
2021-06-25,58.82,102
2021-06-28,58.82,102
2021-06-29,52.94,102
2021-06-30,53.92,102
2021-07-01,69.61,102
2021-07-02,71.57,102
2021-07-06,59.80,102
2021-07-07,60.78,102
2021-07-08,52.94,102
2021-07-09,68.63,102
2021-07-12,70.59,102
2021-07-13,60.78,102
2021-07-14,60.78,102
2021-07-15,61.76,102
2021-07-16,55.88,102
2021-07-19,43.14,102
2021-07-20,53.92,102
2021-07-21,64.71,102
2021-07-22,58.82,102
2021-07-23,63.73,102
2021-07-26,63.73,102
2021-07-27,60.78,102
2021-07-28,61.76,102
2021-07-29,65.69,102
2021-07-30,63.73,102
2021-08-02,60.78,102
2021-08-03,69.61,102
2021-08-04,57.84,102
2021-08-05,59.80,102
2021-08-06,69.61,102
2021-08-09,64.71,102
2021-08-10,67.65,102
2021-08-11,69.61,102
2021-08-12,74.51,102
2021-08-13,73.53,102
2021-08-16,76.47,102
2021-08-17,67.65,102
2021-08-18,59.80,102
2021-08-19,61.76,102
2021-08-20,62.75,102
2021-08-23,66.67,102
2021-08-24,66.67,102
2021-08-25,66.67,102
2021-08-26,60.78,102
2021-08-27,68.63,102
2021-08-30,66.67,102
2021-08-31,65.69,102
2021-09-01,60.78,102
2021-09-02,62.75,102
2021-09-03,62.75,102
2021-09-07,54.90,102
2021-09-08,55.88,102
2021-09-09,53.92,102
2021-09-10,50.98,102
2021-09-13,57.84,102
2021-09-14,50.98,102
2021-09-15,59.80,102
2021-09-16,54.90,102
2021-09-17,49.02,102
2021-09-20,30.39,102
2021-09-21,28.43,102
2021-09-22,35.29,102
2021-09-23,55.88,102
2021-09-24,55.88,102
2021-09-27,53.92,102
2021-09-28,32.35,102
2021-09-29,38.24,102
2021-09-30,25.49,102
2021-10-01,35.29,102
2021-10-04,29.41,102
2021-10-05,34.31,102
2021-10-06,37.25,102
2021-10-07,44.12,102
2021-10-08,49.02,102
2021-10-11,42.16,102
2021-10-12,38.24,102
2021-10-13,40.20,102
2021-10-14,52.94,102
2021-10-15,60.78,102
2021-10-18,58.82,102
2021-10-19,65.69,102
2021-10-20,71.57,102
2021-10-21,71.57,102
2021-10-22,69.61,102
2021-10-25,69.61,102
2021-10-26,69.61,102
2021-10-27,64.71,102
2021-10-28,69.61,102
2021-10-29,67.65,102
2021-11-01,69.61,102
2021-11-02,76.47,102
2021-11-03,75.49,102
2021-11-04,73.53,102
2021-11-05,81.37,102
2021-11-08,79.41,102
2021-11-09,78.43,102
2021-11-10,82.35,102
2021-11-11,75.49,102
2021-11-12,78.43,102
2021-11-15,80.39,102
2021-11-16,74.51,102
2021-11-17,70.59,102
2021-11-18,65.69,102
2021-11-19,58.82,102
2021-11-22,60.78,102
2021-11-23,71.57,102
2021-11-24,69.61,102
2021-11-26,48.04,102
2021-11-29,55.88,102
2021-11-30,39.22,102
2021-12-01,35.29,102
2021-12-02,46.08,102
2021-12-03,43.14,102
2021-12-06,53.92,102
2021-12-07,62.75,102
2021-12-08,62.75,102
2021-12-09,60.78,102
2021-12-10,66.67,102
2021-12-13,62.75,102
2021-12-14,56.86,102
2021-12-15,63.73,102
2021-12-16,64.71,102
2021-12-17,54.90,102
2021-12-20,43.14,102
2021-12-21,56.86,102
2021-12-22,60.78,102
2021-12-23,61.76,102
2021-12-27,70.59,102
2021-12-28,67.65,102
2021-12-29,68.63,102
2021-12-30,66.67,102
2021-12-31,66.67,102
2022-01-03,72.55,102
2022-01-04,76.47,102
2022-01-05,74.51,102
2022-01-06,76.47,102
2022-01-07,73.53,102
2022-01-10,70.59,102
2022-01-11,73.53,102
2022-01-12,73.53,102
2022-01-13,68.63,102
2022-01-14,63.73,102
2022-01-18,55.88,102
2022-01-19,51.96,102
2022-01-20,45.10,102
2022-01-21,40.20,102
2022-01-24,39.22,102
2022-01-25,40.20,102
2022-01-26,41.18,102
2022-01-27,38.24,102
2022-01-28,45.10,102
2022-01-31,45.10,102
2022-02-01,50.00,102
2022-02-02,55.88,102
2022-02-03,48.04,102
2022-02-04,49.02,102
2022-02-07,48.04,102
2022-02-08,47.06,102
2022-02-09,57.84,102
2022-02-10,43.14,102
2022-02-11,42.16,102
2022-02-14,39.22,102
2022-02-15,42.16,102
2022-02-16,42.16,102
2022-02-17,33.33,102
2022-02-18,32.35,102
2022-02-22,29.41,102
2022-02-23,21.57,102
2022-02-24,21.57,102
2022-02-25,34.31,102
2022-02-28,25.49,102
2022-03-01,24.51,102
2022-03-02,32.35,102
2022-03-03,33.33,102
2022-03-04,32.35,102
2022-03-07,28.43,102
2022-03-08,23.53,102
2022-03-09,26.47,102
2022-03-10,26.47,102
2022-03-11,24.51,102
2022-03-14,27.45,102
2022-03-15,37.25,102
2022-03-16,42.16,102
2022-03-17,50.98,102
2022-03-18,57.84,102
2022-03-21,56.86,102
2022-03-22,58.82,102
2022-03-23,52.94,102
2022-03-24,61.76,102
2022-03-25,64.71,102
2022-03-28,66.67,102
2022-03-29,73.53,102
2022-03-30,74.51,102
2022-03-31,68.63,102
2022-04-01,68.63,102
2022-04-04,69.61,102
2022-04-05,65.69,102
2022-04-06,63.73,102
2022-04-07,61.76,102
2022-04-08,57.84,102
2022-04-11,50.98,102
2022-04-12,51.96,102
2022-04-13,55.88,102
2022-04-14,51.96,102
2022-04-18,50.98,102
2022-04-19,63.73,102
2022-04-20,67.65,102
2022-04-21,58.82,102
2022-04-22,43.14,102
2022-04-25,42.16,102
2022-04-26,30.39,102
2022-04-27,32.35,102
2022-04-28,41.18,102
2022-04-29,25.49,102
2022-05-02,25.49,102
2022-05-03,32.35,102
2022-05-04,46.08,102
2022-05-05,32.35,102
2022-05-06,31.37,102
2022-05-09,22.55,102
2022-05-10,21.57,102
2022-05-11,15.69,102
2022-05-12,21.57,102
2022-05-13,22.55,102
2022-05-16,26.47,102
2022-05-17,33.33,102
2022-05-18,18.63,102
2022-05-19,15.69,102
2022-05-20,16.67,102
2022-05-23,24.51,102
2022-05-24,26.47,102
2022-05-25,29.41,102
2022-05-26,36.27,102
2022-05-27,53.92,102
2022-05-31,45.10,102
2022-06-01,34.31,102
2022-06-02,51.96,102
2022-06-03,40.20,102
2022-06-06,46.08,102
2022-06-07,51.96,102
2022-06-08,41.18,102
2022-06-09,23.53,102
2022-06-10,11.76,102
2022-06-13,5.88,102
2022-06-14,3.92,102
2022-06-15,3.92,102
2022-06-16,0.98,102
2022-06-17,0.98,102
2022-06-21,3.92,102
2022-06-22,7.84,102
2022-06-23,10.78,102
2022-06-24,28.43,102
2022-06-27,24.51,102
2022-06-28,16.67,102
2022-06-29,16.67,102
2022-06-30,20.59,102
2022-07-01,30.39,102
2022-07-05,26.47,102
2022-07-06,27.45,102
2022-07-07,31.37,102
2022-07-08,33.33,102
2022-07-11,31.37,102
2022-07-12,25.49,102
2022-07-13,21.57,102
2022-07-14,20.59,102
2022-07-15,34.31,102
2022-07-18,25.49,102
2022-07-19,49.02,102
2022-07-20,49.02,102
2022-07-21,53.92,102
2022-07-22,50.00,102
2022-07-25,53.92,102
2022-07-26,47.06,102
2022-07-27,69.61,102
2022-07-28,70.59,102
2022-07-29,73.53,102
2022-08-01,73.53,102
2022-08-02,71.57,102
2022-08-03,76.47,102
2022-08-04,76.47,102
2022-08-05,74.51,102
2022-08-08,73.53,102
2022-08-09,76.47,102
2022-08-10,86.27,102
2022-08-11,88.24,102
2022-08-12,92.16,102
2022-08-15,92.16,102
2022-08-16,92.16,102
2022-08-17,92.16,102
2022-08-18,93.14,102
2022-08-19,94.12,102
2022-08-22,89.22,102
2022-08-23,87.25,102
2022-08-24,88.24,102
2022-08-25,90.20,102
2022-08-26,66.67,102
2022-08-29,57.84,102
2022-08-30,51.96,102
2022-08-31,47.06,102
2022-09-01,49.02,102
2022-09-02,39.22,102
2022-09-06,34.31,102
2022-09-07,51.96,102
2022-09-08,58.82,102
2022-09-09,70.59,102
2022-09-12,74.51,102
2022-09-13,37.25,102
2022-09-14,37.25,102
2022-09-15,35.29,102
2022-09-16,28.43,102
2022-09-19,32.35,102
2022-09-20,23.53,102
2022-09-21,17.65,102
2022-09-22,11.76,102
2022-09-23,4.90,102
2022-09-26,0.98,102
2022-09-27,1.96,102
2022-09-28,7.84,102
2022-09-29,4.90,102
2022-09-30,1.96,102
2022-10-03,5.88,102
2022-10-04,19.61,102
2022-10-05,21.57,102
2022-10-06,12.75,102
2022-10-07,12.75,102
2022-10-10,15.69,102
2022-10-11,14.71,102
2022-10-12,11.76,102
2022-10-13,22.55,102
2022-10-14,13.73,102
2022-10-17,25.49,102
2022-10-18,31.37,102
2022-10-19,31.37,102
2022-10-20,29.41,102
2022-10-21,42.16,102
2022-10-24,45.10,102
2022-10-25,55.88,102
2022-10-26,58.82,102
2022-10-27,59.80,102
2022-10-28,72.55,102
2022-10-31,70.59,102
2022-11-01,73.53,102
2022-11-02,62.75,102
2022-11-03,56.86,102
2022-11-04,69.61,102
2022-11-07,75.49,102
2022-11-08,75.49,102
2022-11-09,70.59,102
2022-11-10,93.14,102
2022-11-11,93.14,102
2022-11-14,92.16,102
2022-11-15,93.14,102
2022-11-16,93.14,102
2022-11-17,91.18,102
2022-11-18,92.16,102
2022-11-21,93.14,102
2022-11-22,94.12,102
2022-11-23,97.06,102
2022-11-25,98.04,102
2022-11-28,94.12,102
2022-11-29,94.12,102
2022-11-30,98.04,102
2022-12-01,96.08,102
2022-12-02,94.12,102
2022-12-05,88.24,102
2022-12-06,85.29,102
2022-12-07,84.31,102
2022-12-08,84.31,102
2022-12-09,81.37,102
2022-12-12,82.35,102
2022-12-13,85.29,102
2022-12-14,83.33,102
2022-12-15,74.51,102
2022-12-16,65.69,102
2022-12-19,60.78,102
2022-12-20,63.73,102
2022-12-21,68.63,102
2022-12-22,57.84,102
2022-12-23,62.75,102
2022-12-27,62.75,102
2022-12-28,52.94,102
2022-12-29,62.75,102
2022-12-30,56.86,102
2023-01-03,53.92,102
2023-01-04,57.84,102
2023-01-05,48.04,102
2023-01-06,63.73,102
2023-01-09,61.76,102
2023-01-10,64.71,102
2023-01-11,72.55,102
2023-01-12,71.57,102
2023-01-13,72.55,102
2023-01-17,69.61,102
2023-01-18,48.04,102
2023-01-19,41.18,102
2023-01-20,51.96,102
2023-01-23,57.84,102
2023-01-24,56.86,102
2023-01-25,57.84,102
2023-01-26,61.76,102
2023-01-27,61.76,102
2023-01-30,57.84,102
2023-01-31,62.75,102
2023-02-01,63.73,102
2023-02-02,60.78,102
2023-02-03,57.84,102
2023-02-06,55.88,102
2023-02-07,61.76,102
2023-02-08,56.86,102
2023-02-09,50.00,102
2023-02-10,57.84,102
2023-02-13,65.69,102
2023-02-14,60.78,102
2023-02-15,57.84,102
2023-02-16,53.92,102
2023-02-17,54.90,102
2023-02-21,40.20,102
2023-02-22,40.20,102
2023-02-23,40.20,102
2023-02-24,35.29,102
2023-02-27,38.24,102
2023-02-28,34.31,102
2023-03-01,32.35,102
2023-03-02,35.29,102
2023-03-03,42.16,102
2023-03-06,41.18,102
2023-03-07,27.45,102
2023-03-08,26.47,102
2023-03-09,17.65,102
2023-03-10,14.71,102
2023-03-13,15.69,102
2023-03-14,20.59,102
2023-03-15,20.59,102
2023-03-16,25.49,102
2023-03-17,23.53,102
2023-03-20,25.49,102
2023-03-21,28.43,102
2023-03-22,25.49,102
2023-03-23,27.45,102
2023-03-24,31.37,102
2023-03-27,32.35,102
2023-03-28,31.37,102
2023-03-29,38.24,102
2023-03-30,41.18,102
2023-03-31,56.86,102
2023-04-03,58.82,102
2023-04-04,56.86,102
2023-04-05,54.90,102
2023-04-06,54.90,102
2023-04-10,61.76,102
2023-04-11,64.71,102
2023-04-12,57.84,102
2023-04-13,64.71,102
2023-04-14,66.67,102
2023-04-17,72.55,102
2023-04-18,75.49,102
2023-04-19,75.49,102
2023-04-20,69.61,102
2023-04-21,69.61,102
2023-04-24,69.61,102
2023-04-25,53.92,102
2023-04-26,45.10,102
2023-04-27,55.88,102
2023-04-28,62.75,102
2023-05-01,59.80,102
2023-05-02,47.06,102
2023-05-03,42.16,102
2023-05-04,42.16,102
2023-05-05,47.06,102
2023-05-08,49.02,102
2023-05-09,43.14,102
2023-05-10,46.08,102
2023-05-11,44.12,102
2023-05-12,45.10,102
2023-05-15,45.10,102
2023-05-16,39.22,102
2023-05-17,50.98,102
2023-05-18,50.00,102
2023-05-19,52.94,102
2023-05-22,49.02,102
2023-05-23,45.10,102
2023-05-24,27.45,102
2023-05-25,25.49,102
2023-05-26,33.33,102
2023-05-30,32.35,102
2023-05-31,30.39,102
2023-06-01,34.31,102
2023-06-02,54.90,102
2023-06-05,50.00,102
2023-06-06,52.94,102
2023-06-07,58.82,102
2023-06-08,60.78,102
2023-06-09,57.84,102
2023-06-12,59.80,102
2023-06-13,64.71,102
2023-06-14,60.78,102
2023-06-15,67.65,102
2023-06-16,73.53,102
2023-06-20,66.67,102
2023-06-21,67.65,102
2023-06-22,61.76,102
2023-06-23,56.86,102
2023-06-26,57.84,102
2023-06-27,63.73,102
2023-06-28,60.78,102
2023-06-29,73.53,102
2023-06-30,75.49,102
2023-07-03,79.41,102
2023-07-05,78.43,102
2023-07-06,68.63,102
2023-07-07,66.67,102
2023-07-10,68.63,102
2023-07-11,76.47,102
2023-07-12,81.37,102
2023-07-13,83.33,102
2023-07-14,81.37,102
2023-07-17,75.49,102
2023-07-18,76.47,102
2023-07-19,78.43,102
2023-07-20,87.25,102
2023-07-21,87.25,102
2023-07-24,91.18,102
2023-07-25,87.25,102
2023-07-26,90.20,102
2023-07-27,81.37,102
2023-07-28,82.35,102
2023-07-31,85.29,102
2023-08-01,83.33,102
2023-08-02,76.47,102
2023-08-03,70.59,102
2023-08-04,66.67,102
2023-08-07,70.59,102
2023-08-08,65.69,102
2023-08-09,59.80,102
2023-08-10,57.84,102
2023-08-11,56.86,102
2023-08-14,55.88,102
2023-08-15,48.04,102
2023-08-16,44.12,102
2023-08-17,39.22,102
2023-08-18,42.16,102
2023-08-21,41.18,102
2023-08-22,35.29,102
2023-08-23,46.08,102
2023-08-24,38.24,102
2023-08-25,41.18,102
2023-08-28,41.18,102
2023-08-29,50.98,102
2023-08-30,50.00,102
2023-08-31,51.96,102
2023-09-01,50.98,102
2023-09-05,41.18,102
2023-09-06,38.24,102
2023-09-07,40.20,102
2023-09-08,42.16,102
2023-09-11,44.12,102
2023-09-12,40.20,102
2023-09-13,47.06,102
2023-09-14,53.92,102
2023-09-15,43.14,102
2023-09-18,46.08,102
2023-09-19,45.10,102
2023-09-20,41.18,102
2023-09-21,22.55,102
2023-09-22,20.59,102
2023-09-25,22.55,102
2023-09-26,15.69,102
2023-09-27,18.63,102
2023-09-28,22.55,102
2023-09-29,14.71,102
2023-10-02,12.75,102
2023-10-03,10.78,102
2023-10-04,10.78,102
2023-10-05,10.78,102
2023-10-06,11.76,102
2023-10-09,22.55,102
2023-10-10,24.51,102
2023-10-11,26.47,102
2023-10-12,25.49,102
2023-10-13,31.37,102
2023-10-16,35.29,102
2023-10-17,40.20,102
2023-10-18,32.35,102
2023-10-19,28.43,102
2023-10-20,22.55,102
2023-10-23,19.61,102
2023-10-24,23.53,102
2023-10-25,19.61,102
2023-10-26,18.63,102
2023-10-27,12.75,102
2023-10-30,19.61,102
2023-10-31,23.53,102
2023-11-01,27.45,102
2023-11-02,48.04,102
2023-11-03,53.92,102
2023-11-06,53.92,102
2023-11-07,51.96,102
2023-11-08,52.94,102
2023-11-09,48.04,102
2023-11-10,53.92,102
2023-11-13,51.96,102
2023-11-14,65.69,102
2023-11-15,65.69,102
2023-11-16,65.69,102
2023-11-17,67.65,102
2023-11-20,70.59,102
2023-11-21,72.55,102
2023-11-22,72.55,102
2023-11-24,73.53,102
2023-11-27,72.55,102
2023-11-28,75.49,102
2023-11-29,75.49,102
2023-11-30,77.45,102
2023-12-01,81.37,102
2023-12-04,81.37,102
2023-12-05,79.41,102
2023-12-06,78.43,102
2023-12-07,78.43,102
2023-12-08,80.39,102
2023-12-11,83.33,102
2023-12-12,81.37,102
2023-12-13,84.31,102
2023-12-14,83.33,102
2023-12-15,78.43,102
2023-12-18,83.33,102
2023-12-19,84.31,102
2023-12-20,79.41,102
2023-12-21,81.37,102
2023-12-22,85.29,102
2023-12-26,88.24,102
2023-12-27,86.27,102
2023-12-28,85.29,102
2023-12-29,87.25,102
2024-01-02,90.20,102
2024-01-03,91.18,102
2024-01-04,86.27,102
2024-01-05,87.25,102
2024-01-08,89.22,102
2024-01-09,84.31,102
2024-01-10,83.33,102
2024-01-11,82.35,102
2024-01-12,83.33,102
2024-01-16,83.33,102
2024-01-17,77.45,102
2024-01-18,77.45,102
2024-01-19,79.41,102
2024-01-22,77.45,102
2024-01-23,76.47,102
2024-01-24,74.51,102
2024-01-25,78.43,102
2024-01-26,77.45,102
2024-01-29,77.45,102
2024-01-30,77.45,102
2024-01-31,71.57,102
2024-02-01,71.57,102
2024-02-02,67.65,102
2024-02-05,61.76,102
2024-02-06,66.67,102
2024-02-07,68.63,102
2024-02-08,69.61,102
2024-02-09,63.73,102
2024-02-12,66.67,102
2024-02-13,53.92,102
2024-02-14,54.90,102
2024-02-15,58.82,102
2024-02-16,55.88,102
2024-02-20,60.78,102
2024-02-21,67.65,102
2024-02-22,68.63,102
2024-02-23,69.61,102
2024-02-26,64.71,102
2024-02-27,65.69,102
2024-02-28,63.73,102
2024-02-29,65.69,102
2024-03-01,65.69,102
2024-03-04,66.67,102
2024-03-05,67.65,102
2024-03-06,74.51,102
2024-03-07,73.53,102
2024-03-08,77.45,102
2024-03-11,84.31,102
2024-03-12,81.37,102
2024-03-13,81.37,102
2024-03-14,77.45,102
2024-03-15,74.51,102
2024-03-18,74.51,102
2024-03-19,77.45,102
2024-03-20,82.35,102
2024-03-21,82.35,102
2024-03-22,78.43,102
2024-03-25,77.45,102
2024-03-26,76.47,102
2024-03-27,82.35,102
2024-03-28,85.29,102
2024-04-01,80.39,102
2024-04-02,76.47,102
2024-04-03,71.57,102
2024-04-04,63.73,102
2024-04-05,67.65,102
2024-04-08,67.65,102
2024-04-09,69.61,102
2024-04-10,60.78,102
2024-04-11,58.82,102
2024-04-12,44.12,102
2024-04-15,40.20,102
2024-04-16,33.33,102
2024-04-17,31.37,102
2024-04-18,33.33,102
2024-04-19,40.20,102
2024-04-22,43.14,102
2024-04-23,47.06,102
2024-04-24,50.00,102
2024-04-25,44.12,102
2024-04-26,50.00,102
2024-04-29,54.90,102
2024-04-30,41.18,102
2024-05-01,44.12,102
2024-05-02,45.10,102
2024-05-03,46.08,102
2024-05-06,51.96,102
2024-05-07,54.90,102
2024-05-08,54.90,102
2024-05-09,62.75,102
2024-05-10,63.73,102
2024-05-13,62.75,102
2024-05-14,66.67,102
2024-05-15,68.63,102
2024-05-16,64.71,102
2024-05-17,68.63,102
2024-05-20,64.71,102
2024-05-21,63.73,102
2024-05-22,60.78,102
2024-05-23,49.02,102
2024-05-24,51.96,102
2024-05-28,46.08,102
2024-05-29,42.16,102
2024-05-30,43.14,102
2024-05-31,49.02,102
2024-06-03,49.02,102
2024-06-04,50.98,102
2024-06-05,55.88,102
2024-06-06,56.86,102
2024-06-07,58.82,102
2024-06-10,60.78,102
2024-06-11,52.94,102
2024-06-12,51.96,102
2024-06-13,49.02,102
2024-06-14,47.06,102
2024-06-17,53.92,102
2024-06-18,52.94,102
2024-06-20,62.75,102
2024-06-21,65.69,102
2024-06-24,73.53,102
2024-06-25,60.78,102
2024-06-26,54.90,102
2024-06-27,56.86,102
2024-06-28,52.94,102
2024-07-01,49.02,102
2024-07-02,56.86,102
2024-07-03,53.92,102
2024-07-05,52.94,102
2024-07-08,50.98,102
2024-07-09,50.00,102
2024-07-10,59.80,102
2024-07-11,65.69,102
2024-07-12,70.59,102
2024-07-15,69.61,102
2024-07-16,75.49,102
2024-07-17,82.35,102
2024-07-18,75.49,102
2024-07-19,65.69,102
2024-07-22,70.59,102
2024-07-23,71.57,102
2024-07-24,63.73,102
2024-07-25,64.71,102
2024-07-26,69.61,102
2024-07-29,69.61,102
2024-07-30,71.57,102
2024-07-31,74.51,102
2024-08-01,64.71,102
2024-08-02,56.86,102
2024-08-05,43.14,102
2024-08-06,48.04,102
2024-08-07,44.12,102
2024-08-08,54.90,102
2024-08-09,60.78,102
2024-08-12,58.82,102
2024-08-13,61.76,102
2024-08-14,61.76,102
2024-08-15,71.57,102
2024-08-16,74.51,102
2024-08-19,77.45,102
2024-08-20,75.49,102
2024-08-21,75.49,102
2024-08-22,73.53,102
2024-08-23,79.41,102
2024-08-26,76.47,102
2024-08-27,75.49,102
2024-08-28,75.49,102
2024-08-29,76.47,102
2024-08-30,79.41,102
2024-09-03,71.57,102
2024-09-04,72.55,102
2024-09-05,68.63,102
2024-09-06,63.73,102
2024-09-09,69.61,102
2024-09-10,66.67,102
2024-09-11,69.61,102
2024-09-12,71.57,102
2024-09-13,73.53,102
2024-09-16,71.57,102
2024-09-17,74.51,102
2024-09-18,73.53,102
2024-09-19,84.31,102
2024-09-20,80.39,102
2024-09-23,82.35,102
2024-09-24,83.33,102
2024-09-25,75.49,102
2024-09-26,80.39,102
2024-09-27,84.31,102
2024-09-30,85.29,102
2024-10-01,83.33,102
2024-10-02,80.39,102
2024-10-03,71.57,102
2024-10-04,79.41,102
2024-10-07,71.57,102
2024-10-08,70.59,102
2024-10-09,78.43,102
2024-10-10,79.41,102
2024-10-11,84.31,102
2024-10-14,87.25,102
2024-10-15,83.33,102
2024-10-16,83.33,102
2024-10-17,78.43,102
2024-10-18,79.41,102
2024-10-21,71.57,102
2024-10-22,66.67,102
2024-10-23,65.69,102
2024-10-24,67.65,102
2024-10-25,59.80,102
2024-10-28,58.82,102
2024-10-29,55.88,102
2024-10-30,52.94,102
2024-10-31,46.08,102
2024-11-01,48.04,102
2024-11-04,46.08,102
2024-11-05,49.02,102
2024-11-06,61.76,102
2024-11-07,63.73,102
2024-11-08,65.69,102
2024-11-11,62.75,102
2024-11-12,61.76,102
2024-11-13,60.78,102
2024-11-14,56.86,102
2024-11-15,52.94,102
2024-11-18,57.84,102
2024-11-19,52.94,102
2024-11-20,52.94,102
2024-11-21,59.80,102
2024-11-22,60.78,102
2024-11-25,61.76,102
2024-11-26,66.67,102
2024-11-27,67.65,102
2024-11-29,69.61,102
2024-12-02,65.69,102
2024-12-03,57.84,102
2024-12-04,55.88,102
2024-12-05,53.92,102
2024-12-06,54.90,102
2024-12-09,51.96,102
2024-12-10,46.08,102
2024-12-11,46.08,102
2024-12-12,42.16,102
2024-12-13,39.22,102
2024-12-16,39.22,102
2024-12-17,33.33,102
2024-12-18,20.59,102
2024-12-19,23.53,102
2024-12-20,28.43,102
2024-12-23,28.43,102
2024-12-24,35.29,102
2024-12-26,33.33,102
2024-12-27,31.37,102
2024-12-30,18.63,102
2024-12-31,21.57,102
2025-01-02,23.53,102
2025-01-03,29.41,102
2025-01-06,32.35,102
2025-01-07,30.39,102
2025-01-08,31.37,102
2025-01-10,16.67,102
2025-01-13,21.57,102
2025-01-14,26.47,102
2025-01-15,42.16,102
2025-01-16,46.08,102
2025-01-17,49.02,102
2025-01-21,60.78,102
2025-01-22,58.82,102
2025-01-23,64.71,102
2025-01-24,62.75,102
2025-01-27,78.43,102
2025-01-28,65.69,102
2025-01-29,69.61,102
2025-01-30,67.65,102
2025-01-31,62.75,102
2025-02-03,60.78,102
2025-02-04,61.76,102
2025-02-05,59.80,102
2025-02-06,55.88,102
2025-02-07,52.94,102
2025-02-10,56.86,102
2025-02-11,61.76,102
2025-02-12,58.82,102
2025-02-13,63.73,102
2025-02-14,63.73,102
2025-02-18,62.75,102
2025-02-19,67.65,102
2025-02-20,65.69,102
2025-02-21,59.80,102
2025-02-24,62.75,102
2025-02-25,60.78,102
2025-02-26,62.75,102
2025-02-27,57.84,102
2025-02-28,63.73,102
2025-03-03,57.84,102
2025-03-04,48.04,102
2025-03-05,50.98,102
2025-03-06,50.98,102
2025-03-07,53.92,102
2025-03-10,46.08,102
2025-03-11,38.24,102
2025-03-12,36.27,102
2025-03-13,37.25,102
2025-03-14,42.16,102
2025-03-17,43.14,102
2025-03-18,43.14,102
2025-03-19,47.06,102
2025-03-20,45.10,102
2025-03-21,39.22,102
2025-03-24,42.16,102
2025-03-25,42.16,102
2025-03-26,45.10,102
2025-03-27,43.14,102
2025-03-28,36.27,102
2025-03-31,40.20,102
2025-04-01,42.16,102
2025-04-02,41.18,102
2025-04-03,32.35,102
2025-04-04,12.75,102
2025-04-07,8.82,102
2025-04-08,7.84,102
2025-04-09,15.69,102
2025-04-10,17.65,102
2025-04-11,19.61,102
2025-04-14,23.53,102
2025-04-15,20.59,102
2025-04-16,21.57,102
2025-04-17,25.49,102
2025-04-21,14.71,102
2025-04-22,23.53,102
2025-04-23,22.55,102
2025-04-24,25.49,102
2025-04-25,27.45,102
2025-04-28,26.47,102
2025-04-29,34.31,102
2025-04-30,40.20,102
2025-05-01,40.20,102
2025-05-02,56.86,102
2025-05-05,54.90,102
2025-05-06,50.98,102
2025-05-07,54.90,102
2025-05-08,61.76,102
2025-05-09,63.73,102
2025-05-12,66.67,102
2025-05-13,62.75,102
2025-05-14,61.76,102
2025-05-15,69.61,102
2025-05-16,72.55,102
2025-05-19,72.55,102
2025-05-20,75.49,102
2025-05-21,66.67,102
2025-05-22,63.73,102
2025-05-23,65.69,102
2025-05-27,73.53,102
2025-05-28,67.65,102
2025-05-29,67.65,102
2025-05-30,71.57,102
2025-06-02,72.55,102
2025-06-03,76.47,102
2025-06-04,76.47,102
2025-06-05,72.55,102
2025-06-06,79.41,102
2025-06-09,79.41,102
2025-06-10,84.31,102
2025-06-11,80.39,102
2025-06-12,84.31,102
2025-06-13,81.37,102
2025-06-16,78.43,102
2025-06-17,75.49,102
2025-06-18,70.59,102
2025-06-20,73.53,102
2025-06-23,75.49,102
2025-06-24,73.53,102
2025-06-25,66.67,102
2025-06-26,72.55,102
2025-06-27,74.51,102
2025-06-30,77.45,102
2025-07-01,88.24,102
2025-07-02,81.37,102
2025-07-03,85.29,102
2025-07-07,80.39,102
2025-07-08,77.45,102
2025-07-09,77.45,102
2025-07-10,77.45,102
2025-07-11,72.55,102
2025-07-14,73.53,102
2025-07-15,68.63,102
2025-07-16,69.61,102
2025-07-17,68.63,102
2025-07-18,68.63,102
2025-07-21,64.71,102
2025-07-22,71.57,102
2025-07-23,74.51,102
2025-07-24,70.59,102
2025-07-25,73.53,102
2025-07-28,69.61,102
2025-07-29,68.63,102
2025-07-30,62.75,102
2025-07-31,56.86,102
2025-08-01,48.04,102
2025-08-04,51.96,102
2025-08-05,53.92,102
2025-08-06,49.02,102
2025-08-07,55.88,102
2025-08-08,63.73,102
2025-08-11,58.82,102
2025-08-12,66.67,102
2025-08-13,70.59,102
2025-08-14,71.57,102
2025-08-15,64.71,102
2025-08-18,65.69,102
2025-08-19,70.59,102
2025-08-20,73.53,102
2025-08-21,67.65,102
2025-08-22,77.45,102
2025-08-25,70.59,102
2025-08-26,70.59,102
2025-08-27,72.55,102
2025-08-28,69.61,102
2025-08-29,71.57,102
2025-09-02,69.61,102
2025-09-03,65.69,102
2025-09-04,66.67,102
2025-09-05,60.78,102
2025-09-08,60.78,102
2025-09-09,61.76,102
2025-09-10,61.76,102
2025-09-11,68.63,102
2025-09-12,65.69,102
2025-09-15,57.84,102
2025-09-16,56.86,102
2025-09-17,63.73,102
2025-09-18,62.75,102
2025-09-19,59.80,102
2025-09-22,56.86,102
2025-09-23,56.86,102
2025-09-24,57.84,102
2025-09-25,54.90,102
2025-09-26,56.86,102
2025-09-29,58.82,102
2025-09-30,57.84,102
2025-10-01,62.75,102
2025-10-02,55.88,102
2025-10-03,60.78,102
2025-10-06,60.78,102
2025-10-07,61.76,102
2025-10-08,56.86,102
2025-10-09,55.88,102
2025-10-10,42.16,102
2025-10-13,45.10,102
2025-10-14,52.94,102
2025-10-15,50.00,102
2025-10-16,39.22,102
2025-10-17,46.08,102
2025-10-20,57.84,102
2025-10-21,58.82,102
2025-10-22,56.86,102
2025-10-23,60.78,102
2025-10-24,58.82,102
2025-10-27,65.69,102
2025-10-28,58.82,102
2025-10-29,51.96,102
2025-10-30,51.96,102
2025-10-31,50.00,102
2025-11-03,45.10,102
2025-11-04,48.04,102
2025-11-05,49.02,102
2025-11-06,47.06,102
2025-11-07,49.02,102
2025-11-10,50.98,102
2025-11-11,58.82,102
2025-11-12,59.80,102
2025-11-13,57.84,102
2025-11-14,56.86,102
2025-11-17,41.18,102
2025-11-18,41.18,102
2025-11-19,41.18,102
2025-11-20,36.27,102
2025-11-21,45.10,102
2025-11-24,47.06,102
2025-11-25,54.90,102
2025-11-26,61.76,102
2025-11-28,65.69,102
2025-12-01,62.75,102
2025-12-02,58.82,102
2025-12-03,65.69,102
2025-12-04,68.63,102
2025-12-05,66.67,102
2025-12-08,61.76,102
2025-12-09,58.82,102
2025-12-10,66.67,102
2025-12-11,71.57,102
2025-12-12,70.59,102
2025-12-15,72.55,102
2025-12-16,65.69,102
2025-12-17,68.63,102
2025-12-18,66.67,102
2025-12-19,66.67,102
2025-12-22,71.57,102
2025-12-23,70.59,102
2025-12-24,72.55,102
2025-12-26,73.53,102
2025-12-29,73.53,102
2025-12-30,72.55,102
2025-12-31,65.69,102
2026-01-02,71.57,102
2026-01-05,73.53,102
2026-01-06,77.45,102
2026-01-07,73.53,102
2026-01-08,78.43,102
2026-01-09,78.43,102
2026-01-12,73.53,102
2026-01-13,68.63,102
2026-01-14,72.55,102
2026-01-15,73.53,102
2026-01-16,72.55,102
2026-01-20,67.65,102
2026-01-21,69.61,102
2026-01-22,69.61,102
2026-01-23,67.65,102
2026-01-26,72.55,102
2026-01-27,69.61,102
2026-01-28,68.63,102
2026-01-29,70.59,102
2026-01-30,75.49,102
2026-02-02,77.45,102
2026-02-03,71.57,102
2026-02-04,73.53,102
2026-02-05,70.59,102
2026-02-06,75.49,102
2026-02-09,72.55,102
2026-02-10,69.61,102
2026-02-11,66.67,102
2026-02-12,62.75,102
2026-02-13,61.76,102
2026-02-17,64.71,102
2026-02-18,70.59,102
2026-02-19,64.71,102
2026-02-20,68.63,102
2026-02-23,61.76,102
2026-02-24,63.73,102
2026-02-25,64.71,102
2026-02-26,66.67,102
2026-02-27,60.78,102
2026-03-02,58.82,102
2026-03-03,57.84,102
2026-03-04,57.84,102
2026-03-05,52.94,102
2026-03-06,49.02,102
2026-03-09,49.02,102
2026-03-10,47.06,102
2026-03-11,48.04,102
2026-03-12,39.22,102
2026-03-13,38.24,102
2026-03-16,38.24,102
2026-03-17,39.22,102
2026-03-18,28.43,102
2026-03-19,26.47,102
2026-03-20,20.59,102
2026-03-23,23.53,102
2026-03-24,24.51,102
2026-03-25,25.49,102
2026-03-26,22.55,102
2026-03-27,18.63,102
2026-03-30,21.57,102
2026-03-31,24.51,102
2026-04-01,27.45,102
2026-04-02,31.37,102
2026-04-06,35.29,102
2026-04-07,29.41,102
2026-04-08,51.96,102
2026-04-09,57.84,102
2026-04-10,47.06,102
2026-04-13,54.90,102
2026-04-14,52.94,102
2026-04-15,50.00,102
2026-04-16,46.08,102
2026-04-17,56.86,102
2026-04-20,57.84,102
2026-04-21,55.88,102
2026-04-22,54.90,102
2026-04-23,52.94,102
2026-04-24,50.00,102
2026-04-27,50.00,102
2026-04-28,54.90,102
2026-04-29,53.92,102
2026-04-30,60.78,102
2026-05-01,55.88,102
2026-05-04,53.92,102
2026-05-05,53.92,102
2026-05-06,53.92,102
2026-05-07,50.98,102
2026-05-08,49.02,102
2026-05-11,48.04,102
2026-05-12,50.98,102
2026-05-13,44.12,102
2026-05-14,48.04,102
2026-05-15,50.00,102
2026-05-18,58.82,102
2026-05-19,51.96,102
2026-05-20,57.84,102
2026-05-21,56.86,102
2026-05-22,61.76,102
2026-05-26,54.90,102
2026-05-27,56.86,102
2026-05-28,53.92,102
2026-05-29,54.90,102
2026-06-01,48.04,102
2026-06-02,50.98,102
2026-06-03,49.02,102
2026-06-04,56.86,102
2026-06-05,59.80,102
2026-06-08,55.88,102
2026-06-09,61.76,102
2026-06-10,54.90,102
2026-06-11,54.90,102
2026-06-12,57.84,102
2026-06-15,63.73,102
2026-06-16,67.65,102
2026-06-17,55.88,102
2026-06-18,50.00,102
2026-06-22,52.94,102
2026-06-23,57.84,102
2026-06-24,59.80,102
2026-06-25,57.84,102
2026-06-26,57.84,102
2026-06-29,55.88,102
2026-06-30,56.86,102
2026-07-01,57.84,102
2026-07-02,65.69,102
2026-07-06,65.69,102
2026-07-07,62.75,102
2026-07-08,63.73,102
2026-07-09,59.80,102
2026-07-10,64.71,102
2026-07-13,64.71,102
2026-07-14,57.84,102
2026-07-15,59.80,102
2026-07-16,61.76,102
2026-07-17,61.76,102
2026-07-20,61.76,102
2026-07-21,52.44,82
2026-07-22,60.24,83
2026-07-23,63.73,102
2026-07-24,63.73,102
2026-07-27,68.63,102
2026-07-28,71.57,102
2026-07-29,69.61,102
2026-07-30,66.67,102
2026-07-31,63.64,99
2026-08-03,63.73,102
2026-08-04,71.57,102
2026-08-05,68.63,102
2026-08-06,68.63,102
2026-08-07,67.65,102
2026-08-10,68.63,102
2026-08-11,64.71,102
2026-08-12,67.65,102
2026-08-13,70.59,102
2026-08-14,72.55,102
2026-08-17,60.78,102
2026-08-18,65.69,102
2026-08-19,63.73,102
