Date,Spread,Score
1999-03-25,7.2633,81.32
1999-03-26,7.4474,82.24
1999-03-29,9.2456,89.67
1999-03-30,9.2953,89.86
1999-03-31,9.5895,90.96
1999-04-01,9.4693,90.51
1999-04-05,10.9019,95.88
1999-04-06,10.7973,95.49
1999-04-07,9.8835,92.06
1999-04-08,7.7890,83.95
1999-04-09,7.2576,81.29
1999-04-12,6.2100,76.05
1999-04-13,5.6762,73.38
1999-04-14,8.6228,87.34
1999-04-15,11.6003,98.50
1999-04-16,11.2409,97.15
1999-04-19,10.2368,93.39
1999-04-20,10.8341,95.63
1999-04-21,9.4814,90.56
1999-04-22,9.7804,91.68
1999-04-23,10.5396,94.52
1999-04-26,8.9041,88.39
1999-04-27,8.5642,87.12
1999-04-28,10.2750,93.53
1999-04-29,9.4603,90.48
1999-04-30,8.2451,85.92
1999-05-03,8.4621,86.73
1999-05-04,8.8231,88.09
1999-05-05,8.0162,85.06
1999-05-06,8.0952,85.36
1999-05-07,10.4360,94.13
1999-05-10,9.8153,91.81
1999-05-11,12.4400,100.00
1999-05-12,11.8621,99.48
1999-05-13,9.3123,89.92
1999-05-14,9.4518,90.44
1999-05-17,8.5339,87.00
1999-05-18,9.8993,92.12
1999-05-19,9.6861,91.32
1999-05-20,7.7077,83.54
1999-05-21,7.3341,81.67
1999-05-24,4.9860,69.95
1999-05-25,5.7258,73.63
1999-05-26,6.4830,77.42
1999-05-27,6.2261,76.13
1999-05-28,6.1308,75.65
1999-06-01,5.3311,71.66
1999-06-02,6.2911,76.46
1999-06-03,6.4017,77.01
1999-06-04,4.9155,69.68
1999-06-07,5.4010,72.01
1999-06-08,3.9561,66.09
1999-06-09,3.4718,64.27
1999-06-10,3.5090,64.41
1999-06-11,4.4168,67.81
1999-06-14,3.2954,63.61
1999-06-15,3.2532,63.45
1999-06-16,4.2457,67.17
1999-06-17,5.1061,70.53
1999-06-18,6.2875,76.44
1999-06-21,8.3799,86.42
1999-06-22,7.4288,82.14
1999-06-23,7.9207,84.60
1999-06-24,6.0896,75.45
1999-06-25,5.7078,73.54
1999-06-28,4.4696,68.01
1999-06-29,3.9194,65.95
1999-06-30,4.2692,67.26
1999-07-01,4.8592,69.47
1999-07-02,4.1709,66.89
1999-07-06,4.1527,66.82
1999-07-07,3.6862,65.07
1999-07-08,5.0770,70.38
1999-07-09,4.9079,69.65
1999-07-12,5.4347,72.17
1999-07-13,4.4432,67.91
1999-07-14,4.0607,66.48
1999-07-15,1.9781,58.67
1999-07-16,3.0942,62.85
1999-07-19,3.1293,62.98
1999-07-20,1.5478,57.05
1999-07-21,1.7789,57.92
1999-07-22,0.8377,54.19
1999-07-23,1.2850,56.07
1999-07-26,-0.2604,48.70
1999-07-27,0.6087,53.04
1999-07-28,-0.3005,48.50
1999-07-29,0.1704,50.85
1999-07-30,-1.2835,43.94
1999-08-02,-1.5350,42.99
1999-08-03,-1.9658,41.38
1999-08-04,-1.3013,43.87
1999-08-05,-0.8784,45.61
1999-08-06,-2.1189,40.80
1999-08-09,-3.2740,36.47
1999-08-10,-3.6814,34.94
1999-08-11,-1.2659,44.00
1999-08-12,-1.0785,44.71
1999-08-13,0.5470,52.74
1999-08-16,2.3349,60.01
1999-08-17,1.0298,55.11
1999-08-18,1.7504,57.81
1999-08-19,1.7855,57.95
1999-08-20,2.2970,59.86
1999-08-23,3.9098,65.91
1999-08-24,6.0732,75.37
1999-08-25,3.5875,64.70
1999-08-26,3.4678,64.25
1999-08-27,3.0861,62.82
1999-08-30,2.8555,61.96
1999-08-31,2.4481,60.43
1999-09-01,2.4246,60.34
1999-09-02,2.8671,62.00
1999-09-03,2.5804,60.93
1999-09-07,2.8899,62.09
1999-09-08,2.9999,62.50
1999-09-09,3.8017,65.51
1999-09-10,3.8978,65.87
1999-09-13,3.9207,65.95
1999-09-14,4.4948,68.11
1999-09-15,2.5951,60.98
1999-09-16,1.0823,55.31
1999-09-17,0.7335,53.67
1999-09-20,-0.6168,46.92
1999-09-21,0.3096,51.55
1999-09-22,-0.1204,49.40
1999-09-23,0.2034,51.02
1999-09-24,0.5415,52.71
1999-09-27,-0.1800,49.10
1999-09-28,0.6260,53.13
1999-09-29,0.3590,51.79
1999-09-30,-0.2538,48.73
1999-10-01,-1.5500,42.94
1999-10-04,-0.8015,45.99
1999-10-05,1.3930,56.47
1999-10-06,-0.4853,47.57
1999-10-07,0.0909,50.45
1999-10-08,0.4234,52.12
1999-10-11,1.4147,56.56
1999-10-12,0.9382,54.69
1999-10-13,-0.1972,49.01
1999-10-14,-1.2651,44.01
1999-10-15,-1.5225,43.04
1999-10-18,-0.4097,47.95
1999-10-19,-0.4970,47.52
1999-10-20,0.8021,54.01
1999-10-21,0.0168,50.08
1999-10-22,2.1730,59.40
1999-10-25,1.7712,57.89
1999-10-26,0.8188,54.09
1999-10-27,0.9299,54.65
1999-10-28,2.8898,62.09
1999-10-29,4.4080,67.78
1999-11-01,3.5075,64.40
1999-11-02,4.6515,68.69
1999-11-03,3.9908,66.22
1999-11-04,4.7757,69.16
1999-11-05,6.4340,77.17
1999-11-08,6.0868,75.43
1999-11-09,3.6728,65.02
1999-11-10,3.8424,65.66
1999-11-11,2.5346,60.75
1999-11-12,3.0618,62.73
1999-11-15,2.8677,62.00
1999-11-16,4.2958,67.36
1999-11-17,4.5510,68.32
1999-11-18,4.9888,69.96
1999-11-19,3.6580,64.97
1999-11-22,2.5276,60.73
1999-11-23,3.7201,65.20
1999-11-24,4.0827,66.56
1999-11-26,4.4188,67.82
1999-11-29,5.2537,71.27
1999-11-30,3.7507,65.32
1999-12-01,4.0521,66.45
1999-12-02,4.6708,68.77
1999-12-03,3.9069,65.90
1999-12-06,5.1547,70.77
1999-12-07,4.4552,67.96
1999-12-08,3.7848,65.44
1999-12-09,2.3038,59.89
1999-12-10,5.4477,72.24
1999-12-13,6.8847,79.42
1999-12-14,5.6945,73.47
1999-12-15,6.6953,78.48
1999-12-16,7.7961,83.98
1999-12-17,7.4605,82.30
1999-12-20,7.8315,84.16
1999-12-21,9.7117,91.42
1999-12-22,9.0936,89.10
1999-12-23,8.6956,87.61
1999-12-27,9.8826,92.06
1999-12-28,9.0067,88.78
1999-12-29,11.5292,98.23
1999-12-30,11.4429,97.91
1999-12-31,12.4385,100.00
2000-01-03,11.0511,96.44
2000-01-04,7.6628,83.31
2000-01-05,6.7437,78.72
2000-01-06,6.1639,75.82
2000-01-07,6.5228,77.61
2000-01-10,3.4832,64.31
2000-01-11,3.2908,63.59
2000-01-12,5.3893,71.95
2000-01-13,7.0377,80.19
2000-01-14,8.5649,87.12
2000-01-18,9.5392,90.77
2000-01-19,8.8660,88.25
2000-01-20,7.3421,81.71
2000-01-21,6.3260,76.63
2000-01-24,4.2842,67.32
2000-01-25,6.0089,75.04
2000-01-26,6.9539,79.77
2000-01-27,6.7066,78.53
2000-01-28,3.6491,64.93
2000-01-31,2.8235,61.84
2000-02-01,5.8454,74.23
2000-02-02,3.5534,64.58
2000-02-03,5.1350,70.67
2000-02-04,4.7518,69.07
2000-02-07,3.8353,65.63
2000-02-08,4.2221,67.08
2000-02-09,3.3636,63.86
2000-02-10,4.8128,69.30
2000-02-11,4.1458,66.80
2000-02-14,4.5138,68.18
2000-02-15,4.6316,68.62
2000-02-16,3.6754,65.03
2000-02-17,4.6658,68.75
2000-02-18,3.4646,64.24
2000-02-22,4.0579,66.47
2000-02-23,5.1864,70.93
2000-02-24,5.9674,74.84
2000-02-25,7.3655,81.83
2000-02-28,6.2224,76.11
2000-02-29,7.6937,83.47
2000-03-01,7.5859,82.93
2000-03-02,6.5336,77.67
2000-03-03,7.6071,83.04
2000-03-06,8.2707,86.02
2000-03-07,7.2715,81.36
2000-03-08,7.6683,83.34
2000-03-09,7.8364,84.18
2000-03-10,9.2220,89.58
2000-03-13,7.2409,81.20
2000-03-14,5.1560,70.78
2000-03-15,7.4219,82.11
2000-03-16,9.2537,89.70
2000-03-17,8.3982,86.49
2000-03-20,7.4081,82.04
2000-03-21,9.2325,89.62
2000-03-22,8.2303,85.86
2000-03-23,10.5476,94.55
2000-03-24,11.8564,99.46
2000-03-27,9.9212,92.20
2000-03-28,9.1766,89.41
2000-03-29,6.2703,76.35
2000-03-30,6.4455,77.23
2000-03-31,6.3647,76.82
2000-04-03,5.4818,72.41
2000-04-04,3.8414,65.66
2000-04-05,6.1972,75.99
2000-04-06,6.8917,79.46
2000-04-07,7.6714,83.36
2000-04-10,9.6632,91.24
2000-04-11,8.6255,87.35
2000-04-12,5.6439,73.22
2000-04-13,4.1059,66.65
2000-04-14,0.9726,54.86
2000-04-17,2.0930,59.10
2000-04-18,5.0776,70.39
2000-04-19,3.0064,62.52
2000-04-20,5.3538,71.77
2000-04-24,4.8323,69.37
2000-04-25,5.3996,72.00
2000-04-26,3.4850,64.32
2000-04-27,4.3431,67.54
2000-04-28,7.3729,81.86
2000-05-01,8.0870,85.33
2000-05-02,7.0779,80.39
2000-05-03,4.9832,69.94
2000-05-04,3.3464,63.80
2000-05-05,3.9556,66.08
2000-05-08,2.8572,61.96
2000-05-09,2.2239,59.59
2000-05-10,0.5036,52.52
2000-05-11,1.3390,56.27
2000-05-12,3.3965,63.99
2000-05-15,2.2803,59.80
2000-05-16,2.9556,62.33
2000-05-17,2.3461,60.05
2000-05-18,2.0826,59.06
2000-05-19,0.6058,53.03
2000-05-22,-0.3105,48.45
2000-05-23,-1.5857,42.80
2000-05-24,-3.0027,37.49
2000-05-25,-5.3678,28.16
2000-05-26,-6.0516,24.74
2000-05-30,-5.8336,25.83
2000-05-31,-3.9015,34.12
2000-06-01,-0.8702,45.65
2000-06-02,1.4143,56.55
2000-06-05,0.0179,50.09
2000-06-06,-2.5498,39.19
2000-06-07,-1.6188,42.68
2000-06-08,-2.4641,39.51
2000-06-09,-5.3530,28.24
2000-06-12,-5.7664,26.17
2000-06-13,-5.1093,29.45
2000-06-14,-7.1007,19.50
2000-06-15,-10.0878,7.17
2000-06-16,-10.9040,4.11
2000-06-19,-9.8488,8.07
2000-06-20,-11.9589,0.15
2000-06-21,-13.4635,0.00
2000-06-22,-15.1002,0.00
2000-06-23,-16.7568,0.00
2000-06-26,-14.9676,0.00
2000-06-27,-13.1079,0.00
2000-06-28,-11.8190,0.68
2000-06-29,-13.4375,0.00
2000-06-30,-12.8339,0.00
2000-07-03,-11.5921,1.53
2000-07-05,-9.7173,8.56
2000-07-06,-9.2794,10.20
2000-07-07,-8.5345,13.00
2000-07-10,-9.5397,9.23
2000-07-11,-8.1255,14.53
2000-07-12,-5.3961,28.02
2000-07-13,-2.9268,37.77
2000-07-14,-0.6460,46.77
2000-07-17,1.9173,58.44
2000-07-18,0.6144,53.07
2000-07-19,-3.0762,37.21
2000-07-20,1.5523,57.07
2000-07-21,0.6432,53.22
2000-07-24,0.5784,52.89
2000-07-25,-0.8364,45.82
2000-07-26,0.1294,50.65
2000-07-27,-1.5066,43.10
2000-07-28,-4.8840,30.44
2000-07-31,-4.4641,32.01
2000-08-01,-6.9373,20.31
2000-08-02,-5.1966,29.02
2000-08-03,-3.7080,34.84
2000-08-04,-3.3248,36.28
2000-08-07,0.0988,50.49
2000-08-08,2.0585,58.97
2000-08-09,6.8000,79.00
2000-08-10,2.5612,60.85
2000-08-11,1.1982,55.74
2000-08-14,1.7660,57.87
2000-08-15,-0.5239,47.38
2000-08-16,-0.0083,49.96
2000-08-17,1.4666,56.75
2000-08-18,3.3399,63.77
2000-08-21,3.1096,62.91
2000-08-22,5.1726,70.86
2000-08-23,4.4014,67.76
2000-08-24,6.2590,76.29
2000-08-25,6.6020,78.01
2000-08-28,5.6139,73.07
2000-08-29,5.4324,72.16
2000-08-30,2.1835,59.44
2000-08-31,-0.3938,48.03
2000-09-01,-0.5563,47.22
2000-09-05,2.6192,61.07
2000-09-06,2.4648,60.49
2000-09-07,3.4289,64.11
2000-09-08,4.3296,67.49
2000-09-11,3.8816,65.81
2000-09-12,2.8348,61.88
2000-09-13,3.6284,64.86
2000-09-14,5.9703,74.85
2000-09-15,4.8119,69.29
2000-09-18,2.3996,60.25
2000-09-19,4.5657,68.37
2000-09-20,6.0493,75.25
2000-09-21,5.2748,71.37
2000-09-22,3.2391,63.40
2000-09-25,1.9722,58.65
2000-09-26,-0.8458,45.77
2000-09-27,-0.3715,48.14
2000-09-28,0.7663,53.83
2000-09-29,-2.0088,41.22
2000-10-02,-3.2204,36.67
2000-10-03,-1.8205,41.92
2000-10-04,-1.6601,42.52
2000-10-05,-4.9614,30.14
2000-10-06,-7.0571,19.71
2000-10-09,-8.2739,13.97
2000-10-10,-11.3827,2.31
2000-10-11,-11.7432,0.96
2000-10-12,-16.2598,0.00
2000-10-13,-13.2574,0.00
2000-10-16,-13.4258,0.00
2000-10-17,-13.5427,0.00
2000-10-18,-16.3524,0.00
2000-10-19,-11.4943,1.90
2000-10-20,-10.8429,4.34
2000-10-23,-13.4071,0.00
2000-10-24,-12.5754,0.00
2000-10-25,-13.8763,0.00
2000-10-26,-11.9752,0.09
2000-10-27,-12.3195,0.00
2000-10-30,-11.8932,0.40
2000-10-31,-8.6888,12.42
2000-11-01,-9.5635,9.14
2000-11-02,-9.8217,8.17
2000-11-03,-11.6243,1.41
2000-11-06,-13.4871,0.00
2000-11-07,-15.5780,0.00
2000-11-08,-15.7713,0.00
2000-11-09,-15.5299,0.00
2000-11-10,-19.1671,0.00
2000-11-13,-16.6908,0.00
2000-11-14,-14.7087,0.00
2000-11-15,-15.9707,0.00
2000-11-16,-17.2544,0.00
2000-11-17,-15.9308,0.00
2000-11-20,-20.1201,0.00
2000-11-21,-18.3711,0.00
2000-11-22,-20.8864,0.00
2000-11-24,-18.5174,0.00
2000-11-27,-18.3364,0.00
2000-11-28,-20.0859,0.00
2000-11-29,-18.9318,0.00
2000-11-30,-20.3057,0.00
2000-12-01,-18.9747,0.00
2000-12-04,-19.5539,0.00
2000-12-05,-16.6937,0.00
2000-12-06,-17.2940,0.00
2000-12-07,-17.1809,0.00
2000-12-08,-13.8250,0.00
2000-12-11,-12.2716,0.00
2000-12-12,-13.6383,0.00
2000-12-13,-18.3352,0.00
2000-12-14,-17.6935,0.00
2000-12-15,-16.3386,0.00
2000-12-18,-15.9318,0.00
2000-12-19,-17.7795,0.00
2000-12-20,-17.3607,0.00
2000-12-21,-13.6128,0.00
2000-12-22,-12.2980,0.00
2000-12-26,-12.8762,0.00
2000-12-27,-11.9122,0.33
2000-12-28,-11.2245,2.91
2000-12-29,-10.0511,7.31
2001-01-02,-9.6929,8.65
2001-01-03,-3.0399,37.35
2001-01-04,-2.5717,39.11
2001-01-05,-3.2193,36.68
2001-01-08,-2.4407,39.60
2001-01-09,-3.7130,34.83
2001-01-10,-0.1311,49.34
2001-01-11,2.5373,60.77
2001-01-12,4.6328,68.62
2001-01-16,1.7317,57.74
2001-01-17,1.5243,56.97
2001-01-18,2.9599,62.35
2001-01-19,3.8133,65.55
2001-01-22,-0.0950,49.53
2001-01-23,0.9314,54.66
2001-01-24,3.2964,63.61
2001-01-25,1.7113,57.67
2001-01-26,4.5375,68.27
2001-01-29,5.6910,73.45
2001-01-30,5.5066,72.53
2001-01-31,6.9868,79.93
2001-02-01,3.0155,62.56
2001-02-02,2.3022,59.88
2001-02-05,1.3324,56.25
2001-02-06,0.8093,54.05
2001-02-07,-0.2279,48.86
2001-02-08,-1.8560,41.79
2001-02-09,-1.3003,43.87
2001-02-12,-0.6284,46.86
2001-02-13,3.1847,63.19
2001-02-14,2.7574,61.59
2001-02-15,1.9951,58.73
2001-02-16,-0.5631,47.18
2001-02-20,-1.4864,43.18
2001-02-21,-4.1430,33.21
2001-02-22,-1.4316,43.38
2001-02-23,-1.5636,42.89
2001-02-26,1.6856,57.57
2001-02-27,-1.4533,43.30
2001-02-28,-3.4676,35.75
2001-03-01,-1.4967,43.14
2001-03-02,-2.7393,38.48
2001-03-05,-0.9098,45.45
2001-03-06,0.4277,52.14
2001-03-07,1.6513,57.44
2001-03-08,-2.6129,38.95
2001-03-09,-3.4492,35.82
2001-03-12,-4.7338,31.00
2001-03-13,-4.7883,30.79
2001-03-14,-5.6246,26.88
2001-03-15,-5.2933,28.53
2001-03-16,-2.7214,38.54
2001-03-19,-1.0545,44.80
2001-03-20,-0.5117,47.44
2001-03-21,-1.1267,44.52
2001-03-22,0.1827,50.91
2001-03-23,2.1380,59.27
2001-03-26,-0.4670,47.67
2001-03-27,-2.6352,38.87
2001-03-28,-2.1562,40.66
2001-03-29,-5.0075,29.96
2001-03-30,-4.8739,30.47
2001-04-02,-3.8663,34.25
2001-04-03,-5.7346,26.33
2001-04-04,-13.0517,0.00
2001-04-05,-10.8955,4.14
2001-04-06,-9.8500,8.06
2001-04-09,-10.0049,7.48
2001-04-10,-7.5499,17.25
2001-04-11,-7.0964,19.52
2001-04-12,-8.7995,12.00
2001-04-16,-8.6621,12.52
2001-04-17,-10.4322,5.88
2001-04-18,-5.8453,25.77
2001-04-19,-3.9857,33.80
2001-04-20,-4.2733,32.73
2001-04-23,-6.7497,21.25
2001-04-24,-7.7293,16.35
2001-04-25,-9.0283,11.14
2001-04-26,-8.3500,13.69
2001-04-27,-7.2180,18.91
2001-04-30,-8.4198,13.43
2001-05-01,-8.8839,11.69
2001-05-02,-8.0568,14.79
2001-05-03,-6.6214,21.89
2001-05-04,-5.3682,28.16
2001-05-07,-5.6878,26.56
2001-05-08,-4.0873,33.42
2001-05-09,-4.1956,33.02
2001-05-10,-2.0431,41.09
2001-05-11,-0.9916,45.04
2001-05-14,-2.5727,39.10
2001-05-15,-2.3877,39.80
2001-05-16,-3.3115,36.33
2001-05-17,-3.9240,34.04
2001-05-18,-1.3441,43.71
2001-05-21,2.1059,59.15
2001-05-22,5.0072,70.04
2001-05-23,4.1512,66.82
2001-05-24,3.2089,63.28
2001-05-25,1.4927,56.85
2001-05-29,1.8884,58.33
2001-05-30,1.1812,55.68
2001-05-31,1.2184,55.82
2001-06-01,2.3190,59.95
2001-06-04,1.6163,57.31
2001-06-05,0.3827,51.91
2001-06-06,-1.2559,44.04
2001-06-07,0.3725,51.86
2001-06-08,2.1369,59.26
2001-06-11,3.6930,65.10
2001-06-12,0.4395,52.20
2001-06-13,0.6906,53.45
2001-06-14,1.5991,57.25
2001-06-15,2.2068,59.53
2001-06-18,1.1640,55.62
2001-06-19,1.3630,56.36
2001-06-20,0.1237,50.62
2001-06-21,2.1466,59.30
2001-06-22,1.1441,55.54
2001-06-25,2.1989,59.50
2001-06-26,2.2452,59.67
2001-06-27,3.3980,63.99
2001-06-28,5.6951,73.48
2001-06-29,6.1442,75.72
2001-07-02,5.9566,74.78
2001-07-03,9.6658,91.25
2001-07-05,9.7369,91.51
2001-07-06,2.8241,61.84
2001-07-09,4.5300,68.24
2001-07-10,3.8717,65.77
2001-07-11,1.8713,58.27
2001-07-12,3.8834,65.81
2001-07-13,4.0364,66.39
2001-07-16,4.3598,67.60
2001-07-17,5.9768,74.88
2001-07-18,-0.8067,45.97
2001-07-19,-1.8420,41.84
2001-07-20,-1.4051,43.48
2001-07-23,1.0939,55.35
2001-07-24,1.5500,57.06
2001-07-25,1.6821,57.56
2001-07-26,1.7306,57.74
2001-07-27,0.1974,50.99
2001-07-30,0.3852,51.93
2001-07-31,1.0203,55.08
2001-08-01,0.1405,50.70
2001-08-02,0.6785,53.39
2001-08-03,0.0059,50.03
2001-08-06,-0.1096,49.45
2001-08-07,-0.8968,45.52
2001-08-08,-0.3844,48.08
2001-08-09,-0.9478,45.26
2001-08-10,-0.8438,45.78
2001-08-13,-0.8742,45.63
2001-08-14,-0.9643,45.18
2001-08-15,-0.9824,45.09
2001-08-16,-2.0614,41.02
2001-08-17,-3.1798,36.83
2001-08-20,-4.0984,33.38
2001-08-21,-6.6789,21.61
2001-08-22,-5.8167,25.92
2001-08-23,-5.5535,27.23
2001-08-24,-4.6602,31.27
2001-08-27,-3.5308,35.51
2001-08-28,-2.2105,40.46
2001-08-29,-3.3393,36.23
2001-08-30,-4.4587,32.03
2001-08-31,-3.8316,34.38
2001-09-04,-5.8948,25.53
2001-09-05,-7.2854,18.57
2001-09-06,-8.3119,13.83
2001-09-07,-8.7095,12.34
2001-09-10,-8.4352,13.37
2001-09-17,-11.5955,1.52
2001-09-18,-11.6777,1.21
2001-09-19,-11.9519,0.18
2001-09-20,-14.1258,0.00
2001-09-21,-12.9791,0.00
2001-09-24,-9.8224,8.17
2001-09-25,-9.4537,9.55
2001-09-26,-12.0341,0.00
2001-09-27,-12.2962,0.00
2001-09-28,-11.8497,0.56
2001-10-01,-11.9282,0.27
2001-10-02,-11.2514,2.81
2001-10-03,-10.0922,7.15
2001-10-04,-10.3752,6.09
2001-10-05,-10.6651,5.01
2001-10-08,-11.9360,0.24
2001-10-09,-10.5895,5.29
2001-10-10,-8.1120,14.58
2001-10-11,-5.2818,28.59
2001-10-12,-4.4982,31.88
2001-10-15,-4.8125,30.70
2001-10-16,-7.8456,15.77
2001-10-17,-9.3516,9.93
2001-10-18,-7.8193,15.90
2001-10-19,-9.6471,8.82
2001-10-22,-7.0374,19.81
2001-10-23,-6.6080,21.96
2001-10-24,-5.6507,26.75
2001-10-25,-5.9142,25.43
2001-10-26,-5.0131,29.93
2001-10-29,-6.9139,20.43
2001-10-30,-6.9330,20.34
2001-10-31,-6.6553,21.72
2001-11-01,-5.3726,28.14
2001-11-02,-5.4115,27.94
2001-11-05,-4.6721,31.23
2001-11-06,-4.0113,33.71
2001-11-07,-3.5244,35.53
2001-11-08,-2.7041,38.61
2001-11-09,-3.3936,36.02
2001-11-12,-2.7851,38.31
2001-11-13,-1.0379,44.86
2001-11-14,0.2338,51.17
2001-11-15,0.1668,50.83
2001-11-16,-0.9749,45.13
2001-11-19,0.5015,52.51
2001-11-20,-0.3920,48.04
2001-11-21,0.3961,51.98
2001-11-23,1.2540,55.95
2001-11-26,3.9061,65.90
2001-11-27,3.7269,65.23
2001-11-28,2.9995,62.50
2001-11-29,2.5454,60.80
2001-11-30,2.4136,60.30
2001-12-03,1.8414,58.16
2001-12-04,3.4049,64.02
2001-12-05,6.6512,78.26
2001-12-06,6.2883,76.44
2001-12-07,6.3634,76.82
2001-12-10,7.5636,82.82
2001-12-11,9.3882,90.21
2001-12-12,10.5948,94.73
2001-12-13,10.1265,92.97
2001-12-14,15.6134,100.00
2001-12-17,15.9522,100.00
2001-12-18,17.3305,100.00
2001-12-19,20.8264,100.00
2001-12-20,19.1747,100.00
2001-12-21,15.2194,100.00
2001-12-24,14.1689,100.00
2001-12-26,16.0470,100.00
2001-12-27,15.9473,100.00
2001-12-28,15.2944,100.00
2001-12-31,14.8459,100.00
2002-01-02,14.3775,100.00
2002-01-03,12.8485,100.00
2002-01-04,13.2932,100.00
2002-01-07,13.2274,100.00
2002-01-08,14.7544,100.00
2002-01-09,14.3387,100.00
2002-01-10,11.7100,98.91
2002-01-11,7.4740,82.37
2002-01-14,6.8075,79.04
2002-01-15,7.4731,82.37
2002-01-16,5.9223,74.61
2002-01-17,8.5678,87.13
2002-01-18,7.3028,81.51
2002-01-22,8.3645,86.37
2002-01-23,7.2550,81.27
2002-01-24,7.1453,80.73
2002-01-25,6.2907,76.45
2002-01-28,5.6978,73.49
2002-01-29,2.7650,61.62
2002-01-30,7.2011,81.01
2002-01-31,8.5534,87.08
2002-02-01,6.5794,77.90
2002-02-04,3.7528,65.32
2002-02-05,2.1332,59.25
2002-02-06,1.1890,55.71
2002-02-07,-0.9097,45.45
2002-02-08,-0.7535,46.23
2002-02-11,-0.0044,49.98
2002-02-12,-0.2404,48.80
2002-02-13,0.4706,52.35
2002-02-14,-1.5596,42.90
2002-02-15,-3.3718,36.11
2002-02-19,-2.9443,37.71
2002-02-20,-2.3175,40.06
2002-02-21,-4.0515,33.56
2002-02-22,-3.6709,34.98
2002-02-25,-1.7978,42.01
2002-02-26,-2.5046,39.36
2002-02-27,-2.6030,38.99
2002-02-28,-3.6025,35.24
2002-03-01,-2.7499,38.44
2002-03-04,-1.0792,44.70
2002-03-05,-1.4135,43.45
2002-03-06,0.3922,51.96
2002-03-07,-0.6790,46.60
2002-03-08,-1.4172,43.44
2002-03-11,-1.7585,42.16
2002-03-12,-0.8945,45.53
2002-03-13,-2.3260,40.03
2002-03-14,-3.1917,36.78
2002-03-15,-3.3741,36.10
2002-03-18,-3.2939,36.40
2002-03-19,-3.4183,35.93
2002-03-20,-4.1402,33.22
2002-03-21,-5.5073,27.46
2002-03-22,-5.1573,29.21
2002-03-25,-5.4881,27.56
2002-03-26,-5.3754,28.12
2002-03-27,-4.8317,30.63
2002-03-28,-5.7511,26.24
2002-04-01,-4.8547,30.54
2002-04-02,-6.3978,23.01
2002-04-03,-6.5092,22.45
2002-04-04,-5.7467,26.27
2002-04-05,-6.4164,22.92
2002-04-08,-6.5946,22.03
2002-04-09,-5.6908,26.55
2002-04-10,-6.4070,22.97
2002-04-11,-6.7032,21.48
2002-04-12,-5.3472,28.26
2002-04-15,-4.9585,30.16
2002-04-16,-2.7555,38.42
2002-04-17,-3.2162,36.69
2002-04-18,-3.6264,35.15
2002-04-19,-4.7990,30.75
2002-04-22,-5.2597,28.70
2002-04-23,-5.3345,28.33
2002-04-24,-6.8465,20.77
2002-04-25,-7.9880,15.06
2002-04-26,-8.2145,14.20
2002-04-29,-7.9357,15.32
2002-04-30,-5.8699,25.65
2002-05-01,-8.3944,13.52
2002-05-02,-8.6900,12.41
2002-05-03,-7.7161,16.42
2002-05-06,-7.2754,18.62
2002-05-07,-5.4788,27.61
2002-05-08,-3.6322,35.13
2002-05-09,-3.5554,35.42
2002-05-10,-4.5921,31.53
2002-05-13,-4.9264,30.28
2002-05-14,-2.6105,38.96
2002-05-15,-3.0386,37.36
2002-05-16,-2.0476,41.07
2002-05-17,-0.4974,47.51
2002-05-20,-1.2014,44.24
2002-05-21,-2.4044,39.73
2002-05-22,-2.3542,39.92
2002-05-23,-1.1424,44.47
2002-05-24,-2.8892,37.92
2002-05-28,-4.4568,32.04
2002-05-29,-4.9444,30.21
2002-05-30,-4.0058,33.73
2002-05-31,-4.0539,33.55
2002-06-03,-6.5623,22.19
2002-06-04,-6.4264,22.87
2002-06-05,-5.8838,25.58
2002-06-06,-5.8214,25.89
2002-06-07,-7.4510,17.75
2002-06-10,-7.6568,16.72
2002-06-11,-7.3181,18.41
2002-06-12,-5.3336,28.33
2002-06-13,-5.9039,25.48
2002-06-14,-5.2174,28.91
2002-06-17,-4.0745,33.47
2002-06-18,-4.5854,31.55
2002-06-19,-4.2615,32.77
2002-06-20,-3.5093,35.59
2002-06-21,-3.6326,35.13
2002-06-24,-1.2986,43.88
2002-06-25,-2.7412,38.47
2002-06-26,-3.6780,34.96
2002-06-27,-2.7005,38.62
2002-06-28,-2.4874,39.42
2002-07-01,-2.4446,39.58
2002-07-02,-1.7597,42.15
2002-07-03,-1.3586,43.66
2002-07-05,0.4830,52.41
2002-07-08,-0.6030,46.98
2002-07-09,-0.3330,48.33
2002-07-10,1.0633,55.24
2002-07-11,1.6596,57.47
2002-07-12,1.5642,57.12
2002-07-15,2.2633,59.74
2002-07-16,1.1454,55.55
2002-07-17,1.0783,55.29
2002-07-18,2.4753,60.53
2002-07-19,3.6620,64.98
2002-07-22,2.2591,59.72
2002-07-23,1.8505,58.19
2002-07-24,2.0306,58.86
2002-07-25,-1.1261,44.53
2002-07-26,-0.1384,49.31
2002-07-29,1.9367,58.51
2002-07-30,0.1918,50.96
2002-07-31,-0.2875,48.56
2002-08-01,-1.5569,42.91
2002-08-02,-3.1470,36.95
2002-08-05,-2.7654,38.38
2002-08-06,-2.6105,38.96
2002-08-07,-5.0559,29.72
2002-08-08,-4.0166,33.69
2002-08-09,-3.2758,36.47
2002-08-12,-5.1675,29.16
2002-08-13,-6.3282,23.36
2002-08-14,-5.5307,27.35
2002-08-15,-4.6004,31.50
2002-08-16,-4.0294,33.64
2002-08-19,-1.9866,41.30
2002-08-20,-1.2553,44.04
2002-08-21,-1.2003,44.25
2002-08-22,-1.8844,41.68
2002-08-23,-2.2499,40.31
2002-08-26,-1.1679,44.37
2002-08-27,-1.1569,44.41
2002-08-28,-2.2088,40.47
2002-08-29,-1.4214,43.42
2002-08-30,-0.9257,45.37
2002-09-03,-1.7335,42.25
2002-09-04,-1.8711,41.73
2002-09-05,-3.2694,36.49
2002-09-06,-0.4739,47.63
2002-09-09,-0.2785,48.61
2002-09-10,0.7305,53.65
2002-09-11,-0.1512,49.24
2002-09-12,-0.0020,49.99
2002-09-13,-1.2178,44.18
2002-09-16,-2.2517,40.31
2002-09-17,-1.1894,44.29
2002-09-18,-2.2596,40.28
2002-09-19,-2.6688,38.74
2002-09-20,-1.3438,43.71
2002-09-23,-3.1774,36.83
2002-09-24,-2.9339,37.75
2002-09-25,-1.9873,41.30
2002-09-26,-3.3613,36.15
2002-09-27,-4.0470,33.57
2002-09-30,-4.7505,30.94
2002-10-01,-3.5381,35.48
2002-10-02,-6.3137,23.43
2002-10-03,-8.8050,11.98
2002-10-04,-7.4895,17.55
2002-10-07,-10.3560,6.16
2002-10-08,-10.8918,4.16
2002-10-09,-10.4463,5.83
2002-10-10,-9.9633,7.64
2002-10-11,-7.3627,18.19
2002-10-14,-8.3320,13.75
2002-10-15,-3.8647,34.26
2002-10-16,-5.8115,25.94
2002-10-17,-5.9149,25.43
2002-10-18,-3.2907,36.41
2002-10-21,-2.9887,37.54
2002-10-22,-0.8129,45.94
2002-10-23,4.9863,69.95
2002-10-24,2.9663,62.37
2002-10-25,0.8083,54.04
2002-10-28,1.9064,58.40
2002-10-29,2.8853,62.07
2002-10-30,3.9912,66.22
2002-10-31,6.9124,79.56
2002-11-01,9.1790,89.42
2002-11-04,8.4634,86.74
2002-11-05,8.4953,86.86
2002-11-06,7.7123,83.56
2002-11-07,5.9444,74.72
2002-11-08,7.8445,84.22
2002-11-11,6.7737,78.87
2002-11-12,7.8051,84.03
2002-11-13,5.8097,74.05
2002-11-14,5.7568,73.78
2002-11-15,3.7956,65.48
2002-11-18,3.6089,64.78
2002-11-19,2.5245,60.72
2002-11-20,4.9158,69.68
2002-11-21,9.0511,88.94
2002-11-22,8.1038,85.39
2002-11-25,9.4030,90.26
2002-11-26,9.5087,90.66
2002-11-27,10.7091,95.16
2002-11-29,10.5994,94.75
2002-12-02,13.7313,100.00
2002-12-03,9.7017,91.38
2002-12-04,10.8830,95.81
2002-12-05,7.5232,82.62
2002-12-06,7.2996,81.50
2002-12-09,2.6938,61.35
2002-12-10,3.3607,63.85
2002-12-11,4.4580,67.97
2002-12-12,5.3664,71.83
2002-12-13,3.7401,65.28
2002-12-16,4.7483,69.06
2002-12-17,6.3854,76.93
2002-12-18,5.8141,74.07
2002-12-19,4.2998,67.37
2002-12-20,5.5509,72.75
2002-12-23,5.4632,72.32
2002-12-24,4.2140,67.05
2002-12-26,5.9269,74.63
2002-12-27,5.1151,70.58
2002-12-30,6.9139,79.57
2002-12-31,5.1787,70.89
2003-01-02,9.0720,89.02
2003-01-03,9.1329,89.25
2003-01-06,9.3033,89.89
2003-01-07,13.6470,100.00
2003-01-08,9.8145,91.80
2003-01-09,11.1231,96.71
2003-01-10,9.7885,91.71
2003-01-13,5.8346,74.17
2003-01-14,7.4799,82.40
2003-01-15,1.2843,56.07
2003-01-16,1.0334,55.13
2003-01-17,-2.3505,39.94
2003-01-21,-2.8572,38.04
2003-01-22,-2.5501,39.19
2003-01-23,-2.1282,40.77
2003-01-24,-3.9243,34.03
2003-01-27,-1.9264,41.53
2003-01-28,-3.1741,36.85
2003-01-29,-1.8229,41.91
2003-01-30,-1.8617,41.77
2003-01-31,-2.2846,40.18
2003-02-03,-2.3556,39.92
2003-02-04,-4.2982,32.63
2003-02-05,-4.1595,33.15
2003-02-06,-3.9848,33.81
2003-02-07,-3.8650,34.26
2003-02-10,-2.9063,37.85
2003-02-11,-2.4623,39.52
2003-02-12,-0.9511,45.24
2003-02-13,-4.1848,33.06
2003-02-14,-3.0840,37.19
2003-02-18,-3.3456,36.20
2003-02-19,-2.8363,38.11
2003-02-20,-2.2607,40.27
2003-02-21,-0.6976,46.51
2003-02-24,-3.9357,33.99
2003-02-25,-6.3007,23.50
2003-02-26,-5.7823,26.09
2003-02-27,-5.8728,25.64
2003-02-28,-4.3512,32.43
2003-03-03,-7.0198,19.90
2003-03-04,-7.3906,18.05
2003-03-05,-8.1712,14.36
2003-03-06,-6.5789,22.11
2003-03-07,-6.1312,24.34
2003-03-10,-6.0253,24.87
2003-03-11,-6.9142,20.43
2003-03-12,-4.0120,33.71
2003-03-13,-2.2762,40.21
2003-03-14,-1.7404,42.22
2003-03-17,-0.6703,46.65
2003-03-18,1.0965,55.36
2003-03-19,-0.4137,47.93
2003-03-20,-0.3393,48.30
2003-03-21,1.7941,57.98
2003-03-24,0.4648,52.32
2003-03-25,-0.2961,48.52
2003-03-26,0.5991,53.00
2003-03-27,0.4363,52.18
2003-03-28,-0.7464,46.27
2003-03-31,-0.9248,45.38
2003-04-01,0.2953,51.48
2003-04-02,1.8003,58.00
2003-04-03,0.6735,53.37
2003-04-04,1.2906,56.09
2003-04-07,1.7613,57.85
2003-04-08,0.1419,50.71
2003-04-09,0.7346,53.67
2003-04-10,-0.5202,47.40
2003-04-11,-0.8081,45.96
2003-04-14,-0.8468,45.77
2003-04-15,-0.7606,46.20
2003-04-16,0.7847,53.92
2003-04-17,2.9296,62.24
2003-04-21,3.7542,65.33
2003-04-22,5.5767,72.88
2003-04-23,7.1966,80.98
2003-04-24,3.9824,66.18
2003-04-25,4.9227,69.71
2003-04-28,4.5527,68.32
2003-04-29,5.0400,70.20
2003-04-30,4.5492,68.31
2003-05-01,5.5097,72.55
2003-05-02,6.8487,79.24
2003-05-05,5.9267,74.63
2003-05-06,8.3084,86.16
2003-05-07,7.3649,81.82
2003-05-08,6.5512,77.76
2003-05-09,7.2607,81.30
2003-05-12,7.8320,84.16
2003-05-13,6.5445,77.72
2003-05-14,5.7311,73.66
2003-05-15,6.0729,75.36
2003-05-16,4.0921,66.60
2003-05-19,2.0098,58.79
2003-05-20,2.4177,60.32
2003-05-21,2.3908,60.22
2003-05-22,1.3729,56.40
2003-05-23,2.1143,59.18
2003-05-27,2.6386,61.14
2003-05-28,3.7562,65.34
2003-05-29,3.5114,64.42
2003-05-30,3.4987,64.37
2003-06-02,5.4058,72.03
2003-06-03,6.2398,76.20
2003-06-04,5.8205,74.10
2003-06-05,7.6083,83.04
2003-06-06,7.4482,82.24
2003-06-09,7.0639,80.32
2003-06-10,9.0389,88.90
2003-06-11,9.3905,90.21
2003-06-12,5.6492,73.25
2003-06-13,4.3847,67.69
2003-06-16,3.1027,62.89
2003-06-17,3.0179,62.57
2003-06-18,2.2192,59.57
2003-06-19,1.5052,56.89
2003-06-20,0.9707,54.85
2003-06-23,2.0273,58.85
2003-06-24,2.1286,59.23
2003-06-25,1.2587,55.97
2003-06-26,2.5525,60.82
2003-06-27,3.6771,65.04
2003-06-30,5.3405,71.70
2003-07-01,4.6613,68.73
2003-07-02,3.0485,62.68
2003-07-03,2.7708,61.64
2003-07-07,5.1812,70.91
2003-07-08,5.3173,71.59
2003-07-09,6.1553,75.78
2003-07-10,6.4592,77.30
2003-07-11,6.6825,78.41
2003-07-14,7.9331,84.67
2003-07-15,7.3239,81.62
2003-07-16,7.5011,82.51
2003-07-17,5.1549,70.77
2003-07-18,3.8842,65.82
2003-07-21,4.4852,68.07
2003-07-22,3.9058,65.90
2003-07-23,2.9642,62.37
2003-07-24,4.7661,69.12
2003-07-25,6.4939,77.47
2003-07-28,6.2077,76.04
2003-07-29,5.5309,72.65
2003-07-30,4.7829,69.19
2003-07-31,5.3734,71.87
2003-08-01,4.9291,69.73
2003-08-04,5.1810,70.91
2003-08-05,3.7659,65.37
2003-08-06,3.8358,65.63
2003-08-07,4.0302,66.36
2003-08-08,3.3442,63.79
2003-08-11,3.4522,64.20
2003-08-12,4.1642,66.87
2003-08-13,4.8861,69.57
2003-08-14,5.7122,73.56
2003-08-15,6.6967,78.48
2003-08-18,9.1725,89.40
2003-08-19,9.7454,91.55
2003-08-20,9.8059,91.77
2003-08-21,10.9200,95.95
2003-08-22,11.7132,98.92
2003-08-25,9.4823,90.56
2003-08-26,9.4658,90.50
2003-08-27,8.9247,88.47
2003-08-28,8.3379,86.27
2003-08-29,7.9427,84.71
2003-09-02,8.6300,87.36
2003-09-03,8.6718,87.52
2003-09-04,8.2134,85.80
2003-09-05,7.9165,84.58
2003-09-08,9.1669,89.38
2003-09-09,7.7087,83.54
2003-09-10,5.3523,71.76
2003-09-11,6.1933,75.97
2003-09-12,6.0794,75.40
2003-09-15,6.1087,75.54
2003-09-16,7.4320,82.16
2003-09-17,7.6891,83.45
2003-09-18,9.2758,89.78
2003-09-19,9.0778,89.04
2003-09-22,8.8681,88.26
2003-09-23,9.0717,89.02
2003-09-24,8.1689,85.63
2003-09-25,7.4549,82.27
2003-09-26,6.2668,76.33
2003-09-29,6.6781,78.39
2003-09-30,5.4519,72.26
2003-10-01,6.2453,76.23
2003-10-02,5.8728,74.36
2003-10-03,5.5606,72.80
2003-10-06,4.9198,69.70
2003-10-07,5.2315,71.16
2003-10-08,5.6844,73.42
2003-10-09,5.6323,73.16
2003-10-10,5.1469,70.73
2003-10-13,5.3772,71.89
2003-10-14,4.6365,68.64
2003-10-15,6.5113,77.56
2003-10-16,6.6131,78.07
2003-10-17,6.2119,76.06
2003-10-20,5.7486,73.74
2003-10-21,5.7167,73.58
2003-10-22,5.3316,71.66
2003-10-23,3.6750,65.03
2003-10-24,2.6950,61.36
2003-10-27,3.6728,65.02
2003-10-28,5.4966,72.48
2003-10-29,5.0794,70.40
2003-10-30,5.3494,71.75
2003-10-31,5.2704,71.35
2003-11-03,6.7078,78.54
2003-11-04,7.1037,80.52
2003-11-05,7.8926,84.46
2003-11-06,8.4839,86.81
2003-11-07,8.0300,85.11
2003-11-10,6.9996,80.00
2003-11-11,6.0767,75.38
2003-11-12,6.0074,75.04
2003-11-13,4.8497,69.44
2003-11-14,2.2095,59.54
2003-11-17,0.9732,54.87
2003-11-18,1.1542,55.58
2003-11-19,0.3735,51.87
2003-11-20,0.1388,50.69
2003-11-21,2.0590,58.97
2003-11-24,1.9065,58.40
2003-11-25,2.5789,60.92
2003-11-26,2.1701,59.39
2003-11-28,1.8596,58.22
2003-12-01,2.2426,59.66
2003-12-02,1.5449,57.04
2003-12-03,1.3616,56.36
2003-12-04,1.7890,57.96
2003-12-05,0.9258,54.63
2003-12-08,1.9973,58.74
2003-12-09,3.4721,64.27
2003-12-10,2.7588,61.60
2003-12-11,4.2628,67.24
2003-12-12,3.8503,65.69
2003-12-15,2.6102,61.04
2003-12-16,2.5049,60.64
2003-12-17,1.6945,57.60
2003-12-18,1.8375,58.14
2003-12-19,2.7839,61.69
2003-12-22,2.6886,61.33
2003-12-23,3.9792,66.17
2003-12-24,4.1066,66.65
2003-12-26,5.0382,70.19
2003-12-29,5.2922,71.46
2003-12-30,5.6181,73.09
2003-12-31,4.1678,66.88
2004-01-02,4.7368,69.01
2004-01-05,4.2420,67.16
2004-01-06,3.8864,65.82
2004-01-07,3.3820,63.93
2004-01-08,4.4710,68.02
2004-01-09,3.6614,64.98
2004-01-12,3.8074,65.53
2004-01-13,3.0630,62.74
2004-01-14,3.3984,63.99
2004-01-15,3.2307,63.37
2004-01-16,4.3302,67.49
2004-01-20,4.2114,67.04
2004-01-21,3.5426,64.53
2004-01-22,3.3150,63.68
2004-01-23,3.4495,64.19
2004-01-26,4.5678,68.38
2004-01-27,4.3836,67.69
2004-01-28,2.4486,60.43
2004-01-29,0.0762,50.38
2004-01-30,0.3046,51.52
2004-02-02,-0.4837,47.58
2004-02-03,-1.1895,44.29
2004-02-04,-2.8092,38.22
2004-02-05,-2.3444,39.96
2004-02-06,-1.8860,41.68
2004-02-09,-2.5311,39.26
2004-02-10,-2.8008,38.25
2004-02-11,-1.4681,43.24
2004-02-12,-1.1764,44.34
2004-02-13,-1.7904,42.04
2004-02-17,-0.5565,47.22
2004-02-18,0.4680,52.34
2004-02-19,0.4453,52.23
2004-02-20,0.3811,51.91
2004-02-23,-0.4469,47.77
2004-02-24,-0.1565,49.22
2004-02-25,-1.2400,44.10
2004-02-26,-1.3002,43.87
2004-02-27,-2.2619,40.27
2004-03-01,-2.1831,40.56
2004-03-02,-1.7631,42.14
2004-03-03,-2.6303,38.89
2004-03-04,-2.2497,40.31
2004-03-05,-2.1833,40.56
2004-03-08,-3.6695,34.99
2004-03-09,-2.6272,38.90
2004-03-10,-3.4741,35.72
2004-03-11,-2.8336,38.12
2004-03-12,-1.4014,43.49
2004-03-15,-3.3422,36.22
2004-03-16,-2.9482,37.69
2004-03-17,-2.5547,39.17
2004-03-18,-2.2908,40.16
2004-03-19,-2.2395,40.35
2004-03-22,-2.7774,38.33
2004-03-23,-3.2363,36.61
2004-03-24,-3.0744,37.22
2004-03-25,-2.0701,40.99
2004-03-26,-1.8942,41.65
2004-03-29,-1.7377,42.23
2004-03-30,-2.0402,41.10
2004-03-31,-2.2987,40.13
2004-04-01,-1.5266,43.03
2004-04-02,-1.0418,44.84
2004-04-05,-1.6468,42.57
2004-04-06,-2.2422,40.34
2004-04-07,-2.1527,40.68
2004-04-08,-2.8491,38.07
2004-04-12,-1.8582,41.78
2004-04-13,-2.7193,38.55
2004-04-14,-3.4858,35.68
2004-04-15,-5.0685,29.66
2004-04-16,-5.5774,27.11
2004-04-19,-6.0519,24.74
2004-04-20,-5.7172,26.41
2004-04-21,-5.3071,28.46
2004-04-22,-4.2691,32.74
2004-04-23,-4.0356,33.62
2004-04-26,-5.0969,29.52
2004-04-27,-4.7578,30.91
2004-04-28,-4.1524,33.18
2004-04-29,-3.4488,35.82
2004-04-30,-4.7789,30.83
2004-05-03,-4.5912,31.53
2004-05-04,-3.3067,36.35
2004-05-05,-2.4598,39.53
2004-05-06,-3.7778,34.58
2004-05-07,-4.3435,32.46
2004-05-10,-4.0315,33.63
2004-05-11,-2.8980,37.88
2004-05-12,-3.1510,36.93
2004-05-13,-3.0559,37.29
2004-05-14,-3.4845,35.68
2004-05-17,-4.2721,32.73
2004-05-18,-3.2991,36.38
2004-05-19,-2.2360,40.37
2004-05-20,-2.2117,40.46
2004-05-21,-0.9182,45.41
2004-05-24,-0.7626,46.19
2004-05-25,-0.2987,48.51
2004-05-26,-0.4249,47.88
2004-05-27,-0.5603,47.20
2004-05-28,-0.4660,47.67
2004-06-01,-1.1994,44.25
2004-06-02,-1.0317,44.88
2004-06-03,-1.5376,42.98
2004-06-04,-0.9244,45.38
2004-06-07,1.1739,55.65
2004-06-08,1.4548,56.71
2004-06-09,1.9029,58.39
2004-06-10,1.9930,58.72
2004-06-14,0.1571,50.79
2004-06-15,1.6183,57.32
2004-06-16,1.1943,55.73
2004-06-17,0.4658,52.33
2004-06-18,0.8252,54.13
2004-06-21,0.5478,52.74
2004-06-22,1.5612,57.10
2004-06-23,2.2962,59.86
2004-06-24,2.0800,59.05
2004-06-25,1.6107,57.29
2004-06-28,1.2625,55.98
2004-06-29,1.3570,56.34
2004-06-30,1.0765,55.29
2004-07-01,1.7675,57.88
2004-07-02,0.3233,51.62
2004-07-06,-1.0430,44.84
2004-07-07,-1.2203,44.17
2004-07-08,-1.6191,42.68
2004-07-09,-1.1507,44.43
2004-07-12,-1.0855,44.68
2004-07-13,-2.0443,41.08
2004-07-14,-2.6602,38.77
2004-07-15,-1.5904,42.79
2004-07-16,-0.9190,45.40
2004-07-19,-0.9599,45.20
2004-07-20,-0.5914,47.04
2004-07-21,-0.1858,49.07
2004-07-22,0.3077,51.54
2004-07-23,-0.4695,47.65
2004-07-26,-0.1207,49.40
2004-07-27,1.0508,55.19
2004-07-28,0.9806,54.90
2004-07-29,2.3303,59.99
2004-07-30,2.2464,59.67
2004-08-02,3.1510,63.07
2004-08-03,2.5333,60.75
2004-08-04,1.7708,57.89
2004-08-05,1.2215,55.83
2004-08-06,0.6951,53.48
2004-08-09,1.0560,55.21
2004-08-10,1.5853,57.19
2004-08-11,-1.1346,44.50
2004-08-12,-2.9049,37.86
2004-08-13,-2.4331,39.63
2004-08-16,-0.9816,45.09
2004-08-17,0.1310,50.65
2004-08-18,-0.0210,49.90
2004-08-19,-0.9184,45.41
2004-08-20,-0.4194,47.90
2004-08-23,-0.7824,46.09
2004-08-24,-1.2187,44.18
2004-08-25,-1.2375,44.11
2004-08-26,-1.2785,43.96
2004-08-27,-0.7418,46.29
2004-08-30,-1.1757,44.34
2004-08-31,-1.1679,44.37
2004-09-01,-0.9494,45.25
2004-09-02,-0.3596,48.20
2004-09-03,-1.3769,43.59
2004-09-07,-1.8507,41.81
2004-09-08,-1.7536,42.17
2004-09-09,-1.3308,43.76
2004-09-10,-0.8486,45.76
2004-09-13,0.0256,50.13
2004-09-14,-0.3582,48.21
2004-09-15,-0.6975,46.51
2004-09-16,0.1067,50.53
2004-09-17,0.1147,50.57
2004-09-20,0.9852,54.93
2004-09-21,0.5632,52.82
2004-09-22,-0.6076,46.96
2004-09-23,-0.3735,48.13
2004-09-24,-1.1167,44.56
2004-09-27,-1.1087,44.59
2004-09-28,-1.5534,42.92
2004-09-29,-1.2159,44.19
2004-09-30,-0.4605,47.70
2004-10-01,1.2025,55.76
2004-10-04,2.0908,59.09
2004-10-05,1.8771,58.29
2004-10-06,3.2506,63.44
2004-10-07,2.9795,62.42
2004-10-08,2.4212,60.33
2004-10-11,2.7474,61.55
2004-10-12,3.5369,64.51
2004-10-13,3.8287,65.61
2004-10-14,3.5372,64.51
2004-10-15,3.6802,65.05
2004-10-18,3.3689,63.88
2004-10-19,3.1880,63.21
2004-10-20,2.3973,60.24
2004-10-21,3.0721,62.77
2004-10-22,1.7547,57.83
2004-10-25,0.7582,53.79
2004-10-26,1.0729,55.27
2004-10-27,1.1211,55.45
2004-10-28,1.9023,58.38
2004-10-29,1.8465,58.17
2004-11-01,3.1602,63.10
2004-11-02,4.5309,68.24
2004-11-03,3.6468,64.93
2004-11-04,5.1771,70.89
2004-11-05,5.1660,70.83
2004-11-08,4.2989,67.37
2004-11-09,6.2159,76.08
2004-11-10,7.5560,82.78
2004-11-11,7.4901,82.45
2004-11-12,6.6583,78.29
2004-11-15,6.2558,76.28
2004-11-16,5.2800,71.40
2004-11-17,6.3824,76.91
2004-11-18,6.4693,77.35
2004-11-19,5.7623,73.81
2004-11-22,5.4502,72.25
2004-11-23,5.0637,70.32
2004-11-24,5.6100,73.05
2004-11-26,5.2981,71.49
2004-11-29,6.0668,75.33
2004-11-30,6.6035,78.02
2004-12-01,7.7048,83.52
2004-12-02,7.1313,80.66
2004-12-03,7.9584,84.79
2004-12-06,7.4744,82.37
2004-12-07,6.6817,78.41
2004-12-08,6.3574,76.79
2004-12-09,5.3823,71.91
2004-12-10,4.7805,69.18
2004-12-13,4.7777,69.17
2004-12-14,4.9360,69.76
2004-12-15,4.4517,67.94
2004-12-16,3.1566,63.09
2004-12-17,2.7432,61.54
2004-12-20,2.3378,60.02
2004-12-21,3.1591,63.10
2004-12-22,3.0552,62.71
2004-12-23,3.1386,63.02
2004-12-27,3.4960,64.36
2004-12-28,3.8247,65.59
2004-12-29,3.2083,63.28
2004-12-30,2.3402,60.03
2004-12-31,1.6603,57.48
2005-01-03,1.4727,56.77
2005-01-04,0.8805,54.40
2005-01-05,0.7564,53.78
2005-01-06,-0.2677,48.66
2005-01-07,-0.3218,48.39
2005-01-10,-0.9615,45.19
2005-01-11,-0.8286,45.86
2005-01-12,-1.3209,43.80
2005-01-13,-0.7981,46.01
2005-01-14,-0.8595,45.70
2005-01-18,-1.2323,44.13
2005-01-19,-2.0968,40.89
2005-01-20,-2.4255,39.65
2005-01-21,-3.0596,37.28
2005-01-24,-2.5770,39.09
2005-01-25,-2.1705,40.61
2005-01-26,-2.3505,39.94
2005-01-27,-3.3440,36.21
2005-01-28,-3.6877,34.92
2005-01-31,-3.0244,37.41
2005-02-01,-3.6696,34.99
2005-02-02,-5.1857,29.07
2005-02-03,-4.1042,33.36
2005-02-04,-3.7665,34.63
2005-02-07,-3.8654,34.25
2005-02-08,-3.9107,34.08
2005-02-09,-4.1307,33.26
2005-02-10,-3.8631,34.26
2005-02-11,-3.9760,33.84
2005-02-14,-4.4994,31.88
2005-02-15,-4.1944,33.02
2005-02-16,-4.2181,32.93
2005-02-17,-5.6659,26.67
2005-02-18,-6.5288,22.36
2005-02-22,-5.7837,26.08
2005-02-23,-5.4363,27.82
2005-02-24,-5.5515,27.24
2005-02-25,-6.2774,23.61
2005-02-28,-5.6582,26.71
2005-03-01,-5.8762,25.62
2005-03-02,-5.9801,25.10
2005-03-03,-7.5950,17.03
2005-03-04,-7.4078,17.96
2005-03-07,-7.4349,17.83
2005-03-08,-7.0452,19.77
2005-03-09,-6.6644,21.68
2005-03-10,-6.6765,21.62
2005-03-11,-6.4348,22.83
2005-03-14,-6.5590,22.21
2005-03-15,-6.3388,23.31
2005-03-16,-6.0841,24.58
2005-03-17,-6.5902,22.05
2005-03-18,-5.6066,26.97
2005-03-21,-5.8048,25.98
2005-03-22,-5.9163,25.42
2005-03-23,-6.3305,23.35
2005-03-24,-6.5958,22.02
2005-03-28,-6.3746,23.13
2005-03-29,-6.6272,21.86
2005-03-30,-6.6700,21.65
2005-03-31,-6.4957,22.52
2005-04-01,-6.9663,20.17
2005-04-04,-7.3328,18.34
2005-04-05,-8.2224,14.17
2005-04-06,-7.4062,17.97
2005-04-07,-8.0219,14.92
2005-04-08,-7.5607,17.20
2005-04-11,-7.8003,16.00
2005-04-12,-7.1204,19.40
2005-04-13,-8.2420,14.09
2005-04-14,-8.8224,11.92
2005-04-15,-9.6648,8.76
2005-04-18,-8.9097,11.59
2005-04-19,-8.9973,11.26
2005-04-20,-8.2558,14.04
2005-04-21,-6.9410,20.29
2005-04-22,-7.8307,15.85
2005-04-25,-7.1476,19.26
2005-04-26,-7.2088,18.96
2005-04-27,-7.2013,18.99
2005-04-28,-7.5012,17.49
2005-04-29,-7.7471,16.26
2005-05-02,-8.4174,13.43
2005-05-03,-8.1644,14.38
2005-05-04,-6.9074,20.46
2005-05-05,-6.7880,21.06
2005-05-06,-6.7048,21.48
2005-05-09,-6.9610,20.20
2005-05-10,-7.2141,18.93
2005-05-11,-7.1288,19.36
2005-05-12,-7.3623,18.19
2005-05-13,-6.4510,22.74
2005-05-16,-5.7557,26.22
2005-05-17,-6.1453,24.27
2005-05-18,-4.7488,30.94
2005-05-19,-4.1026,33.37
2005-05-20,-3.6112,35.21
2005-05-23,-3.5099,35.59
2005-05-24,-3.4691,35.74
2005-05-25,-3.6520,35.05
2005-05-26,-2.8185,38.18
2005-05-27,-3.0248,37.41
2005-05-31,-3.4052,35.98
2005-06-01,-3.5709,35.36
2005-06-02,-2.8648,38.01
2005-06-03,-3.2791,36.45
2005-06-06,-3.2996,36.38
2005-06-07,-3.7025,34.87
2005-06-08,-3.8196,34.43
2005-06-09,-3.6369,35.11
2005-06-10,-3.9502,33.94
2005-06-13,-3.8915,34.16
2005-06-14,-4.3391,32.48
2005-06-15,-3.6169,35.19
2005-06-16,-2.9234,37.79
2005-06-17,-3.0052,37.48
2005-06-20,-3.2651,36.51
2005-06-21,-2.8066,38.23
2005-06-22,-2.6520,38.81
2005-06-23,-3.1591,36.90
2005-06-24,-3.4365,35.86
2005-06-27,-3.4831,35.69
2005-06-28,-3.3238,36.29
2005-06-29,-3.2044,36.73
2005-06-30,-2.8954,37.89
2005-07-01,-2.9218,37.79
2005-07-05,-1.8701,41.74
2005-07-06,-1.6892,42.42
2005-07-07,-1.5221,43.04
2005-07-08,-1.0588,44.78
2005-07-11,-0.4068,47.97
2005-07-12,-0.6040,46.98
2005-07-13,0.9255,54.63
2005-07-14,2.5113,60.67
2005-07-15,3.9190,65.95
2005-07-18,3.1261,62.97
2005-07-19,3.9667,66.12
2005-07-20,3.6901,65.09
2005-07-21,3.4238,64.09
2005-07-22,4.3237,67.46
2005-07-25,3.5816,64.68
2005-07-26,3.6584,64.97
2005-07-27,3.5931,64.72
2005-07-28,4.1421,66.78
2005-07-29,3.7124,65.17
2005-08-01,4.3576,67.59
2005-08-02,3.6700,65.01
2005-08-03,2.4885,60.58
2005-08-04,2.7403,61.53
2005-08-05,2.7626,61.61
2005-08-08,3.3087,63.66
2005-08-09,3.9580,66.09
2005-08-10,3.7068,65.15
2005-08-11,3.8699,65.76
2005-08-12,2.5286,60.73
2005-08-15,2.2776,59.79
2005-08-16,2.0266,58.85
2005-08-17,1.3580,56.34
2005-08-18,0.4142,52.07
2005-08-19,0.5063,52.53
2005-08-22,-0.1469,49.27
2005-08-23,-0.4585,47.71
2005-08-24,-0.4543,47.73
2005-08-25,-1.0712,44.73
2005-08-26,-1.4503,43.31
2005-08-29,-1.4262,43.40
2005-08-30,-1.7078,42.35
2005-08-31,-1.7579,42.16
2005-09-01,-2.2005,40.50
2005-09-02,-2.4334,39.62
2005-09-06,-2.1413,40.72
2005-09-07,-2.2568,40.29
2005-09-08,-2.3766,39.84
2005-09-09,-2.1874,40.55
2005-09-12,-1.5173,43.06
2005-09-13,-0.9834,45.08
2005-09-14,-2.0524,41.05
2005-09-15,-2.7263,38.53
2005-09-16,-2.4869,39.42
2005-09-19,-2.8143,38.20
2005-09-20,-3.3309,36.26
2005-09-21,-2.9872,37.55
2005-09-22,-1.5275,43.02
2005-09-23,-1.3194,43.80
2005-09-26,-1.2697,43.99
2005-09-27,-1.4992,43.13
2005-09-28,-2.2506,40.31
2005-09-29,-1.7390,42.23
2005-09-30,-1.3994,43.50
2005-10-03,-2.4033,39.74
2005-10-04,-3.1155,37.07
2005-10-05,-2.5106,39.34
2005-10-06,-1.9288,41.52
2005-10-07,-1.8210,41.92
2005-10-10,-1.9189,41.55
2005-10-11,-2.3716,39.86
2005-10-12,-2.8416,38.09
2005-10-13,-1.8949,41.64
2005-10-14,-1.7416,42.22
2005-10-17,-3.0512,37.31
2005-10-18,-2.4916,39.41
2005-10-19,-2.3023,40.12
2005-10-20,-1.5217,43.04
2005-10-21,-1.3410,43.72
2005-10-24,-1.2428,44.09
2005-10-25,-1.3017,43.87
2005-10-26,-0.3230,48.39
2005-10-27,-0.1817,49.09
2005-10-28,-0.8312,45.84
2005-10-31,-0.2681,48.66
2005-11-01,0.6392,53.20
2005-11-02,1.5266,56.97
2005-11-03,1.2421,55.91
2005-11-04,0.9495,54.75
2005-11-07,1.4139,56.55
2005-11-08,1.3303,56.24
2005-11-09,0.9314,54.66
2005-11-10,1.9385,58.52
2005-11-11,2.2751,59.78
2005-11-14,3.0899,62.84
2005-11-15,1.8599,58.22
2005-11-16,2.4806,60.55
2005-11-17,2.8942,62.10
2005-11-18,3.5997,64.75
2005-11-21,4.1220,66.71
2005-11-22,4.9662,69.87
2005-11-23,4.9827,69.94
2005-11-25,5.2987,71.49
2005-11-28,5.4042,72.02
2005-11-29,5.7671,73.84
2005-11-30,5.7736,73.87
2005-12-01,7.0316,80.16
2005-12-02,7.0418,80.21
2005-12-05,6.4576,77.29
2005-12-06,6.8128,79.06
2005-12-07,6.7539,78.77
2005-12-08,5.9523,74.76
2005-12-09,5.5239,72.62
2005-12-12,5.4684,72.34
2005-12-13,5.1580,70.79
2005-12-14,5.3522,71.76
2005-12-15,4.5460,68.30
2005-12-16,5.0095,70.05
2005-12-19,4.3964,67.74
2005-12-20,4.6937,68.85
2005-12-21,4.3712,67.64
2005-12-22,4.2587,67.22
2005-12-23,4.7386,69.02
2005-12-27,4.4619,67.98
2005-12-28,5.2249,71.12
2005-12-29,4.9083,69.66
2005-12-30,4.7731,69.15
2006-01-03,5.5949,72.97
2006-01-04,5.8952,74.48
2006-01-05,6.0610,75.31
2006-01-06,5.3818,71.91
2006-01-09,5.7189,73.59
2006-01-10,5.9585,74.79
2006-01-11,6.9589,79.79
2006-01-12,6.2133,76.07
2006-01-13,4.8888,69.58
2006-01-17,3.7372,65.26
2006-01-18,3.6458,64.92
2006-01-19,3.4505,64.19
2006-01-20,1.5674,57.13
2006-01-23,0.7330,53.66
2006-01-24,1.2588,55.97
2006-01-25,1.5672,57.13
2006-01-26,2.9255,62.22
2006-01-27,1.8466,58.17
2006-01-30,2.7503,61.56
2006-01-31,2.5599,60.85
2006-02-01,2.4730,60.52
2006-02-02,1.6486,57.43
2006-02-03,0.6293,53.15
2006-02-06,0.8521,54.26
2006-02-07,0.5402,52.70
2006-02-08,0.4036,52.02
2006-02-09,0.5637,52.82
2006-02-10,1.5721,57.15
2006-02-13,0.5570,52.79
2006-02-14,0.5452,52.73
2006-02-15,-0.1473,49.26
2006-02-16,0.5344,52.67
2006-02-17,0.3514,51.76
2006-02-21,-0.5998,47.00
2006-02-22,-0.7699,46.15
2006-02-23,-1.2216,44.17
2006-02-24,-1.6588,42.53
2006-02-27,-1.6760,42.47
2006-02-28,-1.5054,43.10
2006-03-01,-0.6272,46.86
2006-03-02,-0.6040,46.98
2006-03-03,-0.7837,46.08
2006-03-06,-0.7879,46.06
2006-03-07,-0.8921,45.54
2006-03-08,-1.0846,44.68
2006-03-09,-1.6877,42.42
2006-03-10,-1.4276,43.40
2006-03-13,-0.5641,47.18
2006-03-14,0.0448,50.22
2006-03-15,0.3286,51.64
2006-03-16,0.9355,54.68
2006-03-17,1.9170,58.44
2006-03-20,2.5779,60.92
2006-03-21,2.7552,61.58
2006-03-22,3.3267,63.73
2006-03-23,3.3270,63.73
2006-03-24,3.1032,62.89
2006-03-27,3.6186,64.82
2006-03-28,3.3757,63.91
2006-03-29,4.1530,66.82
2006-03-30,4.5044,68.14
2006-03-31,4.7594,69.10
2006-04-03,4.7853,69.19
2006-04-04,4.9819,69.93
2006-04-05,5.2725,71.36
2006-04-06,5.2953,71.48
2006-04-07,5.4945,72.47
2006-04-10,4.8850,69.57
2006-04-11,5.1346,70.67
2006-04-12,4.3764,67.66
2006-04-13,5.2907,71.45
2006-04-17,5.4015,72.01
2006-04-18,7.0677,80.34
2006-04-19,7.8861,84.43
2006-04-20,7.6065,83.03
2006-04-21,8.0578,85.22
2006-04-24,7.7929,83.96
2006-04-25,7.4934,82.47
2006-04-26,7.5848,82.92
2006-04-27,6.9332,79.67
2006-04-28,6.3648,76.82
2006-05-01,5.7712,73.86
2006-05-02,5.9409,74.70
2006-05-03,6.5397,77.70
2006-05-04,7.0623,80.31
2006-05-05,6.8172,79.09
2006-05-08,6.5806,77.90
2006-05-09,7.2140,81.07
2006-05-10,6.4771,77.39
2006-05-11,6.0596,75.30
2006-05-12,4.8666,69.50
2006-05-15,4.3412,67.53
2006-05-16,3.2890,63.58
2006-05-17,2.7853,61.69
2006-05-18,2.6592,61.22
2006-05-19,3.5322,64.50
2006-05-22,3.2396,63.40
2006-05-23,2.8549,61.96
2006-05-24,2.9017,62.13
2006-05-25,2.7438,61.54
2006-05-26,2.8506,61.94
2006-05-30,2.3919,60.22
2006-05-31,1.3447,56.29
2006-06-01,1.8040,58.02
2006-06-02,1.3692,56.38
2006-06-05,0.6536,53.27
2006-06-06,0.3897,51.95
2006-06-07,0.4101,52.05
2006-06-08,0.3148,51.57
2006-06-09,-0.4155,47.92
2006-06-12,-1.3375,43.73
2006-06-13,-1.9954,41.27
2006-06-14,-2.0741,40.97
2006-06-15,-0.7702,46.15
2006-06-16,-1.3804,43.57
2006-06-19,-1.3520,43.68
2006-06-20,-1.7419,42.22
2006-06-21,-0.6620,46.69
2006-06-22,-1.1924,44.28
2006-06-23,-1.4651,43.26
2006-06-26,-1.8233,41.91
2006-06-27,-2.2360,40.36
2006-06-28,-2.4939,39.40
2006-06-29,-2.3177,40.06
2006-06-30,-2.9965,37.51
2006-07-03,-3.0902,37.16
2006-07-05,-3.8224,34.42
2006-07-06,-4.0781,33.46
2006-07-07,-5.9044,25.48
2006-07-10,-6.8993,20.50
2006-07-11,-7.2111,18.94
2006-07-12,-8.3714,13.61
2006-07-13,-9.0964,10.89
2006-07-14,-9.6731,8.73
2006-07-17,-9.7100,8.59
2006-07-18,-10.3169,6.31
2006-07-19,-10.2688,6.49
2006-07-20,-11.2560,2.79
2006-07-21,-11.7235,1.04
2006-07-24,-11.1291,3.27
2006-07-25,-11.5487,1.69
2006-07-26,-12.7682,0.00
2006-07-27,-12.7096,0.00
2006-07-28,-11.2125,2.95
2006-07-31,-10.9228,4.04
2006-08-01,-11.6479,1.32
2006-08-02,-12.2150,0.00
2006-08-03,-11.6278,1.40
2006-08-04,-11.2522,2.80
2006-08-07,-10.9654,3.88
2006-08-08,-12.5992,0.00
2006-08-09,-12.9245,0.00
2006-08-10,-12.1078,0.00
2006-08-11,-11.8305,0.64
2006-08-14,-11.0455,3.58
2006-08-15,-9.6025,8.99
2006-08-16,-8.0201,14.92
2006-08-17,-7.4497,17.75
2006-08-18,-8.4818,13.19
2006-08-21,-8.5276,13.02
2006-08-22,-8.7757,12.09
2006-08-23,-8.5811,12.82
2006-08-24,-9.0703,10.99
2006-08-25,-9.0418,11.09
2006-08-28,-8.6580,12.53
2006-08-29,-8.3689,13.62
2006-08-30,-8.2946,13.90
2006-08-31,-8.0652,14.76
2006-09-01,-7.7479,16.26
2006-09-05,-6.2029,23.99
2006-09-06,-6.3641,23.18
2006-09-07,-5.9472,25.26
2006-09-08,-5.2564,28.72
2006-09-11,-4.2390,32.85
2006-09-12,-2.7202,38.55
2006-09-13,-2.2981,40.13
2006-09-14,-3.4649,35.76
2006-09-15,-3.0621,37.27
2006-09-18,-3.1836,36.81
2006-09-19,-3.2199,36.68
2006-09-20,-3.4071,35.97
2006-09-21,-3.2414,36.59
2006-09-22,-3.0619,37.27
2006-09-25,-2.3111,40.08
2006-09-26,-0.9414,45.29
2006-09-27,-2.2495,40.31
2006-09-28,-2.2894,40.16
2006-09-29,-2.0098,41.21
2006-10-02,-1.9208,41.55
2006-10-03,-0.8788,45.61
2006-10-04,-0.0580,49.71
2006-10-05,1.6024,57.26
2006-10-06,2.5202,60.70
2006-10-09,3.2402,63.40
2006-10-10,4.4083,67.78
2006-10-11,5.2979,71.49
2006-10-12,6.5844,77.92
2006-10-13,6.9148,79.57
2006-10-16,6.7623,78.81
2006-10-17,5.6425,73.21
2006-10-18,6.2999,76.50
2006-10-19,7.1237,80.62
2006-10-20,5.9168,74.58
2006-10-23,6.3647,76.82
2006-10-24,7.2275,81.14
2006-10-25,6.8014,79.01
2006-10-26,6.4390,77.19
2006-10-27,5.4976,72.49
2006-10-30,7.4336,82.17
2006-10-31,7.1273,80.64
2006-11-01,5.7958,73.98
2006-11-02,5.5829,72.91
2006-11-03,5.6267,73.13
2006-11-06,7.7799,83.90
2006-11-07,8.9689,88.63
2006-11-08,8.7716,87.89
2006-11-09,9.4443,90.42
2006-11-10,9.5089,90.66
2006-11-13,8.7565,87.84
2006-11-14,7.5915,82.96
2006-11-15,7.3309,81.65
2006-11-16,8.0750,85.28
2006-11-17,8.5826,87.18
2006-11-20,8.9882,88.71
2006-11-21,9.3440,90.04
2006-11-22,10.1861,93.20
2006-11-24,9.9418,92.28
2006-11-27,8.7783,87.92
2006-11-28,8.3381,86.27
2006-11-29,7.7515,83.76
2006-11-30,7.7657,83.83
2006-12-01,7.1404,80.70
2006-12-04,6.8815,79.41
2006-12-05,7.7606,83.80
2006-12-06,7.6115,83.06
2006-12-07,7.1830,80.91
2006-12-08,7.1800,80.90
2006-12-11,5.6325,73.16
2006-12-12,4.5580,68.34
2006-12-13,4.6860,68.82
2006-12-14,4.7197,68.95
2006-12-15,4.5104,68.16
2006-12-18,5.0947,70.47
2006-12-19,3.8820,65.81
2006-12-20,4.3651,67.62
2006-12-21,4.0806,66.55
2006-12-22,2.7795,61.67
2006-12-26,2.1940,59.48
2006-12-27,3.5239,64.46
2006-12-28,2.8826,62.06
2006-12-29,2.7037,61.39
2007-01-03,2.8124,61.80
2007-01-04,2.1160,59.18
2007-01-05,1.8182,58.07
2007-01-08,1.6532,57.45
2007-01-09,1.3727,56.40
2007-01-10,1.2634,55.99
2007-01-11,1.2914,56.09
2007-01-12,1.9809,58.68
2007-01-16,1.1671,55.63
2007-01-17,0.1613,50.81
2007-01-18,0.0462,50.23
2007-01-19,0.6460,53.23
2007-01-22,1.1607,55.60
2007-01-23,1.8070,58.03
2007-01-24,2.6874,61.33
2007-01-25,1.4361,56.64
2007-01-26,1.5126,56.92
2007-01-29,1.5873,57.20
2007-01-30,1.1901,55.71
2007-01-31,2.3771,60.16
2007-02-01,1.3436,56.29
2007-02-02,1.5143,56.93
2007-02-05,1.4703,56.76
2007-02-06,1.9569,58.59
2007-02-07,1.8454,58.17
2007-02-08,0.7817,53.91
2007-02-09,-0.4683,47.66
2007-02-12,-0.7119,46.44
2007-02-13,-1.1675,44.37
2007-02-14,-0.7441,46.28
2007-02-15,-1.0165,44.94
2007-02-16,-1.4272,43.40
2007-02-20,-1.4768,43.21
2007-02-21,-1.2825,43.94
2007-02-22,-0.8765,45.62
2007-02-23,-1.8357,41.87
2007-02-26,-3.5943,35.27
2007-02-27,-4.3787,32.33
2007-02-28,-4.1375,33.23
2007-03-01,-3.7101,34.84
2007-03-02,-3.2152,36.69
2007-03-05,-2.9493,37.69
2007-03-06,-2.2858,40.18
2007-03-07,-2.2988,40.13
2007-03-08,-2.7434,38.46
2007-03-09,-2.5624,39.14
2007-03-12,-2.5595,39.15
2007-03-13,-2.7733,38.35
2007-03-14,-2.9392,37.73
2007-03-15,-3.4364,35.86
2007-03-16,-2.8951,37.89
2007-03-19,-2.8329,38.13
2007-03-20,-3.6566,35.04
2007-03-21,-2.9004,37.87
2007-03-22,-3.6609,35.02
2007-03-23,-3.1005,37.12
2007-03-26,-3.6800,34.95
2007-03-27,-3.3592,36.15
2007-03-28,-3.8791,34.20
2007-03-29,-4.4378,32.11
2007-03-30,-4.2654,32.75
2007-04-02,-5.3978,28.01
2007-04-03,-4.7820,30.82
2007-04-04,-5.1177,29.41
2007-04-05,-5.0248,29.88
2007-04-09,-5.7376,26.31
2007-04-10,-6.0732,24.63
2007-04-11,-6.3823,23.09
2007-04-12,-6.1447,24.28
2007-04-13,-6.8272,20.86
2007-04-16,-6.6412,21.79
2007-04-17,-7.1069,19.47
2007-04-18,-6.2510,23.74
2007-04-19,-5.9722,25.14
2007-04-20,-5.9427,25.29
2007-04-23,-5.8725,25.64
2007-04-24,-6.5077,22.46
2007-04-25,-6.0731,24.63
2007-04-26,-4.9280,30.27
2007-04-27,-4.5445,31.71
2007-04-30,-5.1359,29.32
2007-05-01,-5.0204,29.90
2007-05-02,-5.3196,28.40
2007-05-03,-4.4732,31.98
2007-05-04,-4.4691,31.99
2007-05-07,-4.5992,31.50
2007-05-08,-4.2560,32.79
2007-05-09,-4.3267,32.53
2007-05-10,-3.8024,34.49
2007-05-11,-2.4774,39.46
2007-05-14,-2.9449,37.71
2007-05-15,-3.5873,35.30
2007-05-16,-4.1550,33.17
2007-05-17,-4.1907,33.03
2007-05-18,-4.2663,32.75
2007-05-21,-3.7177,34.81
2007-05-22,-4.1107,33.33
2007-05-23,-3.5568,35.41
2007-05-24,-2.7622,38.39
2007-05-25,-0.8906,45.55
2007-05-29,0.0886,50.44
2007-05-30,0.1619,50.81
2007-05-31,0.4865,52.43
2007-06-01,0.7476,53.74
2007-06-04,0.9723,54.86
2007-06-05,0.6978,53.49
2007-06-06,1.0948,55.36
2007-06-07,1.1563,55.59
2007-06-08,1.7798,57.92
2007-06-11,1.3672,56.38
2007-06-12,1.7196,57.70
2007-06-13,2.2816,59.81
2007-06-14,3.0186,62.57
2007-06-15,2.7986,61.74
2007-06-18,3.3326,63.75
2007-06-19,3.9582,66.09
2007-06-20,3.6649,64.99
2007-06-21,3.9785,66.17
2007-06-22,4.2954,67.36
2007-06-25,4.2489,67.18
2007-06-26,3.5814,64.68
2007-06-27,4.5049,68.14
2007-06-28,4.7081,68.91
2007-06-29,4.0951,66.61
2007-07-02,4.9584,69.84
2007-07-03,5.1265,70.63
2007-07-05,5.4483,72.24
2007-07-06,5.9864,74.93
2007-07-09,6.4285,77.14
2007-07-10,5.6326,73.16
2007-07-11,6.2812,76.41
2007-07-12,6.0087,75.04
2007-07-13,6.3082,76.54
2007-07-16,6.2259,76.13
2007-07-17,7.2287,81.14
2007-07-18,6.3784,76.89
2007-07-19,6.5113,77.56
2007-07-20,6.0242,75.12
2007-07-23,6.2645,76.32
2007-07-24,6.4548,77.27
2007-07-25,5.8430,74.22
2007-07-26,5.1901,70.95
2007-07-27,4.9792,69.92
2007-07-30,6.1769,75.88
2007-07-31,4.9858,69.95
2007-08-01,4.0476,66.43
2007-08-02,3.6374,64.89
2007-08-03,2.3117,59.92
2007-08-06,2.5976,60.99
2007-08-07,1.8938,58.35
2007-08-08,1.7652,57.87
2007-08-09,0.6959,53.48
2007-08-10,0.2913,51.46
2007-08-13,1.0640,55.24
2007-08-14,0.6686,53.34
2007-08-15,0.3537,51.77
2007-08-16,0.4044,52.02
2007-08-17,1.6694,57.51
2007-08-20,0.8022,54.01
2007-08-21,1.1132,55.42
2007-08-22,1.1534,55.58
2007-08-23,0.6637,53.32
2007-08-24,0.8667,54.33
2007-08-27,1.0984,55.37
2007-08-28,-0.1239,49.38
2007-08-29,0.8516,54.26
2007-08-30,0.4565,52.28
2007-08-31,1.3187,56.20
2007-09-04,0.5438,52.72
2007-09-05,-0.1438,49.28
2007-09-06,-0.3013,48.49
2007-09-07,-2.1498,40.69
2007-09-10,-2.0016,41.24
2007-09-11,-1.5643,42.88
2007-09-12,-2.6171,38.94
2007-09-13,-2.0614,41.02
2007-09-14,-2.0847,40.93
2007-09-17,-3.2034,36.74
2007-09-18,-2.4257,39.65
2007-09-19,-3.0077,37.47
2007-09-20,-3.1796,36.83
2007-09-21,-3.2595,36.53
2007-09-24,-3.7216,34.79
2007-09-25,-2.9942,37.52
2007-09-26,-2.9584,37.66
2007-09-27,-2.6275,38.90
2007-09-28,-1.5991,42.75
2007-10-01,-0.8856,45.57
2007-10-02,-1.2576,44.03
2007-10-03,-1.6977,42.38
2007-10-04,-2.1755,40.59
2007-10-05,-1.8616,41.77
2007-10-08,-1.0738,44.72
2007-10-09,-1.5341,43.00
2007-10-10,-2.0262,41.15
2007-10-11,-2.6633,38.76
2007-10-12,-2.8441,38.08
2007-10-15,-3.9381,33.98
2007-10-16,-3.3946,36.02
2007-10-17,-3.2821,36.44
2007-10-18,-2.9611,37.65
2007-10-19,-4.0203,33.67
2007-10-22,-3.7673,34.62
2007-10-23,-3.6688,34.99
2007-10-24,-3.6773,34.96
2007-10-25,-5.4944,27.53
2007-10-26,-5.5182,27.41
2007-10-29,-4.6422,31.34
2007-10-30,-4.3310,32.51
2007-10-31,-4.2120,32.95
2007-11-01,-3.8386,34.36
2007-11-02,-3.8409,34.35
2007-11-05,-4.7926,30.78
2007-11-06,-4.0299,33.64
2007-11-07,-4.4278,32.15
2007-11-08,-6.4920,22.54
2007-11-09,-7.9907,15.05
2007-11-12,-7.3056,18.47
2007-11-13,-4.9528,30.18
2007-11-14,-6.0028,24.99
2007-11-15,-8.6320,12.63
2007-11-16,-8.4251,13.41
2007-11-19,-10.3335,6.25
2007-11-20,-11.7772,0.84
2007-11-21,-11.2596,2.78
2007-11-23,-11.0812,3.45
2007-11-26,-13.1830,0.00
2007-11-27,-11.7136,1.07
2007-11-28,-11.0997,3.38
2007-11-29,-11.4601,2.02
2007-11-30,-11.9809,0.07
2007-12-03,-11.9963,0.01
2007-12-04,-12.1839,0.00
2007-12-05,-12.1174,0.00
2007-12-06,-9.5700,9.11
2007-12-07,-9.6318,8.88
2007-12-10,-9.5059,9.35
2007-12-11,-10.2338,6.62
2007-12-12,-10.3853,6.06
2007-12-13,-11.2692,2.74
2007-12-14,-10.4204,5.92
2007-12-17,-11.6799,1.20
2007-12-18,-11.7754,0.84
2007-12-19,-11.6333,1.38
2007-12-20,-11.7160,1.07
2007-12-21,-10.8324,4.38
2007-12-24,-9.9373,7.74
2007-12-26,-9.8354,8.12
2007-12-27,-10.4532,5.80
2007-12-28,-11.7507,0.93
2007-12-31,-11.6102,1.46
2008-01-02,-12.3679,0.00
2008-01-03,-12.3492,0.00
2008-01-04,-14.7156,0.00
2008-01-07,-17.1721,0.00
2008-01-08,-19.5027,0.00
2008-01-09,-19.7553,0.00
2008-01-10,-18.3017,0.00
2008-01-11,-18.3022,0.00
2008-01-14,-17.1531,0.00
2008-01-15,-17.8439,0.00
2008-01-16,-17.4285,0.00
2008-01-17,-17.3464,0.00
2008-01-18,-16.7149,0.00
2008-01-22,-12.7861,0.00
2008-01-23,-11.5333,1.75
2008-01-24,-9.8126,8.20
2008-01-25,-9.7937,8.27
2008-01-28,-8.2742,13.97
2008-01-29,-8.0972,14.64
2008-01-30,-7.8940,15.53
2008-01-31,-6.7628,21.19
2008-02-01,-6.5977,22.01
2008-02-04,-8.0097,14.96
2008-02-05,-8.4127,13.45
2008-02-06,-7.8780,15.61
2008-02-07,-7.7758,16.12
2008-02-08,-6.7825,21.09
2008-02-11,-5.3888,28.06
2008-02-12,-4.8892,30.42
2008-02-13,-3.3320,36.26
2008-02-14,-6.0640,24.68
2008-02-15,-5.7047,26.48
2008-02-19,-5.3035,28.48
2008-02-20,-3.7264,34.78
2008-02-21,-2.4126,39.70
2008-02-22,-1.1734,44.35
2008-02-25,-0.9650,45.18
2008-02-26,-1.4695,43.24
2008-02-27,1.4176,56.57
2008-02-28,-0.5548,47.23
2008-02-29,-2.6901,38.66
2008-03-03,-2.9960,37.51
2008-03-04,-4.4543,32.05
2008-03-05,-3.4530,35.80
2008-03-06,-3.2172,36.69
2008-03-07,-3.3087,36.34
2008-03-10,-5.0727,29.64
2008-03-11,-2.8598,38.03
2008-03-12,-3.9088,34.09
2008-03-13,-2.2250,40.41
2008-03-14,-2.9301,37.76
2008-03-17,-3.0119,37.46
2008-03-18,-0.5645,47.18
2008-03-19,-1.6962,42.39
2008-03-20,0.8960,54.48
2008-03-24,2.6250,61.09
2008-03-25,2.1668,59.38
2008-03-26,0.6683,53.34
2008-03-27,-1.9544,41.42
2008-03-28,-2.8115,38.21
2008-03-31,-1.7758,42.09
2008-04-01,0.8141,54.07
2008-04-02,0.5510,52.75
2008-04-03,1.7165,57.69
2008-04-04,1.1502,55.56
2008-04-07,3.4980,64.37
2008-04-08,4.9049,69.64
2008-04-09,6.7318,78.66
2008-04-10,7.3002,81.50
2008-04-11,3.9872,66.20
2008-04-14,4.2981,67.37
2008-04-15,2.4734,60.53
2008-04-16,5.7569,73.78
2008-04-17,5.7195,73.60
2008-04-18,8.4050,86.52
2008-04-21,7.8735,84.37
2008-04-22,3.8528,65.70
2008-04-23,1.5332,57.00
2008-04-24,1.0562,55.21
2008-04-25,1.8389,58.15
2008-04-28,1.3909,56.47
2008-04-29,0.8631,54.32
2008-04-30,0.5487,52.74
2008-05-01,1.4984,56.87
2008-05-02,0.8418,54.21
2008-05-05,2.9268,62.23
2008-05-06,4.5925,68.47
2008-05-07,4.2270,67.10
2008-05-08,3.0148,62.56
2008-05-09,2.8229,61.84
2008-05-12,3.6988,65.12
2008-05-13,4.6649,68.74
2008-05-14,2.9929,62.47
2008-05-15,4.9987,70.00
2008-05-16,4.6140,68.55
2008-05-19,5.1897,70.95
2008-05-20,2.1939,59.48
2008-05-21,0.9771,54.89
2008-05-22,-0.0998,49.50
2008-05-23,-0.1211,49.39
2008-05-27,0.2977,51.49
2008-05-28,-0.8318,45.84
2008-05-29,0.4754,52.38
2008-05-30,0.9340,54.67
2008-06-02,1.5321,57.00
2008-06-03,2.2183,59.57
2008-06-04,1.3353,56.26
2008-06-05,2.5501,60.81
2008-06-06,0.6838,53.42
2008-06-09,0.7656,53.83
2008-06-10,-1.4213,43.42
2008-06-11,-2.5071,39.35
2008-06-12,-1.4570,43.29
2008-06-13,-0.3488,48.26
2008-06-16,0.9241,54.62
2008-06-17,-3.3554,36.17
2008-06-18,-2.3423,39.97
2008-06-19,-4.3310,32.51
2008-06-20,-6.5645,22.18
2008-06-23,-8.2509,14.06
2008-06-24,-6.7132,21.43
2008-06-25,-6.3286,23.36
2008-06-26,-5.0686,29.66
2008-06-27,-6.9436,20.28
2008-06-30,-10.3786,6.08
2008-07-01,-11.0833,3.44
2008-07-02,-12.6865,0.00
2008-07-03,-11.2870,2.67
2008-07-07,-11.2938,2.65
2008-07-08,-9.6896,8.66
2008-07-09,-12.3146,0.00
2008-07-10,-13.0168,0.00
2008-07-11,-11.6783,1.21
2008-07-14,-12.3869,0.00
2008-07-15,-13.0359,0.00
2008-07-16,-10.5591,5.40
2008-07-17,-8.9132,11.58
2008-07-18,-8.7552,12.17
2008-07-21,-9.4957,9.39
2008-07-22,-7.5282,17.36
2008-07-23,-5.7464,26.27
2008-07-24,-9.9458,7.70
2008-07-25,-9.7540,8.42
2008-07-28,-11.7721,0.85
2008-07-29,-9.4811,9.45
2008-07-30,-9.6076,8.97
2008-07-31,-11.4026,2.24
2008-08-01,-10.3780,6.08
2008-08-04,-10.5251,5.53
2008-08-05,-9.9582,7.66
2008-08-06,-9.3291,10.02
2008-08-07,-10.2258,6.65
2008-08-08,-8.3890,13.54
2008-08-11,-8.3184,13.81
2008-08-12,-10.2333,6.63
2008-08-13,-10.9726,3.85
2008-08-14,-10.3461,6.20
2008-08-15,-9.8024,8.24
2008-08-18,-10.5730,5.35
2008-08-19,-10.6789,4.95
2008-08-20,-9.3893,9.79
2008-08-21,-8.4552,13.29
2008-08-22,-7.9240,15.38
2008-08-25,-9.0733,10.98
2008-08-26,-9.1190,10.80
2008-08-27,-8.6701,12.49
2008-08-28,-6.9880,20.06
2008-08-29,-6.7014,21.49
2008-09-02,-5.5947,27.03
2008-09-03,-4.6732,31.23
2008-09-04,-7.1992,19.00
2008-09-05,-4.5822,31.57
2008-09-08,-3.3052,36.36
2008-09-09,-5.2562,28.72
2008-09-10,-4.5665,31.63
2008-09-11,-4.6266,31.40
2008-09-12,-6.5306,22.35
2008-09-15,-9.4245,9.66
2008-09-16,-5.8130,25.93
2008-09-17,-7.2101,18.95
2008-09-18,-5.9972,25.01
2008-09-19,-2.4250,39.66
2008-09-22,-3.1780,36.83
2008-09-23,-2.4341,39.62
2008-09-24,-1.9947,41.27
2008-09-25,-2.6375,38.86
2008-09-26,-0.0746,49.63
2008-09-29,-2.8516,38.06
2008-09-30,-0.5201,47.40
2008-10-01,0.6690,53.34
2008-10-02,-3.4574,35.78
2008-10-03,-3.8931,34.15
2008-10-06,-5.2750,28.63
2008-10-07,-4.9838,30.06
2008-10-08,-4.4488,32.07
2008-10-09,-3.4741,35.72
2008-10-10,1.3029,56.14
2008-10-13,1.8149,58.06
2008-10-14,-2.0482,41.07
2008-10-15,-6.0746,24.63
2008-10-16,-7.1656,19.17
2008-10-17,-7.6421,16.79
2008-10-20,-9.6571,8.79
2008-10-21,-11.4991,1.88
2008-10-22,-11.1982,3.01
2008-10-23,-11.3568,2.41
2008-10-24,-11.5462,1.70
2008-10-27,-12.2489,0.00
2008-10-28,-9.9351,7.74
2008-10-29,-9.5156,9.32
2008-10-30,-10.8907,4.16
2008-10-31,-7.7045,16.48
2008-11-03,-10.3790,6.08
2008-11-04,-8.1580,14.41
2008-11-05,-10.4597,5.78
2008-11-06,-13.4180,0.00
2008-11-07,-14.1185,0.00
2008-11-10,-13.4093,0.00
2008-11-11,-13.5963,0.00
2008-11-12,-16.1016,0.00
2008-11-13,-16.1874,0.00
2008-11-14,-15.8008,0.00
2008-11-17,-16.3057,0.00
2008-11-18,-16.5108,0.00
2008-11-19,-18.7156,0.00
2008-11-20,-19.2169,0.00
2008-11-21,-20.1786,0.00
2008-11-24,-16.8135,0.00
2008-11-25,-16.3675,0.00
2008-11-26,-15.4856,0.00
2008-11-28,-15.9113,0.00
2008-12-01,-18.1840,0.00
2008-12-02,-17.3339,0.00
2008-12-03,-15.3662,0.00
2008-12-04,-15.5251,0.00
2008-12-05,-14.8587,0.00
2008-12-08,-11.8788,0.45
2008-12-09,-11.2046,2.98
2008-12-10,-12.1360,0.00
2008-12-11,-13.8454,0.00
2008-12-12,-11.9317,0.26
2008-12-15,-14.3755,0.00
2008-12-16,-11.4592,2.03
2008-12-17,-12.0358,0.00
2008-12-18,-16.4345,0.00
2008-12-19,-14.7390,0.00
2008-12-22,-16.6440,0.00
2008-12-23,-16.2693,0.00
2008-12-24,-15.3087,0.00
2008-12-26,-15.8078,0.00
2008-12-29,-14.1418,0.00
2008-12-30,-14.4283,0.00
2008-12-31,-13.5932,0.00
2009-01-02,-9.7745,8.35
2009-01-05,-9.9999,7.50
2009-01-06,-7.1891,19.05
2009-01-07,-7.5983,17.01
2009-01-08,-6.9665,20.17
2009-01-09,-9.3308,10.01
2009-01-12,-15.8356,0.00
2009-01-13,-13.9175,0.00
2009-01-14,-15.6278,0.00
2009-01-15,-14.5393,0.00
2009-01-16,-16.2136,0.00
2009-01-20,-19.4044,0.00
2009-01-21,-14.9504,0.00
2009-01-22,-16.1717,0.00
2009-01-23,-13.7881,0.00
2009-01-26,-14.4611,0.00
2009-01-27,-12.1089,0.00
2009-01-28,-9.9976,7.51
2009-01-29,-15.6756,0.00
2009-01-30,-16.4436,0.00
2009-02-02,-15.8353,0.00
2009-02-03,-19.5265,0.00
2009-02-04,-17.5959,0.00
2009-02-05,-19.2307,0.00
2009-02-06,-13.8841,0.00
2009-02-09,-10.5525,5.43
2009-02-10,-12.1821,0.00
2009-02-11,-11.1899,3.04
2009-02-12,-10.7170,4.81
2009-02-13,-8.2954,13.89
2009-02-17,-10.9047,4.11
2009-02-18,-9.6200,8.93
2009-02-19,-10.4589,5.78
2009-02-20,-9.3111,10.08
2009-02-23,-6.8174,20.91
2009-02-24,-2.8859,37.93
2009-02-25,-2.2239,40.41
2009-02-26,-5.6252,26.87
2009-02-27,-6.5800,22.10
2009-03-02,-9.9250,7.78
2009-03-03,-9.1232,10.79
2009-03-04,-6.4552,22.72
2009-03-05,-10.0721,7.23
2009-03-06,-11.5701,1.61
2009-03-09,-11.7467,0.95
2009-03-10,-8.9986,11.26
2009-03-11,-9.3491,9.94
2009-03-12,-8.3911,13.53
2009-03-13,-9.8628,8.01
2009-03-16,-8.3311,13.76
2009-03-17,-6.5941,22.03
2009-03-18,-3.5664,35.38
2009-03-19,-7.1764,19.12
2009-03-20,-9.5713,9.11
2009-03-23,-2.9838,37.56
2009-03-24,-3.8303,34.39
2009-03-25,-1.7525,42.18
2009-03-26,0.9352,54.68
2009-03-27,-1.0270,44.90
2009-03-30,-4.1530,33.18
2009-03-31,-1.8092,41.97
2009-04-01,-1.5910,42.78
2009-04-02,0.0463,50.23
2009-04-03,0.5392,52.70
2009-04-06,0.4081,52.04
2009-04-07,-4.1559,33.17
2009-04-08,-0.7354,46.32
2009-04-09,3.8992,65.87
2009-04-13,6.6753,78.38
2009-04-14,7.3148,81.57
2009-04-15,8.0673,85.25
2009-04-16,12.9066,100.00
2009-04-17,13.7441,100.00
2009-04-20,10.4712,94.27
2009-04-21,21.4605,100.00
2009-04-22,16.4319,100.00
2009-04-23,21.0644,100.00
2009-04-24,22.8004,100.00
2009-04-27,20.9724,100.00
2009-04-28,18.7504,100.00
2009-04-29,15.7031,100.00
2009-04-30,20.3851,100.00
2009-05-01,20.8907,100.00
2009-05-04,25.2703,100.00
2009-05-05,24.9673,100.00
2009-05-06,28.9899,100.00
2009-05-07,23.8015,100.00
2009-05-08,22.4003,100.00
2009-05-11,18.5987,100.00
2009-05-12,20.1104,100.00
2009-05-13,15.5937,100.00
2009-05-14,17.9563,100.00
2009-05-15,19.0432,100.00
2009-05-18,28.5942,100.00
2009-05-19,26.9169,100.00
2009-05-20,30.0104,100.00
2009-05-21,28.2369,100.00
2009-05-22,30.0842,100.00
2009-05-26,27.3975,100.00
2009-05-27,25.9843,100.00
2009-05-28,24.1716,100.00
2009-05-29,26.8128,100.00
2009-06-01,32.7595,100.00
2009-06-02,31.9255,100.00
2009-06-03,30.8932,100.00
2009-06-04,39.5738,100.00
2009-06-05,40.9697,100.00
2009-06-08,41.2705,100.00
2009-06-09,31.9316,100.00
2009-06-10,27.1050,100.00
2009-06-11,22.1353,100.00
2009-06-12,23.0052,100.00
2009-06-15,25.4777,100.00
2009-06-16,19.6367,100.00
2009-06-17,13.7206,100.00
2009-06-18,14.5809,100.00
2009-06-19,20.0570,100.00
2009-06-22,9.6045,91.02
2009-06-23,11.2525,97.20
2009-06-24,10.7551,95.33
2009-06-25,8.8593,88.22
2009-06-26,10.7510,95.32
2009-06-29,15.9162,100.00
2009-06-30,13.2780,100.00
2009-07-01,10.1714,93.14
2009-07-02,5.7939,73.97
2009-07-06,2.2270,59.60
2009-07-07,2.2834,59.81
2009-07-08,3.5527,64.57
2009-07-09,4.5843,68.44
2009-07-10,-2.2260,40.40
2009-07-13,-2.3547,39.92
2009-07-14,-0.1948,49.03
2009-07-15,1.5363,57.01
2009-07-16,0.1386,50.69
2009-07-17,0.1319,50.66
2009-07-20,6.0996,75.50
2009-07-21,1.5556,57.08
2009-07-22,1.2770,56.04
2009-07-23,0.0262,50.13
2009-07-24,-4.4828,31.94
2009-07-27,-1.0475,44.82
2009-07-28,0.8851,54.43
2009-07-29,-1.3375,43.73
2009-07-30,-0.6267,46.87
2009-07-31,1.2600,55.97
2009-08-03,-0.4806,47.60
2009-08-04,1.2824,56.06
2009-08-05,-0.6846,46.58
2009-08-06,3.7564,65.34
2009-08-07,3.9049,65.89
2009-08-10,4.7154,68.93
2009-08-11,5.5093,72.55
2009-08-12,9.8142,91.80
2009-08-13,9.3037,89.89
2009-08-14,7.3726,81.86
2009-08-17,0.8432,54.22
2009-08-18,3.6657,65.00
2009-08-19,3.9449,66.04
2009-08-20,5.7113,73.56
2009-08-21,7.0275,80.14
2009-08-24,4.3897,67.71
2009-08-25,6.1800,75.90
2009-08-26,5.9066,74.53
2009-08-27,5.8803,74.40
2009-08-28,4.7883,69.21
2009-08-31,4.2767,67.29
2009-09-01,3.0371,62.64
2009-09-02,0.7285,53.64
2009-09-03,2.0019,58.76
2009-09-04,2.0111,58.79
2009-09-08,1.5671,57.13
2009-09-09,3.5311,64.49
2009-09-10,5.2902,71.45
2009-09-11,5.7811,73.91
2009-09-14,5.6030,73.02
2009-09-15,8.2452,85.92
2009-09-16,11.2272,97.10
2009-09-17,13.0286,100.00
2009-09-18,10.9604,96.10
2009-09-21,13.8601,100.00
2009-09-22,14.9564,100.00
2009-09-23,13.6141,100.00
2009-09-24,11.3905,97.71
2009-09-25,10.3588,93.85
2009-09-28,11.7887,99.21
2009-09-29,11.4813,98.05
2009-09-30,12.2595,100.00
2009-10-01,11.3655,97.62
2009-10-02,12.1379,100.00
2009-10-05,15.5660,100.00
2009-10-06,17.1455,100.00
2009-10-07,15.2870,100.00
2009-10-08,16.3563,100.00
2009-10-09,14.2740,100.00
2009-10-12,13.6725,100.00
2009-10-13,11.7481,99.06
2009-10-14,12.9386,100.00
2009-10-15,11.9443,99.79
2009-10-16,9.1062,89.15
2009-10-19,10.1273,92.98
2009-10-20,9.2413,89.66
2009-10-21,8.2230,85.84
2009-10-22,11.2490,97.18
2009-10-23,10.3860,93.95
2009-10-26,9.9850,92.44
2009-10-27,8.9778,88.67
2009-10-28,5.9881,74.94
2009-10-29,6.7873,78.94
2009-10-30,3.2265,63.35
2009-11-02,2.6321,61.12
2009-11-03,2.2248,59.59
2009-11-04,0.8759,54.38
2009-11-05,0.3642,51.82
2009-11-06,1.6582,57.47
2009-11-09,4.6974,68.87
2009-11-10,2.7127,61.42
2009-11-11,2.5910,60.97
2009-11-12,3.3237,63.71
2009-11-13,6.1885,75.94
2009-11-16,5.3344,71.67
2009-11-17,5.7217,73.61
2009-11-18,4.6905,68.84
2009-11-19,3.0325,62.62
2009-11-20,2.8364,61.89
2009-11-23,2.3863,60.20
2009-11-24,1.6372,57.39
2009-11-25,0.9663,54.83
2009-11-27,-0.4101,47.95
2009-11-30,1.2953,56.11
2009-12-01,2.6343,61.13
2009-12-02,2.5317,60.74
2009-12-03,0.6087,53.04
2009-12-04,1.0439,55.16
2009-12-07,-0.2316,48.84
2009-12-08,-1.4510,43.31
2009-12-09,-2.1039,40.86
2009-12-10,-2.2278,40.40
2009-12-11,-2.3962,39.76
2009-12-14,-3.0345,37.37
2009-12-15,-4.0285,33.64
2009-12-16,-3.5952,35.27
2009-12-17,-3.9999,33.75
2009-12-18,-2.4490,39.57
2009-12-21,-3.1691,36.87
2009-12-22,-2.5411,39.22
2009-12-23,-1.1696,44.36
2009-12-24,-0.0853,49.57
2009-12-28,-1.9825,41.32
2009-12-29,-1.4717,43.23
2009-12-30,-1.4633,43.26
2009-12-31,0.7863,53.93
2010-01-04,1.7469,57.80
2010-01-05,1.8422,58.16
2010-01-06,0.4891,52.45
2010-01-07,1.5398,57.02
2010-01-08,1.2021,55.76
2010-01-11,0.8772,54.39
2010-01-12,0.2546,51.27
2010-01-13,-0.5598,47.20
2010-01-14,-2.0016,41.24
2010-01-15,-1.9371,41.49
2010-01-19,-0.6697,46.65
2010-01-20,-0.9982,45.01
2010-01-21,-1.1512,44.43
2010-01-22,-2.2536,40.30
2010-01-25,-2.8672,38.00
2010-01-26,-3.6115,35.21
2010-01-27,-2.7771,38.34
2010-01-28,-2.2801,40.20
2010-01-29,-1.0803,44.70
2010-02-01,-1.9916,41.28
2010-02-02,-0.3185,48.41
2010-02-03,-0.2112,48.94
2010-02-04,-1.8001,42.00
2010-02-05,-0.1868,49.07
2010-02-08,-1.8600,41.77
2010-02-09,-1.7094,42.34
2010-02-10,-2.1923,40.53
2010-02-11,-1.3871,43.55
2010-02-12,-1.9337,41.50
2010-02-16,-0.9318,45.34
2010-02-17,-0.9536,45.23
2010-02-18,-1.3242,43.78
2010-02-19,-1.4528,43.30
2010-02-22,-0.7220,46.39
2010-02-23,-0.4496,47.75
2010-02-24,1.2233,55.84
2010-02-25,0.6241,53.12
2010-02-26,2.2352,59.63
2010-03-01,2.4060,60.27
2010-03-02,2.9407,62.28
2010-03-03,2.4963,60.61
2010-03-04,3.5578,64.59
2010-03-05,4.6195,68.57
2010-03-08,5.5984,72.99
2010-03-09,4.8050,69.27
2010-03-10,6.0947,75.47
2010-03-11,6.5845,77.92
2010-03-12,7.1573,80.79
2010-03-15,6.7479,78.74
2010-03-16,7.2757,81.38
2010-03-17,7.2570,81.29
2010-03-18,7.5750,82.87
2010-03-19,6.8022,79.01
2010-03-22,7.8666,84.33
2010-03-23,7.2763,81.38
2010-03-24,7.2242,81.12
2010-03-25,7.7788,83.89
2010-03-26,7.8077,84.04
2010-03-29,7.0597,80.30
2010-03-30,7.3822,81.91
2010-03-31,7.3700,81.85
2010-04-01,7.1212,80.61
2010-04-05,7.7566,83.78
2010-04-06,7.2251,81.13
2010-04-07,6.0804,75.40
2010-04-08,7.5957,82.98
2010-04-09,6.6449,78.22
2010-04-12,6.2389,76.19
2010-04-13,7.2389,81.19
2010-04-14,10.2437,93.41
2010-04-15,10.8310,95.62
2010-04-16,9.2057,89.52
2010-04-19,10.0532,92.70
2010-04-20,10.5321,94.50
2010-04-21,11.7203,98.95
2010-04-22,13.4415,100.00
2010-04-23,15.0844,100.00
2010-04-26,14.9935,100.00
2010-04-27,14.0105,100.00
2010-04-28,12.8126,100.00
2010-04-29,15.3643,100.00
2010-04-30,13.8184,100.00
2010-05-03,14.1823,100.00
2010-05-04,11.8515,99.44
2010-05-05,10.2847,93.57
2010-05-06,10.2199,93.32
2010-05-07,8.4511,86.69
2010-05-10,11.8924,99.60
2010-05-11,11.0153,96.31
2010-05-12,11.9100,99.66
2010-05-13,10.1887,93.21
2010-05-14,8.8637,88.24
2010-05-17,7.9255,84.63
2010-05-18,6.4148,77.07
2010-05-19,6.0440,75.22
2010-05-20,5.0970,70.49
2010-05-21,6.0572,75.29
2010-05-24,5.8321,74.16
2010-05-25,6.1139,75.57
2010-05-26,6.2131,76.07
2010-05-27,7.3266,81.63
2010-05-28,5.9298,74.65
2010-06-01,5.7295,73.65
2010-06-02,6.1573,75.79
2010-06-03,5.2786,71.39
2010-06-04,3.3725,63.90
2010-06-07,1.1633,55.61
2010-06-08,0.6985,53.49
2010-06-09,0.2145,51.07
2010-06-10,1.2022,55.76
2010-06-11,0.9998,55.00
2010-06-14,1.0982,55.37
2010-06-15,1.7495,57.81
2010-06-16,1.2181,55.82
2010-06-17,0.6582,53.29
2010-06-18,1.5114,56.92
2010-06-21,1.0186,55.07
2010-06-22,0.5265,52.63
2010-06-23,-0.0442,49.78
2010-06-24,-1.7674,42.12
2010-06-25,-1.0888,44.67
2010-06-28,-1.5043,43.11
2010-06-29,-3.1893,36.79
2010-06-30,-3.5989,35.25
2010-07-01,-3.0773,37.21
2010-07-02,-4.6402,31.35
2010-07-06,-5.0827,29.59
2010-07-07,-4.4988,31.88
2010-07-08,-5.4300,27.85
2010-07-09,-4.8749,30.47
2010-07-12,-5.0793,29.60
2010-07-13,-4.3671,32.37
2010-07-14,-6.0701,24.65
2010-07-15,-6.8672,20.66
2010-07-16,-7.2645,18.68
2010-07-19,-7.2819,18.59
2010-07-20,-7.1993,19.00
2010-07-21,-7.5725,17.14
2010-07-22,-7.1152,19.42
2010-07-23,-6.1667,24.17
2010-07-26,-6.2309,23.85
2010-07-27,-6.2623,23.69
2010-07-28,-5.7707,26.15
2010-07-29,-6.3391,23.30
2010-07-30,-4.6369,31.36
2010-08-02,-5.1874,29.06
2010-08-03,-4.1877,33.05
2010-08-04,-3.0122,37.45
2010-08-05,-2.1313,40.76
2010-08-06,-1.9282,41.52
2010-08-09,-3.8095,34.46
2010-08-10,-4.6691,31.24
2010-08-11,-6.4503,22.75
2010-08-12,-6.2724,23.64
2010-08-13,-5.8182,25.91
2010-08-16,-5.5580,27.21
2010-08-17,-4.4266,32.15
2010-08-18,-3.5644,35.38
2010-08-19,-3.0358,37.37
2010-08-20,-4.7073,31.10
2010-08-23,-5.3561,28.22
2010-08-24,-7.2885,18.56
2010-08-25,-7.2587,18.71
2010-08-26,-8.6854,12.43
2010-08-27,-7.1772,19.11
2010-08-30,-7.1891,19.05
2010-08-31,-7.6143,16.93
2010-09-01,-6.1894,24.05
2010-09-02,-4.3758,32.34
2010-09-03,-1.4104,43.46
2010-09-07,-2.3057,40.10
2010-09-08,-1.6750,42.47
2010-09-09,-3.2826,36.44
2010-09-10,-3.4325,35.88
2010-09-13,-1.5620,42.89
2010-09-14,-2.8648,38.01
2010-09-15,-2.6575,38.78
2010-09-16,-1.7707,42.11
2010-09-17,-1.7540,42.17
2010-09-20,-1.3351,43.74
2010-09-21,-1.2114,44.21
2010-09-22,-2.3871,39.80
2010-09-23,-1.4058,43.48
2010-09-24,-1.3253,43.78
2010-09-27,-0.4758,47.62
2010-09-28,1.5212,56.95
2010-09-29,1.8622,58.23
2010-09-30,1.6704,57.51
2010-10-01,2.7783,61.67
2010-10-04,2.8658,62.00
2010-10-05,2.6575,61.22
2010-10-06,2.7745,61.65
2010-10-07,2.0175,58.82
2010-10-08,2.6103,61.04
2010-10-11,1.0119,55.04
2010-10-12,1.6539,57.45
2010-10-13,2.0353,58.88
2010-10-14,3.4988,64.37
2010-10-15,3.2852,63.57
2010-10-18,2.9469,62.30
2010-10-19,2.0598,58.97
2010-10-20,0.4000,52.00
2010-10-21,-0.2027,48.99
2010-10-22,-0.3014,48.49
2010-10-25,0.8151,54.08
2010-10-26,1.1473,55.55
2010-10-27,0.8223,54.11
2010-10-28,0.3691,51.85
2010-10-29,-0.1057,49.47
2010-11-01,1.1414,55.53
2010-11-02,0.7072,53.54
2010-11-03,1.1272,55.48
2010-11-04,3.2465,63.42
2010-11-05,4.1847,66.94
2010-11-08,5.4953,72.48
2010-11-09,6.0866,75.43
2010-11-10,7.8800,84.40
2010-11-11,7.4081,82.04
2010-11-12,6.6878,78.44
2010-11-15,6.3219,76.61
2010-11-16,5.0169,70.08
2010-11-17,5.5896,72.95
2010-11-18,6.3236,76.62
2010-11-19,8.1765,85.66
2010-11-22,8.9612,88.60
2010-11-23,8.4872,86.83
2010-11-24,9.9157,92.18
2010-11-26,8.7875,87.95
2010-11-29,9.6828,91.31
2010-11-30,9.6173,91.07
2010-12-01,8.7757,87.91
2010-12-02,9.2017,89.51
2010-12-03,8.2126,85.80
2010-12-06,9.6706,91.26
2010-12-07,9.1019,89.13
2010-12-08,9.9487,92.31
2010-12-09,9.9178,92.19
2010-12-10,8.6638,87.49
2010-12-13,8.5692,87.13
2010-12-14,7.9473,84.74
2010-12-15,7.4996,82.50
2010-12-16,6.3495,76.75
2010-12-17,6.0438,75.22
2010-12-20,6.3933,76.97
2010-12-21,8.7854,87.95
2010-12-22,9.1103,89.16
2010-12-23,7.4321,82.16
2010-12-27,8.1584,85.59
2010-12-28,7.8854,84.43
2010-12-29,8.2859,86.07
2010-12-30,8.2723,86.02
2010-12-31,8.1177,85.44
2011-01-03,9.3042,89.89
2011-01-04,7.8497,84.25
2011-01-05,8.8544,88.20
2011-01-06,8.6090,87.28
2011-01-07,7.8889,84.44
2011-01-10,8.2394,85.90
2011-01-11,7.6924,83.46
2011-01-12,7.9786,84.89
2011-01-13,8.5712,87.14
2011-01-14,9.6802,91.30
2011-01-18,9.1876,89.45
2011-01-19,8.9141,88.43
2011-01-20,7.9650,84.83
2011-01-21,7.9233,84.62
2011-01-24,8.1414,85.53
2011-01-25,8.0835,85.31
2011-01-26,8.2215,85.83
2011-01-27,8.7596,87.85
2011-01-28,7.9334,84.67
2011-01-31,8.6857,87.57
2011-02-01,8.7976,87.99
2011-02-02,8.8865,88.32
2011-02-03,8.3794,86.42
2011-02-04,7.2900,81.45
2011-02-07,6.7176,78.59
2011-02-08,7.2940,81.47
2011-02-09,7.8998,84.50
2011-02-10,7.1949,80.97
2011-02-11,9.0042,88.77
2011-02-14,9.8032,91.76
2011-02-15,9.6267,91.10
2011-02-16,10.6377,94.89
2011-02-17,10.2657,93.50
2011-02-18,9.7447,91.54
2011-02-22,7.2310,81.16
2011-02-23,6.7046,78.52
2011-02-24,7.5496,82.75
2011-02-25,6.9750,79.87
2011-02-28,6.9686,79.84
2011-03-01,5.3321,71.66
2011-03-02,5.5211,72.61
2011-03-03,5.4319,72.16
2011-03-04,3.3614,63.86
2011-03-07,2.4242,60.34
2011-03-08,2.5983,60.99
2011-03-09,1.7317,57.74
2011-03-10,0.5655,52.83
2011-03-11,0.9406,54.70
2011-03-14,0.7505,53.75
2011-03-15,1.3572,56.34
2011-03-16,1.5987,57.25
2011-03-17,2.2236,59.59
2011-03-18,2.7857,61.70
2011-03-21,2.9484,62.31
2011-03-22,2.1865,59.45
2011-03-23,1.4817,56.81
2011-03-24,1.8432,58.16
2011-03-25,2.3974,60.24
2011-03-28,1.6594,57.47
2011-03-29,1.9764,58.66
2011-03-30,1.6549,57.46
2011-03-31,1.6609,57.48
2011-04-01,1.6382,57.39
2011-04-04,0.5488,52.74
2011-04-05,1.0334,55.13
2011-04-06,0.0941,50.47
2011-04-07,0.1852,50.93
2011-04-08,-0.1444,49.28
2011-04-11,-0.3637,48.18
2011-04-12,-0.8213,45.89
2011-04-13,-1.1856,44.30
2011-04-14,-2.1494,40.69
2011-04-15,-3.4484,35.82
2011-04-18,-3.6210,35.17
2011-04-19,-2.7063,38.60
2011-04-20,-1.5840,42.81
2011-04-21,-1.3775,43.58
2011-04-25,-1.9541,41.42
2011-04-26,-1.9608,41.40
2011-04-27,-2.7155,38.57
2011-04-28,-3.7724,34.60
2011-04-29,-2.9317,37.76
2011-05-02,-4.2378,32.86
2011-05-03,-4.9509,30.18
2011-05-04,-5.7005,26.50
2011-05-05,-5.5847,27.08
2011-05-06,-5.9764,25.12
2011-05-09,-6.8232,20.88
2011-05-10,-7.2429,18.79
2011-05-11,-8.1160,14.56
2011-05-12,-8.9613,11.40
2011-05-13,-10.4692,5.74
2011-05-16,-11.6103,1.46
2011-05-17,-11.8918,0.41
2011-05-18,-11.5799,1.58
2011-05-19,-11.1094,3.34
2011-05-20,-11.5902,1.54
2011-05-23,-10.1196,7.05
2011-05-24,-9.6235,8.91
2011-05-25,-9.5354,9.24
2011-05-26,-9.5260,9.28
2011-05-27,-8.7550,12.17
2011-05-31,-7.6416,16.79
2011-06-01,-9.3264,10.03
2011-06-02,-9.0267,11.15
2011-06-03,-8.7381,12.23
2011-06-06,-8.5435,12.96
2011-06-07,-9.0706,10.99
2011-06-08,-9.3203,10.05
2011-06-09,-8.7387,12.23
2011-06-10,-9.2502,10.31
2011-06-13,-9.5651,9.13
2011-06-14,-9.3935,9.77
2011-06-15,-9.4285,9.64
2011-06-16,-10.3571,6.16
2011-06-17,-10.2827,6.44
2011-06-20,-10.9016,4.12
2011-06-21,-8.9177,11.56
2011-06-22,-9.2560,10.29
2011-06-23,-8.8536,11.80
2011-06-24,-9.4894,9.41
2011-06-27,-8.7846,12.06
2011-06-28,-8.1687,14.37
2011-06-29,-7.5816,17.09
2011-06-30,-7.0542,19.73
2011-07-01,-6.2701,23.65
2011-07-05,-5.8629,25.69
2011-07-06,-6.4014,22.99
2011-07-07,-5.4051,27.97
2011-07-08,-5.7214,26.39
2011-07-11,-6.1335,24.33
2011-07-12,-6.8926,20.54
2011-07-13,-6.1412,24.29
2011-07-14,-6.5394,22.30
2011-07-15,-5.3338,28.33
2011-07-18,-4.7943,30.77
2011-07-19,-3.9243,34.03
2011-07-20,-3.9134,34.07
2011-07-21,-4.3765,32.34
2011-07-22,-4.4963,31.89
2011-07-25,-4.2643,32.76
2011-07-26,-4.1495,33.19
2011-07-27,-5.2372,28.81
2011-07-28,-5.0240,29.88
2011-07-29,-4.6538,31.30
2011-08-01,-3.9458,33.95
2011-08-02,-4.7591,30.90
2011-08-03,-3.6925,34.90
2011-08-04,-4.9228,30.29
2011-08-05,-6.2947,23.53
2011-08-08,-7.8454,15.77
2011-08-09,-6.2655,23.67
2011-08-10,-6.7925,21.04
2011-08-11,-5.8793,25.60
2011-08-12,-4.9427,30.21
2011-08-15,-4.3905,32.29
2011-08-16,-4.9930,30.03
2011-08-17,-6.1699,24.15
2011-08-18,-8.6864,12.43
2011-08-19,-9.3800,9.83
2011-08-22,-9.1818,10.57
2011-08-23,-8.2001,14.25
2011-08-24,-8.3360,13.74
2011-08-25,-8.4897,13.16
2011-08-26,-7.8391,15.80
2011-08-29,-7.0943,19.53
2011-08-30,-5.6918,26.54
2011-08-31,-6.3558,23.22
2011-09-01,-6.9620,20.19
2011-09-02,-7.7541,16.23
2011-09-06,-8.1798,14.33
2011-09-07,-6.1288,24.36
2011-09-08,-7.0212,19.89
2011-09-09,-6.9848,20.08
2011-09-12,-6.3133,23.43
2011-09-13,-6.3778,23.11
2011-09-14,-5.6096,26.95
2011-09-15,-4.3936,32.27
2011-09-16,-4.3568,32.41
2011-09-19,-4.2219,32.92
2011-09-20,-6.8651,20.67
2011-09-21,-7.8108,15.95
2011-09-22,-9.4379,9.61
2011-09-23,-8.3356,13.74
2011-09-26,-7.9101,15.45
2011-09-27,-8.2723,13.98
2011-09-28,-8.9831,11.31
2011-09-29,-9.8989,7.88
2011-09-30,-11.9130,0.33
2011-10-03,-12.3891,0.00
2011-10-04,-10.1995,6.75
2011-10-05,-9.9371,7.74
2011-10-06,-9.0239,11.16
2011-10-07,-9.4386,9.61
2011-10-10,-7.3998,18.00
2011-10-11,-6.9776,20.11
2011-10-12,-5.6159,26.92
2011-10-13,-6.1956,24.02
2011-10-14,-5.5125,27.44
2011-10-17,-7.3425,18.29
2011-10-18,-5.8116,25.94
2011-10-19,-7.0565,19.72
2011-10-20,-7.2244,18.88
2011-10-21,-7.1473,19.26
2011-10-24,-5.6917,26.54
2011-10-25,-5.1059,29.47
2011-10-26,-5.3377,28.31
2011-10-27,-3.8625,34.27
2011-10-28,-3.8085,34.47
2011-10-31,-3.6380,35.11
2011-11-01,-5.3634,28.18
2011-11-02,-3.5337,35.50
2011-11-03,-1.0349,44.87
2011-11-04,1.5503,57.06
2011-11-07,-1.2640,44.01
2011-11-08,1.0946,55.35
2011-11-09,-1.4651,43.26
2011-11-10,-2.0745,40.97
2011-11-11,-0.9728,45.14
2011-11-14,0.1348,50.67
2011-11-15,1.1682,55.63
2011-11-16,3.9841,66.19
2011-11-17,4.2096,67.04
2011-11-18,3.8214,65.58
2011-11-21,1.9771,58.66
2011-11-22,1.2384,55.89
2011-11-23,0.0433,50.22
2011-11-25,-1.4936,43.15
2011-11-28,-1.2186,44.18
2011-11-29,-2.2670,40.25
2011-11-30,-0.7969,46.02
2011-12-01,0.2735,51.37
2011-12-02,3.2972,63.61
2011-12-05,4.8699,69.51
2011-12-06,2.8580,61.97
2011-12-07,4.0766,66.54
2011-12-08,3.2531,63.45
2011-12-09,3.4439,64.16
2011-12-12,2.3278,59.98
2011-12-13,0.2315,51.16
2011-12-14,-1.2668,44.00
2011-12-15,-2.5518,39.18
2011-12-16,-1.5029,43.11
2011-12-19,-1.1327,44.50
2011-12-20,1.3254,56.22
2011-12-21,1.4956,56.86
2011-12-22,1.5892,57.21
2011-12-23,0.6024,53.01
2011-12-27,-0.1101,49.45
2011-12-28,-0.1901,49.05
2011-12-29,0.6249,53.12
2011-12-30,2.7080,61.41
2012-01-03,5.9274,74.64
2012-01-04,3.9166,65.94
2012-01-05,3.0364,62.64
2012-01-06,2.2563,59.71
2012-01-09,3.8855,65.82
2012-01-10,2.5704,60.89
2012-01-11,2.6530,61.20
2012-01-12,1.9600,58.60
2012-01-13,2.0719,59.02
2012-01-17,1.1016,55.38
2012-01-18,3.9309,65.99
2012-01-19,3.0226,62.58
2012-01-20,4.3019,67.38
2012-01-23,4.1697,66.89
2012-01-24,4.2120,67.04
2012-01-25,2.0340,58.88
2012-01-26,2.5546,60.83
2012-01-27,3.5262,64.47
2012-01-30,1.6204,57.33
2012-01-31,1.2482,55.93
2012-02-01,2.7991,61.75
2012-02-02,4.5337,68.25
2012-02-03,5.4457,72.23
2012-02-06,4.6538,68.70
2012-02-07,4.5606,68.35
2012-02-08,5.3487,71.74
2012-02-09,5.3115,71.56
2012-02-10,6.7223,78.61
2012-02-13,7.5804,82.90
2012-02-14,5.9709,74.85
2012-02-15,5.5307,72.65
2012-02-16,5.5168,72.58
2012-02-17,6.7725,78.86
2012-02-21,8.8920,88.35
2012-02-22,8.7131,87.67
2012-02-23,9.7866,91.70
2012-02-24,9.5927,90.97
2012-02-27,11.3573,97.59
2012-02-28,12.1468,100.00
2012-02-29,10.0381,92.64
2012-03-01,11.7312,98.99
2012-03-02,9.3556,90.08
2012-03-05,8.5995,87.25
2012-03-06,6.0442,75.22
2012-03-07,6.0741,75.37
2012-03-08,6.9146,79.57
2012-03-09,6.8541,79.27
2012-03-12,7.5118,82.56
2012-03-13,8.4513,86.69
2012-03-14,9.7474,91.55
2012-03-15,12.3377,100.00
2012-03-16,13.4970,100.00
2012-03-19,15.2036,100.00
2012-03-20,14.4274,100.00
2012-03-21,15.5803,100.00
2012-03-22,13.1368,100.00
2012-03-23,14.5701,100.00
2012-03-26,14.2281,100.00
2012-03-27,13.1934,100.00
2012-03-28,13.5187,100.00
2012-03-29,13.8360,100.00
2012-03-30,12.8977,100.00
2012-04-02,13.2839,100.00
2012-04-03,10.8775,95.79
2012-04-04,9.1730,89.40
2012-04-05,8.9332,88.50
2012-04-09,8.3574,86.34
2012-04-10,7.1670,80.83
2012-04-11,7.3464,81.73
2012-04-12,7.9842,84.92
2012-04-13,6.4473,77.24
2012-04-16,6.2478,76.24
2012-04-17,7.1079,80.54
2012-04-18,5.5621,72.81
2012-04-19,3.6031,64.76
2012-04-20,3.0066,62.52
2012-04-23,2.7935,61.73
2012-04-24,2.4097,60.29
2012-04-25,3.5943,64.73
2012-04-26,4.3672,67.63
2012-04-27,4.0943,66.60
2012-04-30,3.2499,63.44
2012-05-01,3.6231,64.84
2012-05-02,3.4686,64.26
2012-05-03,2.5305,60.74
2012-05-04,-0.2705,48.65
2012-05-07,-0.4554,47.72
2012-05-08,-0.8274,45.86
2012-05-09,-1.5255,43.03
2012-05-10,-2.6337,38.87
2012-05-11,-2.3890,39.79
2012-05-14,-3.9860,33.80
2012-05-15,-3.3334,36.25
2012-05-16,-3.6134,35.20
2012-05-17,-5.1961,29.02
2012-05-18,-5.9758,25.12
2012-05-21,-5.3561,28.22
2012-05-22,-4.8198,30.68
2012-05-23,-4.3564,32.41
2012-05-24,-4.7692,30.87
2012-05-25,-5.4379,27.81
2012-05-29,-4.8486,30.57
2012-05-30,-5.3793,28.10
2012-05-31,-5.8445,25.78
2012-06-01,-7.1981,19.01
2012-06-04,-7.0955,19.52
2012-06-05,-5.7831,26.08
2012-06-06,-5.6257,26.87
2012-06-07,-6.3777,23.11
2012-06-08,-6.1017,24.49
2012-06-11,-6.4641,22.68
2012-06-12,-7.1110,19.45
2012-06-13,-8.4999,13.13
2012-06-14,-9.5330,9.25
2012-06-15,-8.9448,11.46
2012-06-18,-9.7711,8.36
2012-06-19,-8.8879,11.67
2012-06-20,-8.2882,13.92
2012-06-21,-8.4417,13.34
2012-06-22,-8.3150,13.82
2012-06-25,-9.7381,8.48
2012-06-26,-8.8943,11.65
2012-06-27,-9.2299,10.39
2012-06-28,-9.2382,10.36
2012-06-29,-7.8006,16.00
2012-07-02,-8.2575,14.03
2012-07-03,-7.6409,16.80
2012-07-05,-6.6871,21.56
2012-07-06,-7.6775,16.61
2012-07-09,-7.7070,16.47
2012-07-10,-7.8343,15.83
2012-07-11,-8.9323,11.50
2012-07-12,-10.9163,4.06
2012-07-13,-9.3720,9.85
2012-07-16,-9.0470,11.07
2012-07-17,-9.5779,9.08
2012-07-18,-8.6507,12.56
2012-07-19,-7.6229,16.89
2012-07-20,-7.4599,17.70
2012-07-23,-7.4988,17.51
2012-07-24,-7.5141,17.43
2012-07-25,-8.2080,14.22
2012-07-26,-8.4903,13.16
2012-07-27,-8.5227,13.04
2012-07-30,-8.2371,14.11
2012-07-31,-8.1282,14.52
2012-08-01,-8.3650,13.63
2012-08-02,-7.3603,18.20
2012-08-03,-5.6472,26.76
2012-08-06,-5.1227,29.39
2012-08-07,-3.1223,37.04
2012-08-08,-3.4055,35.98
2012-08-09,-2.3740,39.85
2012-08-10,-2.1772,40.59
2012-08-13,-0.8756,45.62
2012-08-14,-1.2297,44.14
2012-08-15,-0.0375,49.81
2012-08-16,2.5199,60.70
2012-08-17,3.5660,64.62
2012-08-20,1.8817,58.31
2012-08-21,2.1491,59.31
2012-08-22,1.4000,56.50
2012-08-23,2.0476,58.93
2012-08-24,2.3022,59.88
2012-08-27,1.0550,55.21
2012-08-28,1.9622,58.61
2012-08-29,2.1832,59.44
2012-08-30,3.7146,65.18
2012-08-31,4.9388,69.77
2012-09-04,3.5960,64.74
2012-09-05,2.5494,60.81
2012-09-06,4.0136,66.30
2012-09-07,4.5494,68.31
2012-09-10,5.1751,70.88
2012-09-11,4.9129,69.67
2012-09-12,6.6241,78.12
2012-09-13,7.1224,80.61
2012-09-14,7.2796,81.40
2012-09-17,6.8690,79.35
2012-09-18,5.3561,71.78
2012-09-19,5.0061,70.03
2012-09-20,5.1677,70.84
2012-09-21,5.0192,70.10
2012-09-24,5.6154,73.08
2012-09-25,4.0617,66.48
2012-09-26,3.7738,65.40
2012-09-27,5.2363,71.18
2012-09-28,3.4452,64.17
2012-10-01,3.6738,65.03
2012-10-02,2.7793,61.67
2012-10-03,2.7486,61.56
2012-10-04,3.8157,65.56
2012-10-05,4.0137,66.30
2012-10-08,4.7116,68.92
2012-10-09,4.6413,68.65
2012-10-10,5.4438,72.22
2012-10-11,4.4793,68.05
2012-10-12,4.6314,68.62
2012-10-15,4.6863,68.82
2012-10-16,4.3619,67.61
2012-10-17,3.9944,66.23
2012-10-18,4.6424,68.66
2012-10-19,4.1364,66.76
2012-10-22,4.2160,67.06
2012-10-23,4.3563,67.59
2012-10-24,3.8781,65.79
2012-10-25,2.8056,61.77
2012-10-26,3.3888,63.96
2012-10-31,3.4059,64.02
2012-11-01,5.0506,70.25
2012-11-02,4.5710,68.39
2012-11-05,4.5676,68.38
2012-11-06,4.6400,68.65
2012-11-07,2.4940,60.60
2012-11-08,2.6170,61.06
2012-11-09,2.5788,60.92
2012-11-12,2.8289,61.86
2012-11-13,2.3925,60.22
2012-11-14,1.9530,58.57
2012-11-15,1.8610,58.23
2012-11-16,0.5781,52.89
2012-11-19,1.1085,55.41
2012-11-20,1.2306,55.86
2012-11-21,1.1517,55.57
2012-11-23,1.5868,57.20
2012-11-26,1.7063,57.65
2012-11-27,1.4785,56.79
2012-11-28,1.8127,58.05
2012-11-29,1.7139,57.68
2012-11-30,0.8919,54.46
2012-12-03,1.1150,55.43
2012-12-04,0.5881,52.94
2012-12-05,0.9284,54.64
2012-12-06,1.1716,55.64
2012-12-07,0.1994,51.00
2012-12-10,-0.9097,45.45
2012-12-11,-0.3138,48.43
2012-12-12,-0.5599,47.20
2012-12-13,-1.4282,43.39
2012-12-14,-1.7584,42.16
2012-12-17,-2.3017,40.12
2012-12-18,-0.9455,45.27
2012-12-19,-0.1649,49.18
2012-12-20,-0.0825,49.59
2012-12-21,0.9046,54.52
2012-12-24,0.9777,54.89
2012-12-26,1.8727,58.27
2012-12-27,2.8350,61.88
2012-12-28,3.3717,63.89
2012-12-31,3.0077,62.53
2013-01-02,3.9933,66.22
2013-01-03,4.0148,66.31
2013-01-04,4.4834,68.06
2013-01-07,4.4766,68.04
2013-01-08,3.9037,65.89
2013-01-09,3.9279,65.98
2013-01-10,4.3970,67.74
2013-01-11,4.5297,68.24
2013-01-14,4.4710,68.02
2013-01-15,4.5114,68.17
2013-01-16,4.8735,69.53
2013-01-17,4.8428,69.41
2013-01-18,4.1379,66.77
2013-01-22,4.2637,67.24
2013-01-23,4.7734,69.15
2013-01-24,4.9794,69.92
2013-01-25,4.8522,69.45
2013-01-28,4.8248,69.34
2013-01-29,4.3743,67.65
2013-01-30,4.5708,68.39
2013-01-31,4.1592,66.85
2013-02-01,4.3615,67.61
2013-02-04,2.5122,60.67
2013-02-05,2.8198,61.82
2013-02-06,1.8770,58.29
2013-02-07,1.0637,55.24
2013-02-08,2.2268,59.60
2013-02-11,2.7540,61.58
2013-02-12,2.8405,61.90
2013-02-13,2.7334,61.50
2013-02-14,3.2564,63.46
2013-02-15,3.7290,65.23
2013-02-19,3.3809,63.93
2013-02-20,2.4518,60.44
2013-02-21,0.4276,52.14
2013-02-22,0.8245,54.12
2013-02-25,-0.4399,47.80
2013-02-26,-0.5845,47.08
2013-02-27,0.1157,50.58
2013-02-28,0.4346,52.17
2013-03-01,0.0375,50.19
2013-03-04,-0.1405,49.30
2013-03-05,1.1404,55.53
2013-03-06,1.4665,56.75
2013-03-07,1.9438,58.54
2013-03-08,2.8453,61.92
2013-03-11,2.5629,60.86
2013-03-12,2.0514,58.94
2013-03-13,2.2901,59.84
2013-03-14,2.4481,60.43
2013-03-15,2.2350,59.63
2013-03-18,2.2126,59.55
2013-03-19,1.5745,57.15
2013-03-20,0.6066,53.03
2013-03-21,-0.9580,45.21
2013-03-22,-1.1432,44.46
2013-03-25,-1.6107,42.71
2013-03-26,-2.2195,40.43
2013-03-27,-2.9926,37.53
2013-03-28,-3.7413,34.72
2013-04-01,-4.5196,31.80
2013-04-02,-5.3217,28.39
2013-04-03,-6.0917,24.54
2013-04-04,-6.7229,21.39
2013-04-05,-6.8023,20.99
2013-04-08,-6.7479,21.26
2013-04-09,-6.6764,21.62
2013-04-10,-6.1525,24.24
2013-04-11,-6.4105,22.95
2013-04-12,-7.1188,19.41
2013-04-15,-7.5078,17.46
2013-04-16,-7.5831,17.08
2013-04-17,-8.6450,12.58
2013-04-18,-9.4328,9.63
2013-04-19,-10.1685,6.87
2013-04-22,-9.7231,8.54
2013-04-23,-9.1936,10.52
2013-04-24,-8.0005,15.00
2013-04-25,-7.2244,18.88
2013-04-26,-7.4334,17.83
2013-04-29,-7.2705,18.65
2013-04-30,-5.8230,25.88
2013-05-01,-5.6993,26.50
2013-05-02,-4.9194,30.30
2013-05-03,-4.3042,32.61
2013-05-06,-2.3887,39.79
2013-05-07,-2.7047,38.61
2013-05-08,-1.8579,41.78
2013-05-09,-1.0358,44.87
2013-05-10,-1.5047,43.11
2013-05-13,-1.8174,41.93
2013-05-14,-1.9987,41.25
2013-05-15,-2.4281,39.64
2013-05-16,-2.2277,40.40
2013-05-17,-1.2230,44.16
2013-05-20,-0.1805,49.10
2013-05-21,0.6687,53.34
2013-05-22,0.9052,54.53
2013-05-23,0.6807,53.40
2013-05-24,1.5781,57.17
2013-05-28,1.9091,58.41
2013-05-29,2.6021,61.01
2013-05-30,3.1017,62.88
2013-05-31,3.8234,65.59
2013-06-03,3.8806,65.80
2013-06-04,2.9640,62.36
2013-06-05,2.4070,60.28
2013-06-06,1.7391,57.77
2013-06-07,2.0007,58.75
2013-06-10,1.7493,57.81
2013-06-11,1.4806,56.80
2013-06-12,1.3274,56.23
2013-06-13,1.2544,55.95
2013-06-14,0.4075,52.04
2013-06-17,0.8471,54.24
2013-06-18,1.9644,58.62
2013-06-19,2.8522,61.95
2013-06-20,3.9192,65.95
2013-06-21,2.6949,61.36
2013-06-24,1.9198,58.45
2013-06-25,2.9058,62.15
2013-06-26,3.1279,62.98
2013-06-27,4.1561,66.84
2013-06-28,5.0480,70.24
2013-07-01,6.3278,76.64
2013-07-02,6.6021,78.01
2013-07-03,7.1504,80.75
2013-07-05,8.2237,85.84
2013-07-08,7.5619,82.81
2013-07-09,7.5118,82.56
2013-07-10,6.5980,77.99
2013-07-11,6.9116,79.56
2013-07-12,7.3301,81.65
2013-07-15,7.8961,84.48
2013-07-16,8.0131,85.05
2013-07-17,9.2967,89.86
2013-07-18,10.1767,93.16
2013-07-19,9.9144,92.18
2013-07-22,9.9777,92.42
2013-07-23,9.0928,89.10
2013-07-24,7.9570,84.78
2013-07-25,7.0363,80.18
2013-07-26,7.1352,80.68
2013-07-29,6.5577,77.79
2013-07-30,5.9555,74.78
2013-07-31,6.6566,78.28
2013-08-01,6.8020,79.01
2013-08-02,6.1403,75.70
2013-08-05,4.6056,68.52
2013-08-06,4.3656,67.62
2013-08-07,3.0792,62.80
2013-08-08,2.7469,61.55
2013-08-09,2.9658,62.37
2013-08-12,3.7012,65.13
2013-08-13,3.9898,66.21
2013-08-14,4.3472,67.55
2013-08-15,3.9770,66.16
2013-08-16,3.8850,65.82
2013-08-19,2.8163,61.81
2013-08-20,3.3239,63.71
2013-08-21,3.9258,65.97
2013-08-22,4.3200,67.45
2013-08-23,4.0279,66.35
2013-08-26,3.4680,64.25
2013-08-27,1.0580,55.22
2013-08-28,0.8633,54.32
2013-08-29,0.8257,54.13
2013-08-30,0.5208,52.60
2013-09-03,1.5203,56.95
2013-09-04,2.2517,59.69
2013-09-05,2.7206,61.45
2013-09-06,1.6720,57.52
2013-09-09,2.3796,60.17
2013-09-10,3.7162,65.19
2013-09-11,3.8704,65.76
2013-09-12,3.4166,64.06
2013-09-13,3.7680,65.38
2013-09-16,3.4037,64.01
2013-09-17,3.2861,63.57
2013-09-18,2.2270,59.60
2013-09-19,2.1875,59.45
2013-09-20,3.5037,64.39
2013-09-23,3.9509,66.07
2013-09-24,3.6170,64.81
2013-09-25,4.4958,68.11
2013-09-26,4.0999,66.62
2013-09-27,4.0262,66.35
2013-09-30,3.1456,63.05
2013-10-01,3.3249,63.72
2013-10-02,2.8504,61.94
2013-10-03,1.8538,58.20
2013-10-04,2.5881,60.96
2013-10-07,2.0952,59.11
2013-10-08,1.4379,56.64
2013-10-09,1.4444,56.67
2013-10-10,2.0902,59.09
2013-10-11,2.7634,61.61
2013-10-14,2.8420,61.91
2013-10-15,2.8784,62.04
2013-10-16,2.4709,60.52
2013-10-17,2.7466,61.55
2013-10-18,3.5078,64.40
2013-10-21,4.2078,67.03
2013-10-22,2.9677,62.38
2013-10-23,3.0214,62.58
2013-10-24,3.9687,66.13
2013-10-25,4.3981,67.74
2013-10-28,3.7563,65.34
2013-10-29,3.2724,63.52
2013-10-30,2.7958,61.73
2013-10-31,2.5958,60.98
2013-11-01,2.2356,59.63
2013-11-04,2.7156,61.43
2013-11-05,3.3039,63.64
2013-11-06,2.8248,61.84
2013-11-07,2.3564,60.09
2013-11-08,2.8327,61.87
2013-11-11,2.4752,60.53
2013-11-12,2.3861,60.20
2013-11-13,2.7613,61.60
2013-11-14,1.7159,57.68
2013-11-15,1.9374,58.52
2013-11-18,1.7727,57.90
2013-11-19,1.5214,56.96
2013-11-20,1.0330,55.12
2013-11-21,2.1982,59.49
2013-11-22,1.8125,58.05
2013-11-25,3.2159,63.31
2013-11-26,3.7519,65.32
2013-11-27,3.9470,66.05
2013-11-29,4.5903,68.46
2013-12-02,3.7481,65.31
2013-12-03,2.6055,61.02
2013-12-04,2.2660,59.75
2013-12-05,3.0176,62.57
2013-12-06,2.1751,59.41
2013-12-09,1.8188,58.07
2013-12-10,2.3609,60.10
2013-12-11,2.1230,59.21
2013-12-12,2.9514,62.32
2013-12-13,3.1317,62.99
2013-12-16,3.5504,64.56
2013-12-17,4.0731,66.52
2013-12-18,3.4374,64.14
2013-12-19,3.6067,64.78
2013-12-20,4.4946,68.10
2013-12-23,4.9851,69.94
2013-12-24,4.5577,68.34
2013-12-26,4.6083,68.53
2013-12-27,4.2351,67.13
2013-12-30,4.1253,66.72
2013-12-31,4.5916,68.47
2014-01-02,4.8287,69.36
2014-01-03,5.1459,70.73
2014-01-06,4.7686,69.13
2014-01-07,4.8335,69.38
2014-01-08,6.1856,75.93
2014-01-09,5.6048,73.02
2014-01-10,4.4817,68.06
2014-01-13,3.4299,64.11
2014-01-14,3.7252,65.22
2014-01-15,4.6063,68.52
2014-01-16,4.0991,66.62
2014-01-17,4.4961,68.11
2014-01-21,2.9800,62.43
2014-01-22,2.4854,60.57
2014-01-23,2.9232,62.21
2014-01-24,2.5194,60.70
2014-01-27,1.7105,57.66
2014-01-28,1.3702,56.39
2014-01-29,1.6401,57.40
2014-01-30,1.8839,58.31
2014-01-31,1.0581,55.22
2014-02-03,0.0207,50.10
2014-02-04,0.7876,53.94
2014-02-05,0.9599,54.80
2014-02-06,1.6535,57.45
2014-02-07,2.3018,59.88
2014-02-10,1.8609,58.23
2014-02-11,0.7924,53.96
2014-02-12,1.0818,55.31
2014-02-13,0.6339,53.17
2014-02-14,0.1454,50.73
2014-02-18,0.3578,51.79
2014-02-19,0.0527,50.26
2014-02-20,-0.1717,49.14
2014-02-21,-0.0335,49.83
2014-02-24,0.2512,51.26
2014-02-25,-0.6384,46.81
2014-02-26,-0.1557,49.22
2014-02-27,0.1243,50.62
2014-02-28,-0.7854,46.07
2014-03-03,-1.4262,43.40
2014-03-04,-1.3134,43.82
2014-03-05,-0.4188,47.91
2014-03-06,1.0254,55.10
2014-03-07,1.0398,55.15
2014-03-10,0.3637,51.82
2014-03-11,0.2125,51.06
2014-03-12,-0.6384,46.81
2014-03-13,-2.2683,40.24
2014-03-14,-2.3372,39.99
2014-03-17,-2.5073,39.35
2014-03-18,-2.3584,39.91
2014-03-19,-2.5521,39.18
2014-03-20,-2.1406,40.72
2014-03-21,-1.5249,43.03
2014-03-24,-1.9827,41.31
2014-03-25,-2.7557,38.42
2014-03-26,-4.2743,32.72
2014-03-27,-5.0036,29.98
2014-03-28,-4.6877,31.17
2014-03-31,-4.5151,31.82
2014-04-01,-3.3219,36.29
2014-04-02,-3.5228,35.54
2014-04-03,-4.1594,33.15
2014-04-04,-5.2619,28.69
2014-04-07,-6.2038,23.98
2014-04-08,-5.7865,26.07
2014-04-09,-5.5747,27.13
2014-04-10,-5.6232,26.88
2014-04-11,-5.6733,26.63
2014-04-14,-4.9846,30.06
2014-04-15,-5.8259,25.87
2014-04-16,-6.3611,23.19
2014-04-17,-4.9572,30.16
2014-04-21,-4.9726,30.10
2014-04-22,-4.2966,32.64
2014-04-23,-4.3829,32.31
2014-04-24,-4.1418,33.22
2014-04-25,-4.7457,30.95
2014-04-28,-5.3588,28.21
2014-04-29,-4.3687,32.37
2014-04-30,-3.9394,33.98
2014-05-01,-4.1455,33.20
2014-05-02,-2.5835,39.06
2014-05-05,-2.0462,41.08
2014-05-06,-3.1064,37.10
2014-05-07,-3.9401,33.97
2014-05-08,-3.9213,34.05
2014-05-09,-3.8947,34.14
2014-05-12,-1.8291,41.89
2014-05-13,-1.9249,41.53
2014-05-14,-3.0977,37.13
2014-05-15,-2.7291,38.52
2014-05-16,-2.6065,38.98
2014-05-19,-1.5432,42.96
2014-05-20,-1.6668,42.50
2014-05-21,-1.0980,44.63
2014-05-22,-1.2993,43.88
2014-05-23,-0.9309,45.35
2014-05-27,-0.6257,46.87
2014-05-28,-1.1072,44.60
2014-05-29,-1.6583,42.53
2014-05-30,-1.9881,41.29
2014-06-02,-1.6168,42.69
2014-06-03,-1.9467,41.45
2014-06-04,-2.7929,38.28
2014-06-05,-3.1657,36.88
2014-06-06,-2.3711,39.86
2014-06-09,-1.2702,43.99
2014-06-10,-1.0222,44.92
2014-06-11,-0.3410,48.30
2014-06-12,-0.0374,49.81
2014-06-13,0.4944,52.47
2014-06-16,-0.3471,48.26
2014-06-17,-0.1275,49.36
2014-06-18,-1.3588,43.65
2014-06-19,-2.5841,39.06
2014-06-20,-2.5124,39.33
2014-06-23,-2.0059,41.23
2014-06-24,-2.1523,40.68
2014-06-25,-1.4000,43.50
2014-06-26,-0.9626,45.19
2014-06-27,-1.2733,43.98
2014-06-30,-1.3623,43.64
2014-07-01,-1.6490,42.57
2014-07-02,-1.5978,42.76
2014-07-03,-0.4922,47.54
2014-07-07,0.1126,50.56
2014-07-08,0.4982,52.49
2014-07-09,0.6775,53.39
2014-07-10,-0.4742,47.63
2014-07-11,0.8113,54.06
2014-07-14,2.2585,59.72
2014-07-15,2.6047,61.02
2014-07-16,3.3206,63.70
2014-07-17,2.3843,60.19
2014-07-18,1.5477,57.05
2014-07-21,1.8214,58.08
2014-07-22,2.0456,58.92
2014-07-23,1.8017,58.01
2014-07-24,1.6646,57.49
2014-07-25,3.0855,62.82
2014-07-28,3.4554,64.21
2014-07-29,2.5987,60.99
2014-07-30,3.4701,64.26
2014-07-31,3.3033,63.64
2014-08-01,1.5155,56.93
2014-08-04,2.4963,60.61
2014-08-05,3.0734,62.78
2014-08-06,3.4393,64.15
2014-08-07,2.7763,61.66
2014-08-08,2.2776,59.79
2014-08-11,1.3346,56.25
2014-08-12,1.5685,57.13
2014-08-13,2.3983,60.24
2014-08-14,2.1692,59.38
2014-08-15,1.7300,57.74
2014-08-18,1.6108,57.29
2014-08-19,1.8805,58.30
2014-08-20,1.8905,58.34
2014-08-21,2.1650,59.37
2014-08-22,1.5068,56.90
2014-08-25,1.0730,55.27
2014-08-26,1.5368,57.01
2014-08-27,1.3552,56.33
2014-08-28,1.4042,56.52
2014-08-29,0.9872,54.94
2014-09-02,1.6859,57.57
2014-09-03,1.0116,55.04
2014-09-04,0.8355,54.18
2014-09-05,-0.3679,48.16
2014-09-08,-0.7922,46.04
2014-09-09,-0.8675,45.66
2014-09-10,-0.8049,45.98
2014-09-11,-0.1174,49.41
2014-09-12,0.6086,53.04
2014-09-15,0.6728,53.36
2014-09-16,-0.4686,47.66
2014-09-17,0.6901,53.45
2014-09-18,1.8882,58.33
2014-09-19,1.2695,56.01
2014-09-22,0.3207,51.60
2014-09-23,0.8816,54.41
2014-09-24,0.7671,53.84
2014-09-25,0.3600,51.80
2014-09-26,0.8022,54.01
2014-09-29,0.6337,53.17
2014-09-30,-0.0109,49.95
2014-10-01,-1.4069,43.47
2014-10-02,-1.9459,41.45
2014-10-03,-1.6887,42.42
2014-10-06,-1.1276,44.52
2014-10-07,-2.4394,39.60
2014-10-08,-2.0235,41.16
2014-10-09,-3.0278,37.40
2014-10-10,-5.2186,28.91
2014-10-13,-5.7172,26.41
2014-10-14,-5.4573,27.71
2014-10-15,-4.8891,30.42
2014-10-16,-4.2176,32.93
2014-10-17,-4.1314,33.26
2014-10-20,-5.0677,29.66
2014-10-21,-4.0106,33.71
2014-10-22,-4.8452,30.58
2014-10-23,-4.1212,33.30
2014-10-24,-4.2163,32.94
2014-10-27,-4.0401,33.60
2014-10-28,-4.4737,31.97
2014-10-29,-4.2430,32.84
2014-10-30,-4.4932,31.90
2014-10-31,-4.3331,32.50
2014-11-03,-4.6855,31.18
2014-11-04,-5.0409,29.80
2014-11-05,-5.5939,27.03
2014-11-06,-4.3933,32.28
2014-11-07,-4.7745,30.85
2014-11-10,-5.1613,29.19
2014-11-11,-5.0975,29.51
2014-11-12,-3.8420,34.34
2014-11-13,-2.9786,37.58
2014-11-14,-2.8742,37.97
2014-11-17,-3.5555,35.42
2014-11-18,-4.3685,32.37
2014-11-19,-4.6627,31.26
2014-11-20,-4.0018,33.74
2014-11-21,-3.6881,34.92
2014-11-24,-3.2454,36.58
2014-11-25,-2.7486,38.44
2014-11-26,-2.6215,38.92
2014-11-28,-3.2679,36.50
2014-12-01,-4.6816,31.19
2014-12-02,-4.2247,32.91
2014-12-03,-3.5229,35.54
2014-12-04,-3.0365,37.36
2014-12-05,-3.1874,36.80
2014-12-08,-3.9638,33.89
2014-12-09,-4.1145,33.32
2014-12-10,-4.2648,32.76
2014-12-11,-5.3936,28.03
2014-12-12,-5.0886,29.56
2014-12-15,-4.2202,32.92
2014-12-16,-4.9547,30.17
2014-12-17,-5.5506,27.25
2014-12-18,-5.2029,28.99
2014-12-19,-4.3787,32.33
2014-12-22,-3.4252,35.91
2014-12-23,-2.2937,40.15
2014-12-24,-2.7295,38.51
2014-12-26,-4.0135,33.70
2014-12-29,-3.8168,34.44
2014-12-30,-3.1650,36.88
2014-12-31,-1.4179,43.43
2015-01-02,-2.1140,40.82
2015-01-05,-3.2374,36.61
2015-01-06,-4.2475,32.82
2015-01-07,-3.9004,34.12
2015-01-08,-3.0378,37.36
2015-01-09,-2.7162,38.56
2015-01-12,-1.7424,42.22
2015-01-13,-1.7374,42.23
2015-01-14,-3.5976,35.26
2015-01-15,-4.9583,30.16
2015-01-16,-5.6968,26.52
2015-01-20,-5.9892,25.05
2015-01-21,-5.3893,28.05
2015-01-22,-4.8838,30.44
2015-01-23,-3.8437,34.34
2015-01-26,-4.6400,31.35
2015-01-27,-5.1314,29.34
2015-01-28,-5.0220,29.89
2015-01-29,-5.6916,26.54
2015-01-30,-5.2328,28.84
2015-02-02,-3.5939,35.27
2015-02-03,-3.4122,35.95
2015-02-04,-2.3502,39.94
2015-02-05,-2.2194,40.43
2015-02-06,0.1951,50.98
2015-02-09,0.0151,50.08
2015-02-10,-0.5118,47.44
2015-02-11,0.4967,52.48
2015-02-12,1.4419,56.66
2015-02-13,1.5690,57.13
2015-02-17,1.0091,55.03
2015-02-18,-0.8762,45.62
2015-02-19,0.7460,53.73
2015-02-20,1.3750,56.41
2015-02-23,0.8133,54.07
2015-02-24,0.2348,51.17
2015-02-25,0.8795,54.40
2015-02-26,0.1184,50.59
2015-02-27,-0.2224,48.89
2015-03-02,1.2812,56.05
2015-03-03,1.7866,57.95
2015-03-04,2.2905,59.84
2015-03-05,2.0619,58.98
2015-03-06,2.3523,60.07
2015-03-09,2.5257,60.72
2015-03-10,1.3075,56.15
2015-03-11,2.5260,60.72
2015-03-12,2.5621,60.86
2015-03-13,2.7595,61.60
2015-03-16,2.5638,60.86
2015-03-17,2.8881,62.08
2015-03-18,2.1801,59.43
2015-03-19,2.3210,59.95
2015-03-20,2.3714,60.14
2015-03-23,1.8422,58.16
2015-03-24,1.8885,58.33
2015-03-25,0.1879,50.94
2015-03-26,-0.4994,47.50
2015-03-27,-0.0587,49.71
2015-03-30,0.5595,52.80
2015-03-31,0.8664,54.33
2015-04-01,0.3513,51.76
2015-04-02,-0.1101,49.45
2015-04-06,0.1712,50.86
2015-04-07,1.4332,56.62
2015-04-08,2.8321,61.87
2015-04-09,3.4680,64.26
2015-04-10,2.8931,62.10
2015-04-13,3.4026,64.01
2015-04-14,3.7242,65.22
2015-04-15,4.0980,66.62
2015-04-16,5.2438,71.22
2015-04-17,5.5958,72.98
2015-04-20,6.0578,75.29
2015-04-21,5.9727,74.86
2015-04-22,6.4379,77.19
2015-04-23,5.1634,70.82
2015-04-24,5.4528,72.26
2015-04-27,6.3309,76.65
2015-04-28,7.1207,80.60
2015-04-29,7.3636,81.82
2015-04-30,7.0474,80.24
2015-05-01,6.9947,79.97
2015-05-04,6.2907,76.45
2015-05-05,5.3591,71.80
2015-05-06,4.3314,67.49
2015-05-07,4.7578,69.09
2015-05-08,3.2297,63.36
2015-05-11,2.5809,60.93
2015-05-12,3.1819,63.18
2015-05-13,2.8666,62.00
2015-05-14,1.5240,56.96
2015-05-15,-0.0053,49.97
2015-05-18,0.3392,51.70
2015-05-19,1.1819,55.68
2015-05-20,0.3559,51.78
2015-05-21,0.3327,51.66
2015-05-22,1.0903,55.34
2015-05-26,0.6910,53.45
2015-05-27,0.4018,52.01
2015-05-28,0.1285,50.64
2015-05-29,-0.0975,49.51
2015-06-01,-1.1887,44.29
2015-06-02,-0.1153,49.42
2015-06-03,1.2457,55.92
2015-06-04,1.2295,55.86
2015-06-05,0.9572,54.79
2015-06-08,0.3842,51.92
2015-06-09,1.2935,56.10
2015-06-10,1.3338,56.25
2015-06-11,1.1948,55.73
2015-06-12,1.5339,57.00
2015-06-15,1.5800,57.17
2015-06-16,1.2976,56.12
2015-06-17,1.4986,56.87
2015-06-18,1.5015,56.88
2015-06-19,1.0923,55.35
2015-06-22,1.9994,58.75
2015-06-23,2.2828,59.81
2015-06-24,3.1281,62.98
2015-06-25,2.5192,60.70
2015-06-26,2.7555,61.58
2015-06-29,1.8473,58.18
2015-06-30,2.0031,58.76
2015-07-01,2.0431,58.91
2015-07-02,1.6927,57.60
2015-07-06,1.4158,56.56
2015-07-07,0.2559,51.28
2015-07-08,-0.6290,46.85
2015-07-09,-0.2496,48.75
2015-07-10,0.1242,50.62
2015-07-13,0.5120,52.56
2015-07-14,0.7683,53.84
2015-07-15,0.4616,52.31
2015-07-16,0.2575,51.29
2015-07-17,1.6084,57.28
2015-07-20,1.4777,56.79
2015-07-21,1.6062,57.27
2015-07-22,0.6880,53.44
2015-07-23,0.7117,53.56
2015-07-24,0.8372,54.19
2015-07-27,-1.1499,44.44
2015-07-28,-1.0683,44.74
2015-07-29,-0.7254,46.37
2015-07-30,-0.6069,46.97
2015-07-31,-1.5351,42.99
2015-08-03,-1.9499,41.44
2015-08-04,-1.7314,42.26
2015-08-05,-1.9720,41.35
2015-08-06,-2.1857,40.55
2015-08-07,-2.6053,38.98
2015-08-10,-1.5721,42.85
2015-08-11,-2.4992,39.38
2015-08-12,-3.6980,34.88
2015-08-13,-2.9293,37.77
2015-08-14,-2.2919,40.16
2015-08-17,-2.4621,39.52
2015-08-18,-2.1906,40.54
2015-08-19,-2.3499,39.94
2015-08-20,-3.6083,35.22
2015-08-21,-4.6304,31.39
2015-08-24,-4.3467,32.45
2015-08-25,-3.9493,33.94
2015-08-26,-2.9490,37.69
2015-08-27,-1.7513,42.18
2015-08-28,-1.5378,42.98
2015-08-31,-1.8333,41.88
2015-09-01,-3.1782,36.83
2015-09-02,-2.0675,41.00
2015-09-03,-2.9319,37.76
2015-09-04,-2.5760,39.09
2015-09-08,-2.2752,40.22
2015-09-09,-2.2859,40.18
2015-09-10,-2.0217,41.17
2015-09-11,-2.4096,39.71
2015-09-14,-2.3390,39.98
2015-09-15,-1.8472,41.82
2015-09-16,-1.6132,42.70
2015-09-17,-2.5902,39.04
2015-09-18,-2.8257,38.15
2015-09-21,-2.4616,39.52
2015-09-22,-3.4734,35.72
2015-09-23,-3.7792,34.58
2015-09-24,-3.8928,34.15
2015-09-25,-3.0531,37.30
2015-09-28,-2.8484,38.07
2015-09-29,-3.3691,36.12
2015-09-30,-3.0457,37.33
2015-10-01,-2.3734,39.85
2015-10-02,-2.4617,39.52
2015-10-05,-0.3939,48.03
2015-10-06,1.1574,55.59
2015-10-07,0.7559,53.78
2015-10-08,0.4385,52.19
2015-10-09,-0.2440,48.78
2015-10-12,-0.4841,47.58
2015-10-13,-0.4109,47.95
2015-10-14,-0.5306,47.35
2015-10-15,-1.2553,44.04
2015-10-16,-1.8824,41.69
2015-10-19,-1.9410,41.47
2015-10-20,-0.8504,45.75
2015-10-21,-1.1129,44.58
2015-10-22,-0.2785,48.61
2015-10-23,2.0569,58.96
2015-10-26,2.1183,59.19
2015-10-27,0.2746,51.37
2015-10-28,1.9151,58.43
2015-10-29,2.5974,60.99
2015-10-30,3.0835,62.81
2015-11-02,2.6948,61.36
2015-11-03,3.5798,64.67
2015-11-04,3.4696,64.26
2015-11-05,4.2564,67.21
2015-11-06,5.1514,70.76
2015-11-09,5.3895,71.95
2015-11-10,5.7984,73.99
2015-11-11,5.3338,71.67
2015-11-12,5.3992,72.00
2015-11-13,4.3356,67.51
2015-11-16,4.0574,66.47
2015-11-17,4.8275,69.35
2015-11-18,6.3659,76.83
2015-11-19,8.0544,85.20
2015-11-20,9.0600,88.97
2015-11-23,8.2336,85.88
2015-11-24,6.6692,78.35
2015-11-25,5.6695,73.35
2015-11-27,5.1681,70.84
2015-11-30,5.0767,70.38
2015-12-01,5.5193,72.60
2015-12-02,4.7552,69.08
2015-12-03,4.3675,67.63
2015-12-04,4.7411,69.03
2015-12-07,3.6536,64.95
2015-12-08,2.5620,60.86
2015-12-09,1.9468,58.55
2015-12-10,2.6499,61.19
2015-12-11,1.7088,57.66
2015-12-14,1.1178,55.44
2015-12-15,1.1283,55.48
2015-12-16,2.1936,59.48
2015-12-17,1.8335,58.13
2015-12-18,0.5804,52.90
2015-12-21,1.2242,55.84
2015-12-22,1.5213,56.95
2015-12-23,1.7500,57.81
2015-12-24,0.8391,54.20
2015-12-28,1.3900,56.46
2015-12-29,1.9894,58.71
2015-12-30,1.0529,55.20
2015-12-31,0.8381,54.19
2016-01-04,0.8825,54.41
2016-01-05,-0.6993,46.50
2016-01-06,-2.5717,39.11
2016-01-07,-3.8284,34.39
2016-01-08,-4.2452,32.83
2016-01-11,-4.1223,33.29
2016-01-12,-2.9438,37.71
2016-01-13,-4.2024,32.99
2016-01-14,-3.9270,34.02
2016-01-15,-4.9965,30.01
2016-01-19,-4.9651,30.13
2016-01-20,-4.3660,32.38
2016-01-21,-4.6064,31.48
2016-01-22,-4.4712,31.98
2016-01-25,-5.9997,25.00
2016-01-26,-6.7477,21.26
2016-01-27,-7.4031,17.98
2016-01-28,-5.5145,27.43
2016-01-29,-6.2998,23.50
2016-02-01,-6.9764,20.12
2016-02-02,-8.0780,14.71
2016-02-03,-8.4290,13.39
2016-02-04,-7.7082,16.46
2016-02-05,-8.6705,12.49
2016-02-08,-8.9650,11.38
2016-02-09,-11.7033,1.11
2016-02-10,-12.1112,0.00
2016-02-11,-11.0445,3.58
2016-02-12,-9.6246,8.91
2016-02-16,-8.8020,11.99
2016-02-17,-7.7466,16.27
2016-02-18,-8.6428,12.59
2016-02-19,-8.3973,13.51
2016-02-22,-8.2392,14.10
2016-02-23,-9.2597,10.28
2016-02-24,-9.5651,9.13
2016-02-25,-9.1623,10.64
2016-02-26,-8.1827,14.32
2016-02-29,-8.4654,13.25
2016-03-01,-6.8465,20.77
2016-03-02,-7.2155,18.92
2016-03-03,-6.5949,22.03
2016-03-04,-7.3751,18.12
2016-03-07,-7.7498,16.25
2016-03-08,-8.7837,12.06
2016-03-09,-8.1047,14.61
2016-03-10,-7.2155,18.92
2016-03-11,-6.2883,23.56
2016-03-14,-6.9769,20.12
2016-03-15,-5.6474,26.76
2016-03-16,-5.1922,29.04
2016-03-17,-4.9184,30.31
2016-03-18,-3.6947,34.89
2016-03-21,-2.4563,39.54
2016-03-22,-2.5297,39.26
2016-03-23,-3.4553,35.79
2016-03-24,-3.6295,35.14
2016-03-28,-3.4252,35.91
2016-03-29,-3.8846,34.18
2016-03-30,-3.5749,35.34
2016-03-31,-3.8869,34.17
2016-04-01,-3.3764,36.09
2016-04-04,-4.2006,33.00
2016-04-05,-3.7576,34.66
2016-04-06,-2.7003,38.62
2016-04-07,-2.5322,39.25
2016-04-08,-1.5874,42.80
2016-04-11,-0.9078,45.46
2016-04-12,-0.9110,45.44
2016-04-13,0.0016,50.01
2016-04-14,1.8307,58.12
2016-04-15,1.3108,56.17
2016-04-18,2.2665,59.75
2016-04-19,3.2804,63.55
2016-04-20,4.4130,67.80
2016-04-21,5.1281,70.64
2016-04-22,4.1114,66.67
2016-04-25,4.4768,68.04
2016-04-26,4.1360,66.76
2016-04-27,4.7712,69.14
2016-04-28,2.5695,60.89
2016-04-29,1.6382,57.39
2016-05-02,2.5113,60.67
2016-05-03,2.8520,61.94
2016-05-04,1.6536,57.45
2016-05-05,0.5129,52.56
2016-05-06,2.5535,60.83
2016-05-09,1.3331,56.25
2016-05-10,2.5874,60.95
2016-05-11,3.3587,63.85
2016-05-12,2.6939,61.35
2016-05-13,0.8184,54.09
2016-05-16,-0.3624,48.19
2016-05-17,0.0528,50.26
2016-05-18,2.6380,61.14
2016-05-19,1.4874,56.83
2016-05-20,1.4333,56.62
2016-05-23,2.4487,60.43
2016-05-24,2.9274,62.23
2016-05-25,3.1409,63.03
2016-05-26,1.5846,57.19
2016-05-27,2.1500,59.31
2016-05-31,0.4352,52.18
2016-06-01,0.2825,51.41
2016-06-02,-0.2219,48.89
2016-06-03,-1.3082,43.84
2016-06-06,-0.5531,47.23
2016-06-07,0.9952,54.98
2016-06-08,0.6217,53.11
2016-06-09,-0.0198,49.90
2016-06-10,-1.3502,43.69
2016-06-13,-1.8498,41.81
2016-06-14,-2.5814,39.07
2016-06-15,-2.7053,38.61
2016-06-16,-3.1334,37.00
2016-06-17,-3.5849,35.31
2016-06-20,-3.2496,36.56
2016-06-21,-2.9972,37.51
2016-06-22,-2.5606,39.15
2016-06-23,-1.6232,42.66
2016-06-24,-4.4394,32.10
2016-06-27,-5.9465,25.27
2016-06-28,-5.6193,26.90
2016-06-29,-4.9570,30.16
2016-06-30,-5.1314,29.34
2016-07-01,-4.0350,33.62
2016-07-05,-5.8313,25.84
2016-07-06,-5.3887,28.06
2016-07-07,-3.6779,34.96
2016-07-08,-2.8524,38.05
2016-07-11,-2.8309,38.13
2016-07-12,-1.8026,41.99
2016-07-13,-4.1350,33.24
2016-07-14,-3.5582,35.41
2016-07-15,-3.2039,36.74
2016-07-18,-2.9078,37.85
2016-07-19,-3.1316,37.01
2016-07-20,-3.8887,34.17
2016-07-21,-5.7967,26.02
2016-07-22,-5.1202,29.40
2016-07-25,-4.6927,31.15
2016-07-26,-4.1950,33.02
2016-07-27,-3.0661,37.25
2016-07-28,-2.2946,40.15
2016-07-29,-3.0941,37.15
2016-08-01,-3.3623,36.14
2016-08-02,-2.6709,38.73
2016-08-03,-0.3165,48.42
2016-08-04,0.0268,50.13
2016-08-05,0.8402,54.20
2016-08-08,2.0614,58.98
2016-08-09,0.8470,54.24
2016-08-10,0.9410,54.71
2016-08-11,1.8457,58.17
2016-08-12,1.6882,57.58
2016-08-15,2.5719,60.89
2016-08-16,2.1979,59.49
2016-08-17,0.0603,50.30
2016-08-18,0.6602,53.30
2016-08-19,0.8190,54.09
2016-08-22,0.4637,52.32
2016-08-23,0.4630,52.32
2016-08-24,0.1650,50.82
2016-08-25,0.8449,54.22
2016-08-26,1.3362,56.26
2016-08-29,1.3771,56.41
2016-08-30,2.2136,59.55
2016-08-31,2.0999,59.12
2016-09-01,3.5486,64.56
2016-09-02,2.8724,62.02
2016-09-06,1.9103,58.41
2016-09-07,2.4828,60.56
2016-09-08,2.9334,62.25
2016-09-09,4.2641,67.24
2016-09-12,4.7701,69.14
2016-09-13,5.3279,71.64
2016-09-14,5.1101,70.55
2016-09-15,5.5068,72.53
2016-09-16,4.5399,68.27
2016-09-19,3.8415,65.66
2016-09-20,3.7771,65.41
2016-09-21,3.8078,65.53
2016-09-22,2.5479,60.80
2016-09-23,5.1285,70.64
2016-09-26,6.9895,79.95
2016-09-27,7.2297,81.15
2016-09-28,6.9442,79.72
2016-09-29,7.5147,82.57
2016-09-30,7.9842,84.92
2016-10-03,10.2593,93.47
2016-10-04,10.7601,95.35
2016-10-05,10.9549,96.08
2016-10-06,10.3843,93.94
2016-10-07,9.5142,90.68
2016-10-10,8.3692,86.38
2016-10-11,8.9035,88.39
2016-10-12,7.6529,83.26
2016-10-13,6.9608,79.80
2016-10-14,7.2402,81.20
2016-10-17,6.8847,79.42
2016-10-18,6.2151,76.08
2016-10-19,7.6495,83.25
2016-10-20,7.5168,82.58
2016-10-21,8.0055,85.02
2016-10-24,7.5244,82.62
2016-10-25,6.1874,75.94
2016-10-26,6.8030,79.01
2016-10-27,7.6822,83.41
2016-10-28,8.1592,85.60
2016-10-31,7.8743,84.37
2016-11-01,7.2232,81.12
2016-11-02,7.3747,81.87
2016-11-03,5.9861,74.93
2016-11-04,5.6189,73.09
2016-11-07,6.4108,77.05
2016-11-08,6.5189,77.59
2016-11-09,8.6057,87.27
2016-11-10,11.4004,97.75
2016-11-11,11.2662,97.25
2016-11-14,11.0326,96.37
2016-11-15,11.5619,98.36
2016-11-16,11.9102,99.66
2016-11-17,12.4190,100.00
2016-11-18,12.9647,100.00
2016-11-21,12.7892,100.00
2016-11-22,12.9219,100.00
2016-11-23,13.4284,100.00
2016-11-25,12.4249,100.00
2016-11-28,11.3030,97.39
2016-11-29,10.5416,94.53
2016-11-30,12.4160,100.00
2016-12-01,13.2122,100.00
2016-12-02,12.4620,100.00
2016-12-05,13.6212,100.00
2016-12-06,13.5702,100.00
2016-12-07,14.7387,100.00
2016-12-08,14.4931,100.00
2016-12-09,13.8906,100.00
2016-12-12,12.5972,100.00
2016-12-13,12.6164,100.00
2016-12-14,13.0681,100.00
2016-12-15,13.9924,100.00
2016-12-16,13.0474,100.00
2016-12-19,13.2306,100.00
2016-12-20,14.1291,100.00
2016-12-21,14.8040,100.00
2016-12-22,14.7818,100.00
2016-12-23,15.1416,100.00
2016-12-27,14.0988,100.00
2016-12-28,13.4877,100.00
2016-12-29,12.1450,100.00
2016-12-30,11.0484,96.43
2017-01-03,10.7214,95.21
2017-01-04,10.0805,92.80
2017-01-05,8.0499,85.19
2017-01-06,8.3240,86.22
2017-01-09,8.8515,88.19
2017-01-10,9.5759,90.91
2017-01-11,10.0990,92.87
2017-01-12,9.9493,92.31
2017-01-13,11.4275,97.85
2017-01-17,9.1325,89.25
2017-01-18,9.8709,92.02
2017-01-19,10.6284,94.86
2017-01-20,9.9834,92.44
2017-01-23,10.1219,92.96
2017-01-24,10.6882,95.08
2017-01-25,11.4663,98.00
2017-01-26,12.5419,100.00
2017-01-27,12.1103,100.00
2017-01-30,11.2786,97.29
2017-01-31,9.3010,89.88
2017-02-01,10.8324,95.62
2017-02-02,9.3960,90.24
2017-02-03,9.5879,90.95
2017-02-06,9.6437,91.16
2017-02-07,9.6697,91.26
2017-02-08,8.4972,86.86
2017-02-09,9.3794,90.17
2017-02-10,6.6152,78.08
2017-02-13,4.2289,67.11
2017-02-14,4.0783,66.54
2017-02-15,4.2871,67.33
2017-02-16,3.6991,65.12
2017-02-17,3.5263,64.47
2017-02-21,1.9738,58.65
2017-02-22,1.6847,57.57
2017-02-23,0.4055,52.03
2017-02-24,-0.4986,47.51
2017-02-27,-1.0070,44.97
2017-02-28,-1.1312,44.51
2017-03-01,1.8509,58.19
2017-03-02,1.1819,55.68
2017-03-03,-0.2170,48.91
2017-03-06,-1.3135,43.82
2017-03-07,-0.1318,49.34
2017-03-08,0.0372,50.19
2017-03-09,-0.0295,49.85
2017-03-10,-1.0340,44.87
2017-03-13,-1.0511,44.81
2017-03-14,-0.6435,46.78
2017-03-15,-0.0939,49.53
2017-03-16,0.4925,52.46
2017-03-17,-0.0815,49.59
2017-03-20,-0.2801,48.60
2017-03-21,-1.2678,44.00
2017-03-22,-1.3262,43.78
2017-03-23,-2.0642,41.01
2017-03-24,-2.4821,39.44
2017-03-27,-1.9136,41.57
2017-03-28,-0.8685,45.66
2017-03-29,-1.0615,44.77
2017-03-30,-0.1260,49.37
2017-03-31,0.4253,52.13
2017-04-03,0.5245,52.62
2017-04-04,0.0919,50.46
2017-04-05,-0.5908,47.05
2017-04-06,0.2827,51.41
2017-04-07,-0.3058,48.47
2017-04-10,-0.7264,46.37
2017-04-11,-1.6859,42.43
2017-04-12,-3.2506,36.56
2017-04-13,-3.1805,36.82
2017-04-17,-3.1399,36.98
2017-04-18,-1.8169,41.94
2017-04-19,-1.8460,41.83
2017-04-20,-1.3111,43.83
2017-04-21,-1.5047,43.11
2017-04-24,-0.3262,48.37
2017-04-25,-0.8399,45.80
2017-04-26,-1.4189,43.43
2017-04-27,-1.8471,41.82
2017-04-28,-2.0866,40.93
2017-05-01,-1.3337,43.75
2017-05-02,0.6511,53.26
2017-05-03,0.3218,51.61
2017-05-04,0.8758,54.38
2017-05-05,0.4653,52.33
2017-05-08,0.6813,53.41
2017-05-09,1.3546,56.33
2017-05-10,1.8090,58.03
2017-05-11,0.7750,53.87
2017-05-12,0.5347,52.67
2017-05-15,0.2429,51.21
2017-05-16,0.1241,50.62
2017-05-17,-2.3294,40.01
2017-05-18,-1.6881,42.42
2017-05-19,-1.2607,44.02
2017-05-22,-0.7353,46.32
2017-05-23,-0.7620,46.19
2017-05-24,0.0322,50.16
2017-05-25,0.6987,53.49
2017-05-26,0.6373,53.19
2017-05-30,1.2148,55.81
2017-05-31,-0.8509,45.75
2017-06-01,0.0649,50.32
2017-06-02,-0.3933,48.03
2017-06-05,-0.2984,48.51
2017-06-06,-0.6409,46.80
2017-06-07,-1.4245,43.41
2017-06-08,-0.7155,46.42
2017-06-09,-1.0952,44.64
2017-06-12,-1.2309,44.13
2017-06-13,-0.7141,46.43
2017-06-14,-0.4912,47.54
2017-06-15,-1.3469,43.70
2017-06-16,-1.0933,44.65
2017-06-19,-0.2612,48.69
2017-06-20,0.6885,53.44
2017-06-21,0.3396,51.70
2017-06-22,0.0326,50.16
2017-06-23,0.2260,51.13
2017-06-26,-0.1029,49.49
2017-06-27,-0.7620,46.19
2017-06-28,0.4833,52.42
2017-06-29,-0.0801,49.60
2017-06-30,0.7041,53.52
2017-07-03,1.1421,55.53
2017-07-05,1.7933,57.97
2017-07-06,2.3293,59.98
2017-07-07,2.7546,61.58
2017-07-10,3.6970,65.11
2017-07-11,3.7916,65.47
2017-07-12,3.9472,66.05
2017-07-13,5.1784,70.89
2017-07-14,5.2717,71.36
2017-07-17,4.5392,68.27
2017-07-18,4.8901,69.59
2017-07-19,4.4011,67.75
2017-07-20,2.6733,61.28
2017-07-21,2.5403,60.78
2017-07-24,1.8645,58.24
2017-07-25,1.9924,58.72
2017-07-26,1.1602,55.60
2017-07-27,0.8652,54.33
2017-07-28,1.0392,55.15
2017-07-31,0.6929,53.46
2017-08-01,0.5804,52.90
2017-08-02,0.2814,51.41
2017-08-03,0.5676,52.84
2017-08-04,1.0801,55.30
2017-08-07,0.5567,52.78
2017-08-08,0.1489,50.74
2017-08-09,0.1030,50.52
2017-08-10,-0.6874,46.56
2017-08-11,-0.1079,49.46
2017-08-14,0.2424,51.21
2017-08-15,-0.7392,46.30
2017-08-16,1.5050,56.89
2017-08-17,0.4244,52.12
2017-08-18,-0.0219,49.89
2017-08-21,-0.6744,46.63
2017-08-22,0.1952,50.98
2017-08-23,-0.2372,48.81
2017-08-24,-0.0895,49.55
2017-08-25,-0.3299,48.35
2017-08-28,-0.4115,47.94
2017-08-29,0.1255,50.63
2017-08-30,0.4889,52.44
2017-08-31,0.4646,52.32
2017-09-01,0.5299,52.65
2017-09-05,-0.3377,48.31
2017-09-06,-0.2314,48.84
2017-09-07,-2.3217,40.04
2017-09-08,-1.9995,41.25
2017-09-11,-1.5104,43.09
2017-09-12,-0.6795,46.60
2017-09-13,0.4092,52.05
2017-09-14,0.2400,51.20
2017-09-15,0.1711,50.86
2017-09-18,0.2546,51.27
2017-09-19,2.1332,59.25
2017-09-20,3.1747,63.16
2017-09-21,3.8050,65.52
2017-09-22,4.2556,67.21
2017-09-25,3.6933,65.10
2017-09-26,3.6551,64.96
2017-09-27,3.9389,66.02
2017-09-28,3.4896,64.34
2017-09-29,3.4891,64.33
2017-10-02,3.6225,64.83
2017-10-03,3.4417,64.16
2017-10-04,2.7355,61.51
2017-10-05,2.6492,61.18
2017-10-06,2.3781,60.17
2017-10-09,2.4298,60.36
2017-10-10,2.1252,59.22
2017-10-11,1.5999,57.25
2017-10-12,1.3448,56.29
2017-10-13,1.8331,58.12
2017-10-16,2.3772,60.16
2017-10-17,2.0906,59.09
2017-10-18,2.7708,61.64
2017-10-19,2.8141,61.80
2017-10-20,3.3110,63.67
2017-10-23,2.4039,60.26
2017-10-24,3.6911,65.09
2017-10-25,3.6258,64.85
2017-10-26,4.4108,67.79
2017-10-27,5.5355,72.68
2017-10-30,5.3833,71.92
2017-10-31,4.8131,69.30
2017-11-01,5.0595,70.30
2017-11-02,4.6952,68.86
2017-11-03,4.6879,68.83
2017-11-06,4.9188,69.70
2017-11-07,3.7111,65.17
2017-11-08,4.3518,67.57
2017-11-09,3.2452,63.42
2017-11-10,2.9536,62.33
2017-11-13,2.8851,62.07
2017-11-14,2.6014,61.01
2017-11-15,3.9095,65.91
2017-11-16,4.1664,66.87
2017-11-17,5.0115,70.06
2017-11-20,4.7572,69.09
2017-11-21,5.6704,73.35
2017-11-22,5.4955,72.48
2017-11-24,5.5703,72.85
2017-11-27,5.6411,73.21
2017-11-28,6.5340,77.67
2017-11-29,6.0819,75.41
2017-11-30,6.7151,78.58
2017-12-01,6.1384,75.69
2017-12-04,8.4313,86.62
2017-12-05,8.2646,85.99
2017-12-06,9.2027,89.51
2017-12-07,9.9551,92.33
2017-12-08,9.5046,90.64
2017-12-11,8.1228,85.46
2017-12-12,8.1813,85.68
2017-12-13,8.2092,85.78
2017-12-14,7.9389,84.69
2017-12-15,7.6229,83.11
2017-12-18,7.8299,84.15
2017-12-19,7.6348,83.17
2017-12-20,7.8345,84.17
2017-12-21,8.0777,85.29
2017-12-22,8.6293,87.36
2017-12-26,8.3084,86.16
2017-12-27,6.5828,77.91
2017-12-28,6.8524,79.26
2017-12-29,6.0606,75.30
2018-01-02,6.8849,79.42
2018-01-03,7.0358,80.18
2018-01-04,8.9073,88.40
2018-01-05,8.7256,87.72
2018-01-08,8.0843,85.32
2018-01-09,8.7558,87.83
2018-01-10,10.0770,92.79
2018-01-11,11.5870,98.45
2018-01-12,13.4153,100.00
2018-01-16,12.1141,100.00
2018-01-17,11.5688,98.38
2018-01-18,12.4451,100.00
2018-01-19,12.3029,100.00
2018-01-22,12.7140,100.00
2018-01-23,11.8072,99.28
2018-01-24,12.3220,100.00
2018-01-25,10.7304,95.24
2018-01-26,11.6260,98.60
2018-01-29,10.9414,96.03
2018-01-30,9.5270,90.73
2018-01-31,9.5629,90.86
2018-02-01,10.7526,95.32
2018-02-02,9.7909,91.72
2018-02-05,8.1456,85.55
2018-02-06,10.4555,94.21
2018-02-07,10.1190,92.95
2018-02-08,9.4312,90.37
2018-02-09,10.1292,92.98
2018-02-12,11.6253,98.59
2018-02-13,11.5508,98.32
2018-02-14,14.0053,100.00
2018-02-15,14.2739,100.00
2018-02-16,13.1316,100.00
2018-02-20,13.8576,100.00
2018-02-21,14.5589,100.00
2018-02-22,13.5293,100.00
2018-02-23,13.2270,100.00
2018-02-26,14.1863,100.00
2018-02-27,14.1056,100.00
2018-02-28,13.8865,100.00
2018-03-01,11.6910,98.84
2018-03-02,11.7124,98.92
2018-03-05,11.3098,97.41
2018-03-06,12.3921,100.00
2018-03-07,11.4705,98.01
2018-03-08,11.2097,97.04
2018-03-09,12.9142,100.00
2018-03-12,11.9566,99.84
2018-03-13,10.8318,95.62
2018-03-14,10.4142,94.05
2018-03-15,10.2434,93.41
2018-03-16,10.6572,94.96
2018-03-19,10.3364,93.76
2018-03-20,10.3528,93.82
2018-03-21,9.8192,91.82
2018-03-22,7.1150,80.58
2018-03-23,5.7678,73.84
2018-03-26,6.6699,78.35
2018-03-27,4.7089,68.91
2018-03-28,3.5245,64.47
2018-03-29,4.7667,69.13
2018-04-02,4.0001,66.25
2018-04-03,4.7766,69.16
2018-04-04,3.8478,65.68
2018-04-05,3.9269,65.98
2018-04-06,1.6385,57.39
2018-04-09,1.2347,55.88
2018-04-10,2.9231,62.21
2018-04-11,1.8628,58.24
2018-04-12,2.6091,61.03
2018-04-13,0.4559,52.28
2018-04-16,-0.7434,46.28
2018-04-17,0.3939,51.97
2018-04-18,0.8731,54.37
2018-04-19,1.7837,57.94
2018-04-20,1.9639,58.61
2018-04-23,1.6324,57.37
2018-04-24,0.2202,51.10
2018-04-25,0.1399,50.70
2018-04-26,0.5542,52.77
2018-04-27,-0.5443,47.28
2018-04-30,-0.8755,45.62
2018-05-01,-0.3978,48.01
2018-05-02,-0.0616,49.69
2018-05-03,-0.8374,45.81
2018-05-04,0.3597,51.80
2018-05-07,2.5202,60.70
2018-05-08,1.7309,57.74
2018-05-09,2.5625,60.86
2018-05-10,4.1374,66.77
2018-05-11,3.8585,65.72
2018-05-14,3.1099,62.91
2018-05-15,3.7047,65.14
2018-05-16,2.1826,59.43
2018-05-17,2.4667,60.50
2018-05-18,3.1586,63.09
2018-05-21,2.5787,60.92
2018-05-22,1.2235,55.84
2018-05-23,1.2383,55.89
2018-05-24,1.4744,56.78
2018-05-25,0.3110,51.56
2018-05-29,-1.1669,44.37
2018-05-30,-1.1005,44.62
2018-05-31,-0.0452,49.77
2018-06-01,1.0897,55.34
2018-06-04,1.3938,56.48
2018-06-05,1.2843,56.07
2018-06-06,2.4727,60.52
2018-06-07,2.5338,60.75
2018-06-08,0.9071,54.54
2018-06-11,1.1572,55.59
2018-06-12,1.8815,58.31
2018-06-13,2.7504,61.56
2018-06-14,1.8833,58.31
2018-06-15,1.6676,57.50
2018-06-18,2.2162,59.56
2018-06-19,0.5491,52.75
2018-06-20,-0.2609,48.70
2018-06-21,0.8868,54.43
2018-06-22,0.7516,53.76
2018-06-25,-2.8599,38.03
2018-06-26,-0.2379,48.81
2018-06-27,0.2553,51.28
2018-06-28,-0.3319,48.34
2018-06-29,0.3601,51.80
2018-07-02,0.4643,52.32
2018-07-03,-0.7557,46.22
2018-07-05,-1.7876,42.05
2018-07-06,-0.6744,46.63
2018-07-09,1.9299,58.49
2018-07-10,-0.3597,48.20
2018-07-11,-0.4300,47.85
2018-07-12,-1.5844,42.81
2018-07-13,-0.5197,47.40
2018-07-16,0.4579,52.29
2018-07-17,0.3134,51.57
2018-07-18,0.8122,54.06
2018-07-19,-1.4451,43.33
2018-07-20,-1.5214,43.04
2018-07-23,-0.6166,46.92
2018-07-24,0.9548,54.77
2018-07-25,0.9830,54.91
2018-07-26,0.4008,52.00
2018-07-27,1.2024,55.76
2018-07-30,0.6257,53.13
2018-07-31,-0.3207,48.40
2018-08-01,-0.6834,46.58
2018-08-02,-0.6654,46.67
2018-08-03,-1.8918,41.66
2018-08-06,-2.3486,39.94
2018-08-07,-3.0437,37.34
2018-08-08,-3.3811,36.07
2018-08-09,-3.2952,36.39
2018-08-10,-3.4025,35.99
2018-08-13,-4.0718,33.48
2018-08-14,-4.3165,32.56
2018-08-15,-6.1620,24.19
2018-08-16,-6.5123,22.44
2018-08-17,-6.8199,20.90
2018-08-20,-6.8040,20.98
2018-08-21,-5.2808,28.60
2018-08-22,-4.5498,31.69
2018-08-23,-4.5191,31.80
2018-08-24,-3.9380,33.98
2018-08-27,-1.3848,43.56
2018-08-28,-1.4913,43.16
2018-08-29,-1.3586,43.66
2018-08-30,-2.9427,37.71
2018-08-31,-2.9882,37.54
2018-09-04,-3.1814,36.82
2018-09-05,-5.9110,25.45
2018-09-06,-6.1878,24.06
2018-09-07,-5.2541,28.73
2018-09-10,-5.1985,29.01
2018-09-11,-4.2253,32.91
2018-09-12,-5.2362,28.82
2018-09-13,-4.7801,30.82
2018-09-14,-3.7827,34.56
2018-09-17,-5.1963,29.02
2018-09-18,-4.5961,31.51
2018-09-19,-3.2807,36.45
2018-09-20,-2.4135,39.70
2018-09-21,-1.5954,42.77
2018-09-24,0.8998,54.50
2018-09-25,1.1170,55.44
2018-09-26,2.2706,59.76
2018-09-27,1.5834,57.19
2018-09-28,0.6356,53.18
2018-10-01,0.4989,52.49
2018-10-02,1.0794,55.30
2018-10-03,2.6077,61.03
2018-10-04,1.8772,58.29
2018-10-05,-1.5719,42.86
2018-10-08,-1.7942,42.02
2018-10-09,-1.9187,41.55
2018-10-10,-4.8233,30.66
2018-10-11,-4.0560,33.54
2018-10-12,-3.6817,34.94
2018-10-15,-4.4878,31.92
2018-10-16,-4.9275,30.27
2018-10-17,-4.3250,32.53
2018-10-18,-5.9714,25.14
2018-10-19,-7.8094,15.95
2018-10-22,-7.1405,19.30
2018-10-23,-7.7094,16.45
2018-10-24,-9.9241,7.78
2018-10-25,-7.7635,16.18
2018-10-26,-7.0814,19.59
2018-10-29,-8.5599,12.90
2018-10-30,-8.1377,14.48
2018-10-31,-5.9323,25.34
2018-11-01,-4.6213,31.42
2018-11-02,-5.0316,29.84
2018-11-05,-6.6355,21.82
2018-11-06,-7.0864,19.57
2018-11-07,-6.4808,22.60
2018-11-08,-6.3667,23.17
2018-11-09,-7.4191,17.90
2018-11-12,-9.3653,9.88
2018-11-13,-7.7203,16.40
2018-11-14,-7.2489,18.76
2018-11-15,-5.4184,27.91
2018-11-16,-6.9523,20.24
2018-11-19,-9.8869,7.92
2018-11-20,-10.9078,4.10
2018-11-21,-9.4651,9.51
2018-11-23,-10.4859,5.68
2018-11-26,-10.2781,6.46
2018-11-27,-10.7155,4.82
2018-11-28,-9.5332,9.25
2018-11-29,-9.7047,8.61
2018-11-30,-10.3742,6.10
2018-12-03,-9.7067,8.60
2018-12-04,-10.5033,5.61
2018-12-06,-10.5171,5.56
2018-12-07,-12.1892,0.00
2018-12-10,-11.9893,0.04
2018-12-11,-13.3113,0.00
2018-12-12,-11.5206,1.80
2018-12-13,-12.2412,0.00
2018-12-14,-12.7994,0.00
2018-12-17,-10.6980,4.88
2018-12-18,-10.7514,4.68
2018-12-19,-12.6760,0.00
2018-12-20,-12.9677,0.00
2018-12-21,-13.6924,0.00
2018-12-24,-12.9768,0.00
2018-12-26,-11.9228,0.29
2018-12-27,-12.2465,0.00
2018-12-28,-12.4007,0.00
2018-12-31,-11.2615,2.77
2019-01-02,-9.5502,9.19
2019-01-03,-10.8679,4.25
2019-01-04,-10.6525,5.05
2019-01-07,-9.3264,10.03
2019-01-08,-8.5309,13.01
2019-01-09,-6.7322,21.34
2019-01-10,-6.8127,20.94
2019-01-11,-4.9490,30.19
2019-01-14,-4.8546,30.55
2019-01-15,-6.2853,23.57
2019-01-16,-5.2763,28.62
2019-01-17,-5.4648,27.68
2019-01-18,-4.5631,31.64
2019-01-22,-4.3094,32.59
2019-01-23,-3.6535,35.05
2019-01-24,-3.5609,35.40
2019-01-25,-1.7397,42.23
2019-01-28,1.2958,56.11
2019-01-29,-1.5360,42.99
2019-01-30,-0.6118,46.94
2019-01-31,1.0312,55.12
2019-02-01,0.6197,53.10
2019-02-04,-1.0954,44.64
2019-02-05,-1.3278,43.77
2019-02-06,-1.8062,41.98
2019-02-07,-2.0547,41.04
2019-02-08,-2.2718,40.23
2019-02-11,-2.9651,37.63
2019-02-12,-1.7838,42.06
2019-02-13,-0.0836,49.58
2019-02-14,1.5940,57.23
2019-02-15,1.6148,57.31
2019-02-19,1.5070,56.90
2019-02-20,0.4164,52.08
2019-02-21,1.1962,55.74
2019-02-22,3.6041,64.77
2019-02-25,5.3626,71.81
2019-02-26,3.9247,65.97
2019-02-27,4.9821,69.93
2019-02-28,2.8954,62.11
2019-03-01,3.8561,65.71
2019-03-04,2.0705,59.01
2019-03-05,2.4965,60.61
2019-03-06,3.0578,62.72
2019-03-07,1.4673,56.75
2019-03-08,3.8399,65.65
2019-03-11,4.8465,69.42
2019-03-12,6.0490,75.24
2019-03-13,5.9104,74.55
2019-03-14,6.5231,77.62
2019-03-15,5.5407,72.70
2019-03-18,7.2904,81.45
2019-03-19,7.6687,83.34
2019-03-20,6.4171,77.09
2019-03-21,5.6363,73.18
2019-03-22,4.7981,69.24
2019-03-25,5.4114,72.06
2019-03-26,6.7721,78.86
2019-03-27,6.0380,75.19
2019-03-28,3.5564,64.59
2019-03-29,3.5323,64.50
2019-04-01,6.2118,76.06
2019-04-02,6.0302,75.15
2019-04-03,4.1803,66.93
2019-04-04,7.6885,83.44
2019-04-05,4.9781,69.92
2019-04-08,4.1889,66.96
2019-04-09,3.6969,65.11
2019-04-10,2.7615,61.61
2019-04-11,3.8890,65.83
2019-04-12,5.1692,70.85
2019-04-15,3.9954,66.23
2019-04-16,6.5431,77.72
2019-04-17,7.4949,82.47
2019-04-18,7.1474,80.74
2019-04-22,6.4889,77.44
2019-04-23,8.4879,86.83
2019-04-24,8.4827,86.81
2019-04-25,7.1714,80.86
2019-04-26,5.6148,73.07
2019-04-29,7.3690,81.84
2019-04-30,6.7088,78.54
2019-05-01,5.5926,72.96
2019-05-02,5.8225,74.11
2019-05-03,6.0588,75.29
2019-05-06,4.7371,69.01
2019-05-07,3.5053,64.39
2019-05-08,4.1307,66.74
2019-05-09,5.1122,70.56
2019-05-10,4.5832,68.44
2019-05-13,1.7626,57.86
2019-05-14,1.5964,57.24
2019-05-15,1.8287,58.11
2019-05-16,2.1997,59.50
2019-05-17,1.1241,55.47
2019-05-20,0.8085,54.04
2019-05-21,1.1132,55.42
2019-05-22,0.4252,52.13
2019-05-23,-1.6155,42.69
2019-05-24,-2.0711,40.98
2019-05-28,-1.2145,44.20
2019-05-29,-0.9888,45.06
2019-05-30,-0.4878,47.56
2019-05-31,-2.0698,40.99
2019-06-03,-3.6008,35.25
2019-06-04,-1.3957,43.52
2019-06-05,-2.2633,40.26
2019-06-06,-1.6711,42.48
2019-06-07,-0.6345,46.83
2019-06-10,-0.1334,49.33
2019-06-11,0.2798,51.40
2019-06-12,-0.7122,46.44
2019-06-13,-0.0840,49.58
2019-06-14,-0.9355,45.32
2019-06-17,-1.9338,41.50
2019-06-18,-0.6514,46.74
2019-06-19,-0.9594,45.20
2019-06-20,-0.6668,46.67
2019-06-21,1.4635,56.74
2019-06-24,1.6364,57.39
2019-06-25,1.0945,55.35
2019-06-26,2.8991,62.12
2019-06-27,2.5693,60.88
2019-06-28,3.0638,62.74
2019-07-01,1.7844,57.94
2019-07-02,0.6382,53.19
2019-07-03,-0.3644,48.18
2019-07-05,-0.4902,47.55
2019-07-08,-0.7249,46.38
2019-07-09,-0.8093,45.95
2019-07-10,-0.3520,48.24
2019-07-11,0.1092,50.55
2019-07-12,1.1578,55.59
2019-07-15,-0.1545,49.23
2019-07-16,0.2860,51.43
2019-07-17,-2.8267,38.15
2019-07-18,-4.5187,31.80
2019-07-19,-3.6659,35.00
2019-07-22,-3.2100,36.71
2019-07-23,-3.1962,36.76
2019-07-24,-1.7632,42.14
2019-07-25,-1.4912,43.16
2019-07-26,-1.0429,44.84
2019-07-29,-2.6539,38.80
2019-07-30,-1.5295,43.01
2019-07-31,-1.4806,43.20
2019-08-01,-2.8198,38.18
2019-08-02,-4.1118,33.33
2019-08-05,-4.7382,30.98
2019-08-06,-3.9225,34.04
2019-08-07,-4.8034,30.74
2019-08-08,-3.8691,34.24
2019-08-09,-3.9299,34.01
2019-08-12,-2.1206,40.80
2019-08-13,-1.9866,41.30
2019-08-14,-3.9634,33.89
2019-08-15,-5.2797,28.60
2019-08-16,-3.8553,34.29
2019-08-19,-3.0898,37.16
2019-08-20,-3.5675,35.37
2019-08-21,-1.9726,41.35
2019-08-22,-0.2890,48.56
2019-08-23,-1.8064,41.98
2019-08-26,-2.7843,38.31
2019-08-27,-3.3064,36.35
2019-08-28,-2.9433,37.71
2019-08-29,-0.5193,47.40
2019-08-30,1.2164,55.81
2019-09-03,-2.9413,37.72
2019-09-04,-1.0592,44.78
2019-09-05,1.4189,56.57
2019-09-06,0.5768,52.88
2019-09-09,0.7914,53.96
2019-09-10,1.2694,56.01
2019-09-11,2.3970,60.24
2019-09-12,1.9405,58.53
2019-09-13,3.0937,62.85
2019-09-16,2.8660,62.00
2019-09-17,0.8994,54.50
2019-09-18,1.4420,56.66
2019-09-19,0.5875,52.94
2019-09-20,-0.3067,48.47
2019-09-23,-0.3581,48.21
2019-09-24,-1.0066,44.98
2019-09-25,-1.9142,41.57
2019-09-26,-2.7099,38.59
2019-09-27,-3.3703,36.11
2019-09-30,-4.0593,33.53
2019-10-01,-3.9213,34.05
2019-10-02,-3.9490,33.94
2019-10-03,-4.3954,32.27
2019-10-04,-3.7662,34.63
2019-10-07,-3.8581,34.28
2019-10-08,-4.2447,32.83
2019-10-09,-4.5237,31.79
2019-10-10,-5.4245,27.88
2019-10-11,-3.7854,34.55
2019-10-14,-3.7178,34.81
2019-10-15,-1.8486,41.82
2019-10-16,-1.5750,42.84
2019-10-17,-2.6466,38.83
2019-10-18,-4.2057,32.98
2019-10-21,-4.0947,33.39
2019-10-22,-5.5630,27.18
2019-10-23,-5.6782,26.61
2019-10-24,-5.8760,25.62
2019-10-25,-3.7639,34.64
2019-10-28,-2.3125,40.08
2019-10-29,-3.1025,37.12
2019-10-30,-1.7987,42.00
2019-10-31,-1.1844,44.31
2019-11-01,1.5018,56.88
2019-11-04,2.7245,61.47
2019-11-05,4.3491,67.56
2019-11-06,3.2534,63.45
2019-11-07,5.1468,70.73
2019-11-08,6.3878,76.94
2019-11-11,5.4050,72.03
2019-11-12,7.2729,81.36
2019-11-13,7.2605,81.30
2019-11-14,6.3760,76.88
2019-11-15,5.7566,73.78
2019-11-18,5.6444,73.22
2019-11-19,4.9357,69.76
2019-11-20,4.2203,67.08
2019-11-21,5.9095,74.55
2019-11-22,6.3025,76.51
2019-11-25,6.9691,79.85
2019-11-26,6.2690,76.35
2019-11-27,5.3011,71.51
2019-11-29,5.1205,70.60
2019-12-02,6.4691,77.35
2019-12-03,4.3320,67.49
2019-12-04,1.8376,58.14
2019-12-05,2.0851,59.07
2019-12-06,1.9378,58.52
2019-12-09,1.3498,56.31
2019-12-10,1.3115,56.17
2019-12-11,1.6348,57.38
2019-12-12,2.1731,59.40
2019-12-13,2.3074,59.90
2019-12-16,2.4722,60.52
2019-12-17,2.8692,62.01
2019-12-18,2.9276,62.23
2019-12-19,3.6564,64.96
2019-12-20,3.6194,64.82
2019-12-23,5.2899,71.45
2019-12-24,4.0604,66.48
2019-12-26,5.3182,71.59
2019-12-27,5.1342,70.67
2019-12-30,4.9145,69.68
2019-12-31,5.7483,73.74
2020-01-02,8.6813,87.55
2020-01-03,7.8015,84.01
2020-01-06,7.7208,83.60
2020-01-07,8.0414,85.16
2020-01-08,9.0229,88.84
2020-01-09,8.8543,88.20
2020-01-10,7.3358,81.68
2020-01-13,6.2449,76.22
2020-01-14,5.7142,73.57
2020-01-15,3.7848,65.44
2020-01-16,4.3746,67.65
2020-01-17,4.8911,69.59
2020-01-21,4.6982,68.87
2020-01-22,4.2089,67.03
2020-01-23,4.8129,69.30
2020-01-24,4.6397,68.65
2020-01-27,3.0031,62.51
2020-01-28,2.5721,60.90
2020-01-29,1.7912,57.97
2020-01-30,2.4826,60.56
2020-01-31,2.2258,59.60
2020-02-03,3.0978,62.87
2020-02-04,2.8081,61.78
2020-02-05,1.3887,56.46
2020-02-06,0.6997,53.50
2020-02-07,0.7570,53.78
2020-02-10,-0.1544,49.23
2020-02-11,-0.6315,46.84
2020-02-12,0.0264,50.13
2020-02-13,-0.6776,46.61
2020-02-14,-0.0017,49.99
2020-02-18,-0.1698,49.15
2020-02-19,1.2269,55.85
2020-02-20,0.5129,52.56
2020-02-21,-0.8397,45.80
2020-02-24,-1.6012,42.75
2020-02-25,-2.7407,38.47
2020-02-26,-2.9371,37.74
2020-02-27,-3.2058,36.73
2020-02-28,-1.3554,43.67
2020-03-02,-2.4969,39.39
2020-03-03,-4.1423,33.22
2020-03-04,-5.1953,29.02
2020-03-05,-6.0328,24.84
2020-03-06,-6.6972,21.51
2020-03-09,-8.8109,11.96
2020-03-10,-7.4649,17.68
2020-03-11,-7.3715,18.14
2020-03-12,-7.7893,16.05
2020-03-13,-7.0984,19.51
2020-03-16,-8.4665,13.25
2020-03-17,-11.3789,2.33
2020-03-18,-11.5750,1.59
2020-03-19,-7.9920,15.04
2020-03-20,-5.8421,25.79
2020-03-23,-3.4822,35.69
2020-03-24,-2.4252,39.66
2020-03-25,-3.2255,36.65
2020-03-26,-4.4416,32.09
2020-03-27,-7.5273,17.36
2020-03-30,-8.2362,14.11
2020-03-31,-7.2965,18.52
2020-04-01,-7.1257,19.37
2020-04-02,-9.6763,8.71
2020-04-03,-9.4841,9.43
2020-04-06,-8.9267,11.52
2020-04-07,-8.2560,14.04
2020-04-08,-9.9284,7.77
2020-04-09,-11.2058,2.98
2020-04-13,-9.2697,10.24
2020-04-14,-10.3286,6.27
2020-04-15,-9.9251,7.78
2020-04-16,-9.5122,9.33
2020-04-17,-9.6602,8.77
2020-04-20,-8.8815,11.69
2020-04-21,-8.6824,12.44
2020-04-22,-8.5207,13.05
2020-04-23,-7.7090,16.46
2020-04-24,-7.0212,19.89
2020-04-27,-5.6215,26.89
2020-04-28,-6.1127,24.44
2020-04-29,-3.6188,35.18
2020-04-30,-3.3863,36.05
2020-05-01,-3.6373,35.11
2020-05-04,-4.0066,33.73
2020-05-05,-5.2083,28.96
2020-05-06,-4.0946,33.40
2020-05-07,-3.1420,36.97
2020-05-08,-2.7077,38.60
2020-05-11,-3.2805,36.45
2020-05-12,-3.3948,36.02
2020-05-13,-4.7369,30.99
2020-05-14,-3.5068,35.60
2020-05-15,-2.8293,38.14
2020-05-18,-1.8271,41.90
2020-05-19,-1.9745,41.35
2020-05-20,-0.2438,48.78
2020-05-21,1.4747,56.78
2020-05-22,2.0819,59.06
2020-05-26,3.8375,65.64
2020-05-27,4.2233,67.09
2020-05-28,1.9069,58.40
2020-05-29,0.1415,50.71
2020-06-01,1.0468,55.18
2020-06-02,3.2353,63.38
2020-06-03,5.4913,72.46
2020-06-04,9.0399,88.90
2020-06-05,11.2203,97.08
2020-06-08,15.2322,100.00
2020-06-09,11.9939,99.98
2020-06-10,12.5355,100.00
2020-06-11,13.1087,100.00
2020-06-12,10.9220,95.96
2020-06-15,15.0316,100.00
2020-06-16,18.1737,100.00
2020-06-17,20.7498,100.00
2020-06-18,15.2621,100.00
2020-06-19,13.5472,100.00
2020-06-22,11.3762,97.66
2020-06-23,9.1174,89.19
2020-06-24,8.4545,86.70
2020-06-25,10.2198,93.32
2020-06-26,12.4129,100.00
2020-06-29,13.6189,100.00
2020-06-30,13.2979,100.00
2020-07-01,13.2896,100.00
2020-07-02,14.2064,100.00
2020-07-06,17.4762,100.00
2020-07-07,13.6149,100.00
2020-07-08,13.2534,100.00
2020-07-09,14.3415,100.00
2020-07-10,15.8785,100.00
2020-07-13,13.9164,100.00
2020-07-14,14.2070,100.00
2020-07-15,15.9851,100.00
2020-07-16,16.1474,100.00
2020-07-17,13.6393,100.00
2020-07-20,14.7588,100.00
2020-07-21,16.4438,100.00
2020-07-22,15.1364,100.00
2020-07-23,12.8801,100.00
2020-07-24,12.1232,100.00
2020-07-27,11.6818,98.81
2020-07-28,9.4834,90.56
2020-07-29,6.3867,76.93
2020-07-30,6.4534,77.27
2020-07-31,8.5727,87.15
2020-08-03,9.8962,92.11
2020-08-04,9.7769,91.66
2020-08-05,10.0522,92.70
2020-08-06,9.4292,90.36
2020-08-07,8.3408,86.28
2020-08-10,9.8304,91.86
2020-08-11,11.6354,98.63
2020-08-12,12.6588,100.00
2020-08-13,11.6602,98.73
2020-08-14,11.5698,98.39
2020-08-17,9.3830,90.19
2020-08-18,8.8142,88.05
2020-08-19,7.8727,84.36
2020-08-20,7.6860,83.43
2020-08-21,8.7890,87.96
2020-08-24,8.8171,88.06
2020-08-25,8.5099,86.91
2020-08-26,13.1305,100.00
2020-08-27,12.6121,100.00
2020-08-28,12.7204,100.00
2020-08-31,11.8021,99.26
2020-09-01,12.0704,100.00
2020-09-02,10.0092,92.53
2020-09-03,6.9723,79.86
2020-09-04,6.6201,78.10
2020-09-08,5.0509,70.25
2020-09-09,5.9748,74.87
2020-09-10,7.5699,82.85
2020-09-11,6.7015,78.51
2020-09-14,6.1467,75.73
2020-09-15,5.9010,74.51
2020-09-16,5.7391,73.70
2020-09-17,5.4475,72.24
2020-09-18,5.4297,72.15
2020-09-21,4.6218,68.58
2020-09-22,4.4852,68.07
2020-09-23,4.8232,69.34
2020-09-24,3.7973,65.49
2020-09-25,5.6446,73.22
2020-09-28,6.3191,76.60
2020-09-29,5.7381,73.69
2020-09-30,6.2195,76.10
2020-10-01,6.2450,76.23
2020-10-02,3.2889,63.58
2020-10-05,4.9458,69.80
2020-10-06,2.9118,62.17
2020-10-07,3.8301,65.61
2020-10-08,2.9644,62.37
2020-10-09,4.1230,66.71
2020-10-12,5.2918,71.46
2020-10-13,4.1566,66.84
2020-10-14,4.4275,67.85
2020-10-15,6.0736,75.37
2020-10-16,3.8594,65.72
2020-10-19,3.5269,64.48
2020-10-20,4.4543,67.95
2020-10-21,5.7759,73.88
2020-10-22,5.7913,73.96
2020-10-23,5.6707,73.35
2020-10-26,6.0473,75.24
2020-10-27,5.4407,72.20
2020-10-28,4.6605,68.73
2020-10-29,4.9894,69.96
2020-10-30,3.1535,63.08
2020-11-02,2.8354,61.88
2020-11-03,2.0396,58.90
2020-11-04,1.9589,58.60
2020-11-05,4.3806,67.68
2020-11-06,3.4315,64.12
2020-11-09,3.0377,62.64
2020-11-10,2.3376,60.02
2020-11-11,2.1958,59.48
2020-11-12,1.4862,56.82
2020-11-13,2.1342,59.25
2020-11-16,2.9497,62.31
2020-11-17,2.7944,61.73
2020-11-18,3.4603,64.23
2020-11-19,4.0663,66.50
2020-11-20,2.3860,60.20
2020-11-23,3.0803,62.80
2020-11-24,3.0556,62.71
2020-11-25,3.5068,64.40
2020-11-27,3.6643,64.99
2020-11-30,3.9622,66.11
2020-12-01,2.4843,60.57
2020-12-02,3.6577,64.97
2020-12-03,5.4297,72.15
2020-12-04,5.9013,74.51
2020-12-07,7.6058,83.03
2020-12-08,7.0594,80.30
2020-12-09,7.0357,80.18
2020-12-10,7.2822,81.41
2020-12-11,7.2093,81.05
2020-12-14,7.3166,81.58
2020-12-15,7.7382,83.69
2020-12-16,8.3180,86.19
2020-12-17,7.8169,84.08
2020-12-18,7.9556,84.78
2020-12-21,8.6612,87.48
2020-12-22,9.0990,89.12
2020-12-23,10.0501,92.69
2020-12-24,9.4334,90.38
2020-12-28,8.7697,87.89
2020-12-29,8.9643,88.62
2020-12-30,9.4069,90.28
2020-12-31,8.8084,88.03
2021-01-04,9.8856,92.07
2021-01-05,9.7254,91.47
2021-01-06,11.3697,97.64
2021-01-07,12.1681,100.00
2021-01-08,12.0800,100.00
2021-01-11,11.4544,97.95
2021-01-12,11.2188,97.07
2021-01-13,10.3531,93.82
2021-01-14,10.3834,93.94
2021-01-15,8.5698,87.14
2021-01-19,10.1817,93.18
2021-01-20,11.2406,97.15
2021-01-21,11.3131,97.42
2021-01-22,10.7748,95.41
2021-01-25,9.5208,90.70
2021-01-26,9.1357,89.26
2021-01-27,9.9499,92.31
2021-01-28,10.1776,93.17
2021-01-29,9.9028,92.14
2021-02-01,9.7039,91.39
2021-02-02,12.2414,100.00
2021-02-03,13.6656,100.00
2021-02-04,13.6923,100.00
2021-02-05,12.8261,100.00
2021-02-08,11.6638,98.74
2021-02-09,11.6694,98.76
2021-02-10,10.4239,94.09
2021-02-11,11.9121,99.67
2021-02-12,12.2893,100.00
2021-02-16,13.9276,100.00
2021-02-17,13.4816,100.00
2021-02-18,11.9870,99.95
2021-02-19,12.7019,100.00
2021-02-22,11.5060,98.15
2021-02-23,10.7071,95.15
2021-02-24,12.5837,100.00
2021-02-25,9.6524,91.20
2021-02-26,9.0379,88.89
2021-03-01,11.0699,96.51
2021-03-02,10.2734,93.53
2021-03-03,10.4161,94.06
2021-03-04,9.2911,89.84
2021-03-05,9.1014,89.13
2021-03-08,8.3191,86.20
2021-03-09,8.7259,87.72
2021-03-10,8.5968,87.24
2021-03-11,9.3479,90.05
2021-03-12,8.9186,88.44
2021-03-15,8.4338,86.63
2021-03-16,8.2098,85.79
2021-03-17,9.4115,90.29
2021-03-18,8.2007,85.75
2021-03-19,7.6516,83.26
2021-03-22,8.1602,85.60
2021-03-23,6.4253,77.13
2021-03-24,4.3852,67.69
2021-03-25,4.6633,68.74
2021-03-26,3.4348,64.13
2021-03-29,3.0576,62.72
2021-03-30,3.8101,65.54
2021-03-31,4.2326,67.12
2021-04-01,5.3766,71.88
2021-04-05,6.8336,79.17
2021-04-06,6.3518,76.76
2021-04-07,6.1418,75.71
2021-04-08,6.3225,76.61
2021-04-09,5.1457,70.73
2021-04-12,5.1070,70.53
2021-04-13,4.8858,69.57
2021-04-14,3.6771,65.04
2021-04-15,4.0955,66.61
2021-04-16,3.9881,66.21
2021-04-19,5.0909,70.45
2021-04-20,1.7557,57.83
2021-04-21,1.9441,58.54
2021-04-22,1.0648,55.24
2021-04-23,2.6843,61.32
2021-04-26,4.5829,68.44
2021-04-27,5.4385,72.19
2021-04-28,6.3280,76.64
2021-04-29,6.7564,78.78
2021-04-30,6.7609,78.80
2021-05-03,5.2913,71.46
2021-05-04,3.6116,64.79
2021-05-05,3.9006,65.88
2021-05-06,3.4183,64.07
2021-05-07,3.6831,65.06
2021-05-10,0.8224,54.11
2021-05-11,1.0464,55.17
2021-05-12,0.8441,54.22
2021-05-13,0.4300,52.15
2021-05-14,1.0769,55.29
2021-05-17,-0.2416,48.79
2021-05-18,-1.2248,44.16
2021-05-19,-0.8772,45.61
2021-05-20,-2.2488,40.32
2021-05-21,-2.0293,41.14
2021-05-24,-1.0467,44.82
2021-05-25,-2.3921,39.78
2021-05-26,-0.1998,49.00
2021-05-27,-0.4214,47.89
2021-05-28,-2.6409,38.85
2021-06-01,-1.8383,41.86
2021-06-02,-2.5109,39.33
2021-06-03,-2.5791,39.08
2021-06-04,-1.7854,42.05
2021-06-07,-1.5006,43.12
2021-06-08,-1.6558,42.54
2021-06-09,-2.6075,38.97
2021-06-10,-4.3603,32.40
2021-06-11,-2.8205,38.17
2021-06-14,-2.7512,38.43
2021-06-15,-2.3277,40.02
2021-06-16,-3.0008,37.50
2021-06-17,-3.1669,36.87
2021-06-18,-2.5446,39.21
2021-06-21,-2.2370,40.36
2021-06-22,0.0589,50.29
2021-06-23,1.4602,56.73
2021-06-24,2.3160,59.93
2021-06-25,2.4949,60.61
2021-06-28,3.2505,63.44
2021-06-29,2.6391,61.15
2021-06-30,2.5955,60.98
2021-07-01,1.5828,57.19
2021-07-02,0.8571,54.29
2021-07-06,0.3986,51.99
2021-07-07,-0.2472,48.76
2021-07-08,-1.6587,42.53
2021-07-09,-1.3158,43.82
2021-07-12,-0.8681,45.66
2021-07-13,-0.6318,46.84
2021-07-14,-0.8713,45.64
2021-07-15,-0.9162,45.42
2021-07-16,-2.1013,40.87
2021-07-19,-2.2294,40.39
2021-07-20,0.8328,54.16
2021-07-21,1.5919,57.22
2021-07-22,1.9986,58.74
2021-07-23,0.7164,53.58
2021-07-26,0.4683,52.34
2021-07-27,-1.6803,42.45
2021-07-28,-1.3919,43.53
2021-07-29,-1.5653,42.88
2021-07-30,-1.0832,44.69
2021-08-02,-1.0901,44.66
2021-08-03,-0.9535,45.23
2021-08-04,-1.7444,42.21
2021-08-05,-1.6489,42.57
2021-08-06,-1.4822,43.19
2021-08-09,0.2497,51.25
2021-08-10,0.6533,53.27
2021-08-11,1.6956,57.61
2021-08-12,1.6754,57.53
2021-08-13,-0.4759,47.62
2021-08-16,-0.9500,45.25
2021-08-17,-1.4653,43.26
2021-08-18,-1.1568,44.41
2021-08-19,-1.9985,41.26
2021-08-20,-1.6971,42.39
2021-08-23,-0.8973,45.51
2021-08-24,0.0623,50.31
2021-08-25,0.0213,50.11
2021-08-26,-1.3955,43.52
2021-08-27,-0.0530,49.74
2021-08-30,-0.7527,46.24
2021-08-31,-0.3914,48.04
2021-09-01,-0.4515,47.74
2021-09-02,-1.9819,41.32
2021-09-03,-1.4051,43.48
2021-09-07,-1.1374,44.48
2021-09-08,-1.2470,44.07
2021-09-09,0.6826,53.41
2021-09-10,0.2843,51.42
2021-09-13,0.8268,54.13
2021-09-14,0.3281,51.64
2021-09-15,0.2703,51.35
2021-09-16,1.5262,56.97
2021-09-17,0.7929,53.96
2021-09-20,-0.5689,47.16
2021-09-21,-1.4829,43.19
2021-09-22,-1.4864,43.18
2021-09-23,-0.6918,46.54
2021-09-24,0.4943,52.47
2021-09-27,1.9468,58.55
2021-09-28,0.5670,52.84
2021-09-29,-0.6039,46.98
2021-09-30,-0.5742,47.13
2021-10-01,0.3341,51.67
2021-10-04,-0.2541,48.73
2021-10-05,1.2868,56.08
2021-10-06,1.6466,57.42
2021-10-07,1.2964,56.11
2021-10-08,1.5128,56.92
2021-10-11,1.2533,55.95
2021-10-12,1.2447,55.92
2021-10-13,1.5986,57.24
2021-10-14,3.4144,64.05
2021-10-15,5.1356,70.68
2021-10-18,5.0949,70.47
2021-10-19,3.5022,64.38
2021-10-20,2.4843,60.57
2021-10-21,2.8694,62.01
2021-10-22,1.6047,57.27
2021-10-25,3.8841,65.82
2021-10-26,2.7430,61.54
2021-10-27,2.4677,60.50
2021-10-28,3.3853,63.94
2021-10-29,4.0821,66.56
2021-11-01,4.3867,67.70
2021-11-02,3.9806,66.18
2021-11-03,3.7776,65.42
2021-11-04,4.4427,67.91
2021-11-05,5.1484,70.74
2021-11-08,4.9462,69.80
2021-11-09,3.7001,65.13
2021-11-10,2.8010,61.75
2021-11-11,3.8676,65.75
2021-11-12,5.1302,70.65
2021-11-15,6.3791,76.90
2021-11-16,6.9126,79.56
2021-11-17,7.2436,81.22
2021-11-18,7.3921,81.96
2021-11-19,5.8662,74.33
2021-11-22,4.5132,68.17
2021-11-23,3.5400,64.52
2021-11-24,3.8713,65.77
2021-11-26,1.7881,57.96
2021-11-29,2.4820,60.56
2021-11-30,3.0235,62.59
2021-12-01,2.8346,61.88
2021-12-02,3.9924,66.22
2021-12-03,2.3240,59.96
2021-12-06,1.7209,57.70
2021-12-07,3.6913,65.09
2021-12-08,2.8487,61.93
2021-12-09,1.9050,58.39
2021-12-10,1.4415,56.66
2021-12-13,-0.7164,46.42
2021-12-14,-1.3025,43.87
2021-12-15,-1.8422,41.84
2021-12-16,-3.1228,37.04
2021-12-17,-2.2927,40.15
2021-12-20,-2.9289,37.77
2021-12-21,-1.5919,42.78
2021-12-22,-3.0649,37.26
2021-12-23,-3.0473,37.32
2021-12-27,-4.4830,31.94
2021-12-28,-4.0614,33.52
2021-12-29,-3.6922,34.90
2021-12-30,-4.3026,32.62
2021-12-31,-5.9960,25.02
2022-01-03,-2.7359,38.49
2022-01-04,-3.1673,36.87
2022-01-05,-3.7363,34.74
2022-01-06,-3.3400,36.23
2022-01-07,-4.1097,33.34
2022-01-10,-4.0566,33.54
2022-01-11,-2.2406,40.35
2022-01-12,-1.6684,42.49
2022-01-13,-2.9270,37.77
2022-01-14,-3.5691,35.37
2022-01-18,-5.2773,28.61
2022-01-19,-6.2170,23.92
2022-01-20,-5.8104,25.95
2022-01-21,-7.8917,15.54
2022-01-24,-6.1099,24.45
2022-01-25,-7.0843,19.58
2022-01-26,-5.8392,25.80
2022-01-27,-6.8783,20.61
2022-01-28,-6.8523,20.74
2022-01-31,-6.2474,23.76
2022-02-01,-5.1580,29.21
2022-02-02,-5.4918,27.54
2022-02-03,-8.0423,14.84
2022-02-04,-7.3330,18.34
2022-02-07,-8.0803,14.70
2022-02-08,-7.6572,16.71
2022-02-09,-6.2639,23.68
2022-02-10,-4.8527,30.55
2022-02-11,-6.3947,23.03
2022-02-14,-6.4126,22.94
2022-02-15,-4.6787,31.21
2022-02-16,-5.5130,27.44
2022-02-17,-6.9803,20.10
2022-02-18,-7.6164,16.92
2022-02-22,-8.4389,13.35
2022-02-23,-9.1097,10.84
2022-02-24,-7.5823,17.09
2022-02-25,-8.4478,13.32
2022-02-28,-6.7326,21.34
2022-03-01,-8.2094,14.21
2022-03-02,-8.2766,13.96
2022-03-03,-9.1453,10.71
2022-03-04,-11.7977,0.76
2022-03-07,-12.5698,0.00
2022-03-08,-10.9691,3.87
2022-03-09,-9.7962,8.26
2022-03-10,-10.3096,6.34
2022-03-11,-10.2364,6.61
2022-03-14,-10.6385,5.11
2022-03-15,-7.8555,15.72
2022-03-16,-5.9758,25.12
2022-03-17,-5.4578,27.71
2022-03-18,-3.1938,36.77
2022-03-21,-3.2936,36.40
2022-03-22,-1.3106,43.84
2022-03-23,-3.7149,34.82
2022-03-24,-3.3955,36.02
2022-03-25,-4.7050,31.11
2022-03-28,-4.7790,30.83
2022-03-29,-4.4305,32.14
2022-03-30,-4.8390,30.60
2022-03-31,-5.5888,27.06
2022-04-01,-6.4220,22.89
2022-04-04,-6.3666,23.17
2022-04-05,-8.9345,11.50
2022-04-06,-11.1507,3.18
2022-04-07,-12.5886,0.00
2022-04-08,-13.2359,0.00
2022-04-11,-12.8250,0.00
2022-04-12,-14.0081,0.00
2022-04-13,-13.3794,0.00
2022-04-14,-13.6003,0.00
2022-04-18,-13.1207,0.00
2022-04-19,-12.2436,0.00
2022-04-20,-13.4849,0.00
2022-04-21,-13.4444,0.00
2022-04-22,-11.7741,0.85
2022-04-25,-12.0695,0.00
2022-04-26,-13.4140,0.00
2022-04-27,-13.8608,0.00
2022-04-28,-12.1974,0.00
2022-04-29,-12.2695,0.00
2022-05-02,-10.6970,4.89
2022-05-03,-11.9699,0.11
2022-05-04,-10.3431,6.21
2022-05-05,-9.7840,8.31
2022-05-06,-12.3011,0.00
2022-05-09,-12.7195,0.00
2022-05-10,-12.5277,0.00
2022-05-11,-14.6787,0.00
2022-05-12,-15.3653,0.00
2022-05-13,-13.6977,0.00
2022-05-16,-15.3273,0.00
2022-05-17,-15.1321,0.00
2022-05-18,-15.2958,0.00
2022-05-19,-13.5599,0.00
2022-05-20,-14.4243,0.00
2022-05-23,-13.4028,0.00
2022-05-24,-15.2397,0.00
2022-05-25,-15.3595,0.00
2022-05-26,-12.2216,0.00
2022-05-27,-12.5402,0.00
2022-05-31,-10.2859,6.43
2022-06-01,-10.5378,5.48
2022-06-02,-7.7110,16.45
2022-06-03,-6.2892,23.55
2022-06-06,-3.4320,35.88
2022-06-07,-5.0930,29.54
2022-06-08,-6.6271,21.86
2022-06-09,-6.2428,23.79
2022-06-10,-7.6865,16.57
2022-06-13,-7.0270,19.87
2022-06-14,-6.3988,23.01
2022-06-15,-7.5000,17.50
2022-06-16,-9.1627,10.64
2022-06-17,-9.3405,9.97
2022-06-21,-9.3410,9.97
2022-06-22,-11.4490,2.07
2022-06-23,-12.5671,0.00
2022-06-24,-11.5602,1.65
2022-06-27,-11.6681,1.24
2022-06-28,-12.4117,0.00
2022-06-29,-12.6390,0.00
2022-06-30,-12.7660,0.00
2022-07-01,-12.5688,0.00
2022-07-05,-9.5269,9.27
2022-07-06,-11.3270,2.52
2022-07-07,-8.5057,13.10
2022-07-08,-5.7484,26.26
2022-07-11,-6.7497,21.25
2022-07-12,-5.8783,25.61
2022-07-13,-5.8859,25.57
2022-07-14,-5.9227,25.39
2022-07-15,-5.9136,25.43
2022-07-18,-4.1143,33.32
2022-07-19,-3.4248,35.91
2022-07-20,-2.1489,40.69
2022-07-21,0.0293,50.15
2022-07-22,-0.9661,45.17
2022-07-25,-1.3000,43.87
2022-07-26,-3.8124,34.45
2022-07-27,0.2627,51.31
2022-07-28,-1.1690,44.37
2022-07-29,-0.4898,47.55
2022-08-01,-0.0391,49.80
2022-08-02,-2.6457,38.83
2022-08-03,-1.3894,43.54
2022-08-04,-2.0087,41.22
2022-08-05,-0.2798,48.60
2022-08-08,0.4714,52.36
2022-08-09,0.5334,52.67
2022-08-10,1.2128,55.80
2022-08-11,3.9013,65.88
2022-08-12,4.5901,68.46
2022-08-15,3.2415,63.41
2022-08-16,4.7523,69.07
2022-08-17,2.0897,59.09
2022-08-18,3.6157,64.81
2022-08-19,2.0209,58.83
2022-08-22,2.1466,59.30
2022-08-23,2.4150,60.31
2022-08-24,5.4295,72.15
2022-08-25,4.8220,69.33
2022-08-26,0.9411,54.71
2022-08-29,-0.2151,48.92
2022-08-30,-0.9714,45.14
2022-08-31,-1.1373,44.49
2022-09-01,-2.8269,38.15
2022-09-02,-1.7461,42.20
2022-09-06,-2.7181,38.56
2022-09-07,-2.6665,38.75
2022-09-08,-2.9769,37.59
2022-09-09,-1.8309,41.88
2022-09-12,0.7334,53.67
2022-09-13,-0.5262,47.37
2022-09-14,-1.4323,43.38
2022-09-15,-1.7706,42.11
2022-09-16,-0.5793,47.10
2022-09-19,-0.4161,47.92
2022-09-20,-0.3763,48.12
2022-09-21,0.1230,50.61
2022-09-22,0.3620,51.81
2022-09-23,-1.9497,41.44
2022-09-26,-0.7136,46.43
2022-09-27,1.5428,57.04
2022-09-28,2.6035,61.01
2022-09-29,3.6910,65.09
2022-09-30,3.7461,65.30
2022-10-03,2.0360,58.89
2022-10-04,3.8495,65.69
2022-10-05,2.8072,61.78
2022-10-06,4.1350,66.76
2022-10-07,4.8685,69.51
2022-10-10,4.5860,68.45
2022-10-11,3.0878,62.83
2022-10-12,4.2051,67.02
2022-10-13,3.7269,65.23
2022-10-14,2.0143,58.80
2022-10-17,1.1973,55.74
2022-10-18,-0.5333,47.33
2022-10-19,-0.1348,49.33
2022-10-20,1.7490,57.81
2022-10-21,3.1587,63.10
2022-10-24,4.9959,69.98
2022-10-25,2.6325,61.12
2022-10-26,2.3795,60.17
2022-10-27,-0.0663,49.67
2022-10-28,0.1251,50.63
2022-10-31,-0.1683,49.16
2022-11-01,-1.7180,42.31
2022-11-02,-2.8507,38.06
2022-11-03,-3.4699,35.74
2022-11-04,-2.8871,37.92
2022-11-07,-1.2071,44.22
2022-11-08,-2.6740,38.72
2022-11-09,-4.0272,33.65
2022-11-10,-2.9094,37.84
2022-11-11,-0.7223,46.39
2022-11-14,-0.8461,45.77
2022-11-15,-0.0531,49.73
2022-11-16,-1.3716,43.61
2022-11-17,0.1509,50.75
2022-11-18,0.1673,50.84
2022-11-21,-1.5401,42.97
2022-11-22,-1.1020,44.62
2022-11-23,-1.3922,43.53
2022-11-25,-0.7386,46.31
2022-11-28,-0.7443,46.28
2022-11-29,-0.8912,45.54
2022-11-30,-0.0036,49.98
2022-12-01,0.7999,54.00
2022-12-02,0.5438,52.72
2022-12-05,0.1863,50.93
2022-12-06,-1.0418,44.84
2022-12-07,-1.8804,41.70
2022-12-08,-2.8436,38.09
2022-12-09,-2.7205,38.55
2022-12-12,-1.4440,43.33
2022-12-13,-1.6982,42.38
2022-12-14,-2.7153,38.57
2022-12-15,-2.9335,37.75
2022-12-16,-3.1814,36.82
2022-12-19,-3.6206,35.17
2022-12-20,-2.8109,38.21
2022-12-21,-1.2375,44.11
2022-12-22,-1.8520,41.81
2022-12-23,-2.3351,39.99
2022-12-27,-4.2620,32.77
2022-12-28,-4.7932,30.78
2022-12-29,-4.0570,33.54
2022-12-30,-3.1461,36.95
2023-01-03,-3.1898,36.79
2023-01-04,-4.4180,32.18
2023-01-05,-4.1145,33.32
2023-01-06,-5.4957,27.52
2023-01-09,-3.9223,34.04
2023-01-10,-3.0450,37.33
2023-01-11,-1.2162,44.19
2023-01-12,-1.4721,43.23
2023-01-13,-1.5273,43.02
2023-01-17,-0.9872,45.06
2023-01-18,-1.1734,44.35
2023-01-19,-1.9170,41.56
2023-01-20,-1.1701,44.36
2023-01-23,-0.0497,49.75
2023-01-24,-1.0437,44.84
2023-01-25,-0.5346,47.33
2023-01-26,0.5501,52.75
2023-01-27,2.9204,62.20
2023-01-30,3.2284,63.36
2023-01-31,3.4116,64.04
2023-02-01,4.6697,68.76
2023-02-02,7.8735,84.37
2023-02-03,8.7921,87.97
2023-02-06,9.5308,90.74
2023-02-07,10.4975,94.37
2023-02-08,8.6242,87.34
2023-02-09,8.4839,86.81
2023-02-10,8.3128,86.17
2023-02-13,6.6587,78.29
2023-02-14,5.3599,71.80
2023-02-15,5.7613,73.81
2023-02-16,4.7289,68.98
2023-02-17,5.1393,70.70
2023-02-21,3.7852,65.44
2023-02-22,5.3719,71.86
2023-02-23,6.6733,78.37
2023-02-24,5.9027,74.51
2023-02-27,6.2999,76.50
2023-02-28,7.5550,82.78
2023-03-01,8.3938,86.48
2023-03-02,7.8178,84.09
2023-03-03,7.5056,82.53
2023-03-06,7.2193,81.10
2023-03-07,7.3153,81.58
2023-03-08,8.0346,85.13
2023-03-09,8.3007,86.13
2023-03-10,8.7872,87.95
2023-03-13,7.0535,80.27
2023-03-14,7.8058,84.03
2023-03-15,6.5370,77.69
2023-03-16,8.0674,85.25
2023-03-17,8.5362,87.01
2023-03-20,9.9781,92.42
2023-03-21,11.7759,99.16
2023-03-22,12.3043,100.00
2023-03-23,13.2574,100.00
2023-03-24,10.8174,95.57
2023-03-27,12.2218,100.00
2023-03-28,12.0731,100.00
2023-03-29,13.6748,100.00
2023-03-30,13.8395,100.00
2023-03-31,13.2584,100.00
2023-04-03,12.7289,100.00
2023-04-04,11.7949,99.23
2023-04-05,9.3047,89.89
2023-04-06,8.5990,87.25
2023-04-10,8.3540,86.33
2023-04-11,7.2845,81.42
2023-04-12,6.0888,75.44
2023-04-13,7.0248,80.12
2023-04-14,7.3191,81.60
2023-04-17,6.5446,77.72
2023-04-18,7.2004,81.00
2023-04-19,6.1406,75.70
2023-04-20,6.2701,76.35
2023-04-21,4.2857,67.32
2023-04-24,2.4652,60.49
2023-04-25,1.2251,55.84
2023-04-26,1.6069,57.28
2023-04-27,2.2037,59.51
2023-04-28,1.6867,57.58
2023-05-01,2.3902,60.21
2023-05-02,1.6734,57.53
2023-05-03,0.7072,53.54
2023-05-04,-2.8796,37.95
2023-05-05,-1.8680,41.75
2023-05-08,-0.7332,46.33
2023-05-09,-1.9495,41.44
2023-05-10,-1.5373,42.99
2023-05-11,-0.8931,45.53
2023-05-12,-0.0057,49.97
2023-05-15,0.5352,52.68
2023-05-16,0.7165,53.58
2023-05-17,1.6011,57.25
2023-05-18,4.1236,66.71
2023-05-19,4.5120,68.17
2023-05-22,6.1641,75.82
2023-05-23,5.2599,71.30
2023-05-24,5.2056,71.03
2023-05-25,6.9985,79.99
2023-05-26,7.7448,83.72
2023-05-30,7.7043,83.52
2023-05-31,5.8202,74.10
2023-06-01,7.7924,83.96
2023-06-02,7.1356,80.68
2023-06-05,7.0339,80.17
2023-06-06,7.8062,84.03
2023-06-07,7.0378,80.19
2023-06-08,8.7103,87.66
2023-06-09,9.3576,90.09
2023-06-12,12.6210,100.00
2023-06-13,11.8258,99.35
2023-06-14,13.3050,100.00
2023-06-15,11.8417,99.41
2023-06-16,11.4482,97.93
2023-06-20,12.3161,100.00
2023-06-21,8.7662,87.87
2023-06-22,9.3153,89.93
2023-06-23,8.3098,86.16
2023-06-26,9.0927,89.10
2023-06-27,10.5126,94.42
2023-06-28,11.3154,97.43
2023-06-29,10.7757,95.41
2023-06-30,11.2222,97.08
2023-07-03,10.6053,94.77
2023-07-05,10.2201,93.33
2023-07-06,10.8287,95.61
2023-07-07,13.8062,100.00
2023-07-10,14.0448,100.00
2023-07-11,14.3400,100.00
2023-07-12,14.9513,100.00
2023-07-13,16.0761,100.00
2023-07-14,13.9874,100.00
2023-07-17,14.1275,100.00
2023-07-18,15.5656,100.00
2023-07-19,14.4269,100.00
2023-07-20,12.5793,100.00
2023-07-21,11.8452,99.42
2023-07-24,12.4524,100.00
2023-07-25,13.1739,100.00
2023-07-26,14.9511,100.00
2023-07-27,15.0632,100.00
2023-07-28,14.3050,100.00
2023-07-31,14.3348,100.00
2023-08-01,14.8641,100.00
2023-08-02,13.4475,100.00
2023-08-03,14.6686,100.00
2023-08-04,16.6237,100.00
2023-08-07,15.8486,100.00
2023-08-08,14.4962,100.00
2023-08-09,13.3642,100.00
2023-08-10,13.7705,100.00
2023-08-11,12.5568,100.00
2023-08-14,13.9844,100.00
2023-08-15,12.5136,100.00
2023-08-16,11.0271,96.35
2023-08-17,9.0400,88.90
2023-08-18,6.7837,78.92
2023-08-21,8.5325,87.00
2023-08-22,8.0054,85.02
2023-08-23,9.0777,89.04
2023-08-24,7.8930,84.47
2023-08-25,6.5856,77.93
2023-08-28,5.4940,72.47
2023-08-29,5.8497,74.25
2023-08-30,7.7875,83.94
2023-08-31,7.3610,81.80
2023-09-01,7.3847,81.92
2023-09-05,8.2514,85.94
2023-09-06,6.9238,79.62
2023-09-07,6.7860,78.93
2023-09-08,6.3753,76.88
2023-09-11,6.5739,77.87
2023-09-12,4.8961,69.61
2023-09-13,4.5638,68.36
2023-09-14,4.3864,67.70
2023-09-15,3.4474,64.18
2023-09-18,4.6045,68.52
2023-09-19,3.9175,65.94
2023-09-20,3.6353,64.88
2023-09-21,3.0106,62.54
2023-09-22,2.8633,61.99
2023-09-25,4.4056,67.77
2023-09-26,3.1627,63.11
2023-09-27,3.6051,64.77
2023-09-28,4.3467,67.55
2023-09-29,3.9873,66.20
2023-10-02,5.6014,73.01
2023-10-03,5.0422,70.21
2023-10-04,5.7263,73.63
2023-10-05,5.1050,70.52
2023-10-06,5.6297,73.15
2023-10-09,5.2191,71.10
2023-10-10,4.7785,69.17
2023-10-11,4.3349,67.51
2023-10-12,5.4330,72.16
2023-10-13,2.8137,61.80
2023-10-16,2.1773,59.41
2023-10-17,3.1415,63.03
2023-10-18,4.3164,67.44
2023-10-19,5.5461,72.73
2023-10-20,4.5758,68.41
2023-10-23,4.8476,69.43
2023-10-24,4.3913,67.72
2023-10-25,2.3455,60.05
2023-10-26,0.0628,50.31
2023-10-27,0.9119,54.56
2023-10-30,1.0569,55.21
2023-10-31,2.4115,60.29
2023-11-01,2.2366,59.64
2023-11-02,1.7359,57.76
2023-11-03,1.7923,57.97
2023-11-06,2.6064,61.02
2023-11-07,4.3628,67.61
2023-11-08,4.2728,67.27
2023-11-09,5.5398,72.70
2023-11-10,5.6612,73.31
2023-11-13,6.1313,75.66
2023-11-14,6.1214,75.61
2023-11-15,6.6470,78.24
2023-11-16,7.2036,81.02
2023-11-17,6.3027,76.51
2023-11-20,7.0235,80.12
2023-11-21,5.9398,74.70
2023-11-22,6.8977,79.49
2023-11-24,6.3629,76.81
2023-11-27,5.7350,73.67
2023-11-28,4.6447,68.67
2023-11-29,4.5179,68.19
2023-11-30,3.1398,63.02
2023-12-01,2.6123,61.05
2023-12-04,1.3046,56.14
2023-12-05,2.0301,58.86
2023-12-06,2.7298,61.49
2023-12-07,3.6867,65.08
2023-12-08,3.8997,65.87
2023-12-11,4.1850,66.94
2023-12-12,4.6150,68.56
2023-12-13,3.1845,63.19
2023-12-14,4.7448,69.04
2023-12-15,5.0282,70.14
2023-12-18,5.7519,73.76
2023-12-19,7.2180,81.09
2023-12-20,7.4307,82.15
2023-12-21,7.9235,84.62
2023-12-22,6.9615,79.81
2023-12-26,6.9909,79.95
2023-12-27,5.5385,72.69
2023-12-28,4.1424,66.78
2023-12-29,4.1042,66.64
2024-01-02,-0.5040,47.48
2024-01-03,0.1647,50.82
2024-01-04,-0.5858,47.07
2024-01-05,-0.5076,47.46
2024-01-08,-0.8202,45.90
2024-01-09,-0.7034,46.48
2024-01-10,0.0898,50.45
2024-01-11,0.9543,54.77
2024-01-12,-0.0753,49.62
2024-01-16,1.9709,58.64
2024-01-17,1.9812,58.68
2024-01-18,3.3125,63.67
2024-01-19,5.7587,73.79
2024-01-22,5.9119,74.56
2024-01-23,6.9814,79.91
2024-01-24,7.8865,84.43
2024-01-25,7.6630,83.32
2024-01-26,8.9152,88.43
2024-01-29,11.0959,96.61
2024-01-30,9.6241,91.09
2024-01-31,7.1963,80.98
2024-02-01,6.8536,79.27
2024-02-02,8.8249,88.09
2024-02-05,8.9136,88.43
2024-02-06,7.7908,83.95
2024-02-07,8.5366,87.01
2024-02-08,7.9282,84.64
2024-02-09,8.4215,86.58
2024-02-12,7.2286,81.14
2024-02-13,5.8727,74.36
2024-02-14,6.6051,78.03
2024-02-15,6.5641,77.82
2024-02-16,5.7046,73.52
2024-02-20,4.8199,69.32
2024-02-21,3.8853,65.82
2024-02-22,5.0360,70.18
2024-02-23,5.1476,70.74
2024-02-26,5.8458,74.23
2024-02-27,6.1828,75.91
2024-02-28,6.0658,75.33
2024-02-29,6.8082,79.04
2024-03-01,6.8680,79.34
2024-03-04,6.2789,76.39
2024-03-05,5.8039,74.02
2024-03-06,6.0792,75.40
2024-03-07,6.3602,76.80
2024-03-08,6.2200,76.10
2024-03-11,4.8688,69.51
2024-03-12,5.1132,70.57
2024-03-13,5.3929,71.96
2024-03-14,5.3387,71.69
2024-03-15,6.1655,75.83
2024-03-18,6.1583,75.79
2024-03-19,5.3444,71.72
2024-03-20,5.7328,73.66
2024-03-21,5.9061,74.53
2024-03-22,5.7706,73.85
2024-03-25,4.8836,69.56
2024-03-26,5.5336,72.67
2024-03-27,4.6551,68.71
2024-03-28,4.4474,67.93
2024-04-01,5.6282,73.14
2024-04-02,5.8552,74.28
2024-04-03,8.9738,88.65
2024-04-04,8.8712,88.27
2024-04-05,9.7052,91.39
2024-04-08,9.4020,90.26
2024-04-09,8.1898,85.71
2024-04-10,8.7289,87.73
2024-04-11,8.9729,88.65
2024-04-12,7.7455,83.73
2024-04-15,7.7079,83.54
2024-04-16,7.7821,83.91
2024-04-17,6.6535,78.27
2024-04-18,4.5498,68.31
2024-04-19,1.8679,58.25
2024-04-22,1.4431,56.66
2024-04-23,1.9110,58.42
2024-04-24,0.2453,51.23
2024-04-25,0.2605,51.30
2024-04-26,1.8202,58.08
2024-04-29,1.2802,56.05
2024-04-30,0.1810,50.91
2024-05-01,1.1261,55.47
2024-05-02,1.8915,58.34
2024-05-03,-0.0790,49.60
2024-05-06,0.4738,52.37
2024-05-07,-0.0518,49.74
2024-05-08,-0.7812,46.09
2024-05-09,-1.9063,41.60
2024-05-10,-2.5008,39.37
2024-05-13,-2.1573,40.66
2024-05-14,-1.9191,41.55
2024-05-15,-3.0810,37.20
2024-05-16,-3.0470,37.32
2024-05-17,-2.1188,40.80
2024-05-20,-1.0737,44.72
2024-05-21,-0.7303,46.35
2024-05-22,-2.0032,41.24
2024-05-23,-1.2529,44.05
2024-05-24,-1.3880,43.54
2024-05-28,-0.9527,45.24
2024-05-29,-0.4827,47.59
2024-05-30,-2.1055,40.85
2024-05-31,-3.2572,36.54
2024-06-03,-2.0913,40.91
2024-06-04,-2.0354,41.12
2024-06-05,-0.3463,48.27
2024-06-06,-0.8014,45.99
2024-06-07,0.2490,51.25
2024-06-10,0.2246,51.12
2024-06-11,-0.4205,47.90
2024-06-12,0.7529,53.76
2024-06-13,-0.0183,49.91
2024-06-14,0.3958,51.98
2024-06-17,0.8392,54.20
2024-06-18,0.6852,53.43
2024-06-20,-0.6298,46.85
2024-06-21,-0.8741,45.63
2024-06-24,-1.5916,42.78
2024-06-25,-0.1052,49.47
2024-06-26,0.0753,50.38
2024-06-27,1.1578,55.59
2024-06-28,1.4365,56.64
2024-07-01,1.3310,56.24
2024-07-02,2.0239,58.84
2024-07-03,1.8425,58.16
2024-07-05,2.3369,60.01
2024-07-08,1.7218,57.71
2024-07-09,1.8080,58.03
2024-07-10,2.4984,60.62
2024-07-11,-0.1501,49.25
2024-07-12,-1.1016,44.62
2024-07-15,0.6648,53.32
2024-07-16,1.1337,55.50
2024-07-17,-1.7101,42.34
2024-07-18,-0.4768,47.62
2024-07-19,-0.9329,45.34
2024-07-22,1.1248,55.47
2024-07-23,1.3008,56.13
2024-07-24,-2.4748,39.47
2024-07-25,-2.0221,41.17
2024-07-26,-1.0599,44.78
2024-07-29,-2.3422,39.97
2024-07-30,-2.3773,39.84
2024-07-31,0.2478,51.24
2024-08-01,-2.7431,38.46
2024-08-02,-5.8800,25.60
2024-08-05,-6.4256,22.87
2024-08-06,-7.1830,19.09
2024-08-07,-6.5879,22.06
2024-08-08,-5.5105,27.45
2024-08-09,-4.5773,31.58
2024-08-12,-4.5144,31.82
2024-08-13,-3.4277,35.90
2024-08-14,-3.6408,35.10
2024-08-15,-1.7831,42.06
2024-08-16,-1.1740,44.35
2024-08-19,-0.9394,45.30
2024-08-20,-1.7271,42.27
2024-08-21,-1.4543,43.30
2024-08-22,-2.8471,38.07
2024-08-23,-2.7456,38.45
2024-08-26,-4.0594,33.53
2024-08-27,-4.1976,33.01
2024-08-28,-4.7714,30.86
2024-08-29,-3.5713,35.36
2024-08-30,-2.3939,39.77
2024-09-03,-4.7943,30.77
2024-09-04,-4.6319,31.38
2024-09-05,-5.4360,27.82
2024-09-06,-7.0525,19.74
2024-09-09,-7.3022,18.49
2024-09-10,-7.2978,18.51
2024-09-11,-6.4472,22.76
2024-09-12,-6.9479,20.26
2024-09-13,-6.6936,21.53
2024-09-16,-6.4829,22.59
2024-09-17,-6.8148,20.93
2024-09-18,-6.5705,22.15
2024-09-19,-4.1681,33.12
2024-09-20,-5.3380,28.31
2024-09-23,-4.6048,31.48
2024-09-24,-4.9819,30.07
2024-09-25,-5.4149,27.93
2024-09-26,-4.4824,31.94
2024-09-27,-4.6519,31.31
2024-09-30,-5.6879,26.56
2024-10-01,-6.8842,20.58
2024-10-02,-7.1453,19.27
2024-10-03,-6.6653,21.67
2024-10-04,-5.1965,29.02
2024-10-07,-5.0271,29.86
2024-10-08,-4.5022,31.87
2024-10-09,-2.0077,41.22
2024-10-10,-1.8263,41.90
2024-10-11,-3.1648,36.88
2024-10-14,-3.2908,36.41
2024-10-15,-1.7966,42.01
2024-10-16,-2.4097,39.71
2024-10-17,-0.7611,46.19
2024-10-18,-1.3914,43.53
2024-10-21,-0.7276,46.36
2024-10-22,2.1045,59.14
2024-10-23,0.5914,52.96
2024-10-24,1.1158,55.43
2024-10-25,1.9796,58.67
2024-10-28,2.5635,60.86
2024-10-29,2.4337,60.38
2024-10-30,5.6586,73.29
2024-10-31,7.3717,81.86
2024-11-01,9.2628,89.74
2024-11-04,8.6600,87.48
2024-11-05,9.8190,91.82
2024-11-06,13.7015,100.00
2024-11-07,13.4534,100.00
2024-11-08,12.6508,100.00
2024-11-11,12.7797,100.00
2024-11-12,13.3060,100.00
2024-11-13,11.5824,98.43
2024-11-14,11.3752,97.66
2024-11-15,9.8492,91.93
2024-11-18,10.1594,93.10
2024-11-19,10.0073,92.53
2024-11-20,10.9248,95.97
2024-11-21,9.9756,92.41
2024-11-22,11.1985,96.99
2024-11-25,10.9147,95.93
2024-11-26,10.9354,96.01
2024-11-27,9.9875,92.45
2024-11-29,10.2027,93.26
2024-12-02,14.0568,100.00
2024-12-03,14.9764,100.00
2024-12-04,15.4792,100.00
2024-12-05,17.3671,100.00
2024-12-06,18.1530,100.00
2024-12-09,17.3827,100.00
2024-12-10,16.6737,100.00
2024-12-11,17.7415,100.00
2024-12-12,17.3173,100.00
2024-12-13,17.3086,100.00
2024-12-16,17.6549,100.00
2024-12-17,17.3136,100.00
2024-12-18,13.4965,100.00
2024-12-19,15.0107,100.00
2024-12-20,14.8122,100.00
2024-12-23,14.7028,100.00
2024-12-24,15.5998,100.00
2024-12-26,14.4909,100.00
2024-12-27,14.0363,100.00
2024-12-30,13.6999,100.00
2024-12-31,13.5444,100.00
2025-01-02,13.0789,100.00
2025-01-03,13.4029,100.00
2025-01-06,13.3448,100.00
2025-01-07,12.4081,100.00
2025-01-08,11.5949,98.48
2025-01-10,10.4418,94.16
2025-01-13,10.4485,94.18
2025-01-14,10.5091,94.41
2025-01-15,11.9859,99.95
2025-01-16,11.3011,97.38
2025-01-17,12.5792,100.00
2025-01-21,11.8684,99.51
2025-01-22,13.4930,100.00
2025-01-23,12.7141,100.00
2025-01-24,12.4800,100.00
2025-01-27,12.0328,100.00
2025-01-28,12.6579,100.00
2025-01-29,11.9346,99.75
2025-01-30,11.1517,96.82
2025-01-31,10.0115,92.54
2025-02-03,8.9994,88.75
2025-02-04,11.5384,98.27
2025-02-05,9.1947,89.48
2025-02-06,10.0289,92.61
2025-02-07,9.0255,88.85
2025-02-10,3.9422,66.03
2025-02-11,3.5219,64.46
2025-02-12,4.4094,67.79
2025-02-13,3.5575,64.59
2025-02-14,3.9332,66.00
2025-02-18,3.8834,65.81
2025-02-19,3.2359,63.38
2025-02-20,3.0838,62.81
2025-02-21,1.1381,55.52
2025-02-24,0.5323,52.66
2025-02-25,-0.6141,46.93
2025-02-26,0.5386,52.69
2025-02-27,-0.5135,47.43
2025-02-28,0.0327,50.16
2025-03-03,-1.6132,42.70
2025-03-04,-1.1697,44.36
2025-03-05,-0.8779,45.61
2025-03-06,-2.6742,38.72
2025-03-07,-3.3375,36.23
2025-03-10,-6.3975,23.01
2025-03-11,-6.2652,23.67
2025-03-12,-5.9682,25.16
2025-03-13,-5.9935,25.03
2025-03-14,-5.7478,26.26
2025-03-17,-7.7879,16.06
2025-03-18,-7.9605,15.20
2025-03-19,-6.8527,20.74
2025-03-20,-8.3303,13.76
2025-03-21,-7.5144,17.43
2025-03-24,-5.1240,29.38
2025-03-25,-3.9176,34.06
2025-03-26,-5.2107,28.95
2025-03-27,-6.4199,22.90
2025-03-28,-9.3283,10.02
2025-03-31,-9.8540,8.05
2025-04-01,-8.6358,12.62
2025-04-02,-7.8270,15.87
2025-04-03,-11.4779,1.96
2025-04-04,-11.7388,0.98
2025-04-07,-10.7768,4.59
2025-04-08,-11.7923,0.78
2025-04-09,-7.1165,19.42
2025-04-10,-8.7340,12.25
2025-04-11,-8.4575,13.28
2025-04-14,-9.4341,9.62
2025-04-15,-9.2592,10.28
2025-04-16,-11.7596,0.90
2025-04-17,-11.1004,3.37
2025-04-21,-12.2069,0.00
2025-04-22,-11.5086,1.84
2025-04-23,-11.5505,1.69
2025-04-24,-9.5413,9.22
2025-04-25,-8.2655,14.00
2025-04-28,-6.7988,21.01
2025-04-29,-8.5168,13.06
2025-04-30,-8.9207,11.55
2025-05-01,-6.8275,20.86
2025-05-02,-6.3621,23.19
2025-05-05,-5.5290,27.36
2025-05-06,-6.6740,21.63
2025-05-07,-5.5153,27.42
2025-05-08,-4.5947,31.52
2025-05-09,-3.9796,33.83
2025-05-12,-1.3053,43.86
2025-05-13,1.7562,57.84
2025-05-14,2.8079,61.78
2025-05-15,1.1223,55.46
2025-05-16,-0.4658,47.67
2025-05-19,-0.8574,45.71
2025-05-20,-0.7076,46.46
2025-05-21,0.5341,52.67
2025-05-22,3.2659,63.50
2025-05-23,2.8479,61.93
2025-05-27,5.0247,70.12
2025-05-28,4.4334,67.88
2025-05-29,4.4337,67.88
2025-05-30,3.4243,64.09
2025-06-02,5.7463,73.73
2025-06-03,6.6512,78.26
2025-06-04,6.2133,76.07
2025-06-05,6.6850,78.42
2025-06-06,7.5326,82.66
2025-06-09,10.6972,95.11
2025-06-10,10.7103,95.16
2025-06-11,9.0337,88.88
2025-06-12,9.2220,89.58
2025-06-13,7.4693,82.35
2025-06-16,9.2258,89.60
2025-06-17,9.7541,91.58
2025-06-18,8.3739,86.40
2025-06-20,8.4093,86.53
2025-06-23,8.7033,87.64
2025-06-24,7.6341,83.17
2025-06-25,6.7087,78.54
2025-06-26,9.3827,90.18
2025-06-27,10.7397,95.27
2025-06-30,13.5482,100.00
2025-07-01,13.0980,100.00
2025-07-02,12.9740,100.00
2025-07-03,13.0038,100.00
2025-07-07,17.9851,100.00
2025-07-08,20.6128,100.00
2025-07-09,19.8065,100.00
2025-07-10,19.8952,100.00
2025-07-11,12.6857,100.00
2025-07-14,15.7526,100.00
2025-07-15,15.7868,100.00
2025-07-16,16.3649,100.00
2025-07-17,16.9041,100.00
2025-07-18,18.7336,100.00
2025-07-21,19.6834,100.00
2025-07-22,19.4269,100.00
2025-07-23,18.9470,100.00
2025-07-24,16.7912,100.00
2025-07-25,14.5443,100.00
2025-07-28,14.8604,100.00
2025-07-29,13.5161,100.00
2025-07-30,13.7000,100.00
2025-07-31,14.8363,100.00
2025-08-01,11.0598,96.47
2025-08-04,10.5582,94.59
2025-08-05,10.6533,94.95
2025-08-06,12.2063,100.00
2025-08-07,11.2280,97.10
2025-08-08,10.2180,93.32
2025-08-11,10.1704,93.14
2025-08-12,8.0899,85.34
2025-08-13,5.4404,72.20
2025-08-14,4.4923,68.10
2025-08-15,4.8845,69.57
2025-08-18,6.1604,75.80
2025-08-19,5.0706,70.35
2025-08-20,4.8586,69.47
2025-08-21,4.8235,69.34
2025-08-22,5.2178,71.09
2025-08-25,7.1324,80.66
2025-08-26,6.5647,77.82
2025-08-27,6.4720,77.36
2025-08-28,8.0512,85.19
2025-08-29,7.4925,82.46
2025-09-02,7.0459,80.23
2025-09-03,7.1898,80.95
2025-09-04,7.5916,82.96
2025-09-05,7.2779,81.39
2025-09-08,7.4453,82.23
2025-09-09,6.8386,79.19
2025-09-10,6.9702,79.85
2025-09-11,7.2571,81.29
2025-09-12,8.5751,87.16
2025-09-15,10.4078,94.03
2025-09-16,9.2947,89.85
2025-09-17,9.1651,89.37
2025-09-18,9.8953,92.11
2025-09-19,10.7033,95.14
2025-09-22,10.2548,93.46
2025-09-23,8.4282,86.61
2025-09-24,7.2658,81.33
2025-09-25,6.7191,78.60
2025-09-26,6.0119,75.06
2025-09-29,6.2629,76.31
2025-09-30,6.4753,77.38
2025-10-01,4.5439,68.29
2025-10-02,4.1312,66.74
2025-10-03,3.8411,65.65
2025-10-06,4.4193,67.82
2025-10-07,3.0729,62.77
2025-10-08,3.7967,65.49
2025-10-09,3.4631,64.24
2025-10-10,1.1501,55.56
2025-10-13,2.0091,58.78
2025-10-14,1.7394,57.77
2025-10-15,0.5349,52.67
2025-10-16,0.2657,51.33
2025-10-17,0.0106,50.05
2025-10-20,1.8858,58.32
2025-10-21,2.3444,60.04
2025-10-22,1.0734,55.28
2025-10-23,1.6827,57.56
2025-10-24,0.7285,53.64
2025-10-27,3.0940,62.85
2025-10-28,4.0965,66.61
2025-10-29,4.2733,67.27
2025-10-30,5.2710,71.35
2025-10-31,5.9514,74.76
2025-11-03,6.1609,75.80
2025-11-04,3.2990,63.62
2025-11-05,4.3745,67.65
2025-11-06,2.8384,61.89
2025-11-07,1.7658,57.87
2025-11-10,1.8949,58.36
2025-11-11,0.8061,54.03
2025-11-12,0.2927,51.46
2025-11-13,0.1249,50.62
2025-11-14,-0.6180,46.91
2025-11-17,-0.1229,49.39
2025-11-18,-0.3786,48.11
2025-11-19,0.2166,51.08
2025-11-20,-2.3051,40.11
2025-11-21,-3.1091,37.09
2025-11-24,-2.6326,38.88
2025-11-25,-2.5232,39.29
2025-11-26,-3.3681,36.12
2025-11-28,-1.8211,41.92
2025-12-01,-0.7008,46.50
2025-12-02,-0.3868,48.07
2025-12-03,-0.6291,46.85
2025-12-04,0.7227,53.61
2025-12-05,0.6873,53.44
2025-12-08,1.6127,57.30
2025-12-09,1.6500,57.44
2025-12-10,2.1617,59.36
2025-12-11,1.5307,56.99
2025-12-12,-0.4719,47.64
2025-12-15,-1.5796,42.83
2025-12-16,-0.7177,46.41
2025-12-17,-2.5376,39.23
2025-12-18,-2.1936,40.52
2025-12-19,-1.7335,42.25
2025-12-22,0.1778,50.89
2025-12-23,0.6945,53.47
2025-12-24,0.0769,50.38
2025-12-26,-0.0935,49.53
2025-12-29,-0.8202,45.90
2025-12-30,-0.2064,48.97
2025-12-31,0.9247,54.62
2026-01-02,0.3819,51.91
2026-01-05,2.8043,61.77
2026-01-06,1.8673,58.25
2026-01-07,2.9545,62.33
2026-01-08,2.3042,59.89
2026-01-09,3.1052,62.89
2026-01-12,4.7598,69.10
2026-01-13,2.3412,60.03
2026-01-14,1.2544,55.95
2026-01-15,1.8025,58.01
2026-01-16,2.4301,60.36
2026-01-20,0.9050,54.52
2026-01-21,1.0131,55.05
2026-01-22,1.2582,55.97
2026-01-23,2.2924,59.85
2026-01-26,1.6255,57.35
2026-01-27,1.4847,56.82
2026-01-28,1.1721,55.65
2026-01-29,0.3617,51.81
2026-01-30,-1.9150,41.57
2026-02-02,0.1118,50.56
2026-02-03,-2.2443,40.33
2026-02-04,-3.9505,33.94
2026-02-05,-3.5177,35.56
2026-02-06,-3.7000,34.87
2026-02-09,-2.2546,40.30
2026-02-10,-1.7586,42.16
2026-02-11,-3.9856,33.80
2026-02-12,-5.3063,28.47
2026-02-13,-6.3616,23.19
2026-02-17,-4.6719,31.23
2026-02-18,-3.1053,37.11
2026-02-19,-2.2401,40.35
2026-02-20,-0.7221,46.39
2026-02-23,-4.4934,31.90
2026-02-24,-2.3148,40.07
2026-02-25,-1.4228,43.41
2026-02-26,-2.1830,40.56
2026-02-27,-4.0967,33.39
2026-03-02,-3.2152,36.69
2026-03-03,-3.6361,35.11
2026-03-04,-3.4811,35.70
2026-03-05,-3.5779,35.33
2026-03-06,-5.1834,29.08
2026-03-09,-5.8843,25.58
2026-03-10,-6.4799,22.60
2026-03-11,-6.4372,22.81
2026-03-12,-8.0154,14.94
2026-03-13,-9.4866,9.43
2026-03-16,-8.8818,11.69
2026-03-17,-7.4059,17.97
2026-03-18,-6.3043,23.48
2026-03-19,-6.7455,21.27
2026-03-20,-4.4574,32.03
2026-03-23,-4.2782,32.71
2026-03-24,-5.5942,27.03
2026-03-25,-6.4801,22.60
2026-03-26,-8.5823,12.82
2026-03-27,-10.0126,7.45
2026-03-30,-10.5180,5.56
2026-03-31,-8.0628,14.76
2026-04-01,-7.2037,18.98
2026-04-02,-7.7982,16.01
2026-04-06,-7.1953,19.02
2026-04-07,-8.5432,12.96
2026-04-08,-7.4798,17.60
2026-04-09,-7.6931,16.53
2026-04-10,-6.8495,20.75
2026-04-13,-5.4897,27.55
2026-04-14,-4.3888,32.29
2026-04-15,-2.1725,40.60
2026-04-16,-0.6922,46.54
2026-04-17,-0.2907,48.55
2026-04-20,0.0773,50.39
2026-04-21,2.1539,59.33
2026-04-22,1.9935,58.73
2026-04-23,-0.9549,45.23
2026-04-24,-0.1706,49.15
2026-04-27,0.4435,52.22
2026-04-28,-0.8596,45.70
2026-04-29,-0.8213,45.89
2026-04-30,-2.0282,41.14
2026-05-01,-0.4392,47.80
2026-05-04,-1.5369,42.99
2026-05-05,0.2465,51.23
2026-05-06,3.7634,65.36
2026-05-07,5.0287,70.14
2026-05-08,5.4333,72.17
2026-05-11,4.9932,69.97
2026-05-12,4.3242,67.47
2026-05-13,5.8014,74.01
2026-05-14,8.9796,88.67
2026-05-15,9.9728,92.40
2026-05-18,8.7559,87.83
2026-05-19,5.7327,73.66
2026-05-20,7.2820,81.41
2026-05-21,6.8814,79.41
2026-05-22,9.6219,91.08
2026-05-26,10.4005,94.00
2026-05-27,9.3548,90.08
2026-05-28,9.7416,91.53
2026-05-29,12.7191,100.00
2026-06-01,13.6703,100.00
2026-06-02,13.7432,100.00
2026-06-03,11.5028,98.14
2026-06-04,9.8835,92.06
2026-06-05,7.3909,81.95
2026-06-08,8.6324,87.37
2026-06-09,7.1604,80.80
2026-06-10,4.4695,68.01
2026-06-11,8.3565,86.34
2026-06-12,9.2486,89.68
2026-06-15,10.9382,96.02
2026-06-16,9.5542,90.83
2026-06-17,9.9943,92.48
2026-06-18,11.2082,97.03
2026-06-22,9.9190,92.20
2026-06-23,5.6203,73.10
2026-06-24,5.4526,72.26
2026-06-25,5.0195,70.10
2026-06-26,5.0310,70.15
2026-06-29,9.1503,89.31
2026-06-30,12.7552,100.00
2026-07-01,10.2216,93.33
2026-07-02,6.7997,79.00
2026-07-06,9.5806,90.93
2026-07-07,6.8435,79.22
2026-07-08,6.7696,78.85
2026-07-09,7.2310,81.16
2026-07-10,7.1166,80.58
2026-07-13,5.1809,70.90
2026-07-14,4.8371,69.39
2026-07-15,4.5380,68.27
2026-07-16,0.7607,53.80
2026-07-17,0.1382,50.69
2026-07-20,0.0749,50.37
2026-07-21,0.4173,52.09
2026-07-22,-0.9232,45.38
2026-07-23,-3.0936,37.15
2026-07-24,-2.2308,40.38
2026-07-27,-2.3639,39.89
2026-07-28,-3.9342,34.00
2026-07-29,-3.9928,33.78
2026-07-30,-2.0120,41.21
2026-07-31,0.5355,52.68
2026-08-03,1.8324,58.12
2026-08-04,3.7631,65.36
2026-08-05,3.0795,62.80
2026-08-06,1.3498,56.31
2026-08-07,1.2889,56.08
2026-08-10,0.4681,52.34
2026-08-11,0.3116,51.56
2026-08-12,1.0434,55.16
2026-08-13,0.8287,54.14
2026-08-14,0.1271,50.64
2026-08-17,0.1084,50.54
2026-08-18,-0.5277,47.36
2026-08-19,-0.2600,48.70
2026-08-20,-1.5512,42.93
2026-08-21,-0.9802,45.10
2026-08-24,-1.6464,42.58
2026-08-25,-2.6878,38.67
2026-08-26,-2.1822,40.57
2026-08-27,-1.8607,41.77
