Date,Close
2000-06-05,49.3438
2000-06-06,47.3125
2000-06-07,48.0938
2000-06-08,48.3125
2000-06-09,49.3125
2000-06-12,47.4062
2000-06-13,49.4062
2000-06-14,47.2812
2000-06-15,47.6875
2000-06-16,48.0000
2000-06-19,51.2500
2000-06-20,52.0000
2000-06-21,52.2188
2000-06-22,49.6250
2000-06-23,48.7500
2000-06-26,48.7500
2000-06-27,47.1875
2000-06-28,47.4375
2000-06-29,46.3438
2000-06-30,47.0000
2000-07-03,48.0625
2000-07-05,44.3125
2000-07-06,46.1250
2000-07-07,47.6250
2000-07-10,47.5625
2000-07-11,46.8125
2000-07-12,47.9688
2000-07-13,49.1875
2000-07-14,50.6875
2000-07-17,51.4688
2000-07-18,49.2188
2000-07-19,47.4688
2000-07-20,46.7188
2000-07-21,44.8125
2000-07-24,44.6250
2000-07-25,46.4062
2000-07-26,44.3750
2000-07-27,41.3438
2000-07-28,40.9688
2000-07-31,42.3125
2000-08-01,40.9062
2000-08-02,40.5000
2000-08-03,40.4375
2000-08-04,39.3438
2000-08-07,40.5000
2000-08-08,40.5312
2000-08-09,41.7188
2000-08-10,40.7188
2000-08-11,41.3438
2000-08-14,43.8750
2000-08-15,45.3125
2000-08-16,46.6250
2000-08-17,47.5312
2000-08-18,48.7188
2000-08-21,47.5000
2000-08-22,47.9688
2000-08-23,49.8750
2000-08-24,49.6250
2000-08-25,49.0000
2000-08-28,49.2500
2000-08-29,48.8750
2000-08-30,48.4062
2000-08-31,49.3438
2000-09-01,48.9375
2000-09-05,47.5625
2000-09-06,44.5312
2000-09-07,46.0000
2000-09-08,43.8125
2000-09-11,43.1250
2000-09-12,42.0938
2000-09-13,42.4375
2000-09-14,42.4062
2000-09-15,41.3750
2000-09-18,40.5000
2000-09-19,43.5312
2000-09-20,43.8750
2000-09-21,42.1250
2000-09-22,39.0625
2000-09-25,37.0050
2000-09-26,36.6250
2000-09-27,36.2500
2000-09-28,37.3750
2000-09-29,35.5500
2000-10-02,34.7500
2000-10-03,34.2250
2000-10-04,36.0000
2000-10-05,35.1000
2000-10-06,33.8500
2000-10-09,33.2500
2000-10-10,30.1700
2000-10-11,29.9750
2000-10-12,29.3000
2000-10-13,32.3750
2000-10-16,30.5250
2000-10-17,28.8650
2000-10-18,28.3000
2000-10-19,32.8750
2000-10-20,33.3750
2000-10-23,34.1500
2000-10-24,31.8750
2000-10-25,29.3950
2000-10-26,30.9250
2000-10-27,30.8500
2000-10-30,31.0650
2000-10-31,32.8750
2000-11-01,31.7000
2000-11-02,32.5000
2000-11-03,32.2450
2000-11-06,32.2500
2000-11-07,30.7450
2000-11-08,28.3250
2000-11-09,28.2500
2000-11-10,26.5000
2000-11-13,27.6500
2000-11-14,29.2250
2000-11-15,30.5500
2000-11-16,28.9000
2000-11-17,28.8250
2000-11-20,28.4500
2000-11-21,27.8450
2000-11-22,27.2500
2000-11-24,29.2450
2000-11-27,27.6500
2000-11-28,25.7500
2000-11-29,26.0450
2000-11-30,24.0000
2000-12-01,23.8100
2000-12-04,23.9800
2000-12-05,26.4950
2000-12-06,25.4000
2000-12-07,24.8900
2000-12-08,27.6250
2000-12-11,29.6000
2000-12-12,28.6000
2000-12-13,26.6750
2000-12-14,26.3600
2000-12-15,25.6500
2000-12-18,25.6250
2000-12-19,25.3000
2000-12-20,23.8000
2000-12-21,23.7500
2000-12-22,25.3750
2000-12-26,25.1000
2000-12-27,26.3250
2000-12-28,25.6350
2000-12-29,24.5000
2001-01-02,24.1500
2001-01-03,28.1250
2001-01-04,27.2550
2001-01-05,25.6250
2001-01-08,25.9950
2001-01-09,25.5500
2001-01-10,26.6500
2001-01-11,28.1100
2001-01-12,27.7250
2001-01-16,26.7500
2001-01-17,28.1550
2001-01-18,29.7500
2001-01-19,29.8550
2001-01-22,29.1250
2001-01-23,29.3250
2001-01-24,29.2750
2001-01-25,28.2000
2001-01-26,28.3250
2001-01-29,29.0750
2001-01-30,29.6000
2001-01-31,29.5050
2001-02-01,29.3250
2001-02-02,28.0500
2001-02-05,26.9450
2001-02-06,27.0050
2001-02-07,26.1250
2001-02-08,25.7650
2001-02-09,25.4500
2001-02-12,25.9700
2001-02-13,25.2900
2001-02-14,27.0050
2001-02-15,28.0000
2001-02-16,26.3100
2001-02-20,24.3500
2001-02-21,24.1000
2001-02-22,23.7500
2001-02-23,23.7000
2001-02-26,23.0000
2001-02-27,22.0400
2001-02-28,20.9250
2001-03-01,22.3000
2001-03-02,22.6700
2001-03-05,23.5050
2001-03-06,24.7950
2001-03-07,24.6000
2001-03-08,24.6000
2001-03-09,22.9950
2001-03-12,22.1000
2001-03-13,23.2000
2001-03-14,22.9500
2001-03-15,22.3200
2001-03-16,21.6300
2001-03-19,22.5000
2001-03-20,21.1250
2001-03-21,21.8450
2001-03-22,24.1050
2001-03-23,24.6500
2001-03-26,23.7700
2001-03-27,23.9000
2001-03-28,22.1500
2001-03-29,21.6500
2001-03-30,20.7450
2001-04-02,19.3500
2001-04-03,18.8000
2001-04-04,17.6500
2001-04-05,20.0500
2001-04-06,18.6800
2001-04-09,18.2000
2001-04-10,19.8500
2001-04-11,21.9950
2001-04-12,23.1750
2001-04-16,21.9950
2001-04-17,21.9750
2001-04-18,24.8000
2001-04-19,26.5000
2001-04-20,25.9250
2001-04-23,24.4250
2001-04-24,23.8000
2001-04-25,24.2500
2001-04-26,23.5750
2001-04-27,24.7500
2001-04-30,25.6500
2001-05-01,25.9750
2001-05-02,26.4000
2001-05-03,25.2350
2001-05-04,25.2750
2001-05-07,25.1500
2001-05-08,25.5050
2001-05-09,24.5500
2001-05-10,24.4500
2001-05-11,24.0750
2001-05-14,23.5250
2001-05-15,23.6500
2001-05-16,24.9500
2001-05-17,25.3500
2001-05-18,25.4750
2001-05-21,27.2000
2001-05-22,26.6500
2001-05-23,25.4500
2001-05-24,25.4250
2001-05-25,25.2250
2001-05-29,24.0850
2001-05-30,22.5250
2001-05-31,23.0000
2001-06-01,23.8000
2001-06-04,23.4800
2001-06-05,24.9500
2001-06-06,24.7750
2001-06-07,26.6700
2001-06-08,25.8100
2001-06-11,24.9650
2001-06-12,24.9200
2001-06-13,24.1900
2001-06-14,22.8250
2001-06-15,22.8250
2001-06-18,22.5400
2001-06-19,22.0000
2001-06-20,22.0750
2001-06-21,22.0250
2001-06-22,21.9800
2001-06-25,22.6050
2001-06-26,22.7550
2001-06-27,22.4750
2001-06-28,23.4000
2001-06-29,24.1000
2001-07-02,23.9450
2001-07-03,24.0200
2001-07-05,23.3000
2001-07-06,21.5050
2001-07-09,21.6650
2001-07-10,20.8050
2001-07-11,21.4500
2001-07-12,23.1400
2001-07-13,22.8250
2001-07-16,21.5800
2001-07-17,22.4500
2001-07-18,21.5700
2001-07-19,22.6650
2001-07-20,22.3000
2001-07-23,21.6000
2001-07-24,21.2600
2001-07-25,21.6150
2001-07-26,22.8850
2001-07-27,23.1500
2001-07-30,23.1850
2001-07-31,23.3050
2001-08-01,24.6000
2001-08-02,25.4250
2001-08-03,24.8900
2001-08-06,24.4100
2001-08-07,23.8900
2001-08-08,22.7750
2001-08-09,22.8750
2001-08-10,23.0950
2001-08-13,23.5400
2001-08-14,23.1800
2001-08-15,22.4800
2001-08-16,22.8750
2001-08-17,21.7800
2001-08-20,22.0600
2001-08-21,21.0000
2001-08-22,21.9750
2001-08-23,21.9200
2001-08-24,23.1050
2001-08-27,23.4600
2001-08-28,22.8300
2001-08-29,22.1250
2001-08-30,21.5700
2001-08-31,21.9000
2001-09-04,21.0800
2001-09-05,20.9950
2001-09-06,19.9550
2001-09-07,19.8850
2001-09-10,19.7850
2001-09-17,17.9500
2001-09-18,16.7650
2001-09-19,16.1000
2001-09-20,15.0300
2001-09-21,14.6600
2001-09-24,15.5750
2001-09-25,15.7750
2001-09-26,14.7400
2001-09-27,14.4200
2001-09-28,14.7800
2001-10-01,14.4800
2001-10-02,14.0900
2001-10-03,15.4500
2001-10-04,16.1750
2001-10-05,16.3200
2001-10-08,16.9900
2001-10-09,16.1500
2001-10-10,17.2000
2001-10-11,18.8300
2001-10-12,18.8700
2001-10-15,18.0450
2001-10-16,18.4800
2001-10-17,17.3950
2001-10-18,16.7700
2001-10-19,17.0000
2001-10-22,17.9500
2001-10-23,17.7900
2001-10-24,18.4500
2001-10-25,19.3800
2001-10-26,19.2800
2001-10-29,17.8500
2001-10-30,17.1100
2001-10-31,17.8600
2001-11-01,19.0000
2001-11-02,19.4000
2001-11-05,19.9150
2001-11-06,20.7200
2001-11-07,20.7500
2001-11-08,20.3750
2001-11-09,20.2900
2001-11-12,20.8000
2001-11-13,22.0250
2001-11-14,21.8550
2001-11-15,21.5450
2001-11-16,21.3300
2001-11-19,21.3750
2001-11-20,20.1650
2001-11-21,20.5100
2001-11-23,20.8250
2001-11-26,21.6200
2001-11-27,21.8300
2001-11-28,20.8600
2001-11-29,21.6600
2001-11-30,21.3150
2001-12-03,20.9500
2001-12-04,22.0350
2001-12-05,23.6200
2001-12-06,23.5400
2001-12-07,22.9700
2001-12-10,22.4050
2001-12-11,22.5250
2001-12-12,23.0400
2001-12-13,21.5550
2001-12-14,22.0500
2001-12-17,22.4450
2001-12-18,22.5650
2001-12-19,21.4950
2001-12-20,20.4150
2001-12-21,20.9500
2001-12-24,20.7700
2001-12-26,20.9550
2001-12-27,21.3200
2001-12-28,21.5850
2001-12-31,20.9250
2002-01-02,21.8000
2002-01-03,23.5800
2002-01-04,23.5650
2002-01-07,23.1300
2002-01-08,23.2600
2002-01-09,23.2700
2002-01-10,22.8250
2002-01-11,22.6500
2002-01-14,22.5000
2002-01-15,22.4250
2002-01-16,21.6700
2002-01-17,21.9750
2002-01-18,21.4100
2002-01-22,20.3600
2002-01-23,21.0100
2002-01-24,21.3250
2002-01-25,21.7000
2002-01-28,22.0250
2002-01-29,21.5750
2002-01-30,22.4250
2002-01-31,22.6500
2002-02-01,22.4000
2002-02-04,22.0750
2002-02-05,22.0000
2002-02-06,21.8950
2002-02-07,21.0250
2002-02-08,21.4600
2002-02-11,22.3400
2002-02-12,22.1400
2002-02-13,22.8650
2002-02-14,22.6500
2002-02-15,22.2500
2002-02-19,21.3800
2002-02-20,21.6300
2002-02-21,20.2350
2002-02-22,20.3000
2002-02-25,21.4200
2002-02-26,21.1400
2002-02-27,20.8650
2002-02-28,20.1800
2002-03-01,22.1400
2002-03-04,23.4700
2002-03-05,23.9100
2002-03-06,23.8000
2002-03-07,23.9500
2002-03-08,24.9000
2002-03-11,24.3000
2002-03-12,23.5450
2002-03-13,22.7700
2002-03-14,22.6650
2002-03-15,23.3200
2002-03-18,23.4700
2002-03-19,23.7150
2002-03-20,22.8800
2002-03-21,23.5200
2002-03-22,23.1250
2002-03-25,22.5250
2002-03-26,23.0750
2002-03-27,22.8750
2002-03-28,23.2650
2002-04-01,23.8750
2002-04-02,23.1150
2002-04-03,22.6500
2002-04-04,22.9550
2002-04-05,22.6250
2002-04-08,22.7000
2002-04-09,21.9100
2002-04-10,22.1900
2002-04-11,21.6900
2002-04-12,21.8500
2002-04-15,22.1750
2002-04-16,23.2900
2002-04-17,23.6950
2002-04-18,23.0950
2002-04-19,22.6950
2002-04-22,22.4650
2002-04-23,22.0000
2002-04-24,21.3100
2002-04-25,21.3400
2002-04-26,20.4750
2002-04-29,20.4450
2002-04-30,20.7350
2002-05-01,20.8250
2002-05-02,19.9500
2002-05-03,19.0500
2002-05-06,18.6400
2002-05-07,18.6850
2002-05-08,20.8500
2002-05-09,20.2200
2002-05-10,19.3900
2002-05-13,20.4850
2002-05-14,21.7250
2002-05-15,21.6000
2002-05-16,21.9400
2002-05-17,22.0500
2002-05-20,21.5750
2002-05-21,21.0500
2002-05-22,21.0750
2002-05-23,20.9000
2002-05-24,20.1850
2002-05-28,20.0950
2002-05-29,19.4250
2002-05-30,19.3750
2002-05-31,19.2250
2002-06-03,18.3750
2002-06-04,18.9000
2002-06-05,19.0400
2002-06-06,18.4000
2002-06-07,17.3500
2002-06-10,17.0500
2002-06-11,16.4050
2002-06-12,17.0500
2002-06-13,16.7100
2002-06-14,16.7200
2002-06-17,17.5950
2002-06-18,17.2750
2002-06-19,16.1250
2002-06-20,15.4200
2002-06-21,14.8750
2002-06-24,15.5100
2002-06-25,14.8750
2002-06-26,15.0050
2002-06-27,15.4650
2002-06-28,15.1750
2002-07-01,14.4900
2002-07-02,13.7500
2002-07-03,14.4450
2002-07-05,15.7950
2002-07-08,15.0250
2002-07-09,14.4750
2002-07-10,13.7950
2002-07-11,14.7150
2002-07-12,14.8550
2002-07-15,15.5850
2002-07-16,15.1850
2002-07-17,15.2900
2002-07-18,14.8250
2002-07-19,14.5050
2002-07-22,14.1150
2002-07-23,13.6000
2002-07-24,14.2000
2002-07-25,12.8500
2002-07-26,12.8400
2002-07-29,13.6250
2002-07-30,13.9500
2002-07-31,13.4000
2002-08-01,12.5450
2002-08-02,12.0750
2002-08-05,11.3500
2002-08-06,12.0000
2002-08-07,12.2500
2002-08-08,12.8000
2002-08-09,12.6500
2002-08-12,12.4500
2002-08-13,11.9750
2002-08-14,12.8200
2002-08-15,13.0250
2002-08-16,13.6800
2002-08-19,14.2050
2002-08-20,13.7500
2002-08-21,14.3200
2002-08-22,14.2650
2002-08-23,13.3800
2002-08-26,13.4400
2002-08-27,12.6800
2002-08-28,12.2250
2002-08-29,12.2150
2002-08-30,12.0500
2002-09-03,11.5250
2002-09-04,11.6200
2002-09-05,11.1400
2002-09-06,11.6950
2002-09-09,11.6600
2002-09-10,12.0850
2002-09-11,12.2550
2002-09-12,11.4500
2002-09-13,11.3900
2002-09-16,11.0250
2002-09-17,10.8000
2002-09-18,10.6550
2002-09-19,10.3250
2002-09-20,10.0950
2002-09-23,9.5750
2002-09-24,9.6900
2002-09-25,10.3700
2002-09-26,10.1850
2002-09-27,10.0000
2002-09-30,9.6200
2002-10-01,10.1400
2002-10-02,10.1550
2002-10-03,9.5950
2002-10-04,9.3550
2002-10-07,9.1250
2002-10-08,8.8750
2002-10-09,8.8350
2002-10-10,9.3650
2002-10-11,10.1800
2002-10-14,10.2000
2002-10-15,11.1700
2002-10-16,10.1000
2002-10-17,10.7850
2002-10-18,10.9750
2002-10-21,11.5100
2002-10-22,10.6950
2002-10-23,11.5100
2002-10-24,11.1900
2002-10-25,11.8400
2002-10-28,11.7900
2002-10-29,11.4650
2002-10-30,12.0750
2002-10-31,11.9900
2002-11-01,12.6250
2002-11-04,13.1050
2002-11-05,12.7850
2002-11-06,13.2250
2002-11-07,12.3450
2002-11-08,12.2000
2002-11-11,11.5400
2002-11-12,11.9450
2002-11-13,11.9750
2002-11-14,12.8000
2002-11-15,12.8100
2002-11-18,12.7250
2002-11-19,12.5250
2002-11-20,13.3500
2002-11-21,14.2000
2002-11-22,14.2000
2002-11-25,14.6550
2002-11-26,14.1250
2002-11-27,14.9000
2002-11-29,14.6500
2002-12-02,14.6450
2002-12-03,13.9950
2002-12-04,13.3000
2002-12-05,13.1000
2002-12-06,13.0450
2002-12-09,12.1900
2002-12-10,12.6900
2002-12-11,12.7000
2002-12-12,12.6450
2002-12-13,12.1400
2002-12-16,12.6400
2002-12-17,12.5350
2002-12-18,11.6950
2002-12-19,11.6250
2002-12-20,11.6500
2002-12-23,11.8650
2002-12-24,11.7450
2002-12-26,11.6750
2002-12-27,11.4900
2002-12-30,11.1650
2002-12-31,11.0750
2003-01-02,11.8600
2003-01-03,12.0250
2003-01-06,12.6500
2003-01-07,12.6550
2003-01-08,12.2200
2003-01-09,12.4600
2003-01-10,12.7700
2003-01-13,12.6250
2003-01-14,12.7250
2003-01-15,12.3900
2003-01-16,12.0300
2003-01-17,11.3900
2003-01-21,11.2700
2003-01-22,11.2250
2003-01-23,11.5900
2003-01-24,11.1000
2003-01-27,10.9650
2003-01-28,11.1100
2003-01-29,11.4550
2003-01-30,10.8600
2003-01-31,10.7500
2003-02-03,10.7000
2003-02-04,10.6650
2003-02-05,10.6500
2003-02-06,10.4900
2003-02-07,10.3200
2003-02-10,10.4500
2003-02-11,10.5300
2003-02-12,10.4500
2003-02-13,10.4250
2003-02-14,11.0050
2003-02-18,11.4900
2003-02-19,11.3800
2003-02-20,11.5000
2003-02-21,11.5200
2003-02-24,11.3800
2003-02-25,11.4150
2003-02-26,11.1100
2003-02-27,11.3750
2003-02-28,11.7700
2003-03-03,11.3650
2003-03-04,11.2400
2003-03-05,11.4100
2003-03-06,11.3500
2003-03-07,11.2050
2003-03-10,10.9850
2003-03-11,11.0150
2003-03-12,11.2850
2003-03-13,12.1750
2003-03-14,11.9900
2003-03-17,12.3750
2003-03-18,12.8100
2003-03-19,12.7750
2003-03-20,12.8750
2003-03-21,13.1800
2003-03-24,12.5000
2003-03-25,12.6050
2003-03-26,12.5500
2003-03-27,12.4450
2003-03-28,12.1950
2003-03-31,11.5450
2003-04-01,11.6550
2003-04-02,12.4550
2003-04-03,12.5100
2003-04-04,12.1950
2003-04-07,12.3900
2003-04-08,11.9450
2003-04-09,11.7450
2003-04-10,11.8550
2003-04-11,11.7250
2003-04-14,12.0500
2003-04-15,12.1450
2003-04-16,12.7550
2003-04-17,13.2150
2003-04-21,13.3250
2003-04-22,13.7500
2003-04-23,13.8100
2003-04-24,13.5950
2003-04-25,12.9400
2003-04-28,13.2350
2003-04-29,13.5000
2003-04-30,13.1950
2003-05-01,13.2400
2003-05-02,13.6250
2003-05-05,13.7350
2003-05-06,14.0800
2003-05-07,13.7250
2003-05-08,13.4300
2003-05-09,13.9650
2003-05-12,14.2750
2003-05-13,14.1400
2003-05-14,13.9750
2003-05-15,14.1550
2003-05-16,13.9050
2003-05-19,13.3100
2003-05-20,13.3200
2003-05-21,13.3500
2003-05-22,13.4750
2003-05-23,13.5600
2003-05-27,14.2750
2003-05-28,14.3750
2003-05-29,14.7650
2003-05-30,14.9750
2003-06-02,14.5900
2003-06-03,14.9750
2003-06-04,15.5000
2003-06-05,15.4750
2003-06-06,15.2500
2003-06-09,14.9400
2003-06-10,15.0850
2003-06-11,14.8950
2003-06-12,14.7450
2003-06-13,14.2500
2003-06-16,14.6000
2003-06-17,14.5050
2003-06-18,14.8100
2003-06-19,14.6450
2003-06-20,14.4500
2003-06-23,14.1150
2003-06-24,13.9250
2003-06-25,13.8150
2003-06-26,14.2500
2003-06-27,14.1750
2003-06-30,14.1150
2003-07-01,14.4700
2003-07-02,14.8200
2003-07-03,14.6200
2003-07-07,15.5300
2003-07-08,15.7750
2003-07-09,15.9000
2003-07-10,15.5000
2003-07-11,15.5900
2003-07-14,16.0050
2003-07-15,16.1250
2003-07-16,16.2550
2003-07-17,15.6800
2003-07-18,15.7250
2003-07-21,15.4000
2003-07-22,15.9000
2003-07-23,16.2250
2003-07-24,15.8700
2003-07-25,16.1700
2003-07-28,16.3250
2003-07-29,16.1000
2003-07-30,15.9000
2003-07-31,16.2500
2003-08-01,16.3750
2003-08-04,16.4250
2003-08-05,15.9000
2003-08-06,15.7500
2003-08-07,15.6900
2003-08-08,15.2500
2003-08-11,15.5500
2003-08-12,15.7950
2003-08-13,16.1000
2003-08-14,16.3200
2003-08-15,16.2500
2003-08-18,17.0750
2003-08-19,17.3850
2003-08-20,17.2900
2003-08-21,17.7750
2003-08-22,18.1200
2003-08-25,18.0200
2003-08-26,18.0150
2003-08-27,18.4750
2003-08-28,18.6000
2003-08-29,18.6950
2003-09-02,18.7500
2003-09-03,18.3500
2003-09-04,18.6950
2003-09-05,18.9050
2003-09-08,19.4000
2003-09-09,19.1200
2003-09-10,18.0850
2003-09-11,18.3600
2003-09-12,18.4800
2003-09-15,18.2350
2003-09-16,18.8650
2003-09-17,18.7250
2003-09-18,18.8500
2003-09-19,18.7800
2003-09-22,18.2500
2003-09-23,18.5450
2003-09-24,17.6700
2003-09-25,17.5050
2003-09-26,17.3000
2003-09-29,17.7000
2003-09-30,17.2000
2003-10-01,17.5500
2003-10-02,17.6750
2003-10-03,18.4600
2003-10-06,18.4600
2003-10-07,18.8250
2003-10-08,18.6850
2003-10-09,18.8450
2003-10-10,19.1750
2003-10-13,19.2700
2003-10-14,19.4400
2003-10-15,19.5800
2003-10-16,19.7900
2003-10-17,19.2700
2003-10-20,19.6250
2003-10-21,20.0300
2003-10-22,19.5650
2003-10-23,19.2400
2003-10-24,19.2750
2003-10-27,19.4950
2003-10-28,20.5600
2003-10-29,20.7450
2003-10-30,20.9250
2003-10-31,20.8250
2003-11-03,21.5650
2003-11-04,21.5850
2003-11-05,21.9750
2003-11-06,22.1050
2003-11-07,21.9950
2003-11-10,21.7200
2003-11-11,21.5500
2003-11-12,22.3250
2003-11-13,21.8950
2003-11-14,21.1550
2003-11-17,20.9500
2003-11-18,20.6000
2003-11-19,20.9800
2003-11-20,20.5500
2003-11-21,20.8600
2003-11-24,21.5550
2003-11-25,21.6250
2003-11-26,21.6700
2003-11-28,21.9000
2003-12-01,22.0350
2003-12-02,21.8750
2003-12-03,21.4750
2003-12-04,21.3500
2003-12-05,20.5750
2003-12-08,20.5650
2003-12-09,19.7000
2003-12-10,19.9500
2003-12-11,20.4750
2003-12-12,20.4550
2003-12-15,19.8150
2003-12-16,19.6650
2003-12-17,19.5200
2003-12-18,20.2500
2003-12-19,20.1050
2003-12-22,20.1200
2003-12-23,20.5100
2003-12-24,20.4600
2003-12-26,20.4600
2003-12-29,20.9000
2003-12-30,20.8650
2003-12-31,20.7450
2004-01-02,20.7000
2004-01-05,21.4500
2004-01-06,21.5750
2004-01-07,21.8300
2004-01-08,22.4100
2004-01-09,22.3750
2004-01-12,22.8700
2004-01-13,22.3000
2004-01-14,22.2500
2004-01-15,22.5600
2004-01-16,22.6600
2004-01-20,22.6050
2004-01-21,22.0750
2004-01-22,21.7350
2004-01-23,21.4700
2004-01-26,21.8750
2004-01-27,21.1750
2004-01-28,21.0000
2004-01-29,20.9050
2004-01-30,20.9800
2004-02-02,20.7050
2004-02-03,20.8850
2004-02-04,20.2900
2004-02-05,20.3500
2004-02-06,21.2500
2004-02-09,21.0450
2004-02-10,21.1150
2004-02-11,21.4750
2004-02-12,21.2050
2004-02-13,20.9200
2004-02-17,21.2600
2004-02-18,21.3600
2004-02-19,20.9400
2004-02-20,20.7750
2004-02-23,20.2250
2004-02-24,20.3350
2004-02-25,20.6800
2004-02-26,20.7700
2004-02-27,20.4500
2004-03-01,20.9250
2004-03-02,20.8750
2004-03-03,20.4900
2004-03-04,20.8300
2004-03-05,20.6250
2004-03-08,19.7850
2004-03-09,19.9200
2004-03-10,19.5150
2004-03-11,19.3800
2004-03-12,19.8100
2004-03-15,19.2850
2004-03-16,19.5000
2004-03-17,19.8100
2004-03-18,19.5200
2004-03-19,18.8150
2004-03-22,18.6850
2004-03-23,18.6250
2004-03-24,18.9800
2004-03-25,19.7650
2004-03-26,19.5900
2004-03-29,19.7550
2004-03-30,19.7750
2004-03-31,19.7500
2004-04-01,20.0650
2004-04-02,20.7050
2004-04-05,20.9600
2004-04-06,20.4900
2004-04-07,20.4400
2004-04-08,20.5250
2004-04-12,20.6700
2004-04-13,20.4150
2004-04-14,20.2500
2004-04-15,19.5850
2004-04-16,19.3300
2004-04-19,19.6350
2004-04-20,18.9150
2004-04-21,19.0900
2004-04-22,19.1150
2004-04-23,19.4050
2004-04-26,18.9600
2004-04-27,18.7300
2004-04-28,18.4400
2004-04-29,17.9600
2004-04-30,17.6500
2004-05-03,17.5800
2004-05-04,17.8900
2004-05-05,17.9500
2004-05-06,18.0000
2004-05-07,18.2250
2004-05-10,18.4050
2004-05-11,18.9000
2004-05-12,18.6450
2004-05-13,18.4400
2004-05-14,18.1950
2004-05-17,17.9900
2004-05-18,18.3050
2004-05-19,18.3750
2004-05-20,18.2800
2004-05-21,18.3450
2004-05-24,18.4500
2004-05-25,18.9400
2004-05-26,19.0250
2004-05-27,19.1250
2004-05-28,19.4600
2004-06-01,19.2250
2004-06-02,18.8450
2004-06-03,18.3750
2004-06-04,18.7500
2004-06-07,19.3350
2004-06-08,19.3550
2004-06-09,18.7850
2004-06-10,18.8550
2004-06-14,18.5000
2004-06-15,18.7500
2004-06-16,18.5200
2004-06-17,17.9700
2004-06-18,17.9400
2004-06-21,17.8600
2004-06-22,18.4000
2004-06-23,18.8000
2004-06-24,18.5350
2004-06-25,18.6250
2004-06-28,18.4350
2004-06-29,18.7700
2004-06-30,18.9150
2004-07-01,18.2050
2004-07-02,17.8200
2004-07-06,17.2900
2004-07-07,17.4350
2004-07-08,17.3600
2004-07-09,17.6850
2004-07-12,17.3350
2004-07-13,17.3400
2004-07-14,16.4200
2004-07-15,16.3400
2004-07-16,16.0000
2004-07-19,16.0900
2004-07-20,16.4500
2004-07-21,15.8850
2004-07-22,16.3800
2004-07-23,15.8850
2004-07-26,15.7750
2004-07-27,15.8350
2004-07-28,15.7000
2004-07-29,16.2300
2004-07-30,16.4500
2004-08-02,16.5750
2004-08-03,15.9350
2004-08-04,16.0450
2004-08-05,15.8600
2004-08-06,15.3250
2004-08-09,15.2700
2004-08-10,15.4300
2004-08-11,14.7950
2004-08-12,14.3900
2004-08-13,14.4750
2004-08-16,14.5550
2004-08-17,14.7400
2004-08-18,15.1800
2004-08-19,15.1200
2004-08-20,15.1450
2004-08-23,15.3000
2004-08-24,14.9400
2004-08-25,15.1150
2004-08-26,14.9500
2004-08-27,15.0800
2004-08-30,14.7900
2004-08-31,14.6650
2004-09-01,14.7750
2004-09-02,15.0000
2004-09-03,14.1500
2004-09-07,13.9950
2004-09-08,14.0200
2004-09-09,14.6800
2004-09-10,15.1800
2004-09-13,15.4550
2004-09-14,15.5350
2004-09-15,15.0700
2004-09-16,15.0400
2004-09-17,15.3650
2004-09-20,15.8400
2004-09-21,15.8800
2004-09-22,15.5250
2004-09-23,15.5500
2004-09-24,15.0850
2004-09-27,14.9000
2004-09-28,14.7500
2004-09-29,15.0500
2004-09-30,15.1200
2004-10-01,15.8450
2004-10-04,15.9500
2004-10-05,15.9550
2004-10-06,16.0000
2004-10-07,15.9350
2004-10-08,15.2950
2004-10-11,15.3400
2004-10-12,15.1000
2004-10-13,15.3700
2004-10-14,14.8750
2004-10-15,14.8800
2004-10-18,14.9600
2004-10-19,15.2000
2004-10-20,15.5250
2004-10-21,15.9550
2004-10-22,15.4800
2004-10-25,15.5650
2004-10-26,15.5200
2004-10-27,16.1050
2004-10-28,16.2000
2004-10-29,16.1750
2004-11-01,16.2850
2004-11-02,16.2400
2004-11-03,16.0750
2004-11-04,16.1950
2004-11-05,16.4400
2004-11-08,16.4600
2004-11-09,16.3700
2004-11-10,15.9350
2004-11-11,16.2300
2004-11-12,16.5200
2004-11-15,16.8150
2004-11-16,16.7650
2004-11-17,17.1500
2004-11-18,17.4000
2004-11-19,16.8850
2004-11-22,16.8750
2004-11-23,16.6350
2004-11-24,16.7550
2004-11-26,16.6250
2004-11-29,16.5150
2004-11-30,16.2450
2004-12-01,16.8650
2004-12-02,16.7500
2004-12-03,17.1350
2004-12-06,17.2250
2004-12-07,16.8650
2004-12-08,16.5150
2004-12-09,16.2900
2004-12-10,16.1950
2004-12-13,16.2900
2004-12-14,16.6750
2004-12-15,16.6700
2004-12-16,16.3900
2004-12-17,16.2300
2004-12-20,16.1050
2004-12-21,16.3750
2004-12-22,16.4300
2004-12-23,16.4900
2004-12-27,16.3400
2004-12-28,16.4000
2004-12-29,16.5750
2004-12-30,16.6150
2004-12-31,16.6850
2005-01-03,16.3550
2005-01-04,15.9500
2005-01-05,15.6750
2005-01-06,15.6000
2005-01-07,15.7400
2005-01-10,15.7100
2005-01-11,15.3800
2005-01-12,15.7150
2005-01-13,15.4600
2005-01-14,15.6750
2005-01-18,15.7500
2005-01-19,15.3800
2005-01-20,15.3250
2005-01-21,15.1100
2005-01-24,14.8450
2005-01-25,15.1150
2005-01-26,15.4800
2005-01-27,15.5800
2005-01-28,15.5400
2005-01-31,15.6050
2005-02-01,15.8500
2005-02-02,15.7550
2005-02-03,15.6250
2005-02-04,16.3600
2005-02-07,16.3250
2005-02-08,16.5950
2005-02-09,16.2650
2005-02-10,16.3900
2005-02-11,16.9650
2005-02-14,16.9600
2005-02-15,17.0500
2005-02-16,16.8800
2005-02-17,16.6250
2005-02-18,16.6750
2005-02-22,16.6500
2005-02-23,16.5300
2005-02-24,16.8800
2005-02-25,17.2200
2005-02-28,16.9950
2005-03-01,17.3950
2005-03-02,17.1500
2005-03-03,16.9650
2005-03-04,17.0050
2005-03-07,17.3150
2005-03-08,16.9900
2005-03-09,17.0300
2005-03-10,17.2250
2005-03-11,16.7750
2005-03-14,16.8150
2005-03-15,16.5350
2005-03-16,16.3450
2005-03-17,16.3600
2005-03-18,16.2200
2005-03-21,16.2400
2005-03-22,16.0200
2005-03-23,16.2550
2005-03-24,16.3250
2005-03-28,16.2800
2005-03-29,16.0850
2005-03-30,16.4450
2005-03-31,16.2650
2005-04-01,16.0400
2005-04-04,16.0300
2005-04-05,16.0450
2005-04-06,16.0550
2005-04-07,16.3350
2005-04-08,16.2450
2005-04-11,16.1050
2005-04-12,16.0400
2005-04-13,15.7000
2005-04-14,15.4500
2005-04-15,14.9550
2005-04-18,15.1450
2005-04-19,15.4750
2005-04-20,15.2100
2005-04-21,15.6450
2005-04-22,15.3250
2005-04-25,15.4150
2005-04-26,15.3850
2005-04-27,15.4700
2005-04-28,15.3900
2005-04-29,15.4100
2005-05-02,15.4750
2005-05-03,15.5150
2005-05-04,15.8200
2005-05-05,15.9000
2005-05-06,16.0100
2005-05-09,16.1250
2005-05-10,15.9450
2005-05-11,15.9950
2005-05-12,16.0200
2005-05-13,16.4150
2005-05-16,16.4800
2005-05-17,16.6250
2005-05-18,16.7450
2005-05-19,16.7500
2005-05-20,16.9200
2005-05-23,16.8850
2005-05-24,17.1500
2005-05-25,17.0650
2005-05-26,17.3650
2005-05-27,17.2650
2005-05-31,17.2000
2005-06-01,17.3050
2005-06-02,17.5550
2005-06-03,17.4100
2005-06-06,17.3400
2005-06-07,17.1150
2005-06-08,17.2850
2005-06-09,17.6500
2005-06-10,17.3000
2005-06-13,17.2700
2005-06-14,17.0900
2005-06-15,17.1250
2005-06-16,17.2250
2005-06-17,17.2200
2005-06-20,17.1450
2005-06-21,17.2500
2005-06-22,17.3700
2005-06-23,17.3100
2005-06-24,17.0500
2005-06-27,16.8100
2005-06-28,17.0350
2005-06-29,16.9250
2005-06-30,16.8350
2005-07-01,16.8950
2005-07-05,17.1750
2005-07-06,17.2650
2005-07-07,17.4750
2005-07-08,17.7650
2005-07-11,18.2000
2005-07-12,18.2350
2005-07-13,18.2600
2005-07-14,18.4450
2005-07-15,18.4900
2005-07-18,18.4500
2005-07-19,18.7500
2005-07-20,18.8550
2005-07-21,18.5550
2005-07-22,18.6100
2005-07-25,18.4900
2005-07-26,18.8650
2005-07-27,18.6450
2005-07-28,18.6850
2005-07-29,18.6800
2005-08-01,18.6250
2005-08-02,19.1500
2005-08-03,18.9700
2005-08-04,18.5800
2005-08-05,18.4500
2005-08-08,18.3450
2005-08-09,18.5200
2005-08-10,18.4000
2005-08-11,18.5100
2005-08-12,18.1700
2005-08-15,18.3500
2005-08-16,18.0850
2005-08-17,18.2900
2005-08-18,18.1300
2005-08-19,18.1200
2005-08-22,18.3850
2005-08-23,18.2950
2005-08-24,18.1850
2005-08-25,18.2650
2005-08-26,18.1450
2005-08-29,18.3950
2005-08-30,18.3250
2005-08-31,18.4900
2005-09-01,18.2850
2005-09-02,18.2300
2005-09-06,18.5000
2005-09-07,18.4850
2005-09-08,18.7850
2005-09-09,18.6750
2005-09-12,18.5950
2005-09-13,18.7000
2005-09-14,18.5750
2005-09-15,18.4500
2005-09-16,18.4450
2005-09-19,18.2700
2005-09-20,18.1350
2005-09-21,17.8800
2005-09-22,17.9650
2005-09-23,18.1000
2005-09-26,18.0900
2005-09-27,17.8000
2005-09-28,17.8450
2005-09-29,18.1600
2005-09-30,18.4700
2005-10-03,18.5500
2005-10-04,18.2550
2005-10-05,17.9600
2005-10-06,17.6400
2005-10-07,17.7250
2005-10-10,17.2700
2005-10-11,17.0550
2005-10-12,17.0600
2005-10-13,17.3600
2005-10-14,17.2300
2005-10-17,17.2400
2005-10-18,17.1900
2005-10-19,17.1450
2005-10-20,17.1800
2005-10-21,17.3650
2005-10-24,17.4750
2005-10-25,17.0900
2005-10-26,16.9900
2005-10-27,16.6900
2005-10-28,16.6550
2005-10-31,16.7750
2005-11-01,16.6550
2005-11-02,17.1550
2005-11-03,17.5550
2005-11-04,17.6450
2005-11-07,17.7200
2005-11-08,17.7250
2005-11-09,17.8550
2005-11-10,18.0800
2005-11-11,17.9900
2005-11-14,18.1650
2005-11-15,18.0100
2005-11-16,17.9750
2005-11-17,18.0550
2005-11-18,18.2400
2005-11-21,18.1600
2005-11-22,18.5000
2005-11-23,18.5800
2005-11-25,18.7300
2005-11-28,18.6150
2005-11-29,18.5500
2005-11-30,18.6950
2005-12-01,19.3900
2005-12-02,19.4650
2005-12-05,19.1350
2005-12-06,19.2200
2005-12-07,19.1200
2005-12-08,18.7100
2005-12-09,18.9700
2005-12-12,19.2000
2005-12-13,19.2750
2005-12-14,19.1750
2005-12-15,19.1600
2005-12-16,19.0200
2005-12-19,18.5600
2005-12-20,18.6400
2005-12-21,18.6150
2005-12-22,18.8500
2005-12-23,18.9100
2005-12-27,18.6450
2005-12-28,18.7150
2005-12-29,18.4600
2005-12-30,18.3200
2006-01-03,18.9600
2006-01-04,19.1000
2006-01-05,19.4800
2006-01-06,19.8250
2006-01-09,19.9300
2006-01-10,19.9000
2006-01-11,20.1000
2006-01-12,20.0200
2006-01-13,19.7350
2006-01-17,19.4150
2006-01-18,18.9800
2006-01-19,19.3800
2006-01-20,18.7000
2006-01-23,18.6700
2006-01-24,18.6700
2006-01-25,18.6150
2006-01-26,19.0500
2006-01-27,19.1150
2006-01-30,19.1700
2006-01-31,18.6500
2006-02-01,19.1000
2006-02-02,18.7900
2006-02-03,18.5500
2006-02-06,18.8900
2006-02-07,19.0250
2006-02-08,19.3000
2006-02-09,19.2450
2006-02-10,19.0550
2006-02-13,18.8750
2006-02-14,19.1250
2006-02-15,19.1000
2006-02-16,19.3500
2006-02-17,18.9450
2006-02-21,18.6200
2006-02-22,18.7750
2006-02-23,18.5000
2006-02-24,18.4750
2006-02-27,18.6200
2006-02-28,18.5100
2006-03-01,19.2650
2006-03-02,19.2500
2006-03-03,18.9700
2006-03-06,18.7250
2006-03-07,18.3600
2006-03-08,18.2450
2006-03-09,17.9600
2006-03-10,17.9650
2006-03-13,17.9500
2006-03-14,18.2600
2006-03-15,18.4200
2006-03-16,17.8100
2006-03-17,17.7750
2006-03-20,17.7900
2006-03-21,17.8550
2006-03-22,17.9200
2006-03-23,17.9150
2006-03-24,18.1000
2006-03-27,18.1600
2006-03-28,17.8050
2006-03-29,18.3400
2006-03-30,18.3700
2006-03-31,18.1600
2006-04-03,18.2650
2006-04-04,18.1900
2006-04-05,18.6800
2006-04-06,18.8450
2006-04-07,18.4450
2006-04-10,18.3000
2006-04-11,18.2400
2006-04-12,18.3100
2006-04-13,18.4000
2006-04-17,18.0750
2006-04-18,18.6900
2006-04-19,18.9350
2006-04-20,19.1250
2006-04-21,18.7100
2006-04-24,18.5800
2006-04-25,18.7400
2006-04-26,18.6650
2006-04-27,19.0000
2006-04-28,18.8250
2006-05-01,18.5800
2006-05-02,18.6300
2006-05-03,18.7550
2006-05-04,18.8750
2006-05-05,19.0300
2006-05-08,19.0150
2006-05-09,18.8300
2006-05-10,18.4000
2006-05-11,18.1000
2006-05-12,17.9700
2006-05-15,17.8500
2006-05-16,17.8350
2006-05-17,17.5050
2006-05-18,17.3450
2006-05-19,17.5900
2006-05-22,17.1150
2006-05-23,16.8000
2006-05-24,17.0000
2006-05-25,17.0000
2006-05-26,17.1000
2006-05-30,16.8150
2006-05-31,17.0150
2006-06-01,17.3100
2006-06-02,17.3000
2006-06-05,16.8150
2006-06-06,16.8200
2006-06-07,16.4550
2006-06-08,16.3750
2006-06-09,16.2850
2006-06-12,15.9450
2006-06-13,15.9150
2006-06-14,16.1300
2006-06-15,16.6500
2006-06-16,16.5000
2006-06-19,16.4100
2006-06-20,16.3650
2006-06-21,16.6400
2006-06-22,16.4300
2006-06-23,16.2250
2006-06-26,16.3600
2006-06-27,16.0450
2006-06-28,16.0900
2006-06-29,16.5350
2006-06-30,16.4550
2006-07-03,16.6700
2006-07-05,16.2100
2006-07-06,16.1600
2006-07-07,15.9000
2006-07-10,15.5450
2006-07-11,16.0050
2006-07-12,15.5750
2006-07-13,15.3350
2006-07-14,15.3600
2006-07-17,15.2850
2006-07-18,15.3650
2006-07-19,15.5000
2006-07-20,15.0400
2006-07-21,14.5900
2006-07-24,14.8800
2006-07-25,15.1400
2006-07-26,15.2000
2006-07-27,15.2800
2006-07-28,15.7100
2006-07-31,15.7600
2006-08-01,15.3300
2006-08-02,15.5450
2006-08-03,15.6800
2006-08-04,15.6400
2006-08-07,15.5500
2006-08-08,15.5150
2006-08-09,15.5250
2006-08-10,15.8700
2006-08-11,15.3150
2006-08-14,15.5950
2006-08-15,15.9800
2006-08-16,16.4750
2006-08-17,16.4900
2006-08-18,16.5750
2006-08-21,16.3000
2006-08-22,16.2350
2006-08-23,16.2000
2006-08-24,16.3600
2006-08-25,16.3850
2006-08-28,16.6200
2006-08-29,16.9500
2006-08-30,17.1750
2006-08-31,17.0450
2006-09-01,16.9200
2006-09-05,17.0700
2006-09-06,16.5350
2006-09-07,16.4050
2006-09-08,16.6550
2006-09-11,16.8150
2006-09-12,17.2850
2006-09-13,17.2200
2006-09-14,17.2050
2006-09-15,17.1750
2006-09-18,17.3250
2006-09-19,16.9950
2006-09-20,17.1600
2006-09-21,16.7200
2006-09-22,16.6750
2006-09-25,17.1100
2006-09-26,17.1900
2006-09-27,17.0800
2006-09-28,17.3250
2006-09-29,17.1450
2006-10-02,17.0500
2006-10-03,16.9250
2006-10-04,17.2250
2006-10-05,17.0950
2006-10-06,16.9850
2006-10-09,17.1550
2006-10-10,17.0900
2006-10-11,17.3150
2006-10-12,17.6300
2006-10-13,17.7500
2006-10-16,17.8600
2006-10-17,17.4500
2006-10-18,17.0300
2006-10-19,16.9350
2006-10-20,16.8100
2006-10-23,16.9250
2006-10-24,16.6750
2006-10-25,17.0200
2006-10-26,17.1950
2006-10-27,16.7750
2006-10-30,16.8850
2006-10-31,17.0000
2006-11-01,16.6400
2006-11-02,16.5250
2006-11-03,16.4800
2006-11-06,16.7950
2006-11-07,16.9750
2006-11-08,16.9300
2006-11-09,16.6000
2006-11-10,16.7950
2006-11-13,17.1100
2006-11-14,17.6350
2006-11-15,17.7400
2006-11-16,17.7250
2006-11-17,17.6400
2006-11-20,17.8100
2006-11-21,17.5250
2006-11-22,17.7400
2006-11-24,17.6700
2006-11-27,17.3200
2006-11-28,17.2300
2006-11-29,17.1300
2006-11-30,17.2750
2006-12-01,17.0100
2006-12-04,17.3250
2006-12-05,17.4000
2006-12-06,17.4000
2006-12-07,17.1900
2006-12-08,17.0950
2006-12-11,17.0350
2006-12-12,16.9650
2006-12-13,16.8250
2006-12-14,17.0800
2006-12-15,17.1300
2006-12-18,17.1050
2006-12-19,16.8550
2006-12-20,16.9550
2006-12-21,16.7550
2006-12-22,16.6450
2006-12-26,16.7550
2006-12-27,16.8800
2006-12-28,16.8800
2006-12-29,16.8250
2007-01-03,16.7850
2007-01-04,17.0950
2007-01-05,16.9250
2007-01-08,17.0300
2007-01-09,17.1650
2007-01-10,17.3750
2007-01-11,17.4900
2007-01-12,17.5450
2007-01-16,17.3600
2007-01-17,17.2200
2007-01-18,16.5800
2007-01-19,16.7000
2007-01-22,16.5850
2007-01-23,16.5650
2007-01-24,16.7950
2007-01-25,16.7750
2007-01-26,16.9100
2007-01-29,16.8750
2007-01-30,16.8950
2007-01-31,16.9150
2007-02-01,17.0500
2007-02-02,17.1600
2007-02-05,17.2250
2007-02-06,17.1100
2007-02-07,17.2500
2007-02-08,17.1800
2007-02-09,16.9700
2007-02-12,16.7950
2007-02-13,16.8650
2007-02-14,17.2350
2007-02-15,17.2500
2007-02-16,17.2300
2007-02-20,17.2550
2007-02-21,17.2400
2007-02-22,17.7000
2007-02-23,17.7800
2007-02-26,17.7550
2007-02-27,17.2250
2007-02-28,17.2150
2007-03-01,17.0600
2007-03-02,16.8300
2007-03-05,16.6750
2007-03-06,16.9450
2007-03-07,16.8850
2007-03-08,17.0150
2007-03-09,17.3050
2007-03-12,17.3700
2007-03-13,17.1700
2007-03-14,17.1350
2007-03-15,17.1700
2007-03-16,17.0450
2007-03-19,16.9700
2007-03-20,17.0800
2007-03-21,17.3000
2007-03-22,17.1750
2007-03-23,17.1800
2007-03-26,17.1300
2007-03-27,17.1200
2007-03-28,16.8800
2007-03-29,16.7900
2007-03-30,16.6950
2007-04-02,16.7250
2007-04-03,16.7850
2007-04-04,17.0200
2007-04-05,17.1200
2007-04-09,17.1450
2007-04-10,17.4150
2007-04-11,17.2350
2007-04-12,17.3200
2007-04-13,17.2350
2007-04-16,17.3450
2007-04-17,17.3100
2007-04-18,17.7900
2007-04-19,18.0100
2007-04-20,18.1150
2007-04-23,17.9850
2007-04-24,18.5700
2007-04-25,18.8500
2007-04-26,18.7600
2007-04-27,18.5350
2007-04-30,18.3050
2007-05-01,18.4350
2007-05-02,18.5550
2007-05-03,18.5350
2007-05-04,18.7600
2007-05-07,18.7350
2007-05-08,18.6450
2007-05-09,19.0500
2007-05-10,18.7600
2007-05-11,18.9900
2007-05-14,19.0300
2007-05-15,18.7800
2007-05-16,18.7250
2007-05-17,18.5500
2007-05-18,18.5750
2007-05-21,18.5500
2007-05-22,18.6450
2007-05-23,18.3100
2007-05-24,18.0350
2007-05-25,18.1300
2007-05-29,18.2100
2007-05-30,18.0850
2007-05-31,18.3550
2007-06-01,18.4900
2007-06-04,18.4450
2007-06-05,18.3150
2007-06-06,18.1000
2007-06-07,17.8450
2007-06-08,18.3600
2007-06-11,18.2950
2007-06-12,18.1550
2007-06-13,18.5500
2007-06-14,18.7250
2007-06-15,19.1000
2007-06-18,19.1250
2007-06-19,19.0050
2007-06-20,18.8900
2007-06-21,19.4250
2007-06-22,19.1400
2007-06-25,18.9200
2007-06-26,18.8750
2007-06-27,19.2950
2007-06-28,19.1700
2007-06-29,19.0250
2007-07-02,19.3000
2007-07-03,19.3800
2007-07-05,19.4450
2007-07-06,19.6150
2007-07-09,19.7050
2007-07-10,19.5600
2007-07-11,19.5250
2007-07-12,20.1100
2007-07-13,20.0950
2007-07-16,20.1500
2007-07-17,20.5250
2007-07-18,20.1500
2007-07-19,20.2100
2007-07-20,19.9400
2007-07-23,19.9250
2007-07-24,19.5150
2007-07-25,19.5700
2007-07-26,19.2100
2007-07-27,18.8650
2007-07-30,19.1500
2007-07-31,18.8850
2007-08-01,18.9600
2007-08-02,18.9550
2007-08-03,18.5450
2007-08-06,18.7500
2007-08-07,18.7200
2007-08-08,19.1000
2007-08-09,18.8000
2007-08-10,18.8500
2007-08-13,18.7300
2007-08-14,18.4900
2007-08-15,18.0500
2007-08-16,18.0000
2007-08-17,18.2750
2007-08-20,18.5000
2007-08-21,18.5800
2007-08-22,18.6650
2007-08-23,18.6150
2007-08-24,18.8400
2007-08-27,18.6150
2007-08-28,18.1500
2007-08-29,18.6750
2007-08-30,18.7000
2007-08-31,18.9450
2007-09-04,19.4400
2007-09-05,19.1900
2007-09-06,19.3600
2007-09-07,18.9050
2007-09-10,18.8950
2007-09-11,19.1150
2007-09-12,18.7900
2007-09-13,18.7150
2007-09-14,18.5700
2007-09-17,18.5250
2007-09-18,18.8850
2007-09-19,19.0750
2007-09-20,19.1450
2007-09-21,19.2900
2007-09-24,19.1850
2007-09-25,19.1500
2007-09-26,19.0900
2007-09-27,19.1800
2007-09-28,19.1500
2007-10-01,19.4650
2007-10-02,19.4800
2007-10-03,19.0800
2007-10-04,18.9850
2007-10-05,19.2250
2007-10-08,19.2500
2007-10-09,19.1750
2007-10-10,19.0450
2007-10-11,18.7050
2007-10-12,18.1700
2007-10-15,18.1500
2007-10-16,18.0800
2007-10-17,18.4000
2007-10-18,18.3600
2007-10-19,17.8150
2007-10-22,18.0000
2007-10-23,17.7150
2007-10-24,17.2250
2007-10-25,16.9250
2007-10-26,16.8950
2007-10-29,17.0750
2007-10-30,17.1100
2007-10-31,17.3100
2007-11-01,17.0350
2007-11-02,17.1250
2007-11-05,17.0250
2007-11-06,17.2050
2007-11-07,16.8250
2007-11-08,16.5250
2007-11-09,16.4700
2007-11-12,16.3100
2007-11-13,16.6000
2007-11-14,16.4550
2007-11-15,16.3500
2007-11-16,16.3950
2007-11-19,16.1100
2007-11-20,16.0250
2007-11-21,15.7150
2007-11-23,15.8950
2007-11-26,15.5500
2007-11-27,15.7900
2007-11-28,16.5000
2007-11-29,16.3250
2007-11-30,16.1600
2007-12-03,16.1550
2007-12-04,16.0800
2007-12-05,16.5350
2007-12-06,16.7700
2007-12-07,16.7100
2007-12-10,16.8450
2007-12-11,16.5250
2007-12-12,16.7600
2007-12-13,16.5850
2007-12-14,16.3350
2007-12-17,16.0800
2007-12-18,16.1500
2007-12-19,16.1800
2007-12-20,16.4100
2007-12-21,16.5600
2007-12-24,16.6950
2007-12-26,16.6700
2007-12-27,16.3700
2007-12-28,16.3150
2007-12-31,16.2300
2008-01-02,15.6800
2008-01-03,15.4050
2008-01-04,14.6250
2008-01-07,14.7050
2008-01-08,14.4350
2008-01-09,14.4600
2008-01-10,14.4100
2008-01-11,14.1000
2008-01-14,14.5800
2008-01-15,14.2150
2008-01-16,13.9550
2008-01-17,13.7650
2008-01-18,13.9550
2008-01-22,13.7050
2008-01-23,14.1950
2008-01-24,14.4450
2008-01-25,14.0100
2008-01-28,14.3300
2008-01-29,14.2750
2008-01-30,14.4050
2008-01-31,14.0750
2008-02-01,15.1200
2008-02-04,14.7500
2008-02-05,14.2100
2008-02-06,13.9500
2008-02-07,14.0050
2008-02-08,14.0750
2008-02-11,14.3500
2008-02-12,14.3500
2008-02-13,14.8100
2008-02-14,14.4700
2008-02-15,14.2900
2008-02-19,14.1450
2008-02-20,14.4250
2008-02-21,14.4050
2008-02-22,14.3950
2008-02-25,14.4950
2008-02-26,14.7600
2008-02-27,14.9350
2008-02-28,14.7250
2008-02-29,14.2750
2008-03-03,14.2000
2008-03-04,14.3150
2008-03-05,14.4750
2008-03-06,14.2200
2008-03-07,14.3150
2008-03-10,14.3450
2008-03-11,14.6350
2008-03-12,14.5550
2008-03-13,14.6550
2008-03-14,14.3400
2008-03-17,14.3650
2008-03-18,14.8650
2008-03-19,14.3550
2008-03-20,14.5450
2008-03-24,14.9000
2008-03-25,14.9300
2008-03-26,14.7050
2008-03-27,14.4500
2008-03-28,14.2650
2008-03-31,14.3600
2008-04-01,14.8650
2008-04-02,14.9850
2008-04-03,15.2900
2008-04-04,15.2200
2008-04-07,15.1450
2008-04-08,14.7300
2008-04-09,14.9000
2008-04-10,15.2450
2008-04-11,14.7750
2008-04-14,14.4500
2008-04-15,14.4300
2008-04-16,15.0250
2008-04-17,15.0500
2008-04-18,15.2000
2008-04-21,15.4700
2008-04-22,15.0250
2008-04-23,15.3000
2008-04-24,15.4500
2008-04-25,15.4800
2008-04-28,15.4600
2008-04-29,15.5050
2008-04-30,15.2850
2008-05-01,15.8150
2008-05-02,15.8950
2008-05-05,15.7850
2008-05-06,15.9000
2008-05-07,15.8150
2008-05-08,15.8800
2008-05-09,15.8700
2008-05-12,16.0400
2008-05-13,16.0600
2008-05-14,16.2400
2008-05-15,16.5750
2008-05-16,16.6400
2008-05-19,16.6500
2008-05-20,16.3400
2008-05-21,16.1450
2008-05-22,16.1500
2008-05-23,16.0400
2008-05-27,16.2900
2008-05-28,16.3400
2008-05-29,16.3350
2008-05-30,16.3250
2008-06-02,16.2750
2008-06-03,16.1000
2008-06-04,16.4000
2008-06-05,16.4500
2008-06-06,16.0550
2008-06-09,16.0250
2008-06-10,15.8000
2008-06-11,15.3500
2008-06-12,15.3750
2008-06-13,15.8850
2008-06-16,16.0000
2008-06-17,15.8500
2008-06-18,15.5450
2008-06-19,15.8400
2008-06-20,15.5500
2008-06-23,15.3250
2008-06-24,15.4150
2008-06-25,15.6400
2008-06-26,15.0000
2008-06-27,14.9450
2008-06-30,14.8250
2008-07-01,14.7000
2008-07-02,14.4400
2008-07-03,14.3500
2008-07-07,14.3250
2008-07-08,14.4500
2008-07-09,13.8750
2008-07-10,14.1250
2008-07-11,14.0950
2008-07-14,14.0000
2008-07-15,14.1700
2008-07-16,14.4750
2008-07-17,14.9000
2008-07-18,14.8600
2008-07-21,14.7150
2008-07-22,14.0500
2008-07-23,14.1700
2008-07-24,13.7500
2008-07-25,13.7550
2008-07-28,13.6100
2008-07-29,13.8500
2008-07-30,13.9500
2008-07-31,13.9550
2008-08-01,13.9300
2008-08-04,14.0400
2008-08-05,14.3500
2008-08-06,14.4000
2008-08-07,14.6750
2008-08-08,14.9900
2008-08-11,15.1600
2008-08-12,15.2000
2008-08-13,15.2000
2008-08-14,15.2250
2008-08-15,15.2000
2008-08-18,15.0250
2008-08-19,14.6750
2008-08-20,14.5250
2008-08-21,14.3900
2008-08-22,14.5750
2008-08-25,14.3900
2008-08-26,14.3400
2008-08-27,14.4000
2008-08-28,14.5800
2008-08-29,14.2500
2008-09-02,14.0750
2008-09-03,13.5150
2008-09-04,13.0750
2008-09-05,13.2500
2008-09-08,13.2750
2008-09-09,12.8650
2008-09-10,12.8750
2008-09-11,12.9300
2008-09-12,12.8750
2008-09-15,12.6300
2008-09-16,12.8250
2008-09-17,12.2550
2008-09-18,12.9250
2008-09-19,13.2500
2008-09-22,12.4900
2008-09-23,12.4250
2008-09-24,12.3750
2008-09-25,12.7000
2008-09-26,12.9250
2008-09-29,11.7250
2008-09-30,12.3500
2008-10-01,12.1250
2008-10-02,11.5500
2008-10-03,11.4500
2008-10-06,11.2200
2008-10-07,10.4750
2008-10-08,10.5400
2008-10-09,10.2600
2008-10-10,10.1500
2008-10-13,11.1250
2008-10-14,10.2500
2008-10-15,9.5500
2008-10-16,9.9900
2008-10-17,9.8250
2008-10-20,10.1000
2008-10-21,9.6750
2008-10-22,9.2250
2008-10-23,9.1750
2008-10-24,9.1750
2008-10-27,9.1400
2008-10-28,10.1100
2008-10-29,9.6450
2008-10-30,10.1900
2008-10-31,10.3750
2008-11-03,10.1000
2008-11-04,10.5250
2008-11-05,9.8850
2008-11-06,8.9750
2008-11-07,9.4250
2008-11-10,9.0500
2008-11-11,8.9500
2008-11-12,8.5750
2008-11-13,9.3750
2008-11-14,8.5500
2008-11-17,8.3750
2008-11-18,8.2250
2008-11-19,7.6400
2008-11-20,7.3500
2008-11-21,7.6250
2008-11-24,8.2250
2008-11-25,7.9950
2008-11-26,8.4750
2008-11-28,8.3150
2008-12-01,7.7650
2008-12-02,7.9000
2008-12-03,8.2500
2008-12-04,7.9050
2008-12-05,8.1050
2008-12-08,8.3550
2008-12-09,8.7150
2008-12-10,8.6750
2008-12-11,8.5500
2008-12-12,9.1000
2008-12-15,8.7650
2008-12-16,9.3000
2008-12-17,9.2250
2008-12-18,8.6400
2008-12-19,8.7950
2008-12-22,8.5950
2008-12-23,8.2950
2008-12-24,8.4300
2008-12-26,8.3550
2008-12-29,8.4250
2008-12-30,8.7550
2008-12-31,8.8050
2009-01-02,9.1900
2009-01-05,9.1400
2009-01-06,9.5800
2009-01-07,9.0350
2009-01-08,9.0300
2009-01-09,8.7600
2009-01-12,8.5300
2009-01-13,8.6100
2009-01-14,8.2350
2009-01-15,8.4200
2009-01-16,8.8050
2009-01-20,8.2150
2009-01-21,8.4050
2009-01-22,8.1800
2009-01-23,8.5350
2009-01-26,8.5700
2009-01-27,8.8900
2009-01-28,9.0800
2009-01-29,8.6100
2009-01-30,8.4600
2009-02-02,8.7050
2009-02-03,8.7800
2009-02-04,8.9350
2009-02-05,9.2600
2009-02-06,9.4450
2009-02-09,9.4800
2009-02-10,9.0500
2009-02-11,8.9150
2009-02-12,8.9700
2009-02-13,9.0550
2009-02-17,8.4650
2009-02-18,8.4700
2009-02-19,8.0650
2009-02-20,8.1500
2009-02-23,7.8300
2009-02-24,8.2050
2009-02-25,8.4900
2009-02-26,8.3600
2009-02-27,8.2350
2009-03-02,7.8700
2009-03-03,7.9650
2009-03-04,8.3050
2009-03-05,8.2050
2009-03-06,8.0600
2009-03-09,7.9550
2009-03-10,8.6200
2009-03-11,8.7550
2009-03-12,9.0500
2009-03-13,9.1850
2009-03-16,8.8850
2009-03-17,9.2350
2009-03-18,9.5100
2009-03-19,9.4000
2009-03-20,9.0700
2009-03-23,9.6350
2009-03-24,9.3900
2009-03-25,9.4100
2009-03-26,9.9100
2009-03-27,9.6850
2009-03-30,9.2550
2009-03-31,9.3500
2009-04-01,9.3700
2009-04-02,9.7500
2009-04-03,10.0000
2009-04-06,9.7950
2009-04-07,9.4900
2009-04-08,9.6200
2009-04-09,10.0600
2009-04-13,10.0250
2009-04-14,10.0650
2009-04-15,9.8600
2009-04-16,10.2400
2009-04-17,10.2150
2009-04-20,9.7450
2009-04-21,9.7600
2009-04-22,10.0750
2009-04-23,9.9850
2009-04-24,10.1250
2009-04-27,9.9350
2009-04-28,9.8150
2009-04-29,9.9500
2009-04-30,10.2350
2009-05-01,10.1950
2009-05-04,10.6850
2009-05-05,10.4750
2009-05-06,10.5800
2009-05-07,10.0700
2009-05-08,9.8650
2009-05-11,9.9000
2009-05-12,9.6950
2009-05-13,9.5250
2009-05-14,9.7700
2009-05-15,9.5900
2009-05-18,9.8500
2009-05-19,10.0250
2009-05-20,10.1500
2009-05-21,9.9050
2009-05-22,9.9850
2009-05-26,10.2500
2009-05-27,10.3150
2009-05-28,10.5450
2009-05-29,10.5500
2009-06-01,11.0850
2009-06-02,10.7400
2009-06-03,10.6750
2009-06-04,10.8050
2009-06-05,10.5550
2009-06-08,10.6000
2009-06-09,11.0100
2009-06-10,11.0000
2009-06-11,10.9950
2009-06-12,10.8150
2009-06-15,10.7250
2009-06-16,10.5200
2009-06-17,10.7400
2009-06-18,10.5300
2009-06-19,10.6950
2009-06-22,10.3750
2009-06-23,10.3000
2009-06-24,10.5100
2009-06-25,10.6600
2009-06-26,10.6800
2009-06-29,10.6850
2009-06-30,10.7250
2009-07-01,10.8800
2009-07-02,10.7850
2009-07-06,10.7150
2009-07-07,10.4400
2009-07-08,10.2700
2009-07-09,10.4300
2009-07-10,10.4850
2009-07-13,10.7250
2009-07-14,10.9150
2009-07-15,11.4500
2009-07-16,11.7000
2009-07-17,11.8350
2009-07-20,11.9850
2009-07-21,11.9050
2009-07-22,12.1900
2009-07-23,12.3950
2009-07-24,12.4000
2009-07-27,12.4000
2009-07-28,12.5050
2009-07-29,12.4150
2009-07-30,12.4050
2009-07-31,12.4750
2009-08-03,12.6350
2009-08-04,12.6300
2009-08-05,12.5100
2009-08-06,12.3450
2009-08-07,12.3150
2009-08-10,12.2350
2009-08-11,12.1200
2009-08-12,12.2250
2009-08-13,12.5100
2009-08-14,12.2750
2009-08-17,11.9800
2009-08-18,12.1600
2009-08-19,12.2750
2009-08-20,12.2900
2009-08-21,12.5150
2009-08-24,12.4100
2009-08-25,12.4550
2009-08-26,12.5850
2009-08-27,12.6000
2009-08-28,12.8450
2009-08-31,12.7250
2009-09-01,12.4200
2009-09-02,12.3600
2009-09-03,12.4650
2009-09-04,12.7650
2009-09-08,12.9550
2009-09-09,13.0650
2009-09-10,13.0750
2009-09-11,12.8750
2009-09-14,12.8700
2009-09-15,12.9500
2009-09-16,12.9000
2009-09-17,12.6600
2009-09-18,12.7850
2009-09-21,12.7300
2009-09-22,12.8250
2009-09-23,12.9650
2009-09-24,12.7250
2009-09-25,12.6950
2009-09-28,12.9500
2009-09-29,12.7600
2009-09-30,12.8100
2009-10-01,12.3000
2009-10-02,12.2100
2009-10-05,12.3450
2009-10-06,12.6250
2009-10-07,12.6000
2009-10-08,12.5450
2009-10-09,12.9450
2009-10-12,13.1400
2009-10-13,13.0950
2009-10-14,13.2850
2009-10-15,13.0850
2009-10-16,12.8300
2009-10-19,13.0500
2009-10-20,12.9800
2009-10-21,12.7250
2009-10-22,12.9600
2009-10-23,12.6300
2009-10-26,12.6900
2009-10-27,12.5000
2009-10-28,12.1700
2009-10-29,12.4200
2009-10-30,12.0950
2009-11-02,12.0850
2009-11-03,11.9500
2009-11-04,12.0000
2009-11-05,12.2850
2009-11-06,12.2550
2009-11-09,12.6350
2009-11-10,12.7400
2009-11-11,12.8950
2009-11-12,12.7900
2009-11-13,12.8450
2009-11-16,13.1650
2009-11-17,13.1600
2009-11-18,13.0350
2009-11-19,12.6000
2009-11-20,12.5400
2009-11-23,12.6750
2009-11-24,12.7600
2009-11-25,12.8250
2009-11-27,12.7000
2009-11-30,12.7300
2009-12-01,13.1000
2009-12-02,13.2000
2009-12-03,13.3800
2009-12-04,13.5650
2009-12-07,13.5550
2009-12-08,13.4650
2009-12-09,13.5150
2009-12-10,13.4750
2009-12-11,13.3750
2009-12-14,13.5550
2009-12-15,13.4300
2009-12-16,13.5200
2009-12-17,13.2900
2009-12-18,13.5350
2009-12-21,13.8100
2009-12-22,13.8400
2009-12-23,13.8250
2009-12-24,14.0350
2009-12-28,13.8950
2009-12-29,13.8350
2009-12-30,14.0750
2009-12-31,13.9600
2010-01-04,14.2050
2010-01-05,14.1250
2010-01-06,14.0900
2010-01-07,13.9800
2010-01-08,14.2600
2010-01-11,14.2100
2010-01-12,13.7050
2010-01-13,13.8800
2010-01-14,13.9000
2010-01-15,13.4650
2010-01-19,13.6600
2010-01-20,13.5850
2010-01-21,13.5050
2010-01-22,12.8350
2010-01-25,13.0100
2010-01-26,12.9000
2010-01-27,13.0850
2010-01-28,12.7700
2010-01-29,12.3800
2010-02-01,12.6500
2010-02-02,12.7950
2010-02-03,12.7500
2010-02-04,12.2550
2010-02-05,12.5550
2010-02-08,12.5050
2010-02-09,12.6350
2010-02-10,12.6700
2010-02-11,12.8950
2010-02-12,13.0300
2010-02-16,13.3200
2010-02-17,13.3300
2010-02-18,13.4050
2010-02-19,13.4200
2010-02-22,13.3800
2010-02-23,13.0550
2010-02-24,13.2850
2010-02-25,13.2650
2010-02-26,13.1900
2010-03-01,13.5100
2010-03-02,13.4400
2010-03-03,13.3450
2010-03-04,13.3650
2010-03-05,13.5150
2010-03-08,13.4700
2010-03-09,13.4000
2010-03-10,13.6800
2010-03-11,13.5500
2010-03-12,13.5050
2010-03-15,13.4150
2010-03-16,13.8300
2010-03-17,14.0250
2010-03-18,13.9250
2010-03-19,13.7450
2010-03-22,13.9950
2010-03-23,14.3050
2010-03-24,13.9800
2010-03-25,13.9550
2010-03-26,13.9000
2010-03-29,13.9750
2010-03-30,14.0200
2010-03-31,13.9350
2010-04-01,13.9600
2010-04-05,14.2900
2010-04-06,14.1750
2010-04-07,14.2500
2010-04-08,14.0350
2010-04-09,14.1900
2010-04-12,14.3750
2010-04-13,14.4900
2010-04-14,15.0800
2010-04-15,15.2250
2010-04-16,15.0200
2010-04-19,14.9550
2010-04-20,15.1200
2010-04-21,14.9200
2010-04-22,15.1200
2010-04-23,15.1650
2010-04-26,15.2000
2010-04-27,14.7400
2010-04-28,14.8050
2010-04-29,15.0250
2010-04-30,14.4950
2010-05-03,14.8000
2010-05-04,14.2750
2010-05-05,14.1800
2010-05-06,13.6950
2010-05-07,13.5000
2010-05-10,14.1950
2010-05-11,14.1050
2010-05-12,14.5200
2010-05-13,14.0800
2010-05-14,13.7250
2010-05-17,13.9550
2010-05-18,13.5750
2010-05-19,13.6850
2010-05-20,13.3400
2010-05-21,13.4700
2010-05-24,13.2700
2010-05-25,13.4200
2010-05-26,13.3250
2010-05-27,13.9350
2010-05-28,13.7100
2010-06-01,13.4800
2010-06-02,13.8800
2010-06-03,14.0550
2010-06-04,13.4900
2010-06-07,13.0600
2010-06-08,13.0950
2010-06-09,12.9700
2010-06-10,13.4050
2010-06-11,13.5400
2010-06-14,13.6000
2010-06-15,14.2250
2010-06-16,14.2650
2010-06-17,14.2750
2010-06-18,14.2300
2010-06-21,14.1000
2010-06-22,13.9050
2010-06-23,13.9350
2010-06-24,13.6150
2010-06-25,13.5850
2010-06-28,13.6850
2010-06-29,13.1800
2010-06-30,12.9600
2010-07-01,12.9100
2010-07-02,12.8400
2010-07-06,12.8900
2010-07-07,13.5100
2010-07-08,13.4750
2010-07-09,13.6500
2010-07-12,13.7950
2010-07-13,14.0950
2010-07-14,14.0500
2010-07-15,14.0600
2010-07-16,13.7250
2010-07-19,14.0800
2010-07-20,13.9950
2010-07-21,13.7400
2010-07-22,14.1700
2010-07-23,14.2200
2010-07-26,14.3350
2010-07-27,14.2800
2010-07-28,14.0400
2010-07-29,13.8200
2010-07-30,13.6950
2010-08-02,13.9400
2010-08-03,13.7500
2010-08-04,13.8650
2010-08-05,13.8850
2010-08-06,13.8750
2010-08-09,13.9350
2010-08-10,13.5950
2010-08-11,13.2550
2010-08-12,13.0150
2010-08-13,12.8500
2010-08-16,12.9750
2010-08-17,13.1300
2010-08-18,13.2700
2010-08-19,13.0050
2010-08-20,12.9900
2010-08-23,12.8700
2010-08-24,12.6650
2010-08-25,12.7300
2010-08-26,12.4750
2010-08-27,12.6550
2010-08-30,12.3150
2010-08-31,12.1350
2010-09-01,12.5050
2010-09-02,12.7300
2010-09-03,12.9300
2010-09-07,12.6550
2010-09-08,12.6300
2010-09-09,12.7050
2010-09-10,12.5500
2010-09-13,12.9450
2010-09-14,13.1400
2010-09-15,13.1050
2010-09-16,13.2750
2010-09-17,13.3150
2010-09-20,13.3800
2010-09-21,13.3600
2010-09-22,13.1450
2010-09-23,13.2650
2010-09-24,13.7700
2010-09-27,13.6650
2010-09-28,13.9300
2010-09-29,13.8800
2010-09-30,13.8550
2010-10-01,13.8550
2010-10-04,13.6900
2010-10-05,14.0500
2010-10-06,13.9400
2010-10-07,14.0100
2010-10-08,14.1650
2010-10-11,14.2450
2010-10-12,14.3350
2010-10-13,14.1350
2010-10-14,14.1050
2010-10-15,14.2250
2010-10-18,14.1400
2010-10-19,13.9700
2010-10-20,14.0950
2010-10-21,14.0700
2010-10-22,14.2500
2010-10-25,14.3650
2010-10-26,14.3400
2010-10-27,14.6550
2010-10-28,14.6900
2010-10-29,14.7550
2010-11-01,14.7850
2010-11-02,14.8450
2010-11-03,14.9950
2010-11-04,15.3700
2010-11-05,15.5950
2010-11-08,15.5800
2010-11-09,15.4350
2010-11-10,15.4350
2010-11-11,15.2650
2010-11-12,15.2600
2010-11-15,15.1600
2010-11-16,15.0000
2010-11-17,15.0500
2010-11-18,15.2750
2010-11-19,15.4200
2010-11-22,15.6100
2010-11-23,15.5100
2010-11-24,15.8400
2010-11-26,15.7450
2010-11-29,15.7200
2010-11-30,15.5300
2010-12-01,15.9350
2010-12-02,16.2200
2010-12-03,16.3250
2010-12-06,16.3050
2010-12-07,16.3300
2010-12-08,16.4850
2010-12-09,16.5000
2010-12-10,16.4300
2010-12-13,16.2900
2010-12-14,16.2950
2010-12-15,16.1650
2010-12-16,16.2600
2010-12-17,16.3250
2010-12-20,16.1900
2010-12-21,16.3250
2010-12-22,16.2550
2010-12-23,16.2500
2010-12-27,16.3050
2010-12-28,16.2200
2010-12-29,16.2850
2010-12-30,16.3000
2010-12-31,16.2650
2011-01-03,16.3450
2011-01-04,16.3550
2011-01-05,16.3250
2011-01-06,16.4450
2011-01-07,16.4150
2011-01-10,16.4600
2011-01-11,16.5850
2011-01-12,16.7600
2011-01-13,16.7650
2011-01-14,17.2050
2011-01-18,17.2950
2011-01-19,17.0700
2011-01-20,16.9350
2011-01-21,16.8700
2011-01-24,17.2250
2011-01-25,17.1250
2011-01-26,17.2300
2011-01-27,17.5650
2011-01-28,17.2000
2011-01-31,17.2050
2011-02-01,17.6400
2011-02-02,17.6800
2011-02-03,17.6200
2011-02-04,17.9050
2011-02-07,17.8400
2011-02-08,17.8250
2011-02-09,17.7900
2011-02-10,17.8800
2011-02-11,18.0000
2011-02-14,18.0950
2011-02-15,18.0100
2011-02-16,18.1450
2011-02-17,18.2950
2011-02-18,18.2800
2011-02-22,17.7500
2011-02-23,17.4900
2011-02-24,17.6300
2011-02-25,18.0100
2011-02-28,17.8900
2011-03-01,17.6000
2011-03-02,17.9750
2011-03-03,18.3450
2011-03-04,18.2100
2011-03-07,17.7000
2011-03-08,17.7150
2011-03-09,17.1900
2011-03-10,16.8700
2011-03-11,16.9750
2011-03-14,16.9450
2011-03-15,16.6750
2011-03-16,16.2750
2011-03-17,16.4900
2011-03-18,16.5250
2011-03-21,16.8500
2011-03-22,16.7550
2011-03-23,16.9600
2011-03-24,17.2700
2011-03-25,17.2850
2011-03-28,17.2350
2011-03-29,17.3700
2011-03-30,17.3750
2011-03-31,17.2950
2011-04-01,17.0400
2011-04-04,16.9100
2011-04-05,17.3100
2011-04-06,17.5300
2011-04-07,17.5050
2011-04-08,17.4400
2011-04-11,17.3150
2011-04-12,16.9750
2011-04-13,17.0200
2011-04-14,17.0350
2011-04-15,17.1800
2011-04-18,16.9500
2011-04-19,17.0250
2011-04-20,17.8250
2011-04-21,17.8850
2011-04-25,17.9500
2011-04-26,18.2550
2011-04-27,18.3750
2011-04-28,18.2950
2011-04-29,18.3450
2011-05-02,18.1450
2011-05-03,18.0600
2011-05-04,18.1200
2011-05-05,18.1900
2011-05-06,18.2700
2011-05-09,18.1700
2011-05-10,18.2550
2011-05-11,18.1900
2011-05-12,18.3750
2011-05-13,18.2400
2011-05-16,18.0650
2011-05-17,17.8300
2011-05-18,18.2200
2011-05-19,18.0650
2011-05-20,17.9500
2011-05-23,17.6000
2011-05-24,17.4700
2011-05-25,17.5750
2011-05-26,17.6100
2011-05-27,17.6650
2011-05-31,17.9450
2011-06-01,17.3850
2011-06-02,17.4400
2011-06-03,17.0800
2011-06-06,17.0200
2011-06-07,17.1350
2011-06-08,16.7750
2011-06-09,16.8250
2011-06-10,16.5550
2011-06-13,16.4250
2011-06-14,16.7200
2011-06-15,16.4200
2011-06-16,16.2600
2011-06-17,16.1600
2011-06-20,16.2150
2011-06-21,16.5700
2011-06-22,16.4650
2011-06-23,16.7000
2011-06-24,16.3300
2011-06-27,16.5000
2011-06-28,16.6300
2011-06-29,16.6000
2011-06-30,17.0400
2011-07-01,17.3850
2011-07-05,17.2050
2011-07-06,17.1900
2011-07-07,17.5850
2011-07-08,17.3250
2011-07-11,17.0800
2011-07-12,16.5500
2011-07-13,16.4400
2011-07-14,16.2300
2011-07-15,16.2900
2011-07-18,16.1450
2011-07-19,16.6100
2011-07-20,16.4900
2011-07-21,16.6150
2011-07-22,16.8950
2011-07-25,16.7350
2011-07-26,16.7900
2011-07-27,16.2400
2011-07-28,16.1500
2011-07-29,16.0300
2011-08-01,16.0350
2011-08-02,15.5900
2011-08-03,15.7400
2011-08-04,14.8850
2011-08-05,14.7000
2011-08-08,14.1400
2011-08-09,14.5900
2011-08-10,14.2400
2011-08-11,14.7750
2011-08-12,14.7400
2011-08-15,14.9700
2011-08-16,14.7250
2011-08-17,14.6800
2011-08-18,13.9550
2011-08-19,13.6750
2011-08-22,13.8300
2011-08-23,14.3650
2011-08-24,14.3150
2011-08-25,13.9500
2011-08-26,14.2350
2011-08-29,14.6850
2011-08-30,14.6650
2011-08-31,14.5800
2011-09-01,14.3750
2011-09-02,14.0350
2011-09-06,13.9850
2011-09-07,14.4200
2011-09-08,14.3450
2011-09-09,14.2600
2011-09-12,14.5650
2011-09-13,14.8150
2011-09-14,15.1600
2011-09-15,15.3800
2011-09-16,15.4650
2011-09-19,15.3550
2011-09-20,15.2350
2011-09-21,14.9550
2011-09-22,14.5600
2011-09-23,14.8600
2011-09-26,14.9000
2011-09-27,15.2100
2011-09-28,14.8050
2011-09-29,14.6900
2011-09-30,14.2200
2011-10-03,13.8400
2011-10-04,13.5850
2011-10-05,14.0100
2011-10-06,14.1900
2011-10-07,14.3000
2011-10-10,14.7050
2011-10-11,14.7100
2011-10-12,14.8350
2011-10-13,15.1600
2011-10-14,15.3050
2011-10-17,15.0000
2011-10-18,15.2500
2011-10-19,15.1200
2011-10-20,14.9150
2011-10-21,15.3250
2011-10-24,15.8100
2011-10-25,15.6550
2011-10-26,15.7200
2011-10-27,16.2550
2011-10-28,16.2700
2011-10-31,15.8700
2011-11-01,15.4150
2011-11-02,15.4050
2011-11-03,15.8300
2011-11-04,15.9600
2011-11-07,15.9700
2011-11-08,16.0750
2011-11-09,15.3750
2011-11-10,15.5150
2011-11-11,16.0050
2011-11-14,15.8500
2011-11-15,16.0700
2011-11-16,15.9650
2011-11-17,15.4050
2011-11-18,15.2400
2011-11-21,14.8800
2011-11-22,14.6550
2011-11-23,14.2350
2011-11-25,14.1250
2011-11-28,14.5550
2011-11-29,14.5250
2011-11-30,15.3350
2011-12-01,15.4000
2011-12-02,15.3000
2011-12-05,15.5250
2011-12-06,15.5500
2011-12-07,15.6750
2011-12-08,15.2500
2011-12-09,15.4350
2011-12-12,14.9500
2011-12-13,14.6850
2011-12-14,14.4300
2011-12-15,14.5600
2011-12-16,14.5600
2011-12-19,14.4450
2011-12-20,15.0150
2011-12-21,14.8400
2011-12-22,15.2150
2011-12-23,15.3250
2011-12-27,15.3250
2011-12-28,15.1400
2011-12-29,15.2750
2011-12-30,15.2150
2012-01-03,15.4250
2012-01-04,15.4350
2012-01-05,15.6250
2012-01-06,15.6050
2012-01-09,15.8600
2012-01-10,15.9750
2012-01-11,15.9550
2012-01-12,16.0950
2012-01-13,15.7950
2012-01-17,15.8150
2012-01-18,16.4450
2012-01-19,16.7150
2012-01-20,16.8350
2012-01-23,16.8350
2012-01-24,16.9000
2012-01-25,16.9500
2012-01-26,16.8650
2012-01-27,16.8800
2012-01-30,16.7650
2012-01-31,16.7600
2012-02-01,17.0350
2012-02-02,17.0400
2012-02-03,17.3100
2012-02-06,17.1300
2012-02-07,17.1800
2012-02-08,17.3350
2012-02-09,17.3950
2012-02-10,17.0850
2012-02-13,17.1450
2012-02-14,17.2000
2012-02-15,17.2450
2012-02-16,17.5950
2012-02-17,17.5650
2012-02-21,17.3600
2012-02-22,17.2600
2012-02-23,17.2200
2012-02-24,17.2000
2012-02-27,17.2700
2012-02-28,17.5200
2012-02-29,17.2500
2012-03-01,17.2500
2012-03-02,17.1150
2012-03-05,16.7500
2012-03-06,16.6900
2012-03-07,16.9200
2012-03-08,17.0750
2012-03-09,17.2100
2012-03-12,17.0550
2012-03-13,17.4500
2012-03-14,17.3550
2012-03-15,17.6450
2012-03-16,17.6400
2012-03-19,17.8200
2012-03-20,17.7100
2012-03-21,17.7950
2012-03-22,17.6950
2012-03-23,17.7150
2012-03-26,17.9900
2012-03-27,17.9800
2012-03-28,17.7650
2012-03-29,17.8000
2012-03-30,17.9000
2012-04-02,17.9550
2012-04-03,17.7050
2012-04-04,17.3900
2012-04-05,17.4750
2012-04-09,17.2150
2012-04-10,16.9400
2012-04-11,17.2000
2012-04-12,17.5100
2012-04-13,17.2700
2012-04-16,17.3350
2012-04-17,17.5450
2012-04-18,17.4300
2012-04-19,17.3200
2012-04-20,17.0200
2012-04-23,16.7800
2012-04-24,16.5850
2012-04-25,16.9350
2012-04-26,17.3200
2012-04-27,17.4100
2012-04-30,17.2950
2012-05-01,17.3700
2012-05-02,17.4650
2012-05-03,17.0700
2012-05-04,16.6800
2012-05-07,16.6500
2012-05-08,16.4700
2012-05-09,16.4050
2012-05-10,16.4350
2012-05-11,16.5250
2012-05-14,16.2900
2012-05-15,16.1550
2012-05-16,16.0100
2012-05-17,15.7100
2012-05-18,15.4350
2012-05-21,15.7600
2012-05-22,15.6750
2012-05-23,15.6100
2012-05-24,15.5100
2012-05-25,15.6150
2012-05-29,15.8950
2012-05-30,15.6600
2012-05-31,15.5350
2012-06-01,14.9550
2012-06-04,14.9450
2012-06-05,15.2350
2012-06-06,15.6950
2012-06-07,15.5650
2012-06-08,15.7300
2012-06-11,15.4700
2012-06-12,15.8250
2012-06-13,15.7050
2012-06-14,15.6550
2012-06-15,15.9050
2012-06-18,16.0600
2012-06-19,16.2200
2012-06-20,16.3400
2012-06-21,15.7900
2012-06-22,15.9550
2012-06-25,15.4100
2012-06-26,15.4100
2012-06-27,15.6100
2012-06-28,15.5050
2012-06-29,16.1150
2012-07-02,16.0950
2012-07-03,16.2750
2012-07-05,16.1150
2012-07-06,15.7400
2012-07-09,15.5700
2012-07-10,15.3600
2012-07-11,15.2500
2012-07-12,15.0250
2012-07-13,15.2100
2012-07-16,15.0550
2012-07-17,15.0300
2012-07-18,15.5600
2012-07-19,15.6900
2012-07-20,15.4300
2012-07-23,15.2700
2012-07-24,15.1600
2012-07-25,15.4800
2012-07-26,15.7950
2012-07-27,16.1750
2012-07-30,16.0550
2012-07-31,16.1200
2012-08-01,16.1200
2012-08-02,16.0000
2012-08-03,16.4200
2012-08-06,16.4150
2012-08-07,16.6350
2012-08-08,16.7050
2012-08-09,16.8300
2012-08-10,16.9500
2012-08-13,16.8200
2012-08-14,16.7200
2012-08-15,16.7500
2012-08-16,16.9500
2012-08-17,16.8100
2012-08-20,16.7700
2012-08-21,16.8000
2012-08-22,16.6550
2012-08-23,16.4800
2012-08-24,16.5300
2012-08-27,16.4500
2012-08-28,16.4250
2012-08-29,16.4550
2012-08-30,16.2200
2012-08-31,16.4850
2012-09-04,16.2300
2012-09-05,16.1150
2012-09-06,16.6300
2012-09-07,16.4700
2012-09-10,16.2050
2012-09-11,16.2850
2012-09-12,16.2850
2012-09-13,16.4100
2012-09-14,16.6600
2012-09-17,16.4950
2012-09-18,16.4800
2012-09-19,16.3150
2012-09-20,16.1300
2012-09-21,16.1450
2012-09-24,15.9200
2012-09-25,15.6550
2012-09-26,15.6050
2012-09-27,15.9450
2012-09-28,15.8200
2012-10-01,15.8150
2012-10-02,15.8900
2012-10-03,15.8350
2012-10-04,15.9200
2012-10-05,15.9800
2012-10-08,15.7700
2012-10-09,15.5200
2012-10-10,15.3000
2012-10-11,15.3000
2012-10-12,15.2500
2012-10-15,15.4200
2012-10-16,15.7500
2012-10-17,15.6450
2012-10-18,15.6050
2012-10-19,15.2450
2012-10-22,15.3200
2012-10-23,15.4150
2012-10-24,15.2650
2012-10-25,15.4200
2012-10-26,15.6050
2012-10-31,15.5450
2012-11-01,16.0150
2012-11-02,15.6900
2012-11-05,15.9650
2012-11-06,16.1600
2012-11-07,15.7500
2012-11-08,15.6300
2012-11-09,15.6700
2012-11-12,15.6950
2012-11-13,15.5400
2012-11-14,15.3250
2012-11-15,15.2350
2012-11-16,15.2550
2012-11-19,15.5200
2012-11-20,15.3750
2012-11-21,15.4000
2012-11-23,15.7200
2012-11-26,15.7500
2012-11-27,15.7950
2012-11-28,16.0100
2012-11-29,15.9850
2012-11-30,16.0200
2012-12-03,15.9450
2012-12-04,16.0050
2012-12-05,15.9800
2012-12-06,16.1600
2012-12-07,16.2100
2012-12-10,16.2400
2012-12-11,16.5400
2012-12-12,16.5050
2012-12-13,16.3350
2012-12-14,16.2700
2012-12-17,16.3400
2012-12-18,16.5600
2012-12-19,16.6550
2012-12-20,16.6450
2012-12-21,16.4750
2012-12-24,16.0700
2012-12-26,15.9900
2012-12-27,15.9700
2012-12-28,15.8600
2012-12-31,16.1650
2013-01-02,16.8050
2013-01-03,16.7200
2013-01-04,16.6200
2013-01-07,16.5750
2013-01-08,16.4100
2013-01-09,16.2150
2013-01-10,16.8650
2013-01-11,16.9450
2013-01-14,16.8700
2013-01-15,16.6950
2013-01-16,16.8800
2013-01-17,17.2900
2013-01-18,17.0850
2013-01-22,17.0500
2013-01-23,17.1150
2013-01-24,16.9850
2013-01-25,17.1300
2013-01-28,17.1650
2013-01-29,17.1950
2013-01-30,17.2250
2013-01-31,17.1500
2013-02-01,17.4900
2013-02-04,17.2750
2013-02-05,17.5400
2013-02-06,17.5000
2013-02-07,17.4050
2013-02-08,17.6350
2013-02-11,17.6650
2013-02-12,17.7350
2013-02-13,17.7350
2013-02-14,17.8900
2013-02-15,17.7400
2013-02-19,17.9850
2013-02-20,17.6050
2013-02-21,17.2750
2013-02-22,17.5500
2013-02-25,17.1900
2013-02-26,17.3100
2013-02-27,17.5800
2013-02-28,17.5600
2013-03-01,17.5600
2013-03-04,17.5350
2013-03-05,17.8150
2013-03-06,17.8200
2013-03-07,17.8150
2013-03-08,17.7500
2013-03-11,17.8050
2013-03-12,17.8150
2013-03-13,17.8650
2013-03-14,18.0050
2013-03-15,17.6950
2013-03-18,17.4800
2013-03-19,17.4450
2013-03-20,17.5600
2013-03-21,17.3150
2013-03-22,17.4500
2013-03-25,17.4250
2013-03-26,17.6250
2013-03-27,17.6600
2013-03-28,17.7650
2013-04-01,17.4850
2013-04-02,17.3450
2013-04-03,17.0200
2013-04-04,17.1300
2013-04-05,17.1150
2013-04-08,17.2100
2013-04-09,17.3750
2013-04-10,17.7500
2013-04-11,17.7400
2013-04-12,17.6750
2013-04-15,17.2900
2013-04-16,17.5850
2013-04-17,17.2150
2013-04-18,17.2550
2013-04-19,17.4550
2013-04-22,17.5950
2013-04-23,17.9750
2013-04-24,18.1600
2013-04-25,18.3050
2013-04-26,18.1350
2013-04-29,18.3450
2013-04-30,18.5250
2013-05-01,18.4500
2013-05-02,18.6850
2013-05-03,18.8300
2013-05-06,18.9200
2013-05-07,18.9600
2013-05-08,19.1900
2013-05-09,19.2500
2013-05-10,19.3800
2013-05-13,19.1450
2013-05-14,19.1750
2013-05-15,19.3400
2013-05-16,19.1700
2013-05-17,19.3850
2013-05-20,19.3250
2013-05-21,19.2800
2013-05-22,19.0050
2013-05-23,18.9650
2013-05-24,18.9600
2013-05-28,19.1300
2013-05-29,19.2000
2013-05-30,19.3850
2013-05-31,19.1450
2013-06-03,19.2950
2013-06-04,19.3850
2013-06-05,19.0300
2013-06-06,18.9750
2013-06-07,19.1550
2013-06-10,19.2600
2013-06-11,18.9050
2013-06-12,18.6800
2013-06-13,19.0100
2013-06-14,18.9400
2013-06-17,19.1000
2013-06-18,19.3750
2013-06-19,19.1050
2013-06-20,18.5200
2013-06-21,18.5000
2013-06-24,18.1600
2013-06-25,18.5400
2013-06-26,18.6500
2013-06-27,18.7500
2013-06-28,18.8450
2013-07-01,18.7950
2013-07-02,18.7900
2013-07-03,18.9100
2013-07-05,19.1650
2013-07-08,18.7550
2013-07-09,18.9050
2013-07-10,19.0500
2013-07-11,19.5550
2013-07-12,19.6250
2013-07-15,19.6300
2013-07-16,19.7500
2013-07-17,19.7800
2013-07-18,19.3650
2013-07-19,19.2900
2013-07-22,19.2550
2013-07-23,19.2700
2013-07-24,19.0350
2013-07-25,19.1700
2013-07-26,19.0600
2013-07-29,19.0000
2013-07-30,19.1900
2013-07-31,19.2800
2013-08-01,19.5200
2013-08-02,19.4150
2013-08-05,19.4050
2013-08-06,19.2800
2013-08-07,19.1050
2013-08-08,19.1100
2013-08-09,19.0600
2013-08-12,19.0950
2013-08-13,19.3000
2013-08-14,19.1100
2013-08-15,18.6900
2013-08-16,18.7100
2013-08-19,18.6850
2013-08-20,18.7750
2013-08-21,18.6200
2013-08-22,18.7350
2013-08-23,18.7950
2013-08-26,18.7600
2013-08-27,18.3850
2013-08-28,18.5250
2013-08-29,18.6800
2013-08-30,18.5700
2013-09-03,18.7500
2013-09-04,19.1250
2013-09-05,19.2700
2013-09-06,19.1950
2013-09-09,19.4400
2013-09-10,19.7900
2013-09-11,19.7300
2013-09-12,19.6850
2013-09-13,19.8050
2013-09-16,19.9050
2013-09-17,20.0650
2013-09-18,20.2450
2013-09-19,20.2400
2013-09-20,20.1050
2013-09-23,20.0600
2013-09-24,20.1850
2013-09-25,20.1450
2013-09-26,20.1400
2013-09-27,19.9600
2013-09-30,19.9400
2013-10-01,20.1350
2013-10-02,20.1200
2013-10-03,20.0700
2013-10-04,20.1850
2013-10-07,20.1100
2013-10-08,19.7950
2013-10-09,19.7300
2013-10-10,20.1800
2013-10-11,20.2450
2013-10-14,20.3750
2013-10-15,20.2500
2013-10-16,20.4250
2013-10-17,20.5300
2013-10-18,20.6150
2013-10-21,20.6900
2013-10-22,20.6650
2013-10-23,20.0300
2013-10-24,20.1250
2013-10-25,20.2100
2013-10-28,20.3050
2013-10-29,20.6150
2013-10-30,20.4950
2013-10-31,20.5850
2013-11-01,20.4700
2013-11-04,20.4250
2013-11-05,20.3800
2013-11-06,20.4800
2013-11-07,20.1600
2013-11-08,20.3000
2013-11-11,20.2600
2013-11-12,20.3650
2013-11-13,20.5050
2013-11-14,20.3800
2013-11-15,20.5200
2013-11-18,20.3950
2013-11-19,20.2250
2013-11-20,20.1600
2013-11-21,20.4700
2013-11-22,20.3750
2013-11-25,20.3800
2013-11-26,20.4700
2013-11-27,20.5750
2013-11-29,20.5900
2013-12-02,20.5100
2013-12-03,20.5850
2013-12-04,20.5150
2013-12-05,20.5800
2013-12-06,20.8200
2013-12-09,20.9150
2013-12-10,20.8350
2013-12-11,20.6950
2013-12-12,20.4700
2013-12-13,20.4350
2013-12-16,20.5500
2013-12-17,20.7200
2013-12-18,20.9250
2013-12-19,20.8700
2013-12-20,21.0250
2013-12-23,20.8750
2013-12-24,20.9300
2013-12-26,21.0150
2013-12-27,21.0150
2013-12-30,21.1200
2013-12-31,21.2150
2014-01-02,20.9950
2014-01-03,20.9300
2014-01-06,20.7950
2014-01-07,20.8650
2014-01-08,21.0900
2014-01-09,20.9050
2014-01-10,20.9900
2014-01-13,20.7800
2014-01-14,21.3350
2014-01-15,21.4750
2014-01-16,21.4050
2014-01-17,21.1450
2014-01-21,21.2400
2014-01-22,21.4800
2014-01-23,21.2050
2014-01-24,20.8050
2014-01-27,20.6200
2014-01-28,20.7150
2014-01-29,20.5850
2014-01-30,20.7550
2014-01-31,20.5850
2014-02-03,20.2300
2014-02-04,20.1550
2014-02-05,20.1500
2014-02-06,20.4500
2014-02-07,20.7250
2014-02-10,20.8400
2014-02-11,21.0950
2014-02-12,21.2100
2014-02-13,21.4350
2014-02-14,21.5950
2014-02-18,21.6400
2014-02-19,21.5900
2014-02-20,21.7350
2014-02-21,21.6150
2014-02-24,21.7450
2014-02-25,21.6250
2014-02-26,21.8000
2014-02-27,21.8100
2014-02-28,21.8250
2014-03-03,21.6850
2014-03-04,21.9700
2014-03-05,21.9950
2014-03-06,22.2300
2014-03-07,22.2300
2014-03-10,22.2300
2014-03-11,22.0700
2014-03-12,22.3150
2014-03-13,22.0100
2014-03-14,21.8300
2014-03-17,22.0700
2014-03-18,22.3300
2014-03-19,22.3050
2014-03-20,22.6800
2014-03-21,22.4450
2014-03-24,22.3700
2014-03-25,22.6100
2014-03-26,22.3800
2014-03-27,22.2550
2014-03-28,22.4200
2014-03-31,22.8050
2014-04-01,23.1450
2014-04-02,23.0300
2014-04-03,23.0900
2014-04-04,22.5200
2014-04-07,22.3950
2014-04-08,22.7150
2014-04-09,22.9850
2014-04-10,22.2950
2014-04-11,21.9750
2014-04-14,22.1700
2014-04-15,22.3250
2014-04-16,22.2750
2014-04-17,22.5500
2014-04-21,22.6750
2014-04-22,22.8350
2014-04-23,22.7600
2014-04-24,22.9300
2014-04-25,22.2050
2014-04-28,22.1450
2014-04-29,22.2400
2014-04-30,22.3350
2014-05-01,22.1700
2014-05-02,22.2050
2014-05-05,22.2100
2014-05-06,22.1750
2014-05-07,22.2600
2014-05-08,22.4050
2014-05-09,22.3050
2014-05-12,22.6750
2014-05-13,22.5100
2014-05-14,22.3250
2014-05-15,22.1050
2014-05-16,22.2800
2014-05-19,22.4750
2014-05-20,22.3650
2014-05-21,22.4950
2014-05-22,22.5750
2014-05-23,22.7500
2014-05-27,23.0750
2014-05-28,23.1100
2014-05-29,23.1150
2014-05-30,23.1700
2014-06-02,23.3000
2014-06-03,23.5900
2014-06-04,23.6650
2014-06-05,23.7600
2014-06-06,23.8850
2014-06-09,23.9350
2014-06-10,24.0550
2014-06-11,24.0950
2014-06-12,24.0400
2014-06-13,24.4300
2014-06-16,24.5300
2014-06-17,24.6350
2014-06-18,24.5900
2014-06-19,24.6800
2014-06-20,24.6800
2014-06-23,24.6000
2014-06-24,24.4400
2014-06-25,24.6050
2014-06-26,24.4850
2014-06-27,24.5650
2014-06-30,24.7450
2014-07-01,25.1450
2014-07-02,25.2200
2014-07-03,25.4650
2014-07-07,25.2750
2014-07-08,25.1500
2014-07-09,25.2300
2014-07-10,25.2450
2014-07-11,25.1900
2014-07-14,25.3400
2014-07-15,25.2800
2014-07-16,25.5600
2014-07-17,24.9300
2014-07-18,25.2250
2014-07-21,25.3250
2014-07-22,25.5650
2014-07-23,25.0350
2014-07-24,25.0100
2014-07-25,24.5400
2014-07-28,24.5300
2014-07-29,24.5200
2014-07-30,24.8500
2014-07-31,24.3800
2014-08-01,24.4650
2014-08-04,24.5700
2014-08-05,24.1650
2014-08-06,24.3000
2014-08-07,24.0300
2014-08-08,24.2150
2014-08-11,24.4650
2014-08-12,24.4450
2014-08-13,24.7450
2014-08-14,24.8300
2014-08-15,25.0350
2014-08-18,25.1450
2014-08-19,25.3050
2014-08-20,25.4450
2014-08-21,25.5550
2014-08-22,25.5900
2014-08-25,25.4950
2014-08-26,25.5000
2014-08-27,25.5500
2014-08-28,25.6400
2014-08-29,25.8400
2014-09-02,25.8350
2014-09-03,25.9100
2014-09-04,25.9650
2014-09-05,26.0900
2014-09-08,26.1100
2014-09-09,25.9150
2014-09-10,25.9100
2014-09-11,25.9500
2014-09-12,25.6000
2014-09-15,25.3800
2014-09-16,25.7550
2014-09-17,25.9250
2014-09-18,26.2750
2014-09-19,25.9650
2014-09-22,25.6750
2014-09-23,25.5600
2014-09-24,25.8600
2014-09-25,25.4150
2014-09-26,25.6500
2014-09-29,25.6900
2014-09-30,25.5450
2014-10-01,24.9850
2014-10-02,24.8650
2014-10-03,25.0650
2014-10-06,24.9500
2014-10-07,24.4650
2014-10-08,24.9850
2014-10-09,24.4000
2014-10-10,22.7850
2014-10-13,22.4600
2014-10-14,22.9400
2014-10-15,22.9350
2014-10-16,23.2100
2014-10-17,23.4550
2014-10-20,23.6800
2014-10-21,24.4100
2014-10-22,24.1200
2014-10-23,24.4300
2014-10-24,24.6350
2014-10-27,25.0500
2014-10-28,25.1150
2014-10-29,25.1300
2014-10-30,24.7250
2014-10-31,25.7100
2014-11-03,25.8550
2014-11-04,25.8450
2014-11-05,26.0200
2014-11-06,25.9900
2014-11-07,25.7900
2014-11-10,25.9850
2014-11-11,25.9100
2014-11-12,25.8550
2014-11-13,25.9250
2014-11-14,26.1500
2014-11-17,26.0200
2014-11-18,26.3550
2014-11-19,26.3100
2014-11-20,26.7050
2014-11-21,26.8600
2014-11-24,27.0650
2014-11-25,27.0450
2014-11-26,27.5900
2014-11-28,27.7750
2014-12-01,27.4550
2014-12-02,27.5200
2014-12-03,27.9900
2014-12-04,28.0300
2014-12-05,28.2650
2014-12-08,27.8800
2014-12-09,27.8300
2014-12-10,27.4000
2014-12-11,27.5150
2014-12-12,27.1050
2014-12-15,26.8700
2014-12-16,26.6450
2014-12-17,27.1750
2014-12-18,27.6500
2014-12-19,27.5500
2014-12-22,27.6850
2014-12-23,27.6250
2014-12-24,27.6950
2014-12-26,27.6700
2014-12-29,27.5950
2014-12-30,27.4200
2014-12-31,27.3100
2015-01-02,27.2450
2015-01-05,26.7600
2015-01-06,26.1300
2015-01-07,26.4700
2015-01-08,27.1300
2015-01-09,27.0500
2015-01-12,26.7050
2015-01-13,26.5550
2015-01-14,26.4550
2015-01-15,26.6000
2015-01-16,26.8150
2015-01-20,27.0800
2015-01-21,27.4300
2015-01-22,27.6750
2015-01-23,27.5550
2015-01-26,27.5600
2015-01-27,27.0100
2015-01-28,26.7800
2015-01-29,26.9300
2015-01-30,26.3650
2015-02-02,26.4150
2015-02-03,26.7900
2015-02-04,26.9800
2015-02-05,27.2500
2015-02-06,26.9600
2015-02-09,26.6050
2015-02-10,27.4800
2015-02-11,27.6400
2015-02-12,28.0300
2015-02-13,28.1950
2015-02-17,28.3150
2015-02-18,28.2200
2015-02-19,28.2350
2015-02-20,28.3650
2015-02-23,28.1600
2015-02-24,28.7400
2015-02-25,28.5450
2015-02-26,28.6500
2015-02-27,28.4850
2015-03-02,29.2350
2015-03-03,28.7550
2015-03-04,28.7100
2015-03-05,28.7000
2015-03-06,28.3400
2015-03-09,28.2400
2015-03-10,27.6650
2015-03-11,27.8700
2015-03-12,27.7150
2015-03-13,27.9450
2015-03-16,28.3150
2015-03-17,28.1250
2015-03-18,28.3850
2015-03-19,28.4200
2015-03-20,28.8700
2015-03-23,28.6150
2015-03-24,28.3550
2015-03-25,27.0300
2015-03-26,26.8350
2015-03-27,27.6950
2015-03-30,27.9300
2015-03-31,27.6500
2015-04-01,27.3800
2015-04-02,27.4550
2015-04-06,27.5250
2015-04-07,27.5400
2015-04-08,27.6750
2015-04-09,27.9500
2015-04-10,28.1150
2015-04-13,27.9200
2015-04-14,27.6650
2015-04-15,28.1800
2015-04-16,28.0550
2015-04-17,27.6950
2015-04-20,27.9250
2015-04-21,28.1050
2015-04-22,28.6150
2015-04-23,28.3200
2015-04-24,28.0200
2015-04-27,28.2450
2015-04-28,28.2250
2015-04-29,28.0200
2015-04-30,27.7300
2015-05-01,28.5200
2015-05-04,28.3650
2015-05-05,27.8250
2015-05-06,27.8200
2015-05-07,28.0200
2015-05-08,28.2850
2015-05-11,28.2750
2015-05-12,28.0600
2015-05-13,28.2000
2015-05-14,28.4900
2015-05-15,28.5300
2015-05-18,28.7800
2015-05-19,28.7300
2015-05-20,28.8150
2015-05-21,28.8700
2015-05-22,28.8950
2015-05-26,28.6650
2015-05-27,29.7350
2015-05-28,29.7750
2015-05-29,29.9050
2015-06-01,29.8000
2015-06-02,29.3750
2015-06-03,29.1700
2015-06-04,28.8250
2015-06-05,28.7400
2015-06-08,28.2250
2015-06-09,28.2550
2015-06-10,28.6850
2015-06-11,28.7200
2015-06-12,28.4750
2015-06-15,28.3950
2015-06-16,28.5200
2015-06-17,28.5450
2015-06-18,28.9500
2015-06-19,28.8450
2015-06-22,29.0950
2015-06-23,28.9550
2015-06-24,28.7300
2015-06-25,28.7950
2015-06-26,27.9550
2015-06-29,27.1550
2015-06-30,27.2850
2015-07-01,27.3900
2015-07-02,27.5600
2015-07-06,27.1150
2015-07-07,26.9800
2015-07-08,26.2750
2015-07-09,25.9800
2015-07-10,26.4500
2015-07-13,26.6800
2015-07-14,26.8950
2015-07-15,26.7600
2015-07-16,26.7450
2015-07-17,26.7300
2015-07-20,26.5150
2015-07-21,26.4950
2015-07-22,25.8500
2015-07-23,26.2100
2015-07-24,25.6050
2015-07-27,25.5050
2015-07-28,26.0350
2015-07-29,26.1400
2015-07-30,26.3800
2015-07-31,26.0750
2015-08-03,25.9500
2015-08-04,25.6750
2015-08-05,25.9850
2015-08-06,25.6850
2015-08-07,25.7500
2015-08-10,26.4000
2015-08-11,25.8000
2015-08-12,25.8650
2015-08-13,25.5100
2015-08-14,25.3250
2015-08-17,25.5200
2015-08-18,25.0700
2015-08-19,24.8150
2015-08-20,24.0050
2015-08-21,23.3950
2015-08-24,23.0250
2015-08-25,22.8300
2015-08-26,23.8750
2015-08-27,24.6700
2015-08-28,24.8800
2015-08-31,24.7750
2015-09-01,24.0050
2015-09-02,24.6000
2015-09-03,24.8450
2015-09-04,24.4550
2015-09-08,25.3850
2015-09-09,25.0000
2015-09-10,25.0800
2015-09-11,25.1250
2015-09-14,25.1850
2015-09-15,25.5550
2015-09-16,25.6700
2015-09-17,25.5050
2015-09-18,25.0750
2015-09-21,25.0600
2015-09-22,24.5400
2015-09-23,24.3650
2015-09-24,24.3550
2015-09-25,24.4850
2015-09-28,23.9650
2015-09-29,24.1300
2015-09-30,24.9400
2015-10-01,24.7750
2015-10-02,25.1650
2015-10-05,25.6100
2015-10-06,25.7150
2015-10-07,26.1000
2015-10-08,26.4350
2015-10-09,26.1300
2015-10-12,26.1700
2015-10-13,25.8500
2015-10-14,26.6250
2015-10-15,26.8050
2015-10-16,26.9150
2015-10-19,26.9350
2015-10-20,26.8800
2015-10-21,26.9300
2015-10-22,27.7500
2015-10-23,28.0650
2015-10-26,27.5300
2015-10-27,27.3600
2015-10-28,27.6350
2015-10-29,26.9200
2015-10-30,27.1050
2015-11-02,27.3600
2015-11-03,27.5950
2015-11-04,27.7750
2015-11-05,27.0550
2015-11-06,27.5950
2015-11-09,27.3750
2015-11-10,26.9400
2015-11-11,26.9500
2015-11-12,26.6050
2015-11-13,26.3300
2015-11-16,26.6700
2015-11-17,26.9400
2015-11-18,27.0800
2015-11-19,27.2900
2015-11-20,27.3950
2015-11-23,27.0850
2015-11-24,27.3700
2015-11-25,27.4100
2015-11-27,27.5450
2015-11-30,27.9000
2015-12-01,28.2300
2015-12-02,28.1200
2015-12-03,27.9300
2015-12-04,28.4000
2015-12-07,28.1650
2015-12-08,27.9100
2015-12-09,27.6150
2015-12-10,27.7150
2015-12-11,27.1800
2015-12-14,26.9750
2015-12-15,27.4000
2015-12-16,27.6150
2015-12-17,27.2450
2015-12-18,26.8700
2015-12-21,26.7600
2015-12-22,26.8750
2015-12-23,27.0200
2015-12-24,27.0950
2015-12-28,27.0300
2015-12-29,27.3300
2015-12-30,27.0650
2015-12-31,26.6400
2016-01-04,26.3600
2016-01-05,26.1150
2016-01-06,25.4400
2016-01-07,24.6550
2016-01-08,24.2650
2016-01-11,24.4850
2016-01-12,24.6950
2016-01-13,23.9700
2016-01-14,24.6050
2016-01-15,23.3500
2016-01-19,23.5050
2016-01-20,23.5650
2016-01-21,23.8900
2016-01-22,24.3450
2016-01-25,24.0700
2016-01-26,24.2750
2016-01-27,24.0050
2016-01-28,23.8800
2016-01-29,24.8600
2016-02-01,24.9700
2016-02-02,24.2850
2016-02-03,24.3200
2016-02-04,24.7900
2016-02-05,23.9250
2016-02-08,23.4150
2016-02-09,23.3150
2016-02-10,22.9800
2016-02-11,22.8150
2016-02-12,23.2650
2016-02-16,24.0550
2016-02-17,24.6300
2016-02-18,24.5300
2016-02-19,24.5750
2016-02-22,24.9750
2016-02-23,24.5550
2016-02-24,24.8700
2016-02-25,25.1600
2016-02-26,25.3000
2016-02-29,25.2150
2016-03-01,25.9900
2016-03-02,26.1250
2016-03-03,26.1850
2016-03-04,26.3550
2016-03-07,26.4550
2016-03-08,25.9550
2016-03-09,26.1400
2016-03-10,26.2800
2016-03-11,26.8100
2016-03-14,26.6900
2016-03-15,26.6000
2016-03-16,26.9100
2016-03-17,27.0950
2016-03-18,27.4400
2016-03-21,27.4400
2016-03-22,27.4250
2016-03-23,27.1000
2016-03-24,27.0550
2016-03-28,27.0450
2016-03-29,27.4200
2016-03-30,27.6950
2016-03-31,27.5400
2016-04-01,27.6700
2016-04-04,27.4550
2016-04-05,27.2500
2016-04-06,27.5050
2016-04-07,27.1400
2016-04-08,27.2700
2016-04-11,27.3000
2016-04-12,27.2550
2016-04-13,27.8100
2016-04-14,27.5100
2016-04-15,27.3050
2016-04-18,27.3400
2016-04-19,27.1100
2016-04-20,27.2400
2016-04-21,27.0900
2016-04-22,27.1050
2016-04-25,26.9700
2016-04-26,27.2600
2016-04-27,27.5800
2016-04-28,26.8950
2016-04-29,26.2300
2016-05-02,26.4050
2016-05-03,26.1300
2016-05-04,25.8500
2016-05-05,25.9450
2016-05-06,25.9500
2016-05-09,25.9250
2016-05-10,26.2150
2016-05-11,26.0950
2016-05-12,25.6300
2016-05-13,25.7050
2016-05-16,26.2200
2016-05-17,25.9750
2016-05-18,26.4350
2016-05-19,26.2050
2016-05-20,27.0750
2016-05-23,27.2500
2016-05-24,27.9100
2016-05-25,28.0650
2016-05-26,28.1600
2016-05-27,28.3450
2016-05-31,28.4500
2016-06-01,28.5650
2016-06-02,28.5600
2016-06-03,28.6150
2016-06-06,28.5450
2016-06-07,28.8450
2016-06-08,28.8500
2016-06-09,28.8500
2016-06-10,28.3500
2016-06-13,28.2300
2016-06-14,28.1950
2016-06-15,28.1650
2016-06-16,28.1800
2016-06-17,27.9900
2016-06-20,28.4600
2016-06-21,28.5950
2016-06-22,28.5600
2016-06-23,29.2750
2016-06-24,27.5650
2016-06-27,26.7150
2016-06-28,27.4450
2016-06-29,28.0050
2016-06-30,28.5050
2016-07-01,28.2950
2016-07-05,27.8450
2016-07-06,27.8850
2016-07-07,28.2000
2016-07-08,28.9700
2016-07-11,29.3600
2016-07-12,29.6800
2016-07-13,29.6850
2016-07-14,29.9350
2016-07-15,29.8500
2016-07-18,30.7200
2016-07-19,30.6000
2016-07-20,31.0700
2016-07-21,30.8050
2016-07-22,30.9900
2016-07-25,31.1350
2016-07-26,32.0350
2016-07-27,31.9200
2016-07-28,31.8800
2016-07-29,31.7500
2016-08-01,31.8400
2016-08-02,31.4200
2016-08-03,31.5000
2016-08-04,31.7250
2016-08-05,32.0950
2016-08-08,32.0950
2016-08-09,32.3100
2016-08-10,32.0950
2016-08-11,32.2250
2016-08-12,32.3600
2016-08-15,32.7250
2016-08-16,32.5350
2016-08-17,32.4650
2016-08-18,32.7150
2016-08-19,32.8850
2016-08-22,32.8950
2016-08-23,33.0550
2016-08-24,32.7950
2016-08-25,32.9050
2016-08-26,33.0450
2016-08-29,33.1600
2016-08-30,33.1050
2016-08-31,33.1050
2016-09-01,33.4100
2016-09-02,33.3800
2016-09-06,33.3750
2016-09-07,33.1550
2016-09-08,33.0900
2016-09-09,31.8900
2016-09-12,32.5450
2016-09-13,32.1900
2016-09-14,32.4600
2016-09-15,33.2650
2016-09-16,33.2800
2016-09-19,33.3950
2016-09-20,33.2700
2016-09-21,33.7300
2016-09-22,33.8900
2016-09-23,33.4950
2016-09-26,33.1850
2016-09-27,33.7300
2016-09-28,33.7750
2016-09-29,34.1900
2016-09-30,34.7350
2016-10-03,34.4650
2016-10-04,34.3200
2016-10-05,34.5850
2016-10-06,34.7850
2016-10-07,34.8100
2016-10-10,34.7000
2016-10-11,33.9850
2016-10-12,33.9850
2016-10-13,33.5950
2016-10-14,33.8100
2016-10-17,33.6700
2016-10-18,34.0500
2016-10-19,33.7000
2016-10-20,33.9950
2016-10-21,33.9500
2016-10-24,34.3850
2016-10-25,34.2900
2016-10-26,34.1900
2016-10-27,34.0900
2016-10-28,33.8950
2016-10-31,34.1350
2016-11-01,33.8200
2016-11-02,33.6100
2016-11-03,33.4700
2016-11-04,33.2950
2016-11-07,34.2950
2016-11-08,34.3550
2016-11-09,34.0800
2016-11-10,33.4450
2016-11-11,34.2800
2016-11-14,33.9100
2016-11-15,34.4750
2016-11-16,34.7450
2016-11-17,34.9650
2016-11-18,35.1650
2016-11-21,35.3950
2016-11-22,35.8050
2016-11-23,35.7500
2016-11-25,35.8550
2016-11-28,35.7650
2016-11-29,35.6300
2016-11-30,35.5300
2016-12-01,33.8400
2016-12-02,34.3850
2016-12-05,34.7300
2016-12-06,35.1100
2016-12-07,35.8100
2016-12-08,36.0250
2016-12-09,35.8400
2016-12-12,35.6900
2016-12-13,36.3250
2016-12-14,35.9350
2016-12-15,36.5100
2016-12-16,36.0400
2016-12-19,36.1950
2016-12-20,36.2500
2016-12-21,36.2150
2016-12-22,36.4000
2016-12-23,36.5700
2016-12-27,36.8800
2016-12-28,36.2700
2016-12-29,36.2800
2016-12-30,35.8200
2017-01-03,35.8800
2017-01-04,35.9950
2017-01-05,35.7850
2017-01-06,35.9700
2017-01-09,36.3850
2017-01-10,36.5250
2017-01-11,36.6800
2017-01-12,36.0700
2017-01-13,36.6050
2017-01-17,36.1750
2017-01-18,36.8150
2017-01-19,36.5350
2017-01-20,36.8850
2017-01-23,36.5600
2017-01-24,37.2750
2017-01-25,37.7350
2017-01-26,37.4450
2017-01-27,37.9250
2017-01-30,37.7450
2017-01-31,37.2200
2017-02-01,37.6000
2017-02-02,37.6400
2017-02-03,37.8050
2017-02-06,37.7600
2017-02-07,37.9200
2017-02-08,37.9600
2017-02-09,37.6300
2017-02-10,37.6700
2017-02-13,38.1650
2017-02-14,37.8700
2017-02-15,38.2600
2017-02-16,38.4050
2017-02-17,38.5450
2017-02-21,38.9100
2017-02-22,38.7400
2017-02-23,38.3100
2017-02-24,38.3650
2017-02-27,38.5500
2017-02-28,38.1950
2017-03-01,38.6400
2017-03-02,38.3000
2017-03-03,38.4350
2017-03-06,38.4500
2017-03-07,38.5450
2017-03-08,38.5850
2017-03-09,38.6000
2017-03-10,38.9650
2017-03-13,39.1550
2017-03-14,39.0150
2017-03-15,39.3700
2017-03-16,39.4000
2017-03-17,39.5050
2017-03-20,39.7550
2017-03-21,38.9950
2017-03-22,39.3750
2017-03-23,39.2550
2017-03-24,39.5650
2017-03-27,39.7450
2017-03-28,39.8200
2017-03-29,39.6600
2017-03-30,39.8600
2017-03-31,39.8550
2017-04-03,39.7600
2017-04-04,39.6200
2017-04-05,39.3850
2017-04-06,39.4050
2017-04-07,39.5600
2017-04-10,39.2100
2017-04-11,38.9150
2017-04-12,38.4100
2017-04-13,38.1250
2017-04-17,38.5400
2017-04-18,38.6950
2017-04-19,38.9050
2017-04-20,39.4650
2017-04-21,39.3050
2017-04-24,39.8750
2017-04-25,40.2750
2017-04-26,39.9700
2017-04-27,40.5050
2017-04-28,39.8500
2017-05-01,40.2650
2017-05-02,40.0500
2017-05-03,40.2800
2017-05-04,40.2400
2017-05-05,40.4000
2017-05-08,40.3000
2017-05-09,40.7050
2017-05-10,41.2200
2017-05-11,41.3100
2017-05-12,41.4250
2017-05-15,41.8850
2017-05-16,42.3850
2017-05-17,40.7900
2017-05-18,41.3950
2017-05-19,41.8750
2017-05-22,42.2750
2017-05-23,42.1850
2017-05-24,42.3700
2017-05-25,42.6600
2017-05-26,42.7400
2017-05-30,43.0450
2017-05-31,42.9950
2017-06-01,43.0750
2017-06-02,43.4100
2017-06-05,43.5250
2017-06-06,43.6250
2017-06-07,43.9500
2017-06-08,44.5300
2017-06-09,42.8450
2017-06-12,42.5850
2017-06-13,42.8600
2017-06-14,42.4900
2017-06-15,42.1000
2017-06-16,42.0750
2017-06-19,42.8200
2017-06-20,42.2850
2017-06-21,42.7700
2017-06-22,42.6600
2017-06-23,42.8350
2017-06-26,42.6700
2017-06-27,41.4500
2017-06-28,42.0500
2017-06-29,41.1050
2017-06-30,40.9300
2017-07-03,40.4600
2017-07-05,41.2300
2017-07-06,41.0550
2017-07-07,41.6050
2017-07-10,42.0350
2017-07-11,42.3700
2017-07-12,42.9800
2017-07-13,42.8800
2017-07-14,43.4100
2017-07-17,43.2900
2017-07-18,43.4550
2017-07-19,43.8850
2017-07-20,43.9800
2017-07-21,43.7350
2017-07-24,43.5950
2017-07-25,43.4750
2017-07-26,43.9350
2017-07-27,43.3800
2017-07-28,43.1750
2017-07-31,42.9200
2017-08-01,43.1050
2017-08-02,42.8700
2017-08-03,42.7200
2017-08-04,42.8450
2017-08-07,43.6000
2017-08-08,43.4700
2017-08-09,43.3850
2017-08-10,42.1950
2017-08-11,42.5850
2017-08-14,43.4250
2017-08-15,43.5850
2017-08-16,43.6750
2017-08-17,42.6400
2017-08-18,42.7350
2017-08-21,42.5750
2017-08-22,43.1450
2017-08-23,43.2350
2017-08-24,43.2300
2017-08-25,43.0950
2017-08-28,43.2200
2017-08-29,43.3400
2017-08-30,43.9450
2017-08-31,44.2900
2017-09-01,44.5000
2017-09-05,43.9350
2017-09-06,44.0900
2017-09-07,44.2600
2017-09-08,43.7800
2017-09-11,44.5750
2017-09-12,44.7450
2017-09-13,44.7550
2017-09-14,44.9500
2017-09-15,45.5450
2017-09-18,46.1800
2017-09-19,46.3000
2017-09-20,45.6850
2017-09-21,45.6000
2017-09-22,45.7850
2017-09-25,44.8650
2017-09-26,44.9200
2017-09-27,45.9350
2017-09-28,46.2300
2017-09-29,46.6600
2017-10-02,46.9700
2017-10-03,47.1250
2017-10-04,47.1950
2017-10-05,47.2450
2017-10-06,47.4350
2017-10-09,47.7800
2017-10-10,48.0250
2017-10-11,48.3650
2017-10-12,48.2650
2017-10-13,48.5950
2017-10-16,48.8550
2017-10-17,48.8450
2017-10-18,49.0250
2017-10-19,48.9250
2017-10-20,49.1900
2017-10-23,49.3750
2017-10-24,49.6750
2017-10-25,49.0450
2017-10-26,49.3100
2017-10-27,50.3000
2017-10-30,50.3200
2017-10-31,50.8050
2017-11-01,50.6700
2017-11-02,50.9100
2017-11-03,51.4700
2017-11-06,52.1350
2017-11-07,52.0300
2017-11-08,52.1500
2017-11-09,51.1350
2017-11-10,51.4300
2017-11-13,51.6450
2017-11-14,51.6450
2017-11-15,51.1650
2017-11-16,52.4350
2017-11-17,51.6250
2017-11-20,52.2500
2017-11-21,52.7850
2017-11-22,52.4400
2017-11-24,52.8850
2017-11-27,52.0650
2017-11-28,52.0200
2017-11-29,49.8150
2017-11-30,50.1250
2017-12-01,49.6900
2017-12-04,48.6350
2017-12-05,48.6350
2017-12-06,48.7450
2017-12-07,49.2250
2017-12-08,49.0000
2017-12-11,49.3000
2017-12-12,48.8150
2017-12-13,48.8450
2017-12-14,48.8250
2017-12-15,49.6250
2017-12-18,49.7900
2017-12-19,49.7650
2017-12-20,50.0900
2017-12-21,49.5600
2017-12-22,49.5800
2017-12-26,49.0200
2017-12-27,49.1800
2017-12-28,49.3600
2017-12-29,48.9050
2018-01-02,50.1850
2018-01-03,50.8950
2018-01-04,51.1550
2018-01-05,51.4850
2018-01-08,51.8400
2018-01-09,51.3550
2018-01-10,50.6750
2018-01-11,50.9150
2018-01-12,51.1750
2018-01-16,51.4100
2018-01-17,52.9450
2018-01-18,53.3350
2018-01-19,53.3850
2018-01-22,53.9100
2018-01-23,54.2600
2018-01-24,53.1600
2018-01-25,52.3000
2018-01-26,53.9650
2018-01-29,53.8650
2018-01-30,52.8100
2018-01-31,53.2550
2018-02-01,52.9300
2018-02-02,51.4550
2018-02-05,49.1350
2018-02-06,50.9450
2018-02-07,49.6000
2018-02-08,47.6250
2018-02-09,48.8700
2018-02-12,49.9050
2018-02-13,49.8050
2018-02-14,50.8650
2018-02-15,51.5050
2018-02-16,51.3950
2018-02-20,52.4150
2018-02-21,51.8450
2018-02-22,51.6700
2018-02-23,52.8300
2018-02-26,53.8950
2018-02-27,53.6950
2018-02-28,53.2700
2018-03-01,52.4200
2018-03-02,53.2400
2018-03-05,53.8550
2018-03-06,54.6450
2018-03-07,54.8800
2018-03-08,54.9050
2018-03-09,55.9650
2018-03-12,56.5350
2018-03-13,55.7450
2018-03-14,55.7750
2018-03-15,55.7250
2018-03-16,55.7050
2018-03-19,54.8000
2018-03-20,55.1700
2018-03-21,55.2850
2018-03-22,53.7950
2018-03-23,52.0500
2018-03-26,54.1200
2018-03-27,52.2550
2018-03-28,51.0950
2018-03-29,52.1400
2018-04-02,50.2300
2018-04-03,51.1550
2018-04-04,51.7800
2018-04-05,51.2100
2018-04-06,49.7300
2018-04-09,50.0700
2018-04-10,51.6000
2018-04-11,51.5750
2018-04-12,52.4300
2018-04-13,51.9400
2018-04-16,52.0450
2018-04-17,52.9950
2018-04-18,52.3950
2018-04-19,50.0600
2018-04-20,49.4850
2018-04-23,48.8450
2018-04-24,48.5950
2018-04-25,48.3500
2018-04-26,49.3650
2018-04-27,49.0450
2018-04-30,48.5800
2018-05-01,49.3600
2018-05-02,49.0050
2018-05-03,49.1250
2018-05-04,50.4000
2018-05-07,50.6700
2018-05-08,51.0250
2018-05-09,51.7500
2018-05-10,52.6100
2018-05-11,52.2050
2018-05-14,53.1150
2018-05-15,52.5200
2018-05-16,53.2650
2018-05-17,52.9150
2018-05-18,52.2750
2018-05-21,53.0250
2018-05-22,53.4050
2018-05-23,53.4650
2018-05-24,53.6200
2018-05-25,54.1550
2018-05-29,53.7200
2018-05-30,54.0450
2018-05-31,53.5950
2018-06-01,54.7650
2018-06-04,55.1400
2018-06-05,55.4500
2018-06-06,55.8050
2018-06-07,55.3600
2018-06-08,54.9850
2018-06-11,54.9250
2018-06-12,55.0900
2018-06-13,54.9750
2018-06-14,55.0600
2018-06-15,55.1500
2018-06-18,54.4850
2018-06-19,53.8350
2018-06-20,54.1700
2018-06-21,53.4950
2018-06-22,53.2950
2018-06-25,51.3700
2018-06-26,51.8450
2018-06-27,50.5750
2018-06-28,51.0850
2018-06-29,51.3350
2018-07-02,51.3550
2018-07-03,50.4550
2018-07-05,51.8150
2018-07-06,52.4750
2018-07-09,52.8700
2018-07-10,53.4400
2018-07-11,51.9700
2018-07-12,52.6000
2018-07-13,52.4900
2018-07-16,52.3300
2018-07-17,53.0200
2018-07-18,53.5600
2018-07-19,53.3850
2018-07-20,53.3300
2018-07-23,53.2950
2018-07-24,52.6300
2018-07-25,52.8950
2018-07-26,53.6750
2018-07-27,53.4100
2018-07-30,53.0450
2018-07-31,52.9450
2018-08-01,53.1750
2018-08-02,53.7100
2018-08-03,53.7950
2018-08-06,54.0800
2018-08-07,54.4450
2018-08-08,54.6150
2018-08-09,54.0850
2018-08-10,52.8150
2018-08-13,52.8750
2018-08-14,52.7500
2018-08-15,51.8750
2018-08-16,51.7950
2018-08-17,51.4150
2018-08-20,51.3450
2018-08-21,52.4050
2018-08-22,52.6000
2018-08-23,52.6650
2018-08-24,53.4700
2018-08-27,54.3050
2018-08-28,54.5100
2018-08-29,54.8200
2018-08-30,54.2350
2018-08-31,54.4700
2018-09-04,54.8650
2018-09-05,54.5650
2018-09-06,53.1500
2018-09-07,52.9150
2018-09-10,53.4300
2018-09-11,52.7600
2018-09-12,52.1550
2018-09-13,52.7950
2018-09-14,53.3400
2018-09-17,52.6200
2018-09-18,53.0200
2018-09-19,53.1400
2018-09-20,53.8250
2018-09-21,53.5550
2018-09-24,53.9350
2018-09-25,53.0750
2018-09-26,52.6050
2018-09-27,52.9350
2018-09-28,53.2250
2018-10-01,53.3650
2018-10-02,53.3250
2018-10-03,53.5300
2018-10-04,52.3250
2018-10-05,51.1350
2018-10-08,50.5350
2018-10-09,50.4400
2018-10-10,48.1500
2018-10-11,47.7250
2018-10-12,48.6700
2018-10-15,48.1400
2018-10-16,49.7700
2018-10-17,49.5250
2018-10-18,48.2350
2018-10-19,47.5400
2018-10-22,47.7950
2018-10-23,47.6050
2018-10-24,44.4100
2018-10-25,45.6650
2018-10-26,44.8400
2018-10-29,44.3250
2018-10-30,46.2100
2018-10-31,46.7300
2018-11-01,48.9850
2018-11-02,48.2050
2018-11-05,47.7600
2018-11-06,48.2550
2018-11-07,48.8500
2018-11-08,48.6250
2018-11-09,47.7450
2018-11-12,45.6550
2018-11-13,46.2450
2018-11-14,46.4850
2018-11-15,47.9550
2018-11-16,47.1400
2018-11-19,45.3700
2018-11-20,45.3300
2018-11-21,45.5300
2018-11-23,45.4650
2018-11-26,46.3700
2018-11-27,46.4400
2018-11-28,47.6700
2018-11-29,47.2200
2018-11-30,48.3750
2018-12-03,49.2250
2018-12-04,46.8050
2018-12-06,46.5300
2018-12-07,44.7650
2018-12-10,45.2850
2018-12-11,45.5100
2018-12-12,46.2000
2018-12-13,46.0450
2018-12-14,45.3300
2018-12-17,44.9000
2018-12-18,45.4400
2018-12-19,43.4700
2018-12-20,42.3100
2018-12-21,41.5800
2018-12-24,40.4800
2018-12-26,42.7550
2018-12-27,43.1300
2018-12-28,43.4250
2018-12-31,43.6400
2019-01-02,43.9600
2019-01-03,41.3200
2019-01-04,43.2450
2019-01-07,44.0800
2019-01-08,43.8250
2019-01-09,44.9450
2019-01-10,45.4100
2019-01-11,45.7850
2019-01-14,45.0000
2019-01-15,45.1200
2019-01-16,44.7650
2019-01-17,45.3200
2019-01-18,46.4400
2019-01-22,45.0950
2019-01-23,44.9150
2019-01-24,47.5600
2019-01-25,48.4450
2019-01-28,47.5400
2019-01-29,46.9100
2019-01-30,48.3300
2019-01-31,48.2950
2019-02-01,48.9100
2019-02-04,49.1500
2019-02-05,49.4250
2019-02-06,50.6500
2019-02-07,49.5600
2019-02-08,49.4250
2019-02-11,49.6400
2019-02-12,50.7450
2019-02-13,50.8650
2019-02-14,51.0150
2019-02-15,51.2750
2019-02-19,51.2150
2019-02-20,51.6800
2019-02-21,51.3600
2019-02-22,52.0900
2019-02-25,52.5650
2019-02-26,52.2250
2019-02-27,51.6900
2019-02-28,51.6650
2019-03-01,52.1400
2019-03-04,52.1650
2019-03-05,51.9200
2019-03-06,51.0450
2019-03-07,50.4900
2019-03-08,50.4750
2019-03-11,51.5500
2019-03-12,51.8050
2019-03-13,52.0150
2019-03-14,51.7250
2019-03-15,53.1100
2019-03-18,52.9650
2019-03-19,53.5750
2019-03-20,53.1150
2019-03-21,54.9450
2019-03-22,53.3750
2019-03-25,52.7000
2019-03-26,53.1900
2019-03-27,52.4150
2019-03-28,52.3150
2019-03-29,53.1650
2019-04-01,54.4750
2019-04-02,54.5200
2019-04-03,55.7900
2019-04-04,55.8500
2019-04-05,56.2700
2019-04-08,56.3850
2019-04-09,55.7700
2019-04-10,56.2200
2019-04-11,56.1650
2019-04-12,56.9550
2019-04-15,56.5450
2019-04-16,57.9250
2019-04-17,58.7800
2019-04-18,58.8650
2019-04-22,58.8200
2019-04-23,59.2950
2019-04-24,59.8000
2019-04-25,58.6200
2019-04-26,57.9050
2019-04-29,57.6000
2019-04-30,58.1250
2019-05-01,57.6800
2019-05-02,58.2250
2019-05-03,58.7450
2019-05-06,57.8050
2019-05-07,56.4850
2019-05-08,56.0800
2019-05-09,55.2900
2019-05-10,55.2300
2019-05-13,52.6700
2019-05-14,54.0200
2019-05-15,54.5200
2019-05-16,53.7500
2019-05-17,52.7150
2019-05-20,50.6200
2019-05-21,51.7750
2019-05-22,50.8650
2019-05-23,50.0200
2019-05-24,49.7150
2019-05-28,49.2750
2019-05-29,49.4400
2019-05-30,49.8200
2019-05-31,49.1150
2019-06-03,49.0600
2019-06-04,51.0700
2019-06-05,50.6800
2019-06-06,51.3800
2019-06-07,52.0450
2019-06-10,53.3450
2019-06-11,53.5400
2019-06-12,52.3800
2019-06-13,52.6400
2019-06-14,51.3300
2019-06-17,51.0150
2019-06-18,53.0900
2019-06-19,53.2150
2019-06-20,53.8300
2019-06-21,53.5750
2019-06-24,53.6750
2019-06-25,52.7450
2019-06-26,54.3050
2019-06-27,55.0350
2019-06-28,55.0900
2019-07-01,56.6450
2019-07-02,55.9800
2019-07-03,55.7750
2019-07-05,55.3650
2019-07-08,55.0050
2019-07-09,55.3900
2019-07-10,55.9400
2019-07-11,56.0950
2019-07-12,57.1250
2019-07-15,57.5850
2019-07-16,56.9900
2019-07-17,57.1950
2019-07-18,58.2250
2019-07-19,58.2300
2019-07-22,59.3950
2019-07-23,60.0550
2019-07-24,61.6550
2019-07-25,60.5400
2019-07-26,60.4150
2019-07-29,60.6200
2019-07-30,60.3500
2019-07-31,58.5450
2019-08-01,57.3650
2019-08-02,56.5850
2019-08-05,54.1450
2019-08-06,55.0050
2019-08-07,55.3050
2019-08-08,56.7200
2019-08-09,55.7400
2019-08-12,55.0800
2019-08-13,56.6600
2019-08-14,54.8350
2019-08-15,54.7750
2019-08-16,56.1150
2019-08-19,57.0400
2019-08-20,56.7150
2019-08-21,57.2950
2019-08-22,57.2200
2019-08-23,54.8500
2019-08-26,55.4150
2019-08-27,55.2850
2019-08-28,55.6400
2019-08-29,56.8450
2019-08-30,57.2100
2019-09-03,56.3050
2019-09-04,57.9650
2019-09-05,59.7250
2019-09-06,59.7750
2019-09-09,60.0050
2019-09-10,60.1250
2019-09-11,60.8900
2019-09-12,60.9850
2019-09-13,60.9550
2019-09-16,60.5450
2019-09-17,60.7900
2019-09-18,60.8550
2019-09-19,60.6100
2019-09-20,59.4750
2019-09-23,59.9850
2019-09-24,59.0950
2019-09-25,60.1050
2019-09-26,60.3150
2019-09-27,58.8850
2019-09-30,59.5650
2019-10-01,59.1600
2019-10-02,58.1950
2019-10-03,59.0900
2019-10-04,60.1300
2019-10-07,59.8300
2019-10-08,58.2600
2019-10-09,59.2850
2019-10-10,59.8500
2019-10-11,61.2150
2019-10-14,61.3050
2019-10-15,62.5250
2019-10-16,61.6150
2019-10-17,61.6550
2019-10-18,61.0500
2019-10-21,62.1950
2019-10-22,61.7250
2019-10-23,60.6500
2019-10-24,62.2550
2019-10-25,63.5150
2019-10-28,64.4800
2019-10-29,64.0400
2019-10-30,64.1100
2019-10-31,63.7450
2019-11-01,65.0600
2019-11-04,66.4450
2019-11-05,66.4800
2019-11-06,66.0750
2019-11-07,66.4650
2019-11-08,66.6050
2019-11-11,66.3350
2019-11-12,66.4750
2019-11-13,66.5900
2019-11-14,66.4700
2019-11-15,67.1450
2019-11-18,67.1850
2019-11-19,66.9550
2019-11-20,66.3000
2019-11-21,65.5750
2019-11-22,65.4600
2019-11-25,66.9700
2019-11-26,66.7550
2019-11-27,67.2050
2019-11-29,66.4550
2019-12-02,65.5900
2019-12-03,64.6700
2019-12-04,65.6200
2019-12-05,66.0150
2019-12-06,66.9950
2019-12-09,66.5450
2019-12-10,66.8100
2019-12-11,68.2400
2019-12-12,70.2000
2019-12-13,69.9300
2019-12-16,70.5000
2019-12-17,70.9000
2019-12-18,70.6550
2019-12-19,71.0650
2019-12-20,71.7500
2019-12-23,71.0400
2019-12-24,71.1850
2019-12-26,71.3750
2019-12-27,71.1300
2019-12-30,70.6150
2019-12-31,70.7050
2020-01-02,72.3400
2020-01-03,71.1550
2020-01-06,70.3950
2020-01-07,71.5700
2020-01-08,71.6900
2020-01-09,72.1000
2020-01-10,71.5000
2020-01-13,72.5000
2020-01-14,72.6500
2020-01-15,71.5750
2020-01-16,72.7300
2020-01-17,73.0300
2020-01-21,73.0900
2020-01-22,73.6900
2020-01-23,74.1500
2020-01-24,73.8250
2020-01-27,70.8500
2020-01-28,72.6250
2020-01-29,71.5200
2020-01-30,71.3550
2020-01-31,68.7850
2020-02-03,69.7250
2020-02-04,71.9700
2020-02-05,73.4000
2020-02-06,73.4500
2020-02-07,71.7700
2020-02-10,72.9000
2020-02-11,74.4400
2020-02-12,75.4900
2020-02-13,75.6700
2020-02-14,75.3450
2020-02-18,74.2150
2020-02-19,76.1250
2020-02-20,74.9250
2020-02-21,72.7250
2020-02-24,69.4300
2020-02-25,67.4300
2020-02-26,67.8350
2020-02-27,64.7100
2020-02-28,65.9850
2020-03-02,68.2700
2020-03-03,66.0300
2020-03-04,69.4150
2020-03-05,67.2350
2020-03-06,65.9400
2020-03-09,60.4550
2020-03-10,64.1800
2020-03-11,60.7150
2020-03-12,54.3050
2020-03-13,59.5700
2020-03-16,50.9850
2020-03-17,55.1150
2020-03-18,50.5350
2020-03-19,51.4300
2020-03-20,50.5300
2020-03-23,52.4050
2020-03-24,57.8150
2020-03-25,57.3800
2020-03-26,60.8600
2020-03-27,57.4950
2020-03-30,59.7500
2020-03-31,58.5700
2020-04-01,55.6650
2020-04-02,57.1650
2020-04-03,56.0200
2020-04-06,61.5900
2020-04-07,61.4000
2020-04-08,63.4350
2020-04-09,61.9350
2020-04-13,62.7450
2020-04-14,65.4900
2020-04-15,63.7250
2020-04-16,65.4150
2020-04-17,66.0550
2020-04-20,64.6550
2020-04-21,61.7600
2020-04-22,65.2500
2020-04-23,64.6500
2020-04-24,65.9550
2020-04-27,66.7700
2020-04-28,66.3250
2020-04-29,69.4400
2020-04-30,66.8650
2020-05-01,63.7150
2020-05-04,64.4200
2020-05-05,65.2600
2020-05-06,66.0250
2020-05-07,66.6250
2020-05-08,68.3250
2020-05-11,68.3600
2020-05-12,66.4800
2020-05-13,65.3000
2020-05-14,67.1300
2020-05-15,65.6000
2020-05-18,68.4250
2020-05-19,68.1700
2020-05-20,70.6400
2020-05-21,68.8500
2020-05-22,68.9950
2020-05-26,69.5900
2020-05-27,70.6400
2020-05-28,69.1300
2020-05-29,70.5150
2020-06-01,70.4100
2020-06-02,71.7950
2020-06-03,73.7750
2020-06-04,74.5900
2020-06-05,76.3500
2020-06-08,76.1200
2020-06-09,76.2600
2020-06-10,76.6500
2020-06-11,71.9450
2020-06-12,72.9600
2020-06-15,73.9050
2020-06-16,75.0600
2020-06-17,75.8550
2020-06-18,75.7500
2020-06-19,75.3950
2020-06-22,76.0850
2020-06-23,76.3350
2020-06-24,74.7350
2020-06-25,75.2450
2020-06-26,73.8350
2020-06-29,74.5850
2020-06-30,76.4000
2020-07-01,75.5250
2020-07-02,76.6800
2020-07-06,78.7950
2020-07-07,77.8150
2020-07-08,78.9300
2020-07-09,80.3000
2020-07-10,79.9850
2020-07-13,78.8350
2020-07-14,80.1600
2020-07-15,79.7950
2020-07-16,79.7350
2020-07-17,80.1050
2020-07-20,81.7050
2020-07-21,81.2950
2020-07-22,81.8900
2020-07-23,80.5400
2020-07-24,79.7300
2020-07-27,82.9450
2020-07-28,80.7900
2020-07-29,82.8250
2020-07-30,83.6050
2020-07-31,83.1100
2020-08-03,84.5900
2020-08-04,85.8200
2020-08-05,85.8950
2020-08-06,85.7450
2020-08-07,84.7600
2020-08-10,84.8200
2020-08-11,83.6200
2020-08-12,86.2500
2020-08-13,85.4300
2020-08-14,85.3400
2020-08-17,86.5850
2020-08-18,86.0500
2020-08-19,85.5250
2020-08-20,84.8400
2020-08-21,85.4550
2020-08-24,86.2150
2020-08-25,87.1900
2020-08-26,87.6750
2020-08-27,86.4450
2020-08-28,87.8200
2020-08-31,87.6850
2020-09-01,89.4050
2020-09-02,91.7750
2020-09-03,86.9000
2020-09-04,85.7050
2020-09-08,81.9050
2020-09-09,84.2500
2020-09-10,83.1900
2020-09-11,83.0300
2020-09-14,84.9000
2020-09-15,86.6850
2020-09-16,85.6200
2020-09-17,85.4250
2020-09-18,84.1350
2020-09-21,84.1750
2020-09-22,84.8650
2020-09-23,82.9250
2020-09-24,83.6500
2020-09-25,84.6200
2020-09-28,86.7700
2020-09-29,87.2300
2020-09-30,87.1000
2020-10-01,89.2500
2020-10-02,86.5750
2020-10-05,89.5250
2020-10-06,88.7400
2020-10-07,90.6400
2020-10-08,91.7500
2020-10-09,93.3250
2020-10-12,94.9700
2020-10-13,94.6850
2020-10-14,94.1850
2020-10-15,93.8200
2020-10-16,93.2350
2020-10-19,92.7750
2020-10-20,92.8500
2020-10-21,92.2550
2020-10-22,92.2200
2020-10-23,92.0000
2020-10-26,90.0300
2020-10-27,89.7200
2020-10-28,86.8250
2020-10-29,88.9700
2020-10-30,87.4750
2020-11-02,88.1550
2020-11-03,89.9900
2020-11-04,93.2900
2020-11-05,96.9950
2020-11-06,98.5000
2020-11-09,97.4250
2020-11-10,94.4100
2020-11-11,97.7300
2020-11-12,96.6750
2020-11-13,98.1000
2020-11-16,100.8600
2020-11-17,99.7000
2020-11-18,99.2050
2020-11-19,100.5000
2020-11-20,99.9900
2020-11-23,101.5300
2020-11-24,101.8500
2020-11-25,101.8450
2020-11-27,103.2100
2020-11-30,104.3050
2020-12-01,106.2000
2020-12-02,106.6250
2020-12-03,106.5850
2020-12-04,109.6950
2020-12-07,110.3200
2020-12-08,110.4650
2020-12-09,107.0450
2020-12-10,107.1250
2020-12-11,106.2550
2020-12-14,107.3400
2020-12-15,109.0250
2020-12-16,108.9800
2020-12-17,108.9550
2020-12-18,108.5800
2020-12-21,107.2850
2020-12-22,107.0950
2020-12-23,106.2950
2020-12-24,107.4350
2020-12-28,107.2200
2020-12-29,106.9500
2020-12-30,108.9250
2020-12-31,109.2100
2021-01-04,109.4300
2021-01-05,111.3450
2021-01-06,111.0050
2021-01-07,115.5850
2021-01-08,115.1700
2021-01-11,116.8950
2021-01-12,117.4400
2021-01-13,116.8050
2021-01-14,119.7100
2021-01-15,117.3800
2021-01-19,121.4100
2021-01-20,120.9050
2021-01-21,122.7750
2021-01-22,120.4650
2021-01-25,120.9400
2021-01-26,118.8500
2021-01-27,113.0450
2021-01-28,115.4100
2021-01-29,113.3050
2021-02-01,117.7450
2021-02-02,119.3550
2021-02-03,117.1100
2021-02-04,118.4650
2021-02-05,117.6050
2021-02-08,121.5350
2021-02-09,121.1750
2021-02-10,121.4850
2021-02-11,125.9850
2021-02-12,127.2800
2021-02-16,128.0600
2021-02-17,125.5800
2021-02-18,124.2450
2021-02-19,126.9300
2021-02-22,122.2900
2021-02-23,121.1150
2021-02-24,125.0100
2021-02-25,118.0400
2021-02-26,120.4750
2021-03-01,124.1000
2021-03-02,120.2850
2021-03-03,116.4950
2021-03-04,110.8400
2021-03-05,114.3950
2021-03-08,108.1100
2021-03-09,114.5150
2021-03-10,112.1900
2021-03-11,116.9050
2021-03-12,115.4450
2021-03-15,117.9350
2021-03-16,119.2250
2021-03-17,120.3450
2021-03-18,115.5250
2021-03-19,116.8400
2021-03-22,119.6250
2021-03-23,116.6300
2021-03-24,114.6300
2021-03-25,115.0500
2021-03-26,120.8200
2021-03-29,118.8850
2021-03-30,118.3750
2021-03-31,121.7750
2021-04-01,126.4700
2021-04-05,128.5750
2021-04-06,126.8150
2021-04-07,126.5250
2021-04-08,128.3400
2021-04-09,128.0400
2021-04-12,126.5550
2021-04-13,126.3050
2021-04-14,125.0950
2021-04-15,126.7000
2021-04-16,126.2050
2021-04-19,123.0800
2021-04-20,121.3550
2021-04-21,124.5550
2021-04-22,121.8000
2021-04-23,124.6000
2021-04-26,126.7300
2021-04-27,125.9900
2021-04-28,123.9750
2021-04-29,125.1200
2021-04-30,121.5000
2021-05-03,120.0900
2021-05-04,118.6000
2021-05-05,119.1250
2021-05-06,120.1050
2021-05-07,121.8000
2021-05-10,116.4000
2021-05-11,116.6250
2021-05-12,111.8150
2021-05-13,113.0850
2021-05-14,116.6700
2021-05-17,115.3700
2021-05-18,114.7350
2021-05-19,116.7900
2021-05-20,119.6900
2021-05-21,119.0850
2021-05-24,121.7000
2021-05-25,122.5000
2021-05-26,122.6250
2021-05-27,123.2150
2021-05-28,124.5950
2021-06-01,124.4100
2021-06-02,125.1400
2021-06-03,123.0000
2021-06-04,125.7400
2021-06-07,125.1000
2021-06-08,124.0700
2021-06-09,123.6850
2021-06-10,125.3000
2021-06-11,125.7400
2021-06-14,127.4400
2021-06-15,126.3400
2021-06-16,125.2750
2021-06-17,126.6900
2021-06-18,123.4650
2021-06-21,123.7900
2021-06-22,124.6000
2021-06-23,125.2300
2021-06-24,127.2750
2021-06-25,126.7750
2021-06-28,129.8500
2021-06-29,130.9800
2021-06-30,131.1200
2021-07-01,129.1850
2021-07-02,129.9000
2021-07-06,129.8600
2021-07-07,128.0600
2021-07-08,126.3450
2021-07-09,128.5000
2021-07-12,130.1850
2021-07-13,129.9050
2021-07-14,129.6200
2021-07-15,126.0650
2021-07-16,123.4250
2021-07-19,123.4000
2021-07-20,124.9100
2021-07-21,128.5000
2021-07-22,127.7250
2021-07-23,128.6550
2021-07-26,128.5100
2021-07-27,126.2400
2021-07-28,128.4950
2021-07-29,130.9050
2021-07-30,131.5700
2021-08-02,132.5000
2021-08-03,133.7000
2021-08-04,135.1600
2021-08-05,135.0100
2021-08-06,134.2850
2021-08-09,133.8800
2021-08-10,132.1650
2021-08-11,131.8150
2021-08-12,130.3750
2021-08-13,131.2250
2021-08-16,130.6600
2021-08-17,128.1850
2021-08-18,126.5300
2021-08-19,127.6400
2021-08-20,128.1900
2021-08-23,131.8750
2021-08-24,131.9650
2021-08-25,133.4000
2021-08-26,133.6050
2021-08-27,136.0200
2021-08-30,136.4500
2021-08-31,135.4150
2021-09-01,135.2050
2021-09-02,135.5350
2021-09-03,136.6450
2021-09-07,136.3650
2021-09-08,134.5650
2021-09-09,135.1200
2021-09-10,136.1400
2021-09-13,137.1600
2021-09-14,137.2500
2021-09-15,137.7300
2021-09-16,137.9300
2021-09-17,135.5000
2021-09-20,132.2000
2021-09-21,132.4800
2021-09-22,134.8700
2021-09-23,136.5650
2021-09-24,136.1950
2021-09-27,135.7100
2021-09-28,130.2450
2021-09-29,128.2800
2021-09-30,128.1350
2021-10-01,128.2450
2021-10-04,124.9050
2021-10-05,126.6600
2021-10-06,127.0450
2021-10-07,128.6250
2021-10-08,127.3750
2021-10-11,126.6150
2021-10-12,125.3350
2021-10-13,126.4050
2021-10-14,130.2000
2021-10-15,131.2900
2021-10-18,132.3250
2021-10-19,133.8400
2021-10-20,133.2500
2021-10-21,134.7700
2021-10-22,133.5800
2021-10-25,134.2550
2021-10-26,135.0200
2021-10-27,133.8800
2021-10-28,136.4300
2021-10-29,136.8200
2021-11-01,138.3900
2021-11-02,139.9150
2021-11-03,141.3000
2021-11-04,147.1500
2021-11-05,148.3000
2021-11-08,150.9700
2021-11-09,151.1700
2021-11-10,146.4000
2021-11-11,149.0350
2021-11-12,150.5500
2021-11-15,150.3500
2021-11-16,152.3000
2021-11-17,151.3950
2021-11-18,155.1200
2021-11-19,156.1000
2021-11-22,153.7450
2021-11-23,152.6300
2021-11-24,154.1700
2021-11-26,149.7000
2021-11-29,155.7100
2021-11-30,152.4500
2021-12-01,151.9100
2021-12-02,152.3050
2021-12-03,150.5750
2021-12-06,150.0000
2021-12-07,157.2750
2021-12-08,156.5950
2021-12-09,152.8050
2021-12-10,153.7750
2021-12-13,149.7850
2021-12-14,148.9200
2021-12-15,155.0800
2021-12-16,148.3400
2021-12-17,147.6450
2021-12-20,145.7550
2021-12-21,151.0200
2021-12-22,152.8150
2021-12-23,154.1300
2021-12-27,158.2800
2021-12-28,156.7200
2021-12-29,156.6950
2021-12-30,154.9150
2021-12-31,154.3950
2022-01-03,157.8000
2022-01-04,156.9800
2022-01-05,151.5950
2022-01-06,153.1000
2022-01-07,148.4450
2022-01-10,148.6350
2022-01-11,151.6350
2022-01-12,152.9300
2022-01-13,150.2700
2022-01-14,153.4550
2022-01-18,146.5900
2022-01-19,142.5400
2022-01-20,138.1750
2022-01-21,135.8750
2022-01-24,137.6150
2022-01-25,132.1650
2022-01-26,134.0700
2022-01-27,128.3450
2022-01-28,130.8450
2022-01-31,137.7000
2022-02-01,138.2900
2022-02-02,141.8200
2022-02-03,135.5300
2022-02-04,136.2650
2022-02-07,136.4800
2022-02-08,139.2750
2022-02-09,144.1250
2022-02-10,139.8100
2022-02-11,132.6250
2022-02-14,132.5350
2022-02-15,139.7450
2022-02-16,139.7150
2022-02-17,134.1150
2022-02-18,132.6250
2022-02-22,131.7150
2022-02-23,128.9550
2022-02-24,133.3800
2022-02-25,135.2400
2022-02-28,134.0750
2022-03-01,129.8450
2022-03-02,134.0950
2022-03-03,131.2050
2022-03-04,127.6750
2022-03-07,121.3200
2022-03-08,123.1500
2022-03-09,128.5000
2022-03-10,125.7200
2022-03-11,122.8950
2022-03-14,119.3450
2022-03-15,124.3450
2022-03-16,130.9300
2022-03-17,131.7500
2022-03-18,134.5950
2022-03-21,134.2800
2022-03-22,135.2050
2022-03-23,131.8250
2022-03-24,138.2400
2022-03-25,137.6650
2022-03-28,138.6650
2022-03-29,141.8000
2022-03-30,137.6850
2022-03-31,134.8950
2022-04-01,132.7100
2022-04-04,134.9000
2022-04-05,129.0800
2022-04-06,126.4100
2022-04-07,126.4300
2022-04-08,123.4250
2022-04-11,120.6500
2022-04-12,120.0000
2022-04-13,122.8500
2022-04-14,119.1100
2022-04-18,121.1500
2022-04-19,123.7300
2022-04-20,123.5050
2022-04-21,120.1200
2022-04-22,117.3650
2022-04-25,119.3950
2022-04-26,114.3050
2022-04-27,113.7550
2022-04-28,120.2500
2022-04-29,114.9250
2022-05-02,118.2700
2022-05-03,119.2400
2022-05-04,123.3300
2022-05-05,117.5400
2022-05-06,116.3350
2022-05-09,110.4450
2022-05-10,113.3000
2022-05-11,109.8250
2022-05-12,110.3450
2022-05-13,116.1300
2022-05-16,114.2550
2022-05-17,119.7200
2022-05-18,114.0000
2022-05-19,114.0300
2022-05-20,114.0850
2022-05-23,115.0000
2022-05-24,111.9650
2022-05-25,114.2950
2022-05-26,118.1150
2022-05-27,122.8000
2022-05-31,122.2900
2022-06-01,120.2800
2022-06-02,124.5300
2022-06-03,120.8600
2022-06-06,120.9600
2022-06-07,121.9250
2022-06-08,119.3850
2022-06-09,116.2100
2022-06-10,111.9100
2022-06-13,105.6900
2022-06-14,106.4650
2022-06-15,108.4150
2022-06-16,101.9900
2022-06-17,102.8250
2022-06-21,105.7400
2022-06-22,104.2500
2022-06-23,103.7100
2022-06-24,108.0800
2022-06-27,107.7200
2022-06-28,105.0050
2022-06-29,103.1550
2022-06-30,101.8650
2022-07-01,97.9950
2022-07-05,98.5100
2022-07-06,99.1800
2022-07-07,103.7600
2022-07-08,104.3200
2022-07-11,101.8200
2022-07-12,101.7800
2022-07-13,102.5850
2022-07-14,104.7500
2022-07-15,107.3950
2022-07-18,106.6000
2022-07-19,111.4700
2022-07-20,114.0950
2022-07-21,116.0100
2022-07-22,113.3850
2022-07-25,112.6850
2022-07-26,110.9850
2022-07-27,116.1800
2022-07-28,117.6000
2022-07-29,118.5800
2022-08-01,118.8200
2022-08-02,118.5750
2022-08-03,121.4100
2022-08-04,122.6450
2022-08-05,121.8100
2022-08-08,119.7050
2022-08-09,114.6950
2022-08-10,119.3400
2022-08-11,119.3150
2022-08-12,122.6850
2022-08-15,123.2400
2022-08-16,121.8500
2022-08-17,119.2350
2022-08-18,120.9000
2022-08-19,117.4950
2022-08-22,113.4000
2022-08-23,114.1350
2022-08-24,114.0600
2022-08-25,117.8900
2022-08-26,111.3350
2022-08-29,109.2700
2022-08-30,108.0200
2022-08-31,107.2850
2022-09-01,104.9400
2022-09-02,103.9100
2022-09-06,102.7500
2022-09-07,104.3900
2022-09-08,105.8050
2022-09-09,108.4300
2022-09-12,108.7000
2022-09-13,102.2300
2022-09-14,103.3400
2022-09-15,101.5000
2022-09-16,101.9550
2022-09-19,102.6250
2022-09-20,101.2050
2022-09-21,100.3600
2022-09-22,97.5800
2022-09-23,96.1850
2022-09-26,95.0650
2022-09-27,95.7850
2022-09-28,97.0050
2022-09-29,93.9500
2022-09-30,92.5600
2022-10-03,95.8800
2022-10-04,99.9800
2022-10-05,100.9700
2022-10-06,100.2800
2022-10-07,94.3000
2022-10-10,91.1500
2022-10-11,88.2750
2022-10-12,87.7450
2022-10-13,90.4300
2022-10-14,86.5750
2022-10-17,88.6250
2022-10-18,88.6450
2022-10-19,89.3600
2022-10-20,90.0700
2022-10-21,93.1750
2022-10-24,93.4700
2022-10-25,94.9500
2022-10-26,94.0200
2022-10-27,92.8450
2022-10-28,96.3900
2022-10-31,94.6100
2022-11-01,95.2650
2022-11-02,92.5350
2022-11-03,91.4500
2022-11-04,95.7000
2022-11-07,97.5900
2022-11-08,99.6950
2022-11-09,96.9850
2022-11-10,106.8950
2022-11-11,110.4000
2022-11-14,109.3550
2022-11-15,112.8000
2022-11-16,108.7400
2022-11-17,109.5600
2022-11-18,109.7600
2022-11-21,107.8400
2022-11-22,110.9750
2022-11-23,111.9400
2022-11-25,110.6250
2022-11-28,108.0150
2022-11-29,107.7200
2022-11-30,113.8650
2022-12-01,113.5000
2022-12-02,111.9400
2022-12-05,110.6050
2022-12-06,108.1800
2022-12-07,108.1550
2022-12-08,110.9100
2022-12-09,110.0200
2022-12-12,111.9800
2022-12-13,113.8450
2022-12-14,111.8850
2022-12-15,107.6250
2022-12-16,106.7900
2022-12-19,104.3400
2022-12-20,103.8300
2022-12-21,106.1500
2022-12-22,101.7500
2022-12-23,101.7400
2022-12-27,99.9200
2022-12-28,98.6500
2022-12-29,101.8700
2022-12-30,101.4700
2023-01-03,100.6900
2023-01-04,103.2500
2023-01-05,101.4000
2023-01-06,105.8350
2023-01-09,108.1400
2023-01-10,109.5450
2023-01-11,110.8300
2023-01-12,112.4900
2023-01-13,112.8950
2023-01-17,113.5650
2023-01-18,112.8550
2023-01-19,110.0950
2023-01-20,113.6750
2023-01-23,119.0350
2023-01-24,118.1900
2023-01-25,118.3100
2023-01-26,120.4300
2023-01-27,119.6400
2023-01-30,116.7750
2023-01-31,118.5500
2023-02-01,124.1400
2023-02-02,126.7950
2023-02-03,124.4650
2023-02-06,122.3950
2023-02-07,126.0700
2023-02-08,123.6000
2023-02-09,124.0900
2023-02-10,122.0050
2023-02-13,123.8400
2023-02-14,126.5050
2023-02-15,126.5000
2023-02-16,123.0650
2023-02-17,121.3850
2023-02-21,117.6950
2023-02-22,117.1200
2023-02-23,121.2700
2023-02-24,119.1050
2023-02-27,119.6400
2023-02-28,119.7000
2023-03-01,119.7800
2023-03-02,120.8400
2023-03-03,122.4800
2023-03-06,121.3900
2023-03-07,120.0350
2023-03-08,123.1750
2023-03-09,120.8150
2023-03-10,118.8600
2023-03-13,118.7800
2023-03-14,122.3350
2023-03-15,120.9600
2023-03-16,125.8000
2023-03-17,125.1600
2023-03-20,126.4200
2023-03-21,126.8200
2023-03-22,126.0050
2023-03-23,129.3550
2023-03-24,127.3100
2023-03-27,125.8250
2023-03-28,124.9500
2023-03-29,128.8400
2023-03-30,130.6850
2023-03-31,131.5950
2023-04-03,130.8450
2023-04-04,128.8350
2023-04-05,126.5800
2023-04-06,126.2000
2023-04-10,128.1100
2023-04-11,127.4300
2023-04-12,125.1650
2023-04-13,126.1750
2023-04-14,126.0400
2023-04-17,125.9500
2023-04-18,126.5150
2023-04-19,125.3150
2023-04-20,125.4550
2023-04-21,124.1700
2023-04-24,123.5050
2023-04-25,119.5900
2023-04-26,120.4250
2023-04-27,121.5900
2023-04-28,123.6250
2023-05-01,124.5700
2023-05-02,123.4900
2023-05-03,122.2150
2023-05-04,121.8050
2023-05-05,124.3800
2023-05-08,125.0700
2023-05-09,123.1400
2023-05-10,124.1400
2023-05-11,123.0400
2023-05-12,122.9000
2023-05-15,126.1200
2023-05-16,126.0900
2023-05-17,129.5000
2023-05-18,134.0400
2023-05-19,133.3000
2023-05-22,133.1900
2023-05-23,131.2700
2023-05-24,129.3400
2023-05-25,140.4600
2023-05-26,147.3600
2023-05-30,148.0700
2023-05-31,144.3300
2023-06-01,146.5000
2023-06-02,146.1400
2023-06-05,144.3100
2023-06-06,145.3300
2023-06-07,144.5000
2023-06-08,146.1700
2023-06-09,146.8400
2023-06-12,151.1800
2023-06-13,153.2700
2023-06-14,155.6000
2023-06-15,154.4800
2023-06-16,153.3800
2023-06-20,152.8400
2023-06-21,149.3400
2023-06-22,150.0800
2023-06-23,147.5300
2023-06-26,146.8500
2023-06-27,151.5100
2023-06-28,150.1400
2023-06-29,149.9200
2023-06-30,152.2500
2023-07-03,153.6000
2023-07-05,150.7000
2023-07-06,148.9100
2023-07-07,149.0500
2023-07-10,151.1600
2023-07-11,151.3200
2023-07-12,154.5000
2023-07-13,158.2100
2023-07-14,156.9000
2023-07-17,159.8200
2023-07-18,160.2600
2023-07-19,158.5800
2023-07-20,152.9700
2023-07-21,153.7900
2023-07-24,153.9200
2023-07-25,156.3900
2023-07-26,154.6800
2023-07-27,157.4600
2023-07-28,160.5000
2023-07-31,160.6200
2023-08-01,160.5300
2023-08-02,154.6400
2023-08-03,154.1900
2023-08-04,154.2500
2023-08-07,155.9100
2023-08-08,153.3400
2023-08-09,150.3000
2023-08-10,149.9700
2023-08-11,146.2100
2023-08-14,150.6600
2023-08-15,148.8500
2023-08-16,146.5000
2023-08-17,145.5100
2023-08-18,146.1300
2023-08-21,151.0400
2023-08-22,149.5300
2023-08-23,152.7700
2023-08-24,148.8200
2023-08-25,149.0900
2023-08-28,150.9300
2023-08-29,154.8000
2023-08-30,155.5900
2023-08-31,156.2200
2023-09-01,156.2100
2023-09-05,156.5800
2023-09-06,154.7600
2023-09-07,151.3300
2023-09-08,150.3800
2023-09-11,150.4900
2023-09-12,149.3600
2023-09-13,150.5700
2023-09-14,151.3900
2023-09-15,146.8100
2023-09-18,147.3000
2023-09-19,146.0300
2023-09-20,143.6300
2023-09-21,140.7600
2023-09-22,141.9600
2023-09-25,142.9600
2023-09-26,140.7000
2023-09-27,141.9900
2023-09-28,144.2900
2023-09-29,144.9800
2023-10-02,146.2300
2023-10-03,142.9800
2023-10-04,145.2100
2023-10-05,145.2100
2023-10-06,148.3500
2023-10-09,147.9700
2023-10-10,149.8000
2023-10-11,151.4200
2023-10-12,152.1900
2023-10-13,148.3800
2023-10-16,150.0900
2023-10-17,148.3200
2023-10-18,145.3500
2023-10-19,144.3600
2023-10-20,142.1000
2023-10-23,142.6000
2023-10-24,144.2700
2023-10-25,138.6800
2023-10-26,137.4600
2023-10-27,138.3100
2023-10-30,137.9600
2023-10-31,138.9500
2023-11-01,142.4100
2023-11-02,146.1000
2023-11-03,149.5100
2023-11-06,149.9500
2023-11-07,150.8900
2023-11-08,151.4300
2023-11-09,151.1600
2023-11-10,157.2800
2023-11-13,156.3200
2023-11-14,161.0900
2023-11-15,161.2100
2023-11-16,161.8100
2023-11-17,162.5700
2023-11-20,164.9000
2023-11-21,162.4700
2023-11-22,162.1200
2023-11-24,161.7600
2023-11-27,161.6600
2023-11-28,160.7300
2023-11-29,162.2100
2023-11-30,160.4800
2023-12-01,161.1300
2023-12-04,158.7800
2023-12-05,158.7800
2023-12-06,157.5000
2023-12-07,161.1000
2023-12-08,162.4800
2023-12-11,166.3800
2023-12-12,168.1400
2023-12-13,170.1200
2023-12-14,173.2600
2023-12-15,174.0800
2023-12-18,173.3400
2023-12-19,173.9200
2023-12-20,169.0800
2023-12-21,173.2600
2023-12-22,173.2800
2023-12-26,175.6700
2023-12-27,175.8600
2023-12-28,175.8200
2023-12-29,174.8700
2024-01-02,168.9700
2024-01-03,165.9700
2024-01-04,164.9900
2024-01-05,166.0800
2024-01-08,171.9600
2024-01-09,172.4200
2024-01-10,172.5800
2024-01-11,173.5600
2024-01-12,172.9500
2024-01-16,175.7000
2024-01-17,174.6400
2024-01-18,180.3100
2024-01-19,187.1800
2024-01-22,188.0500
2024-01-23,189.0100
2024-01-24,192.3700
2024-01-25,192.3700
2024-01-26,188.2700
2024-01-29,190.4800
2024-01-30,188.5900
2024-01-31,185.8700
2024-02-01,187.5700
2024-02-02,191.2200
2024-02-05,194.9500
2024-02-06,192.7400
2024-02-07,196.6300
2024-02-08,199.4300
2024-02-09,203.8500
2024-02-12,203.0600
2024-02-13,199.3000
2024-02-14,203.3000
2024-02-15,202.6200
2024-02-16,201.7500
2024-02-20,197.7800
2024-02-21,196.5100
2024-02-22,209.9300
2024-02-23,208.6200
2024-02-26,210.3500
2024-02-27,209.7400
2024-02-28,207.4100
2024-02-29,211.9500
2024-03-01,220.5400
2024-03-04,224.0900
2024-03-05,220.6600
2024-03-06,226.3500
2024-03-07,234.1700
2024-03-08,224.9900
2024-03-11,220.9800
2024-03-12,227.9700
2024-03-13,223.4600
2024-03-14,219.4600
2024-03-15,217.8400
2024-03-18,218.2800
2024-03-19,217.8000
2024-03-20,221.2900
2024-03-21,226.3100
2024-03-22,227.6400
2024-03-25,227.0800
2024-03-26,224.9700
2024-03-27,224.8900
2024-03-28,224.9900
2024-04-01,227.9400
2024-04-02,225.0100
2024-04-03,225.9100
2024-04-04,219.8900
2024-04-05,222.6400
2024-04-08,223.0600
2024-04-09,224.1000
2024-04-10,222.1500
2024-04-11,227.3100
2024-04-12,220.6800
2024-04-15,217.3600
2024-04-16,219.1600
2024-04-17,212.4000
2024-04-18,208.6300
2024-04-19,199.2100
2024-04-22,203.0200
2024-04-23,207.8000
2024-04-24,208.0400
2024-04-25,212.2000
2024-04-26,217.6400
2024-04-29,218.3800
2024-04-30,214.0900
2024-05-01,207.8500
2024-05-02,212.0300
2024-05-03,217.7300
2024-05-06,222.6700
2024-05-07,220.7300
2024-05-08,221.4000
2024-05-09,219.9800
2024-05-10,223.3000
2024-05-13,223.2600
2024-05-14,227.0800
2024-05-15,233.9000
2024-05-16,232.2000
2024-05-17,230.2500
2024-05-20,235.0000
2024-05-21,234.6700
2024-05-22,236.5900
2024-05-23,239.8200
2024-05-24,244.2600
2024-05-28,249.8300
2024-05-29,245.6500
2024-05-30,242.2700
2024-05-31,240.4800
2024-06-03,243.4800
2024-06-04,242.6000
2024-06-05,254.4100
2024-06-06,252.4100
2024-06-07,252.2100
2024-06-10,255.8600
2024-06-11,255.4800
2024-06-12,263.0900
2024-06-13,267.2100
2024-06-14,267.8900
2024-06-17,272.4800
2024-06-18,276.7600
2024-06-20,268.9200
2024-06-21,264.8900
2024-06-24,255.7800
2024-06-25,261.7700
2024-06-26,260.9100
2024-06-27,258.8600
2024-06-28,260.7000
2024-07-01,261.0100
2024-07-02,263.6300
2024-07-03,269.6200
2024-07-05,269.7200
2024-07-08,274.2100
2024-07-09,274.8100
2024-07-10,281.2700
2024-07-11,271.0200
2024-07-12,274.4500
2024-07-15,273.8300
2024-07-16,273.7100
2024-07-17,254.2200
2024-07-18,255.5400
2024-07-19,248.1400
2024-07-22,257.7200
2024-07-23,254.8600
2024-07-24,240.9800
2024-07-25,236.5600
2024-07-26,240.3100
2024-07-29,238.6000
2024-07-30,229.4700
2024-07-31,246.9900
2024-08-01,231.0100
2024-08-02,218.4300
2024-08-05,213.3100
2024-08-06,217.4600
2024-08-07,211.4700
2024-08-08,224.9100
2024-08-09,224.8500
2024-08-12,226.9600
2024-08-13,236.1900
2024-08-14,236.3900
2024-08-15,246.3700
2024-08-16,246.7100
2024-08-19,251.3400
2024-08-20,248.0600
2024-08-21,250.6300
2024-08-22,242.4200
2024-08-23,248.3900
2024-08-26,242.5700
2024-08-27,245.0100
2024-08-28,240.8900
2024-08-29,237.9100
2024-08-30,243.4600
2024-09-03,225.1900
2024-09-04,224.6500
2024-09-05,224.2600
2024-09-06,215.0000
2024-09-09,219.8600
2024-09-10,221.9400
2024-09-11,233.4000
2024-09-12,233.9000
2024-09-13,236.9100
2024-09-16,233.8000
2024-09-17,233.7200
2024-09-18,231.0600
2024-09-19,241.0900
2024-09-20,237.9000
2024-09-23,238.9500
2024-09-24,243.4000
2024-09-25,245.5400
2024-09-26,252.6200
2024-09-27,247.7400
2024-09-30,245.4500
2024-10-01,238.8800
2024-10-02,242.3200
2024-10-03,244.5500
2024-10-04,247.8200
2024-10-07,248.2200
2024-10-08,252.5200
2024-10-09,255.1500
2024-10-10,254.6500
2024-10-11,256.6900
2024-10-14,261.2800
2024-10-15,247.1600
2024-10-16,247.3200
2024-10-17,251.5800
2024-10-18,251.5100
2024-10-21,252.8400
2024-10-22,251.6900
2024-10-23,249.0100
2024-10-24,250.0600
2024-10-25,252.9600
2024-10-28,251.2100
2024-10-29,256.9200
2024-10-30,250.6800
2024-10-31,241.6800
2024-11-01,244.7500
2024-11-04,244.2700
2024-11-05,248.3100
2024-11-06,254.8100
2024-11-07,261.0200
2024-11-08,259.3400
2024-11-11,253.5300
2024-11-12,251.8600
2024-11-13,247.6300
2024-11-14,248.1800
2024-11-15,239.9500
2024-11-18,241.5400
2024-11-19,244.1800
2024-11-20,242.5400
2024-11-21,246.1000
2024-11-22,244.6200
2024-11-25,243.6600
2024-11-26,241.4200
2024-11-27,238.2500
2024-11-29,242.1300
2024-12-02,247.8700
2024-12-03,248.4200
2024-12-04,252.6300
2024-12-05,248.3000
2024-12-06,248.6100
2024-12-09,246.0700
2024-12-10,239.8800
2024-12-11,245.7500
2024-12-12,243.3700
2024-12-13,249.4900
2024-12-16,253.2500
2024-12-17,249.9600
2024-12-18,241.9900
2024-12-19,238.8700
2024-12-20,242.7100
2024-12-23,249.2200
2024-12-24,251.3700
2024-12-26,250.9300
2024-12-27,248.4000
2024-12-30,244.6600
2024-12-31,242.1700
2025-01-02,244.7900
2025-01-03,251.8800
2025-01-06,260.2300
2025-01-07,254.0400
2025-01-08,252.2300
2025-01-10,247.1800
2025-01-13,244.6400
2025-01-14,245.4400
2025-01-15,251.2100
2025-01-16,252.2900
2025-01-17,258.2500
2025-01-21,262.3900
2025-01-22,267.1700
2025-01-23,266.8500
2025-01-24,261.5300
2025-01-27,235.8100
2025-01-28,240.4500
2025-01-29,239.5300
2025-01-30,245.1700
2025-01-31,243.6200
2025-02-03,238.7800
2025-02-04,241.4700
2025-02-05,247.1400
2025-02-06,248.3500
2025-02-07,245.0000
2025-02-10,249.6200
2025-02-11,249.8700
2025-02-12,248.5100
2025-02-13,251.9200
2025-02-14,252.5800
2025-02-18,256.2200
2025-02-19,257.3400
2025-02-20,257.8000
2025-02-21,249.9900
2025-02-24,243.4200
2025-02-25,238.2500
2025-02-26,243.8200
2025-02-27,228.7900
2025-02-28,232.7700
2025-03-03,223.0100
2025-03-04,225.2300
2025-03-05,229.4000
2025-03-06,219.7800
2025-03-07,225.0900
2025-03-10,214.5300
2025-03-11,214.2200
2025-03-12,220.5200
2025-03-13,219.5500
2025-03-14,226.5700
2025-03-17,228.9600
2025-03-18,225.4200
2025-03-19,227.4100
2025-03-20,227.0500
2025-03-21,224.7700
2025-03-24,230.6300
2025-03-25,229.6500
2025-03-26,222.0100
2025-03-27,217.7500
2025-03-28,212.1700
2025-03-31,211.4700
2025-04-01,212.4900
2025-04-02,214.0900
2025-04-03,195.5700
2025-04-04,180.8000
2025-04-07,184.9000
2025-04-08,179.9500
2025-04-09,210.8300
2025-04-10,196.2100
2025-04-11,201.3100
2025-04-14,201.6100
2025-04-15,202.9200
2025-04-16,194.3500
2025-04-17,192.5300
2025-04-21,187.8300
2025-04-22,191.9000
2025-04-23,198.9100
2025-04-24,208.9700
2025-04-25,211.9700
2025-04-28,210.6500
2025-04-29,210.2900
2025-04-30,211.2800
2025-05-01,212.3000
2025-05-02,219.0300
2025-05-05,217.6100
2025-05-06,215.5900
2025-05-07,220.0200
2025-05-08,221.9500
2025-05-09,223.4000
2025-05-12,237.4100
2025-05-13,245.5600
2025-05-14,247.9900
2025-05-15,247.1300
2025-05-16,246.4200
2025-05-19,246.0100
2025-05-20,245.5400
2025-05-21,241.4700
2025-05-22,240.8100
2025-05-23,237.4400
2025-05-27,244.9700
2025-05-28,242.3600
2025-05-29,244.0800
2025-05-30,239.7500
2025-06-02,243.3000
2025-06-03,248.7900
2025-06-04,251.7500
2025-06-05,251.3000
2025-06-06,252.7300
2025-06-09,256.9600
2025-06-10,262.0700
2025-06-11,261.8800
2025-06-12,263.1500
2025-06-13,256.9900
2025-06-16,263.3800
2025-06-17,261.5900
2025-06-18,262.5900
2025-06-20,260.2700
2025-06-23,261.9200
2025-06-24,271.5400
2025-06-25,275.2000
2025-06-26,277.2000
2025-06-27,278.4200
2025-06-30,278.8800
2025-07-01,275.8400
2025-07-02,281.2500
2025-07-03,283.6200
2025-07-07,279.7600
2025-07-08,283.4800
2025-07-09,285.4200
2025-07-10,287.5200
2025-07-11,287.4900
2025-07-14,285.3200
2025-07-15,290.8000
2025-07-16,289.2800
2025-07-17,291.7100
2025-07-18,290.3100
2025-07-21,290.5100
2025-07-22,285.3700
2025-07-23,286.6100
2025-07-24,287.8000
2025-07-25,287.4900
2025-07-28,291.4100
2025-07-29,292.9000
2025-07-30,296.2600
2025-07-31,288.7800
2025-08-01,283.9500
2025-08-04,290.1900
2025-08-05,287.1000
2025-08-06,286.6200
2025-08-07,291.1200
2025-08-08,293.5300
2025-08-11,293.4000
2025-08-12,300.1000
2025-08-13,301.2800
2025-08-14,301.9200
2025-08-15,295.6500
2025-08-18,296.8600
2025-08-19,290.8700
2025-08-20,288.9600
2025-08-21,287.4600
2025-08-22,293.6400
2025-08-25,293.9200
2025-08-26,296.7500
2025-08-27,297.6600
2025-08-28,298.8800
2025-08-29,290.2900
2025-09-02,286.4800
2025-09-03,286.4300
2025-09-04,289.8600
2025-09-05,293.2800
2025-09-08,296.5200
2025-09-09,297.8100
2025-09-10,300.8300
2025-09-11,303.9300
2025-09-12,304.3200
2025-09-15,307.1700
2025-09-16,307.2100
2025-09-17,305.2500
2025-09-18,316.9700
2025-09-19,315.7100
2025-09-22,322.1700
2025-09-23,321.7000
2025-09-24,321.1100
2025-09-25,321.0600
2025-09-26,321.8200
2025-09-29,322.6600
2025-09-30,326.3600
2025-10-01,333.6900
2025-10-02,338.2400
2025-10-03,336.6800
2025-10-06,343.3800
2025-10-07,337.0500
2025-10-08,346.0700
2025-10-09,345.2100
2025-10-10,325.3400
2025-10-13,339.7500
2025-10-14,333.5000
2025-10-15,341.7800
2025-10-16,343.3000
2025-10-17,342.8300
2025-10-20,347.2200
2025-10-21,345.3000
2025-10-22,338.6000
2025-10-23,344.8000
2025-10-24,351.1400
2025-10-27,359.9400
2025-10-28,363.1100
2025-10-29,368.6100
2025-10-30,363.7300
2025-10-31,363.0200
2025-11-03,366.1000
2025-11-04,352.7600
2025-11-05,359.5000
2025-11-06,351.0900
2025-11-07,348.1200
2025-11-10,358.7900
2025-11-11,351.0500
2025-11-12,355.5300
2025-11-13,344.8200
2025-11-14,344.9800
2025-11-17,340.3000
2025-11-18,333.2900
2025-11-19,339.4400
2025-11-20,325.1000
2025-11-21,326.1300
2025-11-24,339.1200
2025-11-25,340.0100
2025-11-26,347.7100
2025-11-28,352.2800
2025-12-01,352.9600
2025-12-02,359.4300
2025-12-03,364.3700
2025-12-04,361.6000
2025-12-05,364.4200
2025-12-08,368.5500
2025-12-09,369.0000
2025-12-10,374.1000
2025-12-11,370.8900
2025-12-12,354.1200
2025-12-15,352.9000
2025-12-16,351.9400
2025-12-17,339.2400
2025-12-18,347.2500
2025-12-19,356.2300
2025-12-22,359.7000
2025-12-23,363.1600
2025-12-24,364.1700
2025-12-26,365.8600
2025-12-29,364.2100
2025-12-30,363.3100
2025-12-31,360.1300
2026-01-02,373.3000
2026-01-05,377.5900
2026-01-06,387.6200
2026-01-07,385.0200
2026-01-08,378.9800
2026-01-09,389.2200
2026-01-12,390.6600
2026-01-13,391.5300
2026-01-14,388.3500
2026-01-15,396.4100
2026-01-16,400.3900
2026-01-20,390.3900
2026-01-21,401.9300
2026-01-22,402.8200
2026-01-23,400.0900
2026-01-26,398.8200
2026-01-27,407.2500
2026-01-28,416.6300
2026-01-29,417.5200
2026-01-30,403.4600
2026-02-02,407.9700
2026-02-03,397.6800
2026-02-04,382.0200
2026-02-05,381.0700
2026-02-06,401.6500
2026-02-09,406.6500
2026-02-10,404.7600
2026-02-11,414.7800
2026-02-12,406.1100
2026-02-13,407.7200
2026-02-17,407.5100
2026-02-18,412.5500
2026-02-19,410.2000
2026-02-20,415.0300
2026-02-23,412.8800
2026-02-24,419.1600
2026-02-25,426.1600
2026-02-26,412.0100
2026-02-27,406.3700
2026-03-02,406.3900
2026-03-03,391.0600
2026-03-04,399.1000
2026-03-05,395.3500
2026-03-06,380.5600
2026-03-09,394.3700
2026-03-10,397.3300
2026-03-11,401.0300
2026-03-12,388.1300
2026-03-13,387.3300
2026-03-16,393.9200
2026-03-17,396.8800
2026-03-18,393.6700
2026-03-19,394.9200
2026-03-20,384.7400
2026-03-23,391.3600
2026-03-24,394.5900
2026-03-25,399.0200
2026-03-26,380.8400
2026-03-27,374.2500
2026-03-30,362.5300
2026-03-31,383.4000
2026-04-01,391.9700
2026-04-02,392.3200
2026-04-06,395.9800
2026-04-07,399.9000
2026-04-08,422.9200
2026-04-09,430.3100
2026-04-10,436.8800
2026-04-13,443.3400
2026-04-14,452.0000
2026-04-15,453.0000
2026-04-16,454.8000
2026-04-17,464.1600
2026-04-20,463.9600
2026-04-21,464.6600
2026-04-22,476.8300
2026-04-23,481.8500
2026-04-24,506.4400
2026-04-27,506.2600
2026-04-28,491.2100
2026-04-29,499.5800
2026-04-30,506.7200
2026-05-01,509.8200
2026-05-04,506.7900
2026-05-05,522.6900
2026-05-06,549.7600
2026-05-07,540.1000
2026-05-08,566.5400
2026-05-11,576.3100
2026-05-12,561.2500
2026-05-13,572.4600
2026-05-14,578.3400
2026-05-15,556.3400
2026-05-18,546.1600
2026-05-19,543.9600
2026-05-20,564.6600
2026-05-21,567.8800
2026-05-22,576.3200
2026-05-26,602.1400
2026-05-27,595.5000
2026-05-28,599.8300
2026-05-29,598.9300
2026-06-01,607.8100
2026-06-02,632.2100
2026-06-03,637.9000
2026-06-04,627.5300
2026-06-05,569.6900
2026-06-08,598.1600
2026-06-09,591.0100
2026-06-10,570.9100
2026-06-11,609.4500
2026-06-12,619.9600
2026-06-15,647.1000
2026-06-16,616.0000
2026-06-17,623.9700
2026-06-18,659.8800
2026-06-22,668.9100
2026-06-23,622.0500
2026-06-24,618.9200
2026-06-25,636.8800
2026-06-26,611.6100
2026-06-29,631.9800
2026-06-30,655.8900
2026-07-01,620.4600
2026-07-02,592.2900
2026-07-06,604.3000
2026-07-07,581.4500
2026-07-08,593.0000
2026-07-09,607.7300
2026-07-10,611.0300
2026-07-13,585.6200
2026-07-14,600.3100
2026-07-15,590.7700
2026-07-16,568.9200
2026-07-17,556.5300
2026-07-20,558.8300
2026-07-21,584.0800
2026-07-22,586.9100
2026-07-23,580.1700
2026-07-24,561.1900
2026-07-27,548.5500
2026-07-28,529.6000
2026-07-29,504.2200
2026-07-30,538.9000
2026-07-31,540.5300
2026-08-03,545.4600
2026-08-04,575.7100
2026-08-05,569.7000
2026-08-06,571.4800
2026-08-07,582.7000
2026-08-10,569.4100
2026-08-11,572.9300
2026-08-12,584.8300
2026-08-13,589.1200
2026-08-14,587.8200
2026-08-17,594.0700
2026-08-18,569.7700
2026-08-19,560.9200
2026-08-20,562.6500
2026-08-21,560.4200
2026-08-24,546.8000
2026-08-25,555.8200
2026-08-26,555.7700
2026-08-27,573.0000
2026-08-28,553.1100
2026-08-31,556.6300
2026-09-01,545.2200
2026-09-02,550.4800
2026-09-03,552.6000
2026-09-04,567.0100
