Date,Close,Volume
1950-01-20,16.90,7430000
1950-01-27,16.82,6690000
1950-02-03,17.29,9390000
1950-02-10,17.24,7920000
1950-02-17,17.15,7800000
1950-02-24,17.28,5700000
1950-03-03,17.29,6990000
1950-03-10,17.09,7010000
1950-03-17,17.45,7690000
1950-03-24,17.56,8430000
1950-03-31,17.29,10050000
1950-04-06,17.78,7010000
1950-04-14,17.96,11250000
1950-04-21,17.96,14090000
1950-04-28,17.96,10280000
1950-05-05,18.22,10710000
1950-05-12,18.18,8820000
1950-05-19,18.68,12320000
1950-05-26,18.67,7740000
1950-06-02,18.79,5670000
1950-06-09,19.26,9540000
1950-06-16,18.97,7940000
1950-06-23,19.14,8040000
1950-06-30,17.69,17110000
1950-07-07,17.67,6390000
1950-07-14,16.87,12970000
1950-07-21,17.59,11740000
1950-07-28,17.69,11880000
1950-08-04,18.14,8800000
1950-08-11,18.28,9340000
1950-08-18,18.68,8330000
1950-08-25,18.54,8200000
1950-09-01,18.55,7110000
1950-09-08,18.75,5850000
1950-09-15,19.29,10900000
1950-09-22,19.44,9890000
1950-09-29,19.45,10660000
1950-10-06,20.12,12450000
1950-10-13,19.85,8430000
1950-10-20,19.96,10140000
1950-10-27,19.77,10370000
1950-11-03,19.85,8720000
1950-11-10,19.94,7830000
1950-11-17,19.86,8920000
1950-11-24,20.32,9610000
1950-12-01,19.66,11430000
1950-12-08,19.40,10580000
1950-12-15,19.33,11850000
1950-12-22,20.07,18370000
1950-12-29,20.43,12600000
1951-01-05,20.87,13180000
1951-01-12,21.11,16290000
1951-01-19,21.36,17110000
1951-01-26,21.26,11390000
1951-02-02,21.96,12860000
1951-02-09,22.17,11740000
1951-02-16,22.13,8010000
1951-02-23,21.92,7130000
1951-03-02,21.93,8150000
1951-03-09,21.95,8000000
1951-03-16,21.64,9810000
1951-03-22,21.73,4740000
1951-03-30,21.48,6700000
1951-04-06,21.72,7040000
1951-04-13,22.09,7460000
1951-04-20,22.04,7440000
1951-04-27,22.39,8020000
1951-05-04,22.77,9560000
1951-05-11,22.33,8440000
1951-05-18,21.51,7960000
1951-05-25,21.03,8350000
1951-06-01,21.48,13460000
1951-06-08,21.49,5820000
1951-06-15,22.04,6150000
1951-06-22,21.55,5710000
1951-06-29,20.96,8730000
1951-07-06,21.64,5180000
1951-07-13,21.98,5440000
1951-07-20,21.88,6360000
1951-07-27,22.53,7860000
1951-08-03,22.85,8530000
1951-08-10,22.79,7580000
1951-08-17,22.94,7210000
1951-08-24,22.88,6100000
1951-08-31,23.28,7360000
1951-09-07,23.53,7490000
1951-09-14,23.69,10930000
1951-09-21,23.40,10180000
1951-09-28,23.26,7820000
1951-10-05,23.78,9870000
1951-10-11,23.70,6690000
1951-10-19,23.32,8350000
1951-10-26,22.81,9540000
1951-11-02,22.93,7460000
1951-11-09,22.75,5500000
1951-11-16,22.82,4720000
1951-11-23,22.40,4460000
1951-11-30,22.88,6240000
1951-12-07,23.38,7660000
1951-12-14,23.37,6720000
1951-12-21,23.51,6610000
1951-12-28,23.69,5130000
1952-01-04,23.92,5210000
1952-01-11,23.98,7580000
1952-01-18,24.25,7610000
1952-01-25,24.55,8550000
1952-02-01,24.30,8360000
1952-02-08,24.24,7060000
1952-02-15,23.86,4980000
1952-02-21,23.16,6100000
1952-02-29,23.26,5690000
1952-03-07,23.72,6590000
1952-03-14,23.75,6310000
1952-03-21,23.93,5940000
1952-03-28,24.18,6060000
1952-04-04,24.02,7130000
1952-04-10,24.11,4430000
1952-04-18,23.50,7770000
1952-04-25,23.54,6260000
1952-05-02,23.56,5850000
1952-05-09,23.84,5290000
1952-05-16,23.56,4600000
1952-05-23,23.89,5650000
1952-05-29,23.86,4210000
1952-06-06,24.26,6260000
1952-06-13,24.37,6180000
1952-06-20,24.59,5680000
1952-06-27,24.83,6030000
1952-07-03,25.05,5300000
1952-07-11,24.98,5100000
1952-07-18,24.85,5460000
1952-07-25,25.16,5110000
1952-08-01,25.45,5560000
1952-08-08,25.55,5490000
1952-08-15,25.20,5080000
1952-08-22,24.99,4740000
1952-08-29,25.03,4530000
1952-09-05,25.21,4330000
1952-09-12,24.71,6080000
1952-09-19,24.57,5420000
1952-09-26,24.73,6180000
1952-10-03,24.50,5170000
1952-10-10,24.55,5440000
1952-10-17,24.20,5950000
1952-10-24,24.03,5520000
1952-10-31,24.52,5950000
1952-11-07,24.78,6630000
1952-11-14,24.75,5880000
1952-11-21,25.27,9590000
1952-11-28,25.66,8110000
1952-12-05,25.62,8400000
1952-12-12,26.04,9610000
1952-12-19,26.15,9530000
1952-12-26,26.25,7000000
1953-01-02,26.54,7390000
1953-01-09,26.08,9830000
1953-01-16,26.02,7710000
1953-01-23,26.07,6870000
1953-01-30,26.38,8200000
1953-02-06,26.51,8880000
1953-02-13,25.74,5720000
1953-02-20,25.63,6630000
1953-02-27,25.90,8940000
1953-03-06,25.84,8850000
1953-03-13,26.18,8560000
1953-03-20,26.18,9560000
1953-03-27,25.99,9680000
1953-04-02,25.23,9820000
1953-04-10,24.82,10290000
1953-04-17,24.62,7080000
1953-04-24,24.20,7860000
1953-05-01,24.73,6380000
1953-05-08,24.90,6250000
1953-05-15,24.84,5620000
1953-05-22,25.03,6830000
1953-05-29,24.54,5830000
1953-06-05,24.09,6550000
1953-06-12,23.82,7300000
1953-06-19,23.84,5510000
1953-06-26,24.21,5100000
1953-07-03,24.36,4390000
1953-07-10,24.41,4570000
1953-07-17,24.35,4620000
1953-07-24,24.23,4470000
1953-07-31,24.75,5810000
1953-08-07,24.78,5390000
1953-08-14,24.62,5060000
1953-08-21,24.35,5050000
1953-08-28,23.74,6200000
1953-09-04,23.57,6550000
1953-09-11,23.14,4540000
1953-09-18,22.95,9450000
1953-09-25,23.30,5540000
1953-10-02,23.59,5090000
1953-10-09,23.66,4900000
1953-10-16,24.14,5750000
1953-10-23,24.35,6450000
1953-10-30,24.54,6780000
1953-11-06,24.61,6240000
1953-11-13,24.54,5710000
1953-11-20,24.44,6710000
1953-11-27,24.66,6020000
1953-12-04,24.98,8520000
1953-12-11,24.76,7070000
1953-12-18,24.99,8020000
1953-12-24,24.80,6250000
1953-12-31,24.81,8250000
1954-01-08,24.93,7090000
1954-01-15,25.43,7600000
1954-01-22,25.85,9050000
1954-01-29,26.08,9680000
1954-02-05,26.30,8920000
1954-02-12,26.12,9440000
1954-02-19,25.92,8700000
1954-02-26,26.15,6200000
1954-03-05,26.52,10120000
1954-03-12,26.69,9180000
1954-03-19,26.81,8910000
1954-03-26,26.56,9150000
1954-04-02,27.21,10790000
1954-04-09,27.38,10320000
1954-04-15,27.94,8340000
1954-04-23,27.78,9900000
1954-04-30,28.26,10840000
1954-05-07,28.65,9930000
1954-05-14,28.80,10090000
1954-05-21,28.99,11150000
1954-05-28,29.19,10730000
1954-06-04,29.10,7310000
1954-06-11,28.58,9660000
1954-06-18,29.04,8510000
1954-06-25,29.20,10330000
1954-07-02,29.59,10260000
1954-07-09,30.14,9260000
1954-07-16,30.06,12820000
1954-07-23,30.31,12870000
1954-07-30,30.88,13050000
1954-08-06,30.38,15940000
1954-08-13,30.72,13790000
1954-08-20,31.21,12480000
1954-08-27,30.66,10100000
1954-09-03,30.50,9610000
1954-09-10,30.84,7400000
1954-09-17,31.71,10390000
1954-09-24,32.40,10770000
1954-10-01,32.29,9490000
1954-10-08,32.67,10800000
1954-10-15,31.71,10580000
1954-10-22,32.13,10470000
1954-10-29,31.68,10470000
1954-11-05,32.71,10580000
1954-11-12,33.54,15170000
1954-11-19,33.45,16830000
1954-11-26,34.55,13690000
1954-12-03,34.49,16820000
1954-12-10,34.56,18480000
1954-12-17,35.92,15260000
1954-12-23,35.37,14170000
1954-12-31,35.98,18490000
1955-01-07,35.33,22960000
1955-01-14,35.28,17360000
1955-01-21,35.44,14040000
1955-01-28,36.19,16790000
1955-02-04,36.96,16290000
1955-02-11,37.15,17090000
1955-02-18,36.89,16810000
1955-02-25,36.57,11500000
1955-03-04,37.52,14920000
1955-03-11,35.82,15180000
1955-03-18,36.18,14530000
1955-03-25,36.96,12370000
1955-04-01,36.95,14060000
1955-04-07,37.34,9430000
1955-04-15,37.96,14340000
1955-04-22,38.01,14480000
1955-04-29,37.96,12880000
1955-05-06,37.89,11590000
1955-05-13,37.44,11050000
1955-05-20,37.74,10690000
1955-05-27,37.93,10130000
1955-06-03,38.37,9700000
1955-06-10,39.25,14520000
1955-06-17,40.10,13380000
1955-06-24,40.96,13530000
1955-07-01,41.19,11520000
1955-07-08,42.64,11570000
1955-07-15,42.40,11620000
1955-07-22,43.00,11570000
1955-07-29,43.52,11170000
1955-08-05,42.56,10540000
1955-08-12,42.21,8700000
1955-08-19,42.02,7280000
1955-08-26,42.99,9780000
1955-09-02,43.60,9060000
1955-09-09,43.89,9690000
1955-09-16,45.09,13100000
1955-09-23,45.63,12030000
1955-09-30,43.67,21700000
1955-10-07,42.38,10500000
1955-10-14,41.22,12210000
1955-10-21,42.59,8660000
1955-10-28,42.37,8980000
1955-11-04,43.96,9690000
1955-11-11,45.24,9360000
1955-11-18,45.54,12410000
1955-11-25,45.68,8970000
1955-12-02,45.44,12500000
1955-12-09,45.89,13090000
1955-12-16,45.13,12180000
1955-12-23,45.50,11940000
1955-12-30,45.48,9010000
1956-01-06,45.14,9360000
1956-01-13,44.67,12100000
1956-01-20,43.22,11350000
1956-01-27,43.35,10620000
1956-02-03,44.78,9750000
1956-02-10,43.64,10310000
1956-02-17,44.52,10600000
1956-02-24,45.32,10560000
1956-03-02,45.81,14150000
1956-03-09,46.70,14170000
1956-03-16,48.14,15430000
1956-03-23,48.83,14090000
1956-03-29,48.48,11350000
1956-04-06,48.85,14190000
1956-04-13,47.95,12940000
1956-04-20,47.76,11640000
1956-04-27,47.99,12600000
1956-05-04,48.51,13170000
1956-05-11,47.12,12840000
1956-05-18,46.39,11160000
1956-05-25,44.62,11540000
1956-06-01,45.58,8670000
1956-06-08,45.14,9870000
1956-06-15,46.37,8880000
1956-06-22,46.59,7990000
1956-06-29,46.97,9000000
1956-07-06,48.04,7870000
1956-07-13,48.72,11350000
1956-07-20,49.35,11280000
1956-07-27,49.08,10530000
1956-08-03,49.64,11590000
1956-08-10,49.09,11530000
1956-08-17,48.82,9030000
1956-08-24,47.95,8900000
1956-08-31,47.51,8020000
1956-09-07,47.81,7160000
1956-09-14,47.21,9820000
1956-09-21,46.58,10440000
1956-09-28,45.35,9800000
1956-10-05,46.45,10360000
1956-10-12,47.00,7380000
1956-10-19,46.24,8190000
1956-10-26,46.27,7840000
1956-11-02,46.98,10600000
1956-11-09,46.34,9140000
1956-11-16,45.74,10060000
1956-11-23,45.14,8990000
1956-11-30,45.08,11290000
1956-12-07,47.04,11980000
1956-12-14,46.54,11810000
1956-12-21,46.37,11210000
1956-12-28,46.56,7650000
1957-01-04,46.66,10610000
1957-01-11,46.18,11870000
1957-01-18,44.64,11470000
1957-01-25,44.82,10500000
1957-02-01,44.62,9050000
1957-02-08,43.32,10430000
1957-02-15,43.51,11950000
1957-02-21,43.48,6940000
1957-03-01,43.74,8230000
1957-03-08,44.07,9050000
1957-03-15,44.05,8270000
1957-03-22,44.06,8060000
1957-03-29,44.11,8540000
1957-04-05,44.49,9730000
1957-04-12,44.98,11990000
1957-04-18,45.41,8670000
1957-04-26,45.50,13410000
1957-05-03,46.34,12050000
1957-05-10,46.59,12050000
1957-05-17,47.15,13090000
1957-05-24,47.21,11180000
1957-05-31,47.43,8680000
1957-06-07,47.85,10870000
1957-06-14,48.15,12220000
1957-06-21,47.15,10900000
1957-06-28,47.37,9480000
1957-07-05,48.69,9250000
1957-07-12,49.08,13240000
1957-07-19,48.58,11110000
1957-07-26,48.45,9030000
1957-08-02,47.68,8870000
1957-08-09,46.92,9420000
1957-08-16,45.83,8780000
1957-08-23,44.51,9920000
1957-08-30,45.22,10000000
1957-09-06,44.68,5490000
1957-09-13,44.80,9050000
1957-09-20,43.69,8180000
1957-09-27,42.55,12650000
1957-10-04,42.79,8070000
1957-10-11,40.94,15560000
1957-10-18,40.33,13170000
1957-10-25,40.59,20790000
1957-11-01,40.44,9950000
1957-11-08,40.19,9650000
1957-11-15,40.37,11670000
1957-11-22,40.87,12500000
1957-11-29,41.72,12320000
1957-12-06,41.31,11080000
1957-12-13,40.73,11470000
1957-12-20,39.48,13160000
1957-12-27,39.78,9910000
1958-01-03,40.87,13060000
1958-01-10,40.37,11140000
1958-01-17,41.10,12100000
1958-01-24,41.71,11600000
1958-01-31,41.70,10750000
1958-02-07,41.73,12370000
1958-02-14,41.33,9990000
1958-02-21,40.88,9210000
1958-02-28,40.84,8620000
1958-03-07,42.07,10440000
1958-03-14,42.33,12020000
1958-03-21,42.42,11320000
1958-03-28,42.20,10850000
1958-04-03,41.48,8640000
1958-04-11,41.74,10380000
1958-04-18,42.71,12210000
1958-04-25,43.36,13600000
1958-05-02,43.69,12410000
1958-05-09,44.09,14100000
1958-05-16,43.36,13280000
1958-05-23,43.87,12510000
1958-05-29,44.09,9290000
1958-06-06,44.64,13520000
1958-06-13,45.02,13200000
1958-06-20,44.85,13740000
1958-06-27,44.90,13330000
1958-07-03,45.47,10420000
1958-07-11,45.72,12480000
1958-07-18,45.77,15400000
1958-07-25,46.97,18580000
1958-08-01,47.49,18750000
1958-08-08,48.05,18500000
1958-08-15,47.50,14590000
1958-08-22,47.73,12260000
1958-08-29,47.75,13570000
1958-09-05,47.97,11790000
1958-09-12,48.53,15730000
1958-09-19,49.40,18110000
1958-09-26,49.66,18470000
1958-10-03,50.37,19200000
1958-10-10,51.39,19100000
1958-10-17,51.46,24390000
1958-10-24,50.81,19450000
1958-10-31,51.33,20720000
1958-11-07,52.26,15910000
1958-11-14,53.09,20800000
1958-11-21,52.70,20720000
1958-11-28,52.48,16920000
1958-12-05,52.46,17570000
1958-12-12,53.22,19110000
1958-12-19,54.07,18650000
1958-12-24,54.11,8950000
1959-01-02,55.44,15040000
1959-01-09,55.77,20830000
1959-01-16,55.81,21000000
1959-01-23,56.00,19310000
1959-01-30,55.45,18720000
1959-02-06,54.37,16150000
1959-02-13,54.42,14790000
1959-02-20,55.52,18500000
1959-02-27,55.41,16350000
1959-03-06,56.21,21010000
1959-03-13,56.67,21180000
1959-03-20,56.39,21600000
1959-03-26,55.76,12880000
1959-04-03,56.44,15640000
1959-04-10,56.22,15620000
1959-04-17,57.92,17800000
1959-04-24,57.96,17790000
1959-05-01,57.65,17770000
1959-05-08,57.32,18990000
1959-05-15,58.16,18120000
1959-05-22,58.33,15950000
1959-05-29,58.68,14870000
1959-06-05,57.51,14770000
1959-06-12,57.29,15470000
1959-06-19,57.13,13110000
1959-06-26,57.98,14760000
1959-07-02,59.28,12960000
1959-07-10,59.91,18730000
1959-07-17,59.19,15550000
1959-07-24,59.65,14790000
1959-07-31,60.51,15070000
1959-08-07,59.87,12760000
1959-08-14,59.29,13880000
1959-08-21,59.08,11760000
1959-08-28,59.60,10510000
1959-09-04,58.54,11570000
1959-09-11,57.41,11130000
1959-09-18,56.19,12220000
1959-09-25,56.73,16010000
1959-10-02,57.20,13640000
1959-10-09,57.00,11860000
1959-10-16,57.33,11550000
1959-10-23,56.56,13880000
1959-10-30,57.52,19110000
1959-11-06,57.60,13880000
1959-11-13,56.85,16190000
1959-11-20,56.97,17130000
1959-11-27,57.70,13630000
1959-12-04,58.85,18020000
1959-12-11,58.88,17000000
1959-12-18,59.14,16090000
1959-12-24,59.00,11430000
1959-12-31,59.89,13340000
1960-01-08,59.50,18030000
1960-01-15,58.38,17660000
1960-01-22,57.38,14230000
1960-01-29,55.61,14000000
1960-02-05,55.98,14050000
1960-02-12,55.46,13490000
1960-02-19,56.24,17290000
1960-02-26,56.16,12680000
1960-03-04,54.57,16240000
1960-03-11,54.24,15970000
1960-03-18,55.01,12940000
1960-03-25,55.98,13590000
1960-04-01,55.43,12220000
1960-04-08,56.39,14630000
1960-04-14,56.43,10450000
1960-04-22,55.42,14980000
1960-04-29,54.37,14980000
1960-05-06,54.75,13940000
1960-05-13,55.30,15410000
1960-05-20,55.73,19720000
1960-05-27,55.74,15970000
1960-06-03,56.23,14590000
1960-06-10,57.97,17490000
1960-06-17,57.44,17700000
1960-06-24,57.68,18270000
1960-07-01,57.06,14800000
1960-07-08,57.38,11810000
1960-07-15,56.05,12990000
1960-07-22,54.72,12570000
1960-07-29,55.51,13870000
1960-08-05,55.44,12840000
1960-08-12,56.66,14700000
1960-08-19,57.01,13710000
1960-08-26,57.60,15280000
1960-09-02,57.00,14940000
1960-09-09,56.11,10850000
1960-09-16,55.11,12080000
1960-09-23,53.90,14930000
1960-09-30,53.52,16840000
1960-10-07,54.03,12180000
1960-10-14,54.86,10960000
1960-10-21,53.72,12910000
1960-10-28,53.41,15860000
1960-11-04,54.90,13470000
1960-11-11,55.87,13750000
1960-11-18,55.82,13970000
1960-11-25,56.13,12710000
1960-12-02,55.39,16800000
1960-12-09,56.65,18310000
1960-12-16,57.20,17830000
1960-12-23,57.44,18430000
1960-12-30,58.11,16530000
1961-01-06,58.40,14360000
1961-01-13,59.60,22210000
1961-01-20,59.96,20740000
1961-01-27,61.24,21820000
1961-02-03,62.22,24370000
1961-02-10,61.50,23280000
1961-02-17,62.10,22960000
1961-02-24,62.84,20700000
1961-03-03,63.95,27100000
1961-03-10,63.48,29060000
1961-03-17,64.00,26450000
1961-03-24,64.42,23980000
1961-03-30,65.06,19760000
1961-04-07,65.96,28990000
1961-04-14,66.37,25660000
1961-04-21,65.77,24710000
1961-04-28,65.31,22400000
1961-05-05,66.52,23090000
1961-05-12,66.50,26010000
1961-05-19,67.27,24280000
1961-05-26,66.43,19240000
1961-06-02,66.73,11760000
1961-06-09,66.66,19710000
1961-06-16,65.18,16320000
1961-06-23,65.16,16070000
1961-06-30,64.64,13550000
1961-07-07,65.77,11950000
1961-07-14,65.28,14840000
1961-07-21,64.86,13530000
1961-07-28,66.71,17350000
1961-08-04,67.68,18820000
1961-08-11,68.06,18150000
1961-08-18,68.29,18030000
1961-08-25,67.67,17210000
1961-09-01,68.19,15160000
1961-09-08,67.88,13770000
1961-09-15,67.65,14900000
1961-09-22,66.72,15920000
1961-09-29,66.73,16520000
1961-10-06,66.97,16250000
1961-10-13,68.04,16170000
1961-10-20,68.00,16790000
1961-10-27,68.34,16990000
1961-11-03,69.47,17950000
1961-11-10,71.07,19290000
1961-11-17,71.62,21890000
1961-11-24,71.84,17600000
1961-12-01,71.78,22240000
1961-12-08,72.04,21000000
1961-12-15,72.01,21990000
1961-12-22,70.91,17720000
1961-12-29,71.55,17250000
1962-01-05,69.66,15790000
1962-01-12,69.61,18640000
1962-01-19,68.75,18140000
1962-01-26,68.13,17810000
1962-02-02,69.81,18620000
1962-02-09,70.48,18860000
1962-02-16,70.59,16820000
1962-02-23,70.16,13190000
1962-03-02,70.16,14990000
1962-03-09,70.42,15330000
1962-03-16,70.94,16460000
1962-03-23,70.45,15820000
1962-03-30,69.55,14890000
1962-04-06,68.84,15290000
1962-04-13,67.90,15930000
1962-04-19,68.59,12460000
1962-04-27,66.30,17410000
1962-05-04,66.24,19360000
1962-05-11,62.65,18460000
1962-05-18,63.82,19570000
1962-05-25,59.47,22980000
1962-06-01,59.38,40570000
1962-06-08,58.45,21030000
1962-06-15,55.89,26780000
1962-06-22,52.68,20820000
1962-06-29,54.75,25770000
1962-07-06,56.17,13830000
1962-07-13,57.83,23070000
1962-07-20,56.81,15950000
1962-07-27,57.20,13920000
1962-08-03,58.12,19890000
1962-08-10,57.55,14300000
1962-08-17,59.01,18800000
1962-08-24,59.58,20490000
1962-08-31,59.12,14310000
1962-09-07,58.38,12090000
1962-09-14,58.89,14640000
1962-09-21,57.69,17600000
1962-09-28,56.27,18560000
1962-10-05,57.07,13960000
1962-10-12,56.95,11810000
1962-10-19,55.59,16670000
1962-10-26,54.54,25050000
1962-11-02,57.75,20070000
1962-11-09,58.78,17400000
1962-11-16,60.16,23780000
1962-11-23,61.54,18460000
1962-11-30,62.26,27510000
1962-12-07,63.06,23800000
1962-12-14,62.57,18390000
1962-12-21,62.64,18900000
1962-12-28,62.96,14360000
1963-01-04,64.13,17930000
1963-01-11,64.85,23890000
1963-01-18,65.18,25180000
1963-01-25,65.92,23300000
1963-02-01,66.31,21370000
1963-02-08,66.17,20190000
1963-02-15,66.41,22600000
1963-02-21,65.92,16930000
1963-03-01,64.10,19040000
1963-03-08,65.33,16740000
1963-03-15,65.93,17590000
1963-03-22,66.19,17160000
1963-03-29,66.57,19350000
1963-04-05,68.28,23450000
1963-04-11,68.77,22160000
1963-04-19,69.23,26150000
1963-04-26,69.70,25870000
1963-05-03,70.03,22960000
1963-05-10,70.52,24230000
1963-05-17,70.29,25360000
1963-05-24,70.02,24560000
1963-05-31,70.80,16620000
1963-06-07,70.41,27330000
1963-06-14,70.25,22820000
1963-06-21,70.25,20550000
1963-06-28,69.37,19880000
1963-07-05,70.22,13840000
1963-07-12,69.64,18610000
1963-07-19,68.35,17280000
1963-07-26,68.54,16230000
1963-08-02,69.30,16700000
1963-08-09,70.48,18430000
1963-08-16,71.49,22750000
1963-08-23,71.76,20550000
1963-08-30,72.50,23570000
1963-09-06,72.84,24500000
1963-09-13,73.17,27790000
1963-09-20,73.30,24150000
1963-09-27,72.13,26450000
1963-10-04,72.85,21560000
1963-10-11,72.27,23700000
1963-10-18,73.32,27010000
1963-10-25,74.01,30370000
1963-11-01,73.83,28690000
1963-11-08,73.36,19930000
1963-11-15,72.35,22690000
1963-11-22,69.61,26790000
1963-11-29,73.23,19340000
1963-12-06,74.00,24100000
1963-12-13,74.06,21900000
1963-12-20,74.28,24430000
1963-12-27,74.44,16570000
1964-01-03,75.50,21890000
1964-01-10,76.24,27000000
1964-01-17,76.56,30490000
1964-01-24,77.11,26260000
1964-01-31,77.04,22640000
1964-02-07,77.18,21290000
1964-02-14,77.48,22020000
1964-02-20,77.62,18410000
1964-02-28,77.80,26390000
1964-03-06,78.31,25760000
1964-03-13,79.14,28140000
1964-03-20,78.92,27200000
1964-03-26,79.19,21330000
1964-04-03,79.94,29670000
1964-04-10,79.85,27410000
1964-04-17,80.55,26990000
1964-04-24,79.75,29000000
1964-05-01,80.17,27740000
1964-05-08,81.00,26770000
1964-05-15,81.10,25370000
1964-05-22,80.73,23730000
1964-05-28,80.37,17290000
1964-06-05,79.02,21590000
1964-06-12,79.60,20110000
1964-06-19,80.89,22820000
1964-06-26,81.46,22890000
1964-07-02,82.60,19290000
1964-07-10,83.36,25540000
1964-07-17,84.01,23450000
1964-07-24,83.46,22300000
1964-07-31,83.18,20750000
1964-08-07,81.86,21850000
1964-08-14,82.35,19320000
1964-08-21,82.07,19580000
1964-08-28,81.99,18190000
1964-09-04,82.76,21310000
1964-09-11,83.45,20880000
1964-09-18,83.48,27830000
1964-09-25,84.21,28490000
1964-10-02,84.36,23440000
1964-10-09,85.22,25110000
1964-10-16,84.83,25680000
1964-10-23,85.14,23820000
1964-10-30,84.86,23100000
1964-11-06,85.23,18340000
1964-11-13,85.21,23480000
1964-11-20,86.28,28130000
1964-11-27,85.16,18800000
1964-12-04,84.35,23350000
1964-12-11,83.66,24200000
1964-12-18,84.29,23770000
1964-12-24,84.15,17060000
1964-12-31,84.75,20520000
1965-01-08,85.37,23310000
1965-01-15,86.21,28150000
1965-01-22,86.74,26860000
1965-01-29,87.56,30810000
1965-02-05,87.29,29200000
1965-02-12,86.17,29670000
1965-02-19,86.21,27890000
1965-02-26,87.43,25520000
1965-03-05,86.80,31530000
1965-03-12,87.21,27700000
1965-03-19,86.84,26630000
1965-03-26,86.20,25640000
1965-04-02,86.53,23280000
1965-04-09,87.56,26310000
1965-04-15,88.15,25140000
1965-04-23,88.88,29620000
1965-04-30,89.11,28100000
1965-05-07,89.85,29570000
1965-05-14,90.10,29380000
1965-05-21,88.75,26380000
1965-05-28,88.42,24860000
1965-06-04,87.11,21870000
1965-06-11,85.12,29230000
1965-06-18,85.34,30210000
1965-06-25,83.06,21820000
1965-07-02,85.16,33810000
1965-07-09,85.71,15600000
1965-07-16,85.69,18990000
1965-07-23,84.07,19150000
1965-07-30,85.25,22630000
1965-08-06,86.07,22810000
1965-08-13,86.77,24850000
1965-08-20,86.69,24810000
1965-08-27,87.20,27030000
1965-09-03,88.06,27940000
1965-09-10,89.12,26000000
1965-09-17,90.05,35090000
1965-09-24,90.02,40880000
1965-10-01,89.90,42310000
1965-10-08,90.85,32920000
1965-10-15,91.38,44590000
1965-10-22,91.98,43130000
1965-10-29,92.42,35980000
1965-11-05,92.37,29550000
1965-11-12,92.55,31750000
1965-11-19,92.24,39700000
1965-11-26,92.03,28360000
1965-12-03,91.27,45120000
1965-12-10,91.80,48790000
1965-12-17,92.08,47580000
1965-12-23,92.19,32170000
1965-12-31,92.43,35140000
1966-01-07,93.14,38620000
1966-01-14,93.50,43230000
1966-01-21,93.47,47300000
1966-01-28,93.31,45960000
1966-02-04,93.26,40740000
1966-02-11,93.81,46260000
1966-02-18,92.41,44090000
1966-02-25,91.14,32590000
1966-03-04,89.24,50310000
1966-03-11,88.85,44780000
1966-03-18,88.53,36080000
1966-03-25,89.54,38490000
1966-04-01,89.94,40660000
1966-04-07,91.76,38610000
1966-04-15,91.99,53500000
1966-04-22,92.27,46710000
1966-04-29,91.06,38290000
1966-05-06,87.84,48040000
1966-05-13,85.47,42990000
1966-05-20,85.43,43510000
1966-05-27,87.33,30980000
1966-06-03,86.06,20570000
1966-06-10,86.44,27930000
1966-06-17,86.51,37170000
1966-06-24,86.58,35670000
1966-07-01,85.61,30080000
1966-07-08,87.61,24770000
1966-07-15,87.08,29000000
1966-07-22,85.41,29280000
1966-07-29,83.60,31560000
1966-08-05,84.00,30190000
1966-08-12,83.17,28390000
1966-08-19,79.62,32510000
1966-08-26,76.41,40520000
1966-09-02,77.42,43150000
1966-09-09,76.29,21820000
1966-09-16,79.99,31190000
1966-09-23,77.67,25160000
1966-09-30,76.56,29530000
1966-10-07,73.20,37530000
1966-10-14,76.60,39260000
1966-10-21,78.19,31740000
1966-10-28,80.24,31820000
1966-11-04,80.81,31470000
1966-11-11,81.94,30070000
1966-11-18,81.26,39880000
1966-11-25,80.85,28040000
1966-12-02,80.13,36890000
1966-12-09,82.14,39140000
1966-12-16,81.58,40780000
1966-12-23,81.47,37770000
1966-12-30,80.33,32670000
1967-01-06,82.18,27400000
1967-01-13,84.53,53360000
1967-01-20,86.07,53020000
1967-01-27,86.16,51840000
1967-02-03,87.36,54100000
1967-02-10,87.63,48120000
1967-02-17,87.89,44830000
1967-02-24,87.41,37510000
1967-03-03,88.29,54690000
1967-03-10,88.89,56660000
1967-03-17,90.25,53190000
1967-03-23,90.94,37180000
1967-03-31,90.20,43100000
1967-04-07,89.36,44650000
1967-04-14,90.43,39990000
1967-04-21,92.30,50330000
1967-04-28,94.01,52680000
1967-05-05,94.44,54700000
1967-05-12,93.48,52360000
1967-05-19,92.07,49430000
1967-05-26,90.98,46470000
1967-06-02,89.79,32570000
1967-06-09,91.56,48460000
1967-06-16,92.54,54740000
1967-06-23,92.00,47360000
1967-06-30,90.64,44920000
1967-07-07,91.69,36920000
1967-07-14,92.74,57380000
1967-07-21,94.04,58170000
1967-07-28,94.49,53930000
1967-08-04,95.83,60700000
1967-08-11,95.15,46520000
1967-08-18,94.78,41960000
1967-08-25,92.70,40290000
1967-09-01,93.68,36120000
1967-09-08,94.36,36080000
1967-09-15,96.27,53990000
1967-09-22,97.00,56590000
1967-09-29,96.71,50840000
1967-10-06,97.26,49400000
1967-10-13,96.00,51220000
1967-10-20,95.38,51000000
1967-10-27,94.96,50890000
1967-11-03,91.78,52760000
1967-11-10,92.21,41800000
1967-11-17,92.82,51100000
1967-11-24,93.90,46700000
1967-12-01,94.50,51080000
1967-12-08,95.42,59820000
1967-12-15,95.03,57680000
1967-12-22,95.20,52900000
1967-12-29,96.47,49320000
1968-01-05,95.94,49050000
1968-01-12,96.72,65950000
1968-01-19,95.24,63680000
1968-01-26,93.45,54620000
1968-02-02,92.27,50180000
1968-02-09,89.86,47430000
1968-02-16,89.96,41060000
1968-02-23,90.89,34050000
1968-03-01,89.11,39740000
1968-03-08,89.03,47970000
1968-03-15,89.10,50610000
1968-03-22,88.42,44080000
1968-03-29,90.20,41340000
1968-04-05,93.29,78450000
1968-04-11,96.53,47650000
1968-04-19,95.85,74440000
1968-04-26,97.21,68470000
1968-05-03,98.66,73100000
1968-05-10,98.50,63790000
1968-05-17,96.90,63060000
1968-05-24,97.15,64680000
1968-05-31,98.68,53760000
1968-06-07,101.27,82040000
1968-06-14,101.13,66380000
1968-06-21,100.66,55940000
1968-06-28,99.58,52930000
1968-07-03,100.91,39020000
1968-07-12,102.34,68500000
1968-07-19,100.46,58810000
1968-07-26,98.34,54930000
1968-08-02,96.63,45430000
1968-08-09,97.01,39780000
1968-08-16,98.68,45800000
1968-08-23,98.69,45570000
1968-08-30,98.86,38580000
1968-09-06,101.20,44820000
1968-09-13,100.86,51020000
1968-09-20,101.66,59280000
1968-09-27,102.31,59570000
1968-10-04,103.71,65630000
1968-10-11,103.18,56070000
1968-10-18,104.82,61580000
1968-10-25,104.20,60800000
1968-11-01,103.06,56210000
1968-11-08,103.95,49480000
1968-11-15,105.78,62850000
1968-11-22,106.30,63250000
1968-11-29,108.37,61790000
1968-12-06,107.93,65500000
1968-12-13,107.58,65200000
1968-12-20,106.34,66190000
1968-12-27,104.74,45380000
1969-01-03,103.99,47760000
1969-01-10,100.93,67080000
1969-01-17,102.03,58380000
1969-01-24,102.38,59000000
1969-01-31,103.01,59590000
1969-02-07,103.53,64160000
1969-02-14,103.61,47320000
1969-02-20,99.79,45540000
1969-02-28,98.13,50470000
1969-03-07,98.65,49450000
1969-03-14,98.00,46180000
1969-03-21,99.63,50190000
1969-03-28,101.51,53290000
1969-04-03,100.68,32770000
1969-04-11,101.65,54170000
1969-04-18,101.24,48490000
1969-04-25,101.72,56300000
1969-05-02,104.00,72650000
1969-05-09,105.05,67610000
1969-05-16,105.94,62030000
1969-05-23,104.59,56780000
1969-05-29,103.46,42710000
1969-06-06,102.12,56080000
1969-06-13,98.65,59810000
1969-06-20,96.67,56420000
1969-06-27,97.33,54180000
1969-07-03,99.61,39990000
1969-07-11,95.77,51790000
1969-07-18,94.95,48930000
1969-07-25,92.06,41010000
1969-08-01,93.47,70240000
1969-08-08,93.94,48950000
1969-08-15,94.00,44360000
1969-08-22,95.92,50300000
1969-08-29,95.51,43000000
1969-09-05,93.64,35590000
1969-09-12,94.13,53950000
1969-09-19,95.19,56260000
1969-09-26,94.16,54000000
1969-10-03,93.19,52280000
1969-10-10,93.56,52230000
1969-10-17,96.26,82550000
1969-10-24,98.12,79530000
1969-10-31,97.12,62870000
1969-11-07,98.26,59980000
1969-11-14,97.07,57720000
1969-11-21,94.32,54220000
1969-11-28,93.81,41680000
1969-12-05,91.73,55570000
1969-12-12,90.81,56930000
1969-12-19,91.38,67190000
1969-12-26,91.89,44990000
1970-01-02,93.00,55720000
1970-01-09,92.40,53010000
1970-01-16,90.92,52210000
1970-01-23,89.37,52480000
1970-01-30,85.02,55340000
1970-02-06,86.33,60110000
1970-02-13,86.54,54270000
1970-02-20,88.03,65550000
1970-02-27,89.50,48450000
1970-03-06,89.44,58170000
1970-03-13,87.86,47090000
1970-03-20,87.06,44630000
1970-03-26,89.92,45020000
1970-04-03,89.39,48220000
1970-04-10,88.24,45020000
1970-04-17,85.67,50300000
1970-04-24,82.77,49010000
1970-05-01,81.44,56830000
1970-05-08,79.44,52870000
1970-05-15,76.90,56710000
1970-05-22,72.25,59660000
1970-05-29,76.55,80690000
1970-06-05,76.17,71930000
1970-06-12,73.88,38990000
1970-06-19,77.05,47970000
1970-06-26,73.47,49480000
1970-07-02,72.92,35100000
1970-07-10,74.45,53760000
1970-07-17,77.69,49740000
1970-07-24,77.82,56040000
1970-07-31,78.05,51150000
1970-08-07,77.28,40550000
1970-08-14,75.18,38840000
1970-08-21,79.24,49900000
1970-08-28,81.86,78660000
1970-09-04,82.83,60880000
1970-09-11,82.52,57400000
1970-09-18,82.62,65250000
1970-09-25,82.83,83400000
1970-10-02,85.16,72220000
1970-10-09,85.08,84090000
1970-10-16,84.28,50540000
1970-10-23,83.77,51120000
1970-10-30,83.25,50500000
1970-11-06,84.22,54180000
1970-11-13,83.37,60850000
1970-11-20,83.72,48660000
1970-11-27,85.93,48900000
1970-12-04,89.46,92290000
1970-12-11,90.26,73850000
1970-12-18,90.22,69490000
1970-12-24,90.61,54740000
1970-12-31,92.15,62570000
1971-01-08,92.19,70130000
1971-01-15,93.03,87220000
1971-01-22,94.88,90270000
1971-01-29,95.88,100870000
1971-02-05,96.93,105700000
1971-02-12,98.43,110610000
1971-02-19,96.74,74580000
1971-02-26,96.75,80300000
1971-03-05,98.96,82350000
1971-03-12,99.57,91560000
1971-03-19,101.01,91320000
1971-03-26,99.95,77960000
1971-04-02,100.56,74680000
1971-04-08,102.10,75890000
1971-04-16,103.49,102870000
1971-04-23,104.05,92070000
1971-04-30,103.95,102760000
1971-05-07,102.87,86490000
1971-05-14,102.21,79750000
1971-05-21,100.99,75090000
1971-05-28,99.63,66030000
1971-06-04,101.30,62860000
1971-06-11,101.07,66380000
1971-06-18,98.97,68400000
1971-06-25,97.99,66270000
1971-07-02,99.78,62730000
1971-07-09,100.69,51520000
1971-07-16,99.11,66870000
1971-07-23,98.94,60830000
1971-07-30,95.58,62970000
1971-08-06,94.25,62360000
1971-08-13,95.69,54810000
1971-08-20,98.33,105280000
1971-08-27,100.48,76500000
1971-09-03,100.69,57070000
1971-09-10,100.42,58480000
1971-09-17,99.96,54060000
1971-09-24,98.15,61140000
1971-10-01,98.93,56940000
1971-10-08,99.36,74210000
1971-10-15,97.79,61670000
1971-10-22,95.57,69350000
1971-10-29,94.23,61450000
1971-11-05,94.46,65410000
1971-11-12,92.12,61860000
1971-11-19,91.61,60940000
1971-11-26,91.94,50970000
1971-12-03,97.06,92810000
1971-12-10,97.69,81600000
1971-12-17,100.26,89320000
1971-12-23,100.74,79200000
1971-12-31,102.09,71980000
1972-01-07,103.47,87350000
1972-01-14,103.39,85630000
1972-01-21,103.65,94750000
1972-01-28,104.16,93510000
1972-02-04,104.86,99690000
1972-02-11,105.08,95480000
1972-02-18,105.28,93200000
1972-02-25,106.18,67620000
1972-03-03,107.94,104810000
1972-03-10,108.38,106080000
1972-03-17,107.92,91300000
1972-03-24,107.52,84200000
1972-03-30,107.20,55780000
1972-04-07,109.62,98790000
1972-04-14,109.84,99540000
1972-04-21,108.89,90370000
1972-04-28,107.67,79290000
1972-05-05,106.63,72150000
1972-05-12,106.38,71920000
1972-05-19,108.98,78220000
1972-05-26,110.66,82520000
1972-06-02,109.73,61350000
1972-06-09,106.86,71260000
1972-06-16,108.36,77370000
1972-06-23,108.27,69490000
1972-06-30,107.14,66080000
1972-07-07,108.69,55270000
1972-07-14,106.80,69330000
1972-07-21,106.66,76930000
1972-07-28,107.38,76250000
1972-08-04,110.43,80250000
1972-08-11,111.95,75330000
1972-08-18,111.76,81000000
1972-08-25,110.67,83640000
1972-09-01,111.51,59430000
1972-09-08,110.15,44710000
1972-09-15,108.81,61530000
1972-09-22,108.52,58700000
1972-09-29,110.55,69650000
1972-10-06,109.62,76530000
1972-10-13,107.92,59150000
1972-10-20,109.24,71230000
1972-10-27,110.62,83120000
1972-11-03,114.22,91830000
1972-11-10,113.73,87350000
1972-11-17,115.49,100480000
1972-11-24,117.27,79060000
1972-12-01,117.38,96690000
1972-12-08,118.86,93490000
1972-12-15,118.26,87040000
1972-12-22,115.83,83860000
1972-12-29,118.05,57770000
1973-01-05,119.87,77270000
1973-01-12,119.30,101830000
1973-01-19,118.78,93200000
1973-01-26,116.45,76630000
1973-02-02,114.35,82960000
1973-02-09,114.68,85960000
1973-02-16,114.98,85230000
1973-02-23,113.16,58920000
1973-03-02,112.28,85860000
1973-03-09,113.79,79910000
1973-03-16,113.54,72060000
1973-03-23,108.88,77390000
1973-03-30,111.52,78120000
1973-04-06,109.28,62080000
1973-04-13,112.08,76150000
1973-04-19,112.17,52630000
1973-04-27,107.23,72310000
1973-05-04,111.00,81850000
1973-05-11,108.17,68780000
1973-05-18,103.86,75990000
1973-05-25,107.94,90240000
1973-06-01,103.93,45630000
1973-06-08,107.03,66600000
1973-06-15,105.10,64660000
1973-06-22,103.70,65130000
1973-06-29,104.26,61900000
1973-07-06,101.28,40870000
1973-07-13,104.09,73170000
1973-07-20,107.14,83640000
1973-07-27,109.59,85400000
1973-08-03,106.49,64250000
1973-08-10,104.77,62020000
1973-08-17,102.31,59210000
1973-08-24,101.62,53810000
1973-08-31,104.25,59870000
1973-09-07,104.76,59390000
1973-09-14,104.44,61780000
1973-09-21,107.20,105790000
1973-09-28,108.43,102110000
1973-10-05,109.85,97190000
1973-10-12,111.44,100910000
1973-10-19,110.22,90630000
1973-10-26,111.38,80740000
1973-11-02,107.07,86690000
1973-11-09,105.30,87120000
1973-11-16,103.88,109310000
1973-11-23,99.44,76390000
1973-11-30,95.96,93820000
1973-12-07,96.51,102600000
1973-12-14,93.29,95010000
1973-12-21,93.54,89110000
1973-12-28,97.54,74190000
1974-01-04,98.90,82080000
1974-01-11,93.66,86480000
1974-01-18,95.56,80300000
1974-01-25,96.63,80690000
1974-02-01,95.32,69550000
1974-02-08,92.33,63550000
1974-02-15,92.27,61710000
1974-02-22,95.39,57900000
1974-03-01,95.53,74050000
1974-03-08,97.78,84100000
1974-03-15,99.28,86810000
1974-03-22,97.27,64650000
1974-03-29,93.98,61160000
1974-04-05,93.01,58300000
1974-04-11,92.12,43200000
1974-04-19,93.75,61860000
1974-04-26,90.18,69760000
1974-05-03,91.29,60970000
1974-05-10,91.47,61990000
1974-05-17,88.21,59370000
1974-05-24,88.58,66700000
1974-05-31,87.28,47270000
1974-06-07,92.55,74590000
1974-06-14,91.30,58640000
1974-06-21,87.46,54160000
1974-06-28,86.00,57950000
1974-07-05,83.66,44560000
1974-07-12,83.15,76990000
1974-07-19,83.54,59860000
1974-07-26,82.40,58800000
1974-08-02,78.59,55460000
1974-08-09,80.86,66600000
1974-08-16,75.67,51310000
1974-08-23,71.55,66420000
1974-08-30,72.15,74190000
1974-09-06,71.42,59020000
1974-09-13,65.20,67950000
1974-09-20,70.14,77110000
1974-09-27,64.94,60970000
1974-10-04,62.34,73180000
1974-10-11,71.14,95730000
1974-10-18,72.28,82880000
1974-10-25,70.12,75190000
1974-11-01,73.88,78590000
1974-11-08,74.91,85670000
1974-11-15,71.91,70320000
1974-11-22,68.90,70220000
1974-11-29,69.97,47110000
1974-12-06,65.01,65730000
1974-12-13,67.07,75440000
1974-12-20,66.91,82040000
1974-12-27,67.14,52450000
1975-01-03,70.71,69560000
1975-01-10,72.61,90270000
1975-01-17,70.96,84340000
1975-01-24,72.98,82190000
1975-01-31,76.98,145680000
1975-02-07,78.63,127350000
1975-02-14,81.50,110830000
1975-02-21,82.62,92620000
1975-02-28,81.59,92840000
1975-03-07,84.30,130070000
1975-03-14,84.76,122190000
1975-03-21,83.39,111890000
1975-03-27,83.85,73190000
1975-04-04,80.88,74440000
1975-04-11,84.18,91450000
1975-04-18,86.30,138650000
1975-04-25,86.62,109430000
1975-05-02,89.22,99520000
1975-05-09,90.53,121450000
1975-05-16,90.43,120730000
1975-05-23,90.58,89300000
1975-05-30,91.15,80140000
1975-06-06,92.48,123540000
1975-06-13,90.52,92300000
1975-06-20,92.61,99400000
1975-06-27,94.81,112330000
1975-07-03,94.36,77350000
1975-07-11,94.66,112280000
1975-07-18,93.20,113780000
1975-07-25,89.29,93160000
1975-08-01,87.99,77860000
1975-08-08,86.02,68420000
1975-08-15,86.36,61930000
1975-08-22,84.28,74090000
1975-08-29,86.88,63710000
1975-09-05,85.62,48210000
1975-09-12,83.30,65400000
1975-09-19,85.88,69340000
1975-09-26,86.19,69070000
1975-10-03,85.95,67820000
1975-10-10,88.21,79450000
1975-10-17,88.86,80980000
1975-10-24,89.83,86130000
1975-10-31,89.04,74260000
1975-11-07,89.33,74890000
1975-11-14,90.97,95040000
1975-11-21,89.53,85810000
1975-11-28,91.24,63070000
1975-12-05,86.82,85730000
1975-12-12,87.83,74270000
1975-12-19,88.80,84630000
1975-12-26,90.25,54260000
1976-01-02,90.90,60380000
1976-01-09,94.95,141940000
1976-01-16,97.00,159700000
1976-01-23,99.21,161670000
1976-01-30,100.86,162220000
1976-02-06,99.46,157490000
1976-02-13,99.67,137780000
1976-02-20,102.10,139080000
1976-02-27,99.71,161780000
1976-03-05,99.11,120550000
1976-03-12,100.86,135050000
1976-03-19,100.58,106960000
1976-03-26,102.85,115490000
1976-04-02,102.25,86880000
1976-04-09,100.35,106210000
1976-04-15,100.67,65560000
1976-04-23,102.29,103820000
1976-04-30,101.64,81340000
1976-05-07,101.88,81400000
1976-05-14,101.34,98390000
1976-05-21,101.26,91870000
1976-05-28,100.18,84250000
1976-06-04,99.15,64860000
1976-06-11,100.92,81300000
1976-06-18,103.76,114840000
1976-06-25,103.72,95290000
1976-07-02,104.11,98800000
1976-07-09,104.98,79810000
1976-07-16,104.68,115990000
1976-07-23,104.06,86830000
1976-07-30,103.44,73270000
1976-08-06,103.79,82480000
1976-08-13,104.25,76590000
1976-08-20,102.37,84010000
1976-08-27,101.48,76980000
1976-09-03,104.30,77460000
1976-09-10,104.65,69530000
1976-09-17,106.27,97110000
1976-09-24,106.80,126610000
1976-10-01,104.17,91280000
1976-10-08,102.56,89270000
1976-10-15,100.88,89340000
1976-10-22,99.96,83620000
1976-10-29,102.90,78540000
1976-11-05,100.82,80220000
1976-11-12,99.24,83400000
1976-11-19,101.92,106180000
1976-11-26,103.15,75440000
1976-12-03,102.76,103680000
1976-12-10,104.70,133290000
1976-12-17,104.26,126050000
1976-12-23,104.84,96610000
1976-12-31,107.46,110700000
1977-01-07,105.01,114670000
1977-01-14,104.01,116890000
1977-01-21,103.32,123010000
1977-01-28,101.93,124130000
1977-02-04,101.88,119240000
1977-02-11,100.22,111230000
1977-02-18,100.49,101360000
1977-02-25,99.48,73310000
1977-03-04,101.20,90220000
1977-03-11,100.65,93460000
1977-03-18,101.86,105910000
1977-03-25,99.06,92260000
1977-04-01,99.21,86110000
1977-04-07,98.35,68440000
1977-04-15,101.04,113930000
1977-04-22,98.44,105870000
1977-04-29,98.44,97770000
1977-05-06,99.49,106070000
1977-05-13,99.03,97060000
1977-05-20,99.45,111490000
1977-05-27,96.27,93400000
1977-06-03,97.69,75070000
1977-06-10,98.46,102810000
1977-06-17,99.97,114550000
1977-06-24,101.19,129570000
1977-07-01,100.10,99110000
1977-07-08,99.79,83640000
1977-07-15,100.18,94540000
1977-07-22,101.67,141190000
1977-07-29,98.85,114950000
1977-08-05,98.76,96350000
1977-08-12,97.88,92660000
1977-08-19,97.51,97850000
1977-08-26,96.06,94210000
1977-09-02,97.45,87020000
1977-09-09,96.37,70590000
1977-09-16,96.48,87500000
1977-09-23,95.04,93540000
1977-09-30,96.53,97600000
1977-10-07,95.97,93350000
1977-10-14,93.56,95170000
1977-10-21,92.32,100250000
1977-10-28,92.61,107630000
1977-11-04,91.58,94790000
1977-11-11,95.98,129050000
1977-11-18,95.33,124950000
1977-11-25,96.69,95770000
1977-12-02,94.67,112570000
1977-12-09,93.65,103590000
1977-12-16,93.40,101360000
1977-12-23,94.69,117090000
1977-12-30,95.10,83550000
1978-01-06,91.62,91530000
1978-01-13,89.69,116790000
1978-01-20,89.89,88590000
1978-01-27,88.58,93960000
1978-02-03,89.62,101960000
1978-02-10,90.08,85080000
1978-02-17,87.96,97520000
1978-02-24,88.49,81570000
1978-03-03,87.45,101150000
1978-03-10,88.88,108070000
1978-03-17,90.20,125580000
1978-03-23,89.36,96010000
1978-03-31,89.21,106510000
1978-04-07,90.17,120140000
1978-04-14,92.92,160110000
1978-04-21,94.34,212290000
1978-04-28,96.83,203060000
1978-05-05,96.53,196180000
1978-05-12,98.07,182100000
1978-05-19,98.12,204180000
1978-05-26,96.58,143180000
1978-06-02,98.14,110720000
1978-06-09,99.93,196460000
1978-06-16,97.42,149460000
1978-06-23,95.85,138210000
1978-06-30,95.53,121550000
1978-07-07,94.89,83760000
1978-07-14,97.58,128570000
1978-07-21,97.75,142300000
1978-07-28,100.00,152870000
1978-08-04,103.92,220550000
1978-08-11,103.96,189750000
1978-08-18,104.73,178120000
1978-08-25,104.90,173380000
1978-09-01,103.68,172210000
1978-09-08,106.79,157250000
1978-09-15,104.12,192100000
1978-09-22,101.84,164200000
1978-09-29,102.54,123670000
1978-10-06,103.52,121530000
1978-10-13,104.66,119020000
1978-10-20,97.95,170890000
1978-10-27,94.59,168700000
1978-11-03,96.18,219670000
1978-11-10,94.77,109400000
1978-11-17,94.42,124360000
1978-11-24,95.79,79790000
1978-12-01,96.28,110420000
1978-12-08,96.63,117100000
1978-12-15,95.33,110150000
1978-12-22,96.31,137840000
1978-12-29,96.11,100520000
1979-01-05,99.13,109700000
1979-01-12,99.93,135470000
1979-01-19,99.75,137230000
1979-01-26,101.86,151920000
1979-02-02,99.50,134690000
1979-02-09,97.87,126190000
1979-02-16,98.67,119960000
1979-02-23,97.78,97100000
1979-03-02,96.97,126140000
1979-03-09,99.54,144520000
1979-03-16,100.69,142680000
1979-03-23,101.60,160870000
1979-03-30,101.59,154770000
1979-04-06,103.18,173690000
1979-04-12,102.00,118810000
1979-04-20,101.23,146800000
1979-04-27,101.80,154910000
1979-05-04,100.69,149490000
1979-05-11,98.52,140110000
1979-05-18,99.93,134130000
1979-05-25,100.22,139860000
1979-06-01,99.17,111150000
1979-06-08,101.49,173770000
1979-06-15,102.09,193050000
1979-06-22,102.64,168440000
1979-06-29,102.91,175890000
1979-07-06,103.62,132590000
1979-07-13,102.32,183700000
1979-07-20,101.82,149980000
1979-07-27,103.10,151470000
1979-08-03,104.04,165450000
1979-08-10,106.40,188940000
1979-08-17,108.30,207650000
1979-08-24,108.60,178050000
1979-08-31,109.32,147960000
1979-09-07,107.66,139690000
1979-09-14,108.76,192080000
1979-09-21,110.47,209210000
1979-09-28,109.32,172960000
1979-10-05,111.27,186810000
1979-10-12,104.49,253710000
1979-10-19,101.60,170290000
1979-10-26,100.57,167730000
1979-11-02,102.51,128940000
1979-11-09,101.51,129590000
1979-11-16,103.79,149290000
1979-11-23,104.67,128420000
1979-11-30,106.16,196800000
1979-12-07,107.52,181720000
1979-12-14,108.92,181550000
1979-12-21,107.59,205460000
1979-12-28,107.84,109950000
1980-01-04,106.52,161750000
1980-01-11,109.92,272020000
1980-01-18,111.07,274270000
1980-01-25,113.61,255560000
1980-02-01,115.12,272780000
1980-02-08,117.95,252450000
1980-02-15,115.41,269200000
1980-02-22,115.04,183560000
1980-02-29,113.66,204710000
1980-03-07,106.90,232800000
1980-03-14,105.43,191340000
1980-03-21,102.31,185680000
1980-03-28,100.68,230790000
1980-04-03,102.15,131250000
1980-04-11,103.79,157750000
1980-04-18,100.55,149110000
1980-04-25,105.16,182480000
1980-05-02,105.58,149910000
1980-05-09,104.72,186410000
1980-05-16,107.35,177350000
1980-05-23,110.62,184430000
1980-05-30,111.24,156210000
1980-06-06,113.20,196340000
1980-06-13,115.81,211830000
1980-06-20,114.06,194950000
1980-06-27,116.00,196630000
1980-07-03,117.46,154430000
1980-07-11,117.84,222420000
1980-07-18,122.04,262450000
1980-07-25,120.78,219540000
1980-08-01,121.21,239280000
1980-08-08,123.61,252790000
1980-08-15,125.72,236570000
1980-08-22,126.02,235360000
1980-08-29,122.38,194500000
1980-09-05,124.88,184680000
1980-09-12,125.54,229890000
1980-09-19,129.25,283080000
1980-09-26,126.35,273360000
1980-10-03,129.33,229090000
1980-10-10,130.29,235040000
1980-10-17,131.52,237820000
1980-10-24,129.85,225440000
1980-10-31,127.47,191100000
1980-11-07,129.18,208860000
1980-11-14,137.15,276710000
1980-11-21,139.11,306000000
1980-11-28,140.52,196540000
1980-12-05,134.03,247110000
1980-12-12,129.23,256220000
1980-12-19,133.70,252470000
1980-12-26,136.57,152830000
1981-01-02,136.34,145890000
1981-01-09,133.48,324540000
1981-01-16,134.77,213940000
1981-01-23,130.23,194510000
1981-01-30,129.55,193660000
1981-02-06,130.60,226680000
1981-02-13,126.98,184980000
1981-02-20,126.58,161880000
1981-02-27,131.27,242770000
1981-03-06,129.85,233020000
1981-03-13,133.11,273110000
1981-03-20,134.08,296020000
1981-03-27,134.65,287900000
1981-04-03,135.49,240610000
1981-04-10,134.51,253380000
1981-04-16,134.70,207200000
1981-04-24,135.14,296160000
1981-05-01,132.72,258960000
1981-05-08,131.66,220980000
1981-05-15,132.17,208890000
1981-05-22,131.33,214630000
1981-05-29,132.59,212570000
1981-06-05,132.22,266920000
1981-06-12,133.49,259700000
1981-06-19,132.27,271430000
1981-06-26,132.56,223440000
1981-07-02,128.64,173660000
1981-07-10,129.37,229610000
1981-07-17,130.76,214070000
1981-07-24,128.46,215690000
1981-07-31,130.92,200420000
1981-08-07,131.75,223840000
1981-08-14,132.49,229660000
1981-08-21,129.23,203440000
1981-08-28,124.08,223250000
1981-09-04,120.07,207530000
1981-09-11,121.61,180850000
1981-09-18,116.26,211930000
1981-09-25,112.77,247370000
1981-10-02,119.36,247960000
1981-10-09,121.45,243930000
1981-10-16,119.19,194280000
1981-10-23,118.60,224230000
1981-10-30,121.89,238980000
1981-11-06,122.67,267300000
1981-11-13,121.67,245440000
1981-11-20,121.71,237810000
1981-11-27,125.09,189790000
1981-12-04,126.26,244880000
1981-12-11,124.93,228540000
1981-12-18,124.00,229810000
1981-12-24,122.54,156460000
1981-12-31,122.55,147360000
1982-01-08,119.55,221240000
1982-01-15,116.33,237080000
1982-01-22,115.38,231830000
1982-01-29,120.40,278190000
1982-02-05,117.26,248950000
1982-02-12,114.38,233340000
1982-02-19,113.22,208690000
1982-02-26,113.11,281210000
1982-03-05,109.34,328820000
1982-03-12,108.61,305390000
1982-03-19,110.61,241690000
1982-03-26,111.94,268490000
1982-04-02,115.12,241200000
1982-04-08,116.22,203420000
1982-04-16,116.81,241920000
1982-04-23,118.64,307210000
1982-04-30,116.44,267040000
1982-05-07,119.47,298740000
1982-05-14,118.01,268320000
1982-05-21,114.89,237000000
1982-05-28,111.88,222400000
1982-06-04,110.09,183430000
1982-06-11,111.24,266780000
1982-06-18,107.28,244380000
1982-06-25,109.14,262970000
1982-07-02,107.65,244630000
1982-07-09,108.83,220410000
1982-07-16,111.07,318850000
1982-07-23,111.17,282010000
1982-07-30,107.09,232260000
1982-08-06,103.71,270740000
1982-08-13,103.85,251080000
1982-08-20,113.02,455130000
1982-08-27,117.11,549900000
1982-09-03,122.68,434400000
1982-09-10,120.97,291090000
1982-09-17,122.55,355120000
1982-09-24,123.32,377450000
1982-10-01,121.97,300900000
1982-10-08,131.05,488310000
1982-10-15,133.57,592460000
1982-10-22,138.83,506900000
1982-10-29,133.72,415890000
1982-11-05,142.16,561210000
1982-11-12,139.53,473190000
1982-11-19,137.02,414180000
1982-11-26,134.88,253910000
1982-12-03,138.69,411540000
1982-12-10,139.57,469680000
1982-12-17,137.49,392240000
1982-12-23,139.72,286570000
1982-12-31,140.64,276600000
1983-01-07,145.18,486700000
1983-01-14,146.65,473500000
1983-01-21,143.85,408390000
1983-01-28,144.51,421870000
1983-02-04,146.14,393000000
1983-02-11,147.65,427340000
1983-02-18,148.00,396130000
1983-02-25,149.74,382370000
1983-03-04,153.67,505470000
1983-03-11,151.24,410330000
1983-03-18,149.90,353270000
1983-03-25,152.67,416420000
1983-03-31,152.96,300180000
1983-04-08,152.85,357150000
1983-04-15,158.75,441610000
1983-04-22,160.42,488450000
1983-04-29,164.43,499660000
1983-05-06,166.10,515470000
1983-05-13,164.91,464670000
1983-05-20,162.14,411950000
1983-05-27,164.46,487130000
1983-06-03,164.42,331230000
1983-06-10,162.68,438730000
1983-06-17,169.13,500010000
1983-06-24,170.41,467820000
1983-07-01,168.64,375090000
1983-07-08,167.08,316640000
1983-07-15,164.29,347390000
1983-07-22,168.89,423130000
1983-07-29,162.56,437900000
1983-08-05,161.74,400760000
1983-08-12,162.16,378250000
1983-08-19,163.98,384010000
1983-08-26,162.14,347210000
1983-09-02,165.00,331620000
1983-09-09,166.92,338980000
1983-09-16,166.25,407310000
1983-09-23,169.51,470190000
1983-09-30,166.07,387910000
1983-10-07,170.80,491110000
1983-10-14,169.86,361540000
1983-10-21,165.95,454240000
1983-10-28,163.37,408270000
1983-11-04,162.44,416560000
1983-11-11,166.29,380400000
1983-11-18,165.09,417120000
1983-11-25,167.18,381190000
1983-12-02,165.44,499730000
1983-12-09,165.08,478500000
1983-12-16,162.39,425600000
1983-12-23,163.22,435970000
1983-12-30,164.93,307860000
1984-01-06,169.28,481900000
1984-01-13,167.02,516530000
1984-01-20,166.21,487250000
1984-01-27,163.94,513350000
1984-02-03,160.91,544160000
1984-02-10,156.30,534030000
1984-02-17,155.74,423480000
1984-02-24,157.51,364810000
1984-03-02,159.24,473240000
1984-03-09,154.35,397340000
1984-03-16,159.27,461840000
1984-03-23,156.86,404790000
1984-03-30,159.18,400670000
1984-04-06,155.48,454890000
1984-04-13,157.31,426790000
1984-04-19,158.02,332920000
1984-04-27,159.89,430190000
1984-05-04,159.11,480860000
1984-05-11,158.49,439550000
1984-05-18,155.78,413940000
1984-05-25,151.62,421330000
1984-06-01,153.24,352650000
1984-06-08,155.17,414980000
1984-06-15,149.03,385800000
1984-06-22,154.46,513770000
1984-06-29,153.18,402280000
1984-07-06,152.24,271140000
1984-07-13,150.88,399910000
1984-07-20,149.55,397270000
1984-07-27,151.19,434640000
1984-08-03,162.35,696040000
1984-08-10,165.42,754200000
1984-08-17,164.14,416420000
1984-08-24,167.51,472320000
1984-08-31,166.68,347180000
1984-09-07,164.37,307390000
1984-09-14,168.78,501590000
1984-09-21,165.67,529020000
1984-09-28,166.10,430660000
1984-10-05,162.68,415040000
1984-10-12,164.18,396680000
1984-10-19,167.96,606660000
1984-10-26,165.29,441560000
1984-11-02,167.42,454400000
1984-11-09,167.60,468930000
1984-11-16,164.10,364010000
1984-11-23,166.92,308500000
1984-11-30,163.58,411730000
1984-12-07,162.26,442810000
1984-12-14,162.69,416000000
1984-12-21,165.51,592510000
1984-12-28,166.26,249420000
1985-01-04,163.68,314440000
1985-01-11,167.91,509830000
1985-01-18,171.32,634000000
1985-01-25,177.35,749100000
1985-02-01,178.63,652000000
1985-02-08,182.19,666800000
1985-02-15,181.60,603800000
1985-02-22,179.36,406280000
1985-03-01,183.23,552240000
1985-03-08,179.10,543890000
1985-03-15,176.53,487250000
1985-03-22,179.04,515900000
1985-03-29,180.66,466150000
1985-04-04,179.03,373990000
1985-04-12,180.54,466760000
1985-04-19,181.11,456870000
1985-04-26,182.18,483600000
1985-05-03,180.08,504830000
1985-05-10,184.28,538450000
1985-05-17,187.42,513310000
1985-05-24,188.29,564870000
1985-05-31,189.55,429540000
1985-06-07,189.68,601130000
1985-06-14,187.10,487830000
1985-06-21,189.61,510270000
1985-06-28,191.85,517770000
1985-07-05,192.52,368040000
1985-07-12,193.29,534030000
1985-07-19,195.13,642500000
1985-07-26,192.40,596040000
1985-08-02,191.48,531820000
1985-08-09,188.32,468260000
1985-08-16,186.10,417430000
1985-08-23,187.17,419910000
1985-08-30,188.63,408240000
1985-09-06,188.24,356220000
1985-09-13,182.91,513450000
1985-09-20,182.05,486000000
1985-09-26,181.29,400890000
1985-10-04,183.22,609800000
1985-10-11,184.28,479140000
1985-10-18,187.04,553940000
1985-10-25,187.52,553580000
1985-11-01,191.53,579780000
1985-11-08,193.72,587600000
1985-11-15,198.11,662100000
1985-11-22,201.52,623700000
1985-11-29,202.17,442570000
1985-12-06,202.99,672900000
1985-12-13,209.94,827400000
1985-12-20,210.94,769600000
1985-12-27,209.61,329810000
1986-01-03,210.88,408630000
1986-01-10,205.96,732210000
1986-01-17,208.43,607600000
1986-01-24,206.43,604040000
1986-01-31,211.78,731200000
1986-02-07,214.56,745800000
1986-02-14,219.76,699700000
1986-02-21,224.62,629500000
1986-02-28,226.92,824100000
1986-03-07,225.57,794000000
1986-03-14,236.55,880900000
1986-03-21,233.34,782600000
1986-03-27,238.97,622700000
1986-04-04,228.69,742600000
1986-04-11,235.97,756600000
1986-04-18,242.38,719200000
1986-04-25,242.29,736200000
1986-05-02,234.79,693000000
1986-05-09,237.85,626900000
1986-05-16,232.76,621800000
1986-05-23,241.35,591040000
1986-05-30,247.35,567700000
1986-06-06,245.67,574100000
1986-06-13,245.73,626000000
1986-06-20,247.58,630300000
1986-06-27,249.60,684100000
1986-07-03,251.79,541100000
1986-07-11,242.22,725900000
1986-07-18,236.36,750100000
1986-07-25,240.22,644800000
1986-08-01,234.91,618000000
1986-08-08,236.88,639300000
1986-08-15,247.15,661000000
1986-08-22,250.19,632000000
1986-08-29,252.93,654700000
1986-09-05,250.47,659800000
1986-09-12,230.67,909200000
1986-09-19,232.21,713900000
1986-09-26,232.23,642900000
1986-10-03,233.71,640300000
1986-10-10,235.48,613550000
1986-10-17,238.84,597090000
1986-10-24,238.26,621400000
1986-10-31,243.98,784900000
1986-11-07,245.77,792200000
1986-11-14,244.50,737000000
1986-11-21,245.86,860700000
1986-11-28,249.22,550930000
1986-12-05,251.17,861000000
1986-12-12,247.35,690000000
1986-12-19,249.73,854100000
1986-12-26,246.92,490570000
1987-01-02,246.45,457080000
1987-01-09,258.73,949600000
1987-01-16,266.28,1040800000
1987-01-23,270.10,1062900000
1987-01-30,274.08,895700000
1987-02-06,280.04,1038700000
1987-02-13,279.70,868800000
1987-02-20,285.48,763300000
1987-02-27,284.20,814500000
1987-03-06,290.66,891300000
1987-03-13,289.89,852500000
1987-03-20,298.17,910400000
1987-03-27,296.13,930700000
1987-04-03,300.41,959200000
1987-04-10,292.49,889700000
1987-04-16,286.91,835300000
1987-04-24,281.52,868200000
1987-05-01,288.03,919600000
1987-05-08,293.37,906600000
1987-05-15,287.43,862800000
1987-05-22,282.16,857000000
1987-05-29,290.10,631200000
1987-06-05,293.45,736300000
1987-06-12,301.62,812000000
1987-06-19,306.97,888500000
1987-06-26,307.16,850200000
1987-07-02,305.63,619900000
1987-07-10,308.37,930700000
1987-07-17,314.59,961600000
1987-07-24,309.27,851500000
1987-07-31,318.66,910700000
1987-08-07,323.00,971700000
1987-08-14,333.99,1114300000
1987-08-21,335.90,931600000
1987-08-28,327.04,879000000
1987-09-04,316.70,853500000
1987-09-11,321.98,765600000
1987-09-18,314.86,825100000
1987-09-25,320.16,900100000
1987-10-02,328.07,927000000
1987-10-09,311.07,878600000
1987-10-16,282.70,1123900000
1987-10-23,248.22,2299800000
1987-10-30,251.79,1409900000
1987-11-06,250.41,1060590000
1987-11-13,245.64,874050000
1987-11-20,242.00,817160000
1987-11-27,240.34,568820000
1987-12-04,223.92,956630000
1987-12-11,235.32,946040000
1987-12-18,249.16,1064470000
1987-12-24,252.03,666350000
1987-12-31,247.08,562170000
1988-01-08,243.40,933720000
1988-01-15,252.05,817240000
1988-01-22,246.50,775440000
1988-01-29,257.07,968300000
1988-02-05,250.96,960650000
1988-02-12,257.63,897130000
1988-02-19,261.61,643940000
1988-02-26,262.46,955470000
1988-03-04,267.30,1040390000
1988-03-11,264.94,998840000
1988-03-18,271.12,876320000
1988-03-25,258.51,786280000
1988-03-31,258.89,587190000
1988-04-08,269.43,854430000
1988-04-15,259.77,923860000
1988-04-22,260.14,775110000
1988-04-29,261.33,707360000
1988-05-06,257.48,755630000
1988-05-13,256.78,765360000
1988-05-20,253.02,784040000
1988-05-27,253.42,678730000
1988-06-03,266.45,865310000
1988-06-10,271.26,1022070000
1988-06-17,270.68,1008190000
1988-06-24,273.78,854970000
1988-07-01,271.78,1042110000
1988-07-08,270.02,653590000
1988-07-15,272.05,876000000
1988-07-22,263.50,750650000
1988-07-29,272.02,819900000
1988-08-05,271.15,779060000
1988-08-12,262.55,900420000
1988-08-19,260.24,723040000
1988-08-26,259.68,586470000
1988-09-02,264.48,642410000
1988-09-09,266.84,552760000
1988-09-16,270.65,826910000
1988-09-23,269.76,701160000
1988-09-30,271.91,674690000
1988-10-07,278.07,833230000
1988-10-14,275.50,735170000
1988-10-21,283.66,853130000
1988-10-28,278.53,850170000
1988-11-04,276.31,752570000
1988-11-11,267.92,693090000
1988-11-18,266.47,680380000
1988-11-25,267.23,431530000
1988-12-02,271.81,662700000
1988-12-09,277.03,709280000
1988-12-16,276.29,722150000
1988-12-23,277.87,702860000
1988-12-30,277.72,456620000
1989-01-06,280.67,613570000
1989-01-13,283.87,767870000
1989-01-20,286.63,806910000
1989-01-27,293.82,981990000
1989-02-03,296.97,933930000
1989-02-10,292.02,955440000
1989-02-17,296.76,785320000
1989-02-24,287.13,616140000
1989-03-03,291.18,778310000
1989-03-10,292.88,798990000
1989-03-17,292.69,886440000
1989-03-23,288.98,593590000
1989-03-31,294.87,734530000
1989-04-07,297.16,794700000
1989-04-14,301.36,747390000
1989-04-21,309.61,891980000
1989-04-28,309.64,803180000
1989-05-05,307.61,816240000
1989-05-12,313.84,804330000
1989-05-19,321.24,963550000
1989-05-26,321.59,848890000
1989-06-02,325.52,766610000
1989-06-09,326.69,950250000
1989-06-16,321.35,910860000
1989-06-23,328.00,842430000
1989-06-30,317.98,810750000
1989-07-07,324.91,503460000
1989-07-14,331.84,801310000
1989-07-21,335.90,879520000
1989-07-28,342.15,898090000
1989-08-04,343.92,912130000
1989-08-11,344.74,1004030000
1989-08-18,346.03,744210000
1989-08-25,350.52,829820000
1989-09-01,353.73,758860000
1989-09-08,348.76,621230000
1989-09-15,345.06,827600000
1989-09-22,347.05,695470000
1989-09-29,349.15,757420000
1989-10-06,358.78,854960000
1989-10-13,333.65,809730000
1989-10-20,347.16,1170210000
1989-10-27,335.06,875040000
1989-11-03,337.62,740910000
1989-11-10,339.10,743820000
1989-11-17,341.61,738440000
1989-11-24,343.97,508090000
1989-12-01,350.63,802830000
1989-12-08,348.69,757740000
1989-12-15,350.14,927700000
1989-12-22,347.42,843460000
1989-12-29,353.40,485320000
1990-01-05,352.20,689930000
1990-01-12,339.93,809580000
1990-01-19,339.15,861310000
1990-01-26,325.80,905970000
1990-02-02,330.92,845440000
1990-02-09,333.62,774880000
1990-02-16,332.72,742870000
1990-02-23,324.15,639350000
1990-03-02,335.54,808150000
1990-03-09,337.93,768640000
1990-03-16,341.91,772220000
1990-03-23,337.22,758610000
1990-03-30,339.94,661550000
1990-04-06,340.08,719860000
1990-04-12,344.34,534540000
1990-04-20,335.12,745120000
1990-04-27,329.11,678950000
1990-05-04,338.39,699490000
1990-05-11,352.00,821710000
1990-05-18,354.64,878240000
1990-05-25,354.58,817350000
1990-06-01,363.16,690500000
1990-06-08,358.71,842230000
1990-06-15,362.91,776460000
1990-06-22,355.43,716960000
1990-06-29,358.02,702770000
1990-07-06,358.42,500300000
1990-07-13,367.31,858020000
1990-07-20,361.61,834780000
1990-07-27,353.44,858590000
1990-08-03,344.86,1049080000
1990-08-10,335.52,963530000
1990-08-17,327.83,741260000
1990-08-24,311.51,949290000
1990-08-31,322.56,639420000
1990-09-07,323.40,462970000
1990-09-14,316.83,619620000
1990-09-21,311.32,745410000
1990-09-28,306.05,859280000
1990-10-05,311.50,824850000
1990-10-12,300.03,782270000
1990-10-19,312.48,901400000
1990-10-26,304.71,719890000
1990-11-02,311.85,771460000
1990-11-09,313.74,740030000
1990-11-16,317.12,817750000
1990-11-23,315.10,506130000
1990-11-30,322.22,757890000
1990-12-07,327.75,989970000
1990-12-14,326.82,779370000
1990-12-21,331.75,883500000
1990-12-28,328.72,349860000
1991-01-04,321.00,522680000
1991-01-11,315.23,712660000
1991-01-18,332.23,911240000
1991-01-25,336.07,899470000
1991-02-01,343.05,974990000
1991-02-08,359.35,1298280000
1991-02-15,369.06,1190700000
1991-02-22,365.65,775110000
1991-03-01,370.47,1013920000
1991-03-08,374.95,1119730000
1991-03-15,373.59,983760000
1991-03-22,367.48,897700000
1991-03-28,375.22,705220000
1991-04-05,375.36,932790000
1991-04-12,380.40,871640000
1991-04-19,384.20,1036140000
1991-04-26,379.02,820540000
1991-05-03,380.80,883230000
1991-05-10,375.74,792830000
1991-05-17,372.39,859290000
1991-05-24,377.49,743160000
1991-05-31,389.83,817280000
1991-06-07,379.43,878830000
1991-06-14,382.29,769070000
1991-06-21,377.75,803160000
1991-06-28,371.16,807670000
1991-07-05,374.08,535260000
1991-07-12,380.25,801140000
1991-07-19,384.22,931830000
1991-07-26,380.93,741500000
1991-08-02,387.18,804720000
1991-08-09,387.12,782360000
1991-08-16,385.58,846600000
1991-08-23,394.17,1009260000
1991-08-30,395.43,742720000
1991-09-06,389.10,640060000
1991-09-13,383.59,736540000
1991-09-20,387.92,947770000
1991-09-27,385.90,789840000
1991-10-04,381.25,815090000
1991-10-11,381.45,825350000
1991-10-18,392.50,979160000
1991-10-25,384.20,880040000
1991-11-01,391.32,935300000
1991-11-08,392.89,883930000
1991-11-15,382.62,951730000
1991-11-22,376.14,1061950000
1991-11-29,375.22,634230000
1991-12-06,379.10,929110000
1991-12-13,384.47,962530000
1991-12-20,387.04,1072270000
1991-12-27,406.46,698720000
1992-01-03,419.34,924520000
1992-01-10,415.10,1323220000
1992-01-17,418.86,1404610000
1992-01-24,415.48,1076000000
1992-01-31,408.78,1050610000
1992-02-07,411.09,1154580000
1992-02-14,412.48,1066640000
1992-02-21,411.43,999570000
1992-02-28,412.70,1046820000
1992-03-06,404.44,979090000
1992-03-13,405.84,908190000
1992-03-20,411.30,978440000
1992-03-27,403.50,884170000
1992-04-03,401.55,876670000
1992-04-10,404.29,1065360000
1992-04-16,416.04,837210000
1992-04-24,409.02,1060460000
1992-05-01,412.53,969880000
1992-05-08,416.05,912740000
1992-05-15,410.09,906340000
1992-05-22,414.02,868260000
1992-05-29,415.35,779250000
1992-06-05,413.48,1002630000
1992-06-12,409.76,949800000
1992-06-19,403.67,1045300000
1992-06-26,403.45,889820000
1992-07-02,411.77,806730000
1992-07-10,414.62,986750000
1992-07-17,415.62,950020000
1992-07-24,411.60,869060000
1992-07-31,424.21,1024940000
1992-08-07,418.88,875750000
1992-08-14,419.91,845550000
1992-08-21,414.85,899870000
1992-08-28,414.84,871170000
1992-09-04,417.08,858520000
1992-09-11,419.58,742790000
1992-09-18,422.93,1119960000
1992-09-25,414.35,950080000
1992-10-02,410.47,906790000
1992-10-09,402.66,1058370000
1992-10-16,411.73,938730000
1992-10-23,414.10,1114920000
1992-10-30,418.68,1002180000
1992-11-06,417.58,1030860000
1992-11-13,422.43,1083450000
1992-11-20,426.65,1056520000
1992-11-27,430.16,747790000
1992-12-04,432.06,1209220000
1992-12-11,433.73,1087240000
1992-12-18,441.28,1297880000
1992-12-24,439.77,804490000
1992-12-31,435.71,707470000
1993-01-08,429.05,1305120000
1993-01-15,437.15,1292680000
1993-01-22,436.11,1299000000
1993-01-29,438.78,1384050000
1993-02-05,448.93,1531390000
1993-02-12,444.58,1209720000
1993-02-19,434.22,1256940000
1993-02-26,443.38,1444400000
1993-03-05,446.11,1267290000
1993-03-12,449.83,1334050000
1993-03-19,450.18,1236860000
1993-03-26,447.78,1218400000
1993-04-02,441.39,1268210000
1993-04-08,441.84,1174130000
1993-04-16,448.94,1368380000
1993-04-23,437.03,1420200000
1993-04-30,440.19,1332600000
1993-05-07,442.31,1246550000
1993-05-14,439.56,1256570000
1993-05-21,445.84,1402580000
1993-05-28,450.19,1202940000
1993-06-04,450.06,1037260000
1993-06-11,447.26,1215940000
1993-06-18,443.68,1252360000
1993-06-25,447.60,1239320000
1993-07-02,445.84,1312310000
1993-07-09,448.11,1006100000
1993-07-16,445.75,1277370000
1993-07-23,447.10,1244180000
1993-07-30,448.13,1268090000
1993-08-06,448.68,1196600000
1993-08-13,450.14,1249500000
1993-08-20,456.16,1378030000
1993-08-27,460.54,1235060000
1993-09-03,461.34,1149080000
1993-09-10,461.72,1040620000
1993-09-17,458.83,1409100000
1993-09-24,457.63,1354020000
1993-10-01,461.28,1303790000
1993-10-08,460.31,1299830000
1993-10-15,469.50,1456600000
1993-10-22,463.27,1530690000
1993-10-29,467.83,1396460000
1993-11-05,459.57,1563240000
1993-11-12,465.39,1404210000
1993-11-19,462.60,1488410000
1993-11-26,463.06,861380000
1993-12-03,464.89,1377970000
1993-12-10,463.93,1425710000
1993-12-17,466.38,1511770000
1993-12-23,467.38,1028950000
1993-12-31,466.45,1006180000
1994-01-07,469.90,1687650000
1994-01-14,474.91,1518560000
1994-01-21,474.72,1510990000
1994-01-28,478.70,1587320000
1994-02-04,469.81,1671070000
1994-02-11,470.18,1540110000
1994-02-18,467.69,1498670000
1994-02-25,466.07,1197430000
1994-03-04,464.74,1537910000
1994-03-11,466.44,1566770000
1994-03-18,471.06,1637710000
1994-03-25,460.58,1364500000
1994-03-31,445.77,1386810000
1994-04-08,447.10,1565750000
1994-04-15,446.18,1363880000
1994-04-22,447.63,1635770000
1994-04-29,450.91,1169610000
1994-05-06,447.82,1399940000
1994-05-13,444.14,1350770000
1994-05-20,454.92,1482510000
1994-05-27,457.33,1226050000
1994-06-03,460.13,1039730000
1994-06-10,458.67,1225110000
1994-06-17,458.45,1431770000
1994-06-24,442.80,1297100000
1994-07-01,446.20,1274690000
1994-07-08,449.55,927900000
1994-07-15,454.16,1339250000
1994-07-22,453.11,1300550000
1994-07-29,458.26,1213370000
1994-08-05,457.09,1356180000
1994-08-12,461.94,1281290000
1994-08-19,463.68,1403060000
1994-08-26,473.80,1442970000
1994-09-02,470.99,1414230000
1994-09-09,468.18,1078370000
1994-09-16,471.19,1528200000
1994-09-23,459.67,1560260000
1994-09-30,462.71,1487060000
1994-10-07,455.10,1511270000
1994-10-14,469.10,1427870000
1994-10-21,464.89,1462020000
1994-10-28,473.77,1640720000
1994-11-04,462.28,1514850000
1994-11-11,462.35,1385380000
1994-11-18,461.47,1573730000
1994-11-25,452.29,1229350000
1994-12-02,453.30,1421420000
1994-12-09,446.96,1539640000
1994-12-16,458.80,1762490000
1994-12-23,459.83,1514380000
1994-12-30,459.27,964350000
1995-01-06,460.68,1199080000
1995-01-13,465.97,1627330000
1995-01-20,464.78,1667400000
1995-01-27,470.39,1628110000
1995-02-03,478.65,1888560000
1995-02-10,481.46,1579920000
1995-02-17,481.97,1643990000
1995-02-24,488.11,1344760000
1995-03-03,485.42,1626480000
1995-03-10,489.57,1706460000
1995-03-17,495.52,1685030000
1995-03-24,500.97,1658870000
1995-03-31,500.71,1718570000
1995-04-07,506.42,1577400000
1995-04-13,509.23,1201100000
1995-04-21,508.49,1828360000
1995-04-28,514.71,1700170000
1995-05-05,520.12,1769130000
1995-05-12,525.55,1736000000
1995-05-19,519.19,1736260000
1995-05-26,523.65,1673100000
1995-06-02,532.51,1353120000
1995-06-09,527.94,1623250000
1995-06-16,539.83,1737790000
1995-06-23,549.71,1846230000
1995-06-30,544.75,1636460000
1995-07-07,556.37,1362790000
1995-07-14,559.89,1903260000
1995-07-21,553.62,1999830000
1995-07-28,562.93,1750130000
1995-08-04,558.94,1666340000
1995-08-11,555.11,1461040000
1995-08-18,559.21,1660110000
1995-08-25,560.10,1441170000
1995-09-01,563.84,1466640000
1995-09-08,572.68,1341870000
1995-09-15,583.35,1868010000
1995-09-22,581.73,1835200000
1995-09-29,584.41,1751020000
1995-10-06,582.49,1711470000
1995-10-13,584.50,1747510000
1995-10-20,587.46,1864380000
1995-10-27,579.70,2023410000
1995-11-03,590.57,1820210000
1995-11-10,592.72,1713010000
1995-11-17,600.07,1886840000
1995-11-24,599.97,1272320000
1995-12-01,606.98,1999630000
1995-12-08,617.48,1967780000
1995-12-15,616.34,2209320000
1995-12-22,611.95,2047640000
1995-12-29,615.93,1079490000
1996-01-05,616.71,1782820000
1996-01-12,601.81,1836790000
1996-01-19,611.83,2138250000
1996-01-26,621.62,2130300000
1996-02-02,635.84,2181340000
1996-02-09,656.37,2259040000
1996-02-16,647.98,2122110000
1996-02-23,659.08,1755730000
1996-03-01,644.37,2203110000
1996-03-08,633.50,2263530000
1996-03-15,641.43,2340110000
1996-03-22,650.62,1981750000
1996-03-29,645.50,1927330000
1996-04-04,655.86,1568780000
1996-04-12,636.71,2246730000
1996-04-19,645.07,2115720000
1996-04-26,653.46,2206930000
1996-05-03,641.63,2019010000
1996-05-10,652.09,2114730000
1996-05-17,668.91,2123620000
1996-05-24,678.51,1979280000
1996-05-31,669.12,1421920000
1996-06-07,673.31,1997520000
1996-06-14,665.85,1928310000
1996-06-21,666.84,2016710000
1996-06-28,670.63,1988300000
1996-07-05,657.44,1251480000
1996-07-12,646.19,2106290000
1996-07-19,638.73,2498360000
1996-07-26,635.90,1967520000
1996-08-02,662.49,1907400000
1996-08-09,662.10,1710720000
1996-08-16,665.21,1679700000
1996-08-23,667.03,1640820000
1996-08-30,651.99,1467890000
1996-09-06,655.68,1407170000
1996-09-13,680.54,1948550000
1996-09-20,687.03,2194530000
1996-09-27,686.19,2125250000
1996-10-04,701.46,2100690000
1996-10-11,700.66,2015270000
1996-10-18,710.82,2173960000
1996-10-25,700.92,2054200000
1996-11-01,703.77,2213630000
1996-11-08,730.82,2299900000
1996-11-15,737.62,2264990000
1996-11-22,748.73,2338040000
1996-11-29,757.02,1395410000
1996-12-06,739.60,2411490000
1996-12-13,728.64,2273360000
1996-12-20,748.87,2648640000
1996-12-27,756.79,1016860000
1997-01-03,748.03,1655020000
1997-01-10,759.50,2728300000
1997-01-17,776.17,2573920000
1997-01-24,770.52,2828970000
1997-01-31,786.16,2588440000
1997-02-07,789.56,2611220000
1997-02-14,808.48,2603820000
1997-02-21,801.77,1964130000
1997-02-28,790.82,2536760000
1997-03-07,804.97,2556190000
1997-03-14,793.17,2451330000
1997-03-21,784.10,2634410000
1997-03-27,773.88,1922950000
1997-04-04,757.90,2592450000
1997-04-11,737.65,2222250000
1997-04-18,766.34,2385690000
1997-04-25,765.37,2302140000
1997-05-02,812.97,2468380000
1997-05-09,824.78,2643480000
1997-05-16,829.75,2399040000
1997-05-23,847.03,2180690000
1997-05-30,848.28,1923290000
1997-06-06,858.01,2371310000
1997-06-13,893.27,2675070000
1997-06-20,898.70,2639080000
1997-06-27,887.30,2610950000
1997-07-03,916.92,2007380000
1997-07-11,916.68,2685290000
1997-07-18,915.30,2950680000
1997-07-25,938.79,2748550000
1997-08-01,947.14,2641510000
1997-08-08,933.54,2686360000
1997-08-15,900.81,2635140000
1997-08-22,923.54,2540390000
1997-08-29,899.47,2230460000
1997-09-05,929.05,2136640000
1997-09-12,923.91,2605420000
1997-09-19,950.51,2892830000
1997-09-26,945.22,2683510000
1997-10-03,965.03,2761390000
1997-10-10,966.98,2673220000
1997-10-17,944.16,2592430000
1997-10-24,941.64,3030580000
1997-10-31,914.62,4024240000
1997-11-07,927.51,2764880000
1997-11-14,928.35,2774860000
1997-11-21,963.09,2854250000
1997-11-28,955.40,1779630000
1997-12-05,983.79,2988090000
1997-12-12,953.39,2842790000
1997-12-19,946.78,3251440000
1997-12-26,936.46,1466620000
1998-01-02,975.04,1776670000
1998-01-09,927.69,3312380000
1998-01-16,961.51,3194600000
1998-01-23,957.59,2553290000
1998-01-30,980.28,3306830000
1998-02-06,1012.46,3385490000
1998-02-13,1020.09,2910330000
1998-02-20,1034.21,2388010000
1998-02-27,1049.34,2972720000
1998-03-06,1055.69,3161880000
1998-03-13,1068.61,3104620000
1998-03-20,1099.16,3178180000
1998-03-27,1095.44,3102580000
1998-04-03,1122.70,3177860000
1998-04-09,1110.67,2461840000
1998-04-17,1122.72,3235090000
1998-04-24,1107.90,3254650000
1998-05-01,1121.00,3280920000
1998-05-08,1108.14,2892000000
1998-05-15,1108.73,2965640000
1998-05-22,1110.47,2668400000
1998-05-29,1090.82,2369130000
1998-06-05,1113.86,2848980000
1998-06-12,1098.84,2977180000
1998-06-19,1100.65,3310760000
1998-06-26,1133.20,3093500000
1998-07-02,1146.42,2533360000
1998-07-10,1164.33,2986550000
1998-07-17,1186.75,3294910000
1998-07-24,1140.80,3400280000
1998-07-31,1120.67,3301250000
1998-08-07,1089.45,3852100000
1998-08-14,1062.75,3370010000
1998-08-21,1081.24,3255940000
1998-08-28,1027.14,3676000000
1998-09-04,973.89,4689500000
1998-09-11,1009.06,3218500000
1998-09-18,1020.09,3725700000
1998-09-25,1044.75,3747180000
1998-10-02,1002.60,4053300000
1998-10-09,984.39,4632900000
1998-10-16,1056.42,4195400000
1998-10-23,1070.67,3834440000
1998-10-30,1098.67,3536310000
1998-11-06,1141.01,3772500000
1998-11-13,1125.72,3244560000
1998-11-20,1163.55,3365490000
1998-11-27,1192.33,2380830000
1998-12-04,1176.74,3713300000
1998-12-11,1166.46,3530600000
1998-12-18,1188.03,3824200000
1998-12-24,1226.27,2369780000
1998-12-31,1229.23,2431470000
1999-01-08,1275.09,4439700000
1999-01-15,1243.26,4145000000
1999-01-22,1225.19,3348900000
1999-01-29,1279.64,4279900000
1999-02-05,1239.40,4247800000
1999-02-12,1230.13,3670100000
1999-02-19,1239.22,2831260000
1999-02-26,1238.33,3806700000
1999-03-05,1275.47,3810600000
1999-03-12,1294.59,4090800000
1999-03-19,1299.29,3977100000
1999-03-26,1282.80,3722800000
1999-04-01,1293.72,3104200000
1999-04-09,1348.35,3866300000
1999-04-16,1319.00,4665800000
1999-04-23,1356.85,4792600000
1999-04-30,1335.18,4495500000
1999-05-07,1345.00,4348300000
1999-05-14,1337.80,3959600000
1999-05-21,1330.29,3658800000
1999-05-28,1301.84,3913560000
1999-06-04,1327.75,2825900000
1999-06-11,1293.64,3426900000
1999-06-18,1342.84,3787600000
1999-06-25,1315.31,3448760000
1999-07-02,1391.22,4046980000
1999-07-09,1403.28,3045700000
1999-07-16,1418.78,3710300000
1999-07-23,1356.94,3584910000
1999-07-30,1328.72,3535050000
1999-08-06,1300.29,3736650000
1999-08-13,1327.68,3750100000
1999-08-20,1336.61,3303250000
1999-08-27,1348.27,3568950000
1999-09-03,1357.24,3518100000
1999-09-10,1351.66,3088900000
1999-09-17,1335.42,3780600000
1999-09-24,1277.36,3971100000
1999-10-01,1282.81,4435800000
1999-10-08,1336.02,4389300000
1999-10-15,1247.41,4060600000
1999-10-22,1301.65,4624900000
1999-10-29,1362.93,4861000000
1999-11-05,1370.23,4668900000
1999-11-12,1396.06,4437300000
1999-11-19,1422.00,4614500000
1999-11-26,1416.62,2846520000
1999-12-03,1433.30,4608700000
1999-12-10,1417.04,5068900000
1999-12-17,1421.03,5459400000
1999-12-23,1458.34,3446700000
1999-12-31,1469.25,2874590000
2000-01-07,1441.47,5343800000
2000-01-14,1465.15,5169700000
2000-01-21,1441.36,4455000000
2000-01-28,1360.16,5532100000
2000-02-04,1424.37,5205000000
2000-02-11,1387.12,5100800000
2000-02-18,1346.09,5115300000
2000-02-25,1333.36,4253900000
2000-03-03,1409.17,5853800000
2000-03-10,1395.07,5807900000
2000-03-17,1464.47,6190300000
2000-03-24,1527.46,5192200000
2000-03-31,1498.58,5342800000
2000-04-07,1516.35,5547060000
2000-04-14,1356.56,5312700000
2000-04-20,1434.54,4211700000
2000-04-28,1452.43,5035000000
2000-05-05,1432.63,4700700000
2000-05-12,1420.96,4502400000
2000-05-19,1406.95,4292200000
2000-05-26,1378.02,4598300000
2000-06-02,1477.26,3927200000
2000-06-09,1456.95,4283600000
2000-06-16,1464.46,4901900000
2000-06-23,1441.48,4833100000
2000-06-30,1454.60,5597200000
2000-07-07,1478.90,3350200000
2000-07-14,1509.98,4807800000
2000-07-21,1480.19,4756600000
2000-07-28,1419.89,5221900000
2000-08-04,1462.93,4937400000
2000-08-11,1471.84,4677300000
2000-08-18,1491.72,4353300000
2000-08-25,1506.45,3944100000
2000-09-01,1520.77,4171900000
2000-09-08,1494.50,3780100000
2000-09-15,1465.81,5241200000
2000-09-22,1448.72,5382300000
2000-09-29,1436.51,5667000000
2000-10-06,1408.99,5642900000
2000-10-13,1374.17,5760600000
2000-10-20,1396.93,6083900000
2000-10-27,1379.58,5911100000
2000-11-03,1426.69,5925100000
2000-11-10,1365.98,4794600000
2000-11-17,1367.72,5341600000
2000-11-24,1341.77,3460970000
2000-12-01,1315.23,4758130000
2000-12-08,1369.89,5888900000
2000-12-15,1312.15,6103300000
2000-12-22,1305.95,6473400000
2000-12-29,1320.28,3950000000
2001-01-05,1298.35,6571900000
2001-01-12,1318.55,6290500000
2001-01-19,1342.54,5407600000
2001-01-26,1354.95,6061600000
2001-02-02,1349.47,5665400000
2001-02-09,1314.76,5413600000
2001-02-16,1301.53,5675500000
2001-02-23,1245.86,4917900000
2001-03-02,1234.18,6059100000
2001-03-09,1233.42,5353200000
2001-03-16,1150.53,6790360000
2001-03-23,1139.83,6797250000
2001-03-30,1160.33,6276900000
2001-04-06,1128.43,6701390000
2001-04-12,1183.50,4804700000
2001-04-20,1242.98,6767900000
2001-04-27,1253.05,5869200000
2001-05-04,1266.61,6010300000
2001-05-11,1245.67,5050600000
2001-05-18,1291.96,5821700000
2001-05-25,1277.89,5498900000
2001-06-01,1260.67,4426200000
2001-06-08,1264.96,4831000000
2001-06-15,1214.36,5948650000
2001-06-22,1225.35,6382620000
2001-06-29,1224.38,6570760000
2001-07-06,1190.59,3742010000
2001-07-13,1215.68,6209300000
2001-07-20,1210.85,6108600000
2001-07-27,1205.82,5695500000
2001-08-03,1214.35,5536800000
2001-08-10,1190.16,5013400000
2001-08-17,1161.97,4897500000
2001-08-24,1184.93,5079300000
2001-08-31,1133.58,4870500000
2001-09-07,1085.78,5346800000
2001-09-10,1092.54,1276600000
2001-09-21,965.80,10423890000
2001-09-28,1040.94,7978000000
2001-10-05,1071.38,7026800000
2001-10-12,1091.65,6555180000
2001-10-19,1073.48,6245200000
2001-10-26,1104.61,6368100000
2001-11-02,1087.20,6195300000
2001-11-09,1120.31,6646300000
2001-11-16,1138.65,6597000000
2001-11-23,1150.34,4086600000
2001-11-30,1139.45,6560800000
2001-12-07,1158.31,7022800000
2001-12-14,1123.09,6853900000
2001-12-21,1144.89,7283800000
2001-12-28,1161.02,3024470000
2002-01-04,1172.51,5026500000
2002-01-11,1145.60,6530000000
2002-01-18,1127.58,6869200000
2002-01-25,1133.28,5688700000
2002-02-01,1122.20,7942600000
2002-02-08,1096.22,7695200000
2002-02-15,1104.18,6101200000
2002-02-22,1089.84,5421400000
2002-03-01,1131.78,6919100000
2002-03-08,1164.31,7614300000
2002-03-15,1166.16,6571300000
2002-03-22,1148.70,6311900000
2002-03-28,1147.39,4609200000
2002-04-05,1122.73,5841300000
2002-04-12,1111.01,6566300000
2002-04-19,1125.17,6382900000
2002-04-26,1076.32,6835100000
2002-05-03,1073.43,7043200000
2002-05-10,1054.99,6304200000
2002-05-17,1106.59,6454300000
2002-05-24,1083.82,5404900000
2002-05-31,1067.14,4642200000
2002-06-07,1027.53,7033800000
2002-06-14,1007.27,7188820000
2002-06-21,989.14,6652700000
2002-06-28,989.82,9106190000
2002-07-05,989.03,5475700000
2002-07-12,921.39,8038080000
2002-07-19,847.75,11375400000
2002-07-26,852.84,11685440000
2002-08-02,864.24,8864400000
2002-08-09,908.64,7371600000
2002-08-16,928.77,6638400000
2002-08-23,940.86,6405900000
2002-08-30,916.07,5672200000
2002-09-06,893.92,5247700000
2002-09-13,889.81,5626200000
2002-09-20,845.39,7267800000
2002-09-27,827.37,7860140000
2002-10-04,800.58,8682100000
2002-10-11,835.32,9344320000
2002-10-18,884.39,7944790000
2002-10-25,897.65,7631070000
2002-11-01,900.96,7426300000
2002-11-08,894.74,7587400000
2002-11-15,909.83,6872600000
2002-11-22,930.55,8179200000
2002-11-29,936.31,5111360000
2002-12-06,912.23,7180600000
2002-12-13,889.48,6478600000
2002-12-20,895.76,7138230000
2002-12-27,875.40,3049910000
2003-01-03,908.59,4506300000
2003-01-10,927.57,7494400000
2003-01-17,901.78,7100600000
2003-01-24,861.40,6215350000
2003-01-31,855.70,7579230000
2003-02-07,829.69,6868600000
2003-02-14,834.89,6699600000
2003-02-21,848.17,4918700000
2003-02-28,841.15,6748400000
2003-03-07,828.89,6465900000
2003-03-14,833.27,7660900000
2003-03-21,895.79,8051730000
2003-03-28,863.50,6406000000
2003-04-04,878.85,7127600000
2003-04-11,868.30,6440000000
2003-04-17,893.58,5609400000
2003-04-25,898.81,7401000000
2003-05-02,930.08,7538910000
2003-05-09,933.41,7333500000
2003-05-16,944.30,7212900000
2003-05-23,933.22,6988300000
2003-05-30,963.59,6465600000
2003-06-06,987.76,8261700000
2003-06-13,988.61,6927100000
2003-06-20,995.69,7542600000
2003-06-27,976.22,6900800000
2003-07-03,985.70,5342600000
2003-07-11,998.14,7291200000
2003-07-18,993.32,7656100000
2003-07-25,998.68,7013100000
2003-08-01,980.15,7228000000
2003-08-08,977.59,6637300000
2003-08-15,990.67,5186470000
2003-08-22,993.06,6355000000
2003-08-29,1008.01,5312100000
2003-09-05,1021.39,6065200000
2003-09-12,1018.63,6868800000
2003-09-19,1036.30,6910110000
2003-09-26,996.85,7139000000
2003-10-03,1029.85,7363100000
2003-10-10,1038.06,6254600000
2003-10-17,1039.32,6603200000
2003-10-24,1028.91,7342400000
2003-10-31,1050.71,7692200000
2003-11-07,1053.21,7092000000
2003-11-14,1050.35,6494500000
2003-11-21,1035.28,6655300000
2003-11-28,1058.20,4221420000
2003-12-05,1061.50,6928900000
2003-12-12,1074.14,6792600000
2003-12-19,1088.66,7747600000
2003-12-26,1095.89,3271130000
2004-01-02,1108.48,4252100000
2004-01-09,1121.86,8366700000
2004-01-16,1139.83,8036800000
2004-01-23,1141.55,6710700000
2004-01-30,1131.13,8552600000
2004-02-06,1142.76,7755100000
2004-02-13,1145.81,7200200000
2004-02-20,1144.11,5821300000
2004-02-27,1144.94,7209000000
2004-03-05,1156.86,6971600000
2004-03-12,1120.57,7680600000
2004-03-19,1109.78,7418000000
2004-03-26,1108.06,7229100000
2004-04-02,1141.81,7488500000
2004-04-08,1139.32,5470000000
2004-04-16,1134.61,7129800000
2004-04-23,1140.60,7664300000
2004-04-30,1107.30,8157900000
2004-05-07,1098.70,7865600000
2004-05-14,1095.70,7896800000
2004-05-21,1093.56,6801300000
2004-05-28,1120.68,6762700000
2004-06-04,1122.50,4837400000
2004-06-10,1136.47,4839500000
2004-06-18,1135.02,6491000000
2004-06-25,1134.43,7158200000
2004-07-02,1125.38,6784100000
2004-07-09,1112.81,5199300000
2004-07-16,1101.39,6635300000
2004-07-23,1086.20,7463500000
2004-07-30,1101.72,7406800000
2004-08-06,1063.97,6901900000
2004-08-13,1064.80,6322200000
2004-08-20,1098.35,6205800000
2004-08-27,1107.77,5175600000
2004-09-03,1113.63,5165970000
2004-09-10,1123.92,5093200000
2004-09-17,1128.55,6296800000
2004-09-24,1110.11,6444200000
2004-10-01,1131.50,7393200000
2004-10-08,1122.14,7108200000
2004-10-15,1108.20,6944700000
2004-10-22,1095.74,7939100000
2004-10-29,1130.20,7936800000
2004-11-05,1166.17,8329500000
2004-11-12,1184.17,7238400000
2004-11-19,1170.34,7485200000
2004-11-26,1182.65,4475180000
2004-12-03,1191.17,8046400000
2004-12-10,1188.00,7481900000
2004-12-17,1194.20,8805200000
2004-12-23,1210.13,5253400000
2004-12-31,1211.92,4447600000
2005-01-07,1186.19,8017700000
2005-01-14,1184.52,7387000000
2005-01-21,1167.87,6431000000
2005-01-28,1171.36,7983300000
2005-02-04,1203.03,8126140000
2005-02-11,1205.30,7328450000
2005-02-18,1201.59,7438680000
2005-02-25,1211.37,6288460000
2005-03-04,1222.12,8325140000
2005-03-11,1200.08,7770730000
2005-03-18,1189.65,8530450000
2005-03-24,1171.42,7902500000
2005-04-01,1172.92,10449500000
2005-04-08,1181.20,9309920000
2005-04-15,1142.62,10599880000
2005-04-22,1152.12,10894860000
2005-04-29,1156.85,10450920000
2005-05-06,1171.35,10157840000
2005-05-13,1154.05,9765530000
2005-05-20,1189.28,9418050000
2005-05-27,1198.78,8139890000
2005-06-03,1196.02,7092090000
2005-06-10,1198.11,8602280000
2005-06-17,1216.96,9383350000
2005-06-24,1191.57,9707200000
2005-07-01,1194.44,8983620000
2005-07-08,1211.86,7542540000
2005-07-15,1227.92,9355920000
2005-07-22,1233.68,9583550000
2005-07-29,1234.18,9388840000
2005-08-05,1226.42,9671470000
2005-08-12,1230.39,9524840000
2005-08-19,1219.71,8609400000
2005-08-26,1205.10,8342950000
2005-09-02,1218.02,9751450000
2005-09-09,1241.48,7947730000
2005-09-16,1237.91,11238970000
2005-09-23,1215.29,11341680000
2005-09-30,1228.81,10379110000
2005-10-07,1195.90,11903800000
2005-10-14,1186.57,11526400000
2005-10-21,1179.59,12043340000
2005-10-28,1198.41,11752780000
2005-11-04,1220.14,12440550000
2005-11-11,1234.72,10318690000
2005-11-18,1248.27,11132060000
2005-11-25,1268.25,7119110000
2005-12-02,1265.08,11400340000
2005-12-09,1259.37,10605000000
2005-12-16,1267.32,11176870000
2005-12-23,1268.66,9444980000
2005-12-30,1248.29,5788870000
2006-01-06,1285.45,9949800000
2006-01-13,1287.61,11605560000
2006-01-20,1261.49,9703000000
2006-01-27,1283.72,12962250000
2006-02-03,1264.03,12427960000
2006-02-10,1266.99,11687560000
2006-02-17,1287.24,10985360000
2006-02-24,1289.43,8403920000
2006-03-03,1287.23,11302040000
2006-03-10,1281.42,11254670000
2006-03-17,1307.25,11370400000
2006-03-24,1302.95,10471020000
2006-03-31,1294.87,10853090000
2006-04-07,1295.50,11425910000
2006-04-13,1289.12,7961240000
2006-04-21,1311.28,11742950000
2006-04-28,1310.61,12178330000
2006-05-05,1325.76,11961950000
2006-05-12,1291.24,11676630000
2006-05-19,1267.03,13241860000
2006-05-26,1280.16,12564040000
2006-06-02,1288.22,9524050000
2006-06-09,1252.30,13413080000
2006-06-16,1251.54,13689640000
2006-06-23,1244.50,11276830000
2006-06-30,1270.20,11838010000
2006-07-07,1265.48,7276850000
2006-07-14,1236.20,11428770000
2006-07-21,1240.29,12379810000
2006-07-28,1278.55,12801490000
2006-08-04,1279.36,12859150000
2006-08-11,1266.74,11465410000
2006-08-18,1302.30,11498940000
2006-08-25,1295.09,9159550000
2006-09-01,1311.01,9764390000
2006-09-08,1298.92,8903090000
2006-09-15,1319.66,13444480000
2006-09-22,1314.78,12049320000
2006-09-29,1335.85,12804030000
2006-10-06,1349.59,13197290000
2006-10-13,1365.62,11829580000
2006-10-20,1368.60,12630620000
2006-10-27,1377.34,13562660000
2006-11-03,1364.30,13460540000
2006-11-10,1380.90,13287010000
2006-11-17,1401.20,13806780000
2006-11-24,1400.95,8214910000
2006-12-01,1396.71,14949140000
2006-12-08,1409.84,13430910000
2006-12-15,1427.09,13539610000
2006-12-22,1410.76,11642830000
2006-12-29,1418.30,6164450000
2007-01-05,1409.71,9353020000
2007-01-12,1430.73,14110730000
2007-01-19,1430.50,10889710000
2007-01-26,1422.18,13919320000
2007-02-02,1448.39,13897760000
2007-02-09,1438.06,13434950000
2007-02-16,1455.54,12637490000
2007-02-23,1451.19,9475560000
2007-03-02,1387.17,17999820000
2007-03-09,1402.84,15617930000
2007-03-16,1386.95,16123460000
2007-03-23,1436.11,14506880000
2007-03-30,1420.86,14186810000
2007-04-05,1443.76,10771190000
2007-04-13,1452.85,13270300000
2007-04-20,1484.35,15005590000
2007-04-27,1494.07,14891970000
2007-05-04,1505.62,15453470000
2007-05-11,1505.85,14028380000
2007-05-18,1522.75,14590190000
2007-05-25,1515.73,15091900000
2007-06-01,1536.34,11814550000
2007-06-08,1507.67,15174500000
2007-06-15,1532.91,14879070000
2007-06-22,1502.56,16086160000
2007-06-29,1503.35,16256050000
2007-07-06,1530.44,9274250000
2007-07-13,1552.50,15333250000
2007-07-20,1534.10,16317700000
2007-07-27,1458.95,20758930000
2007-08-03,1433.06,22551040000
2007-08-10,1453.64,26711530000
2007-08-17,1445.94,21881180000
2007-08-24,1479.37,15268400000
2007-08-31,1473.99,13622910000
2007-09-07,1453.55,11408870000
2007-09-14,1484.25,14255590000
2007-09-21,1525.75,16791240000
2007-09-28,1526.75,15354000000
2007-10-05,1557.59,15058680000
2007-10-12,1561.80,14717400000
2007-10-19,1500.63,17376100000
2007-10-26,1535.28,18580330000
2007-11-02,1509.65,18817530000
2007-11-09,1453.70,22078420000
2007-11-16,1458.74,20475180000
2007-11-23,1440.70,14683750000
2007-11-30,1481.14,20482140000
2007-12-07,1504.66,17076810000
2007-12-14,1467.95,18510280000
2007-12-21,1484.46,18729500000
2007-12-28,1478.49,8064200000
2008-01-04,1411.63,13489030000
2008-01-11,1401.02,23944010000
2008-01-18,1325.19,25032320000
2008-01-25,1330.61,20403920000
2008-02-01,1395.42,22697710000
2008-02-08,1331.29,20177290000
2008-02-15,1349.99,18722260000
2008-02-22,1353.11,14753390000
2008-02-29,1330.63,20232420000
2008-03-07,1293.37,22041330000
2008-03-14,1288.14,24011740000
2008-03-20,1329.51,22522410000
2008-03-28,1315.22,20424700000
2008-04-04,1370.40,20877750000
2008-04-11,1332.83,18316890000
2008-04-18,1390.33,19342880000
2008-04-25,1397.84,19698890000
2008-05-02,1413.90,20333020000
2008-05-09,1388.28,18756220000
2008-05-16,1425.35,19047660000
2008-05-23,1375.93,19528620000
2008-05-30,1400.38,15256170000
2008-06-06,1360.68,21571790000
2008-06-13,1360.03,22634280000
2008-06-20,1317.93,22219040000
2008-06-27,1278.38,25156600000
2008-07-03,1262.90,19402300000
2008-07-11,1239.49,29063160000
2008-07-18,1260.68,32555620000
2008-07-25,1257.76,28317240000
2008-08-01,1260.31,25359450000
2008-08-08,1296.32,20941200000
2008-08-15,1298.20,22672020000
2008-08-22,1292.20,20317740000
2008-08-29,1282.83,17650180000
2008-09-05,1242.31,20070120000
2008-09-12,1251.70,34417920000
2008-09-19,1255.08,46641070000
2008-09-26,1213.27,26635470000
2008-10-03,1099.23,31026630000
2008-10-10,899.22,42016790000
2008-10-17,940.55,36533970000
2008-10-24,876.77,30185400000
2008-10-31,968.75,32302980000
2008-11-07,930.99,26484080000
2008-11-14,873.29,29064670000
2008-11-21,800.03,36745200000
2008-11-28,896.24,23366260000
2008-12-05,876.07,30469750000
2008-12-12,879.73,29662270000
2008-12-19,887.88,29279860000
2008-12-26,872.80,12348420000
2009-01-02,931.80,15172440000
2009-01-09,890.35,25219520000
2009-01-16,850.12,30293780000
2009-01-23,831.95,24519050000
2009-01-30,825.88,28010020000
2009-02-06,868.60,31088160000
2009-02-13,826.84,30044110000
2009-02-20,770.05,25606060000
2009-02-27,735.09,37753880000
2009-03-06,683.38,37964220000
2009-03-13,756.55,37297180000
2009-03-20,768.54,39816380000
2009-03-27,815.94,34764100000
2009-04-03,842.50,31434350000
2009-04-09,856.56,24904750000
2009-04-17,869.60,34196510000
2009-04-24,866.23,35415850000
2009-05-01,877.52,30217790000
2009-05-08,929.23,39760120000
2009-05-15,882.88,31688760000
2009-05-22,887.00,31698640000
2009-05-29,919.14,23155250000
2009-06-05,940.09,28312350000
2009-06-12,946.21,24331760000
2009-06-19,921.23,25570130000
2009-06-26,918.90,25599580000
2009-07-02,896.42,16689730000
2009-07-10,879.13,23366910000
2009-07-17,940.38,23927320000
2009-07-24,979.26,25016500000
2009-07-31,987.48,26474660000
2009-08-07,1010.48,32139730000
2009-08-14,1004.09,26868820000
2009-08-21,1026.13,23323250000
2009-08-28,1028.93,28722910000
2009-09-04,1016.40,26431300000
2009-09-11,1042.73,20551690000
2009-09-18,1068.30,30234840000
2009-09-25,1044.38,25406510000
2009-10-02,1025.21,26050400000
2009-10-09,1071.49,22333550000
2009-10-16,1087.68,23701850000
2009-10-23,1079.60,25592330000
2009-10-30,1036.19,30408570000
2009-11-06,1069.30,26451130000
2009-11-13,1093.48,21094360000
2009-11-20,1091.38,20612520000
2009-11-27,1091.49,12928000000
2009-12-04,1105.98,22677340000
2009-12-11,1106.41,20754380000
2009-12-18,1102.47,28364370000
2009-12-24,1126.48,12053050000
2009-12-31,1115.10,9561710000
2010-01-08,1144.98,21115350000
2010-01-15,1136.03,21816230000
2010-01-22,1091.76,22618330000
2010-01-29,1073.87,25397670000
2010-02-05,1066.19,25411190000
2010-02-12,1075.51,22017080000
2010-02-19,1109.17,16162900000
2010-02-26,1104.49,20970170000
2010-03-05,1138.70,20011650000
2010-03-12,1149.99,24026590000
2010-03-19,1159.90,22944000000
2010-03-26,1166.59,23756390000
2010-04-01,1178.10,16951790000
2010-04-09,1194.37,22307770000
2010-04-16,1192.13,29874510000
2010-04-23,1217.28,29000480000
2010-04-30,1186.69,31552280000
2010-05-07,1110.88,38419430000
2010-05-14,1135.68,28958750000
2010-05-21,1087.69,32640260000
2010-05-28,1089.41,27644340000
2010-06-04,1064.88,21474390000
2010-06-11,1091.60,26847570000
2010-06-18,1117.51,23186040000
2010-06-25,1076.76,23498560000
2010-07-02,1022.58,25504460000
2010-07-09,1077.96,17677490000
2010-07-16,1064.88,22438320000
2010-07-23,1102.66,22901430000
2010-07-30,1101.60,21356600000
2010-08-06,1121.64,19817300000
2010-08-13,1079.25,20320520000
2010-08-20,1071.69,18887030000
2010-08-27,1064.59,19756640000
2010-09-03,1104.51,18592350000
2010-09-10,1109.55,12780950000
2010-09-17,1125.59,19862160000
2010-09-24,1148.67,19422610000
2010-10-01,1146.24,20187050000
2010-10-08,1165.15,19528080000
2010-10-15,1176.19,22245800000
2010-10-22,1183.08,22881410000
2010-10-29,1183.26,20582070000
2010-11-05,1225.85,23993790000
2010-11-12,1199.21,21491310000
2010-11-19,1199.73,20887180000
2010-11-26,1189.40,12820640000
2010-12-03,1224.71,21212840000
2010-12-10,1240.40,24175410000
2010-12-17,1243.91,22270220000
2010-12-23,1256.77,10828420000
2010-12-31,1257.64,10455790000
2011-01-07,1271.50,23655220000
2011-01-14,1293.24,21286570000
2011-01-21,1283.35,19899340000
2011-01-28,1276.34,23156650000
2011-02-04,1310.87,21726860000
2011-02-11,1329.15,20109950000
2011-02-18,1343.01,12589110000
2011-02-25,1319.88,7712050000
2011-03-04,1321.15,12022480000
2011-03-11,1304.28,20669090000
2011-03-18,1279.21,23905220000
2011-03-25,1313.80,20090110000
2011-04-01,1332.41,18297330000
2011-04-08,1328.17,19888170000
2011-04-15,1319.68,19701690000
2011-04-21,1337.38,15933560000
2011-04-29,1363.61,17617650000
2011-05-06,1340.20,20363720000
2011-05-13,1337.77,19539110000
2011-05-20,1333.27,19514380000
2011-05-27,1331.10,17595530000
2011-06-03,1300.16,16204530000
2011-06-10,1270.98,18551800000
2011-06-17,1271.50,20466010000
2011-06-24,1268.45,19888020000
2011-07-01,1339.67,19505540000
2011-07-08,1343.80,14950400000
2011-07-15,1316.14,20768430000
2011-07-22,1345.02,20550440000
2011-07-29,1292.28,21035970000
2011-08-05,1199.38,26341740000
2011-08-12,1178.81,19325310000
2011-08-19,1123.53,22135160000
2011-08-26,1176.80,26548480000
2011-09-02,1173.97,23250630000
2011-09-09,1154.23,18596560000
2011-09-16,1216.01,24565280000
2011-09-23,1136.43,25641420000
2011-09-30,1131.42,24801410000
2011-10-07,1155.46,22574340000
2011-10-14,1224.58,22779620000
2011-10-21,1238.25,23838320000
2011-10-28,1285.09,24561180000
2011-11-04,1253.23,22746070000
2011-11-11,1263.85,19370910000
2011-11-18,1215.65,19328050000
2011-11-25,1158.67,13424920000
2011-12-02,1244.28,21678300000
2011-12-09,1255.19,20171810000
2011-12-16,1219.66,21176570000
2011-12-23,1265.33,16400510000
2011-12-30,1257.60,9030550000
2012-01-06,1277.81,15509070000
2012-01-13,1289.09,19273940000
2012-01-20,1315.38,16485160000
2012-01-27,1316.33,20404830000
2012-02-03,1344.90,21128390000
2012-02-10,1342.64,19306360000
2012-02-17,1361.23,19414420000
2012-02-24,1365.74,14720720000
2012-03-02,1369.63,18913110000
2012-03-09,1370.87,18383450000
2012-03-16,1404.17,21406220000
2012-03-23,1397.11,18414980000
2012-03-30,1408.47,18492280000
2012-04-05,1398.08,14636130000
2012-04-13,1370.26,19093190000
2012-04-20,1378.53,18507460000
2012-04-27,1403.36,18950920000
2012-05-04,1369.10,19165870000
2012-05-11,1353.39,19706660000
2012-05-18,1295.22,21259330000
2012-05-25,1317.82,18829090000
2012-06-01,1278.04,16202900000
2012-06-08,1325.66,19438880000
2012-06-15,1342.84,18576250000
2012-06-22,1335.02,20136440000
2012-06-29,1362.16,18761520000
2012-07-06,1354.68,11204700000
2012-07-13,1356.78,16669120000
2012-07-20,1362.66,18040410000
2012-07-27,1385.97,20155950000
2012-08-03,1390.99,19419460000
2012-08-10,1405.87,15913920000
2012-08-17,1418.16,14123730000
2012-08-24,1411.13,14718990000
2012-08-31,1406.58,13141340000
2012-09-07,1437.92,14259910000
2012-09-14,1465.77,20023040000
2012-09-21,1460.15,18527570000
2012-09-28,1440.67,16973760000
2012-10-05,1460.93,17147310000
2012-10-12,1428.59,15577390000
2012-10-19,1433.19,18463100000
2012-10-26,1411.94,16987410000
2012-11-02,1414.20,11239480000
2012-11-09,1379.85,18011370000
2012-11-16,1359.88,18107380000
2012-11-23,1409.15,10754010000
2012-11-30,1416.18,16954180000
2012-12-07,1418.07,16930770000
2012-12-14,1413.58,16918840000
2012-12-21,1430.15,20543390000
2012-12-28,1402.43,8790850000
2013-01-04,1466.47,14660950000
2013-01-11,1472.05,18003450000
2013-01-18,1485.98,17024890000
2013-01-25,1502.96,14298680000
2013-02-01,1513.17,18901190000
2013-02-08,1517.93,17220660000
2013-02-15,1519.79,17082600000
2013-02-22,1515.60,15683400000
2013-03-01,1518.20,19146110000
2013-03-08,1551.18,17988980000
2013-03-15,1560.70,18074930000
2013-03-22,1556.89,16501510000
2013-03-28,1569.19,12266080000
2013-04-05,1553.28,16991960000
2013-04-12,1588.85,16193490000
2013-04-19,1555.25,20025810000
2013-04-26,1582.24,17250470000
2013-05-03,1614.42,17137450000
2013-05-10,1633.70,16470390000
2013-05-17,1667.47,16979670000
2013-05-24,1649.60,17853250000
2013-05-31,1630.74,14642760000
2013-06-07,1643.38,18157630000
2013-06-14,1626.73,15935010000
2013-06-21,1592.43,20459250000
2013-06-28,1606.28,20394900000
2013-07-05,1631.89,11022010000
2013-07-12,1680.19,16166370000
2013-07-19,1692.09,15613300000
2013-07-26,1691.65,15296700000
2013-08-02,1709.67,16920240000
2013-08-09,1691.42,14910070000
2013-08-16,1655.83,15334290000
2013-08-23,1663.50,13950930000
2013-08-30,1632.97,13695720000
2013-09-06,1655.17,13124750000
2013-09-13,1687.99,15772830000
2013-09-20,1709.91,18657960000
2013-09-27,1691.75,15310240000
2013-10-04,1690.50,15855840000
2013-10-11,1703.20,16132530000
2013-10-18,1744.50,16512980000
2013-10-25,1759.77,17464350000
2013-11-01,1761.64,17676620000
2013-11-08,1770.61,18014020000
2013-11-15,1798.18,15476450000
2013-11-22,1804.76,15813880000
2013-11-29,1805.81,10637550000
2013-12-06,1805.09,16668560000
2013-12-13,1775.32,16086600000
2013-12-20,1818.32,19402600000
2013-12-27,1841.40,8194360000
2014-01-03,1831.37,10461570000
2014-01-10,1842.37,17375600000
2014-01-17,1838.70,17839850000
2014-01-24,1790.29,15747340000
2014-01-31,1782.59,19054250000
2014-02-07,1797.02,20380140000
2014-02-14,1838.63,16742180000
2014-02-21,1836.25,13891540000
2014-02-28,1859.45,18711730000
2014-03-07,1878.04,17512170000
2014-03-14,1841.13,16641060000
2014-03-21,1866.52,17678140000
2014-03-28,1857.62,16779360000
2014-04-04,1865.09,16381500000
2014-04-11,1815.69,18333880000
2014-04-17,1864.85,13344490000
2014-04-25,1863.40,15348510000
2014-05-02,1881.14,18038030000
2014-05-09,1878.48,16112380000
2014-05-16,1877.86,15469770000
2014-05-23,1900.53,13605170000
2014-05-30,1923.57,11860010000
2014-06-06,1949.44,14147690000
2014-06-13,1936.16,13863870000
2014-06-20,1962.87,16251000000
2014-06-27,1960.96,15983470000
2014-07-03,1985.44,11075160000
2014-07-11,1967.57,14692810000
2014-07-18,1978.22,15952350000
2014-07-25,1978.34,14213850000
2014-08-01,1925.15,17417530000
2014-08-08,1931.59,16207390000
2014-08-15,1955.06,13747450000
2014-08-22,1988.40,12814930000
2014-08-29,2003.37,11571710000
2014-09-05,2007.71,11520670000
2014-09-12,1985.54,14732610000
2014-09-19,2010.40,17261820000
2014-09-26,1982.85,16145360000
2014-10-03,1967.90,18807610000
2014-10-10,1906.13,20382540000
2014-10-17,1886.76,24810660000
2014-10-24,1964.58,17947860000
2014-10-31,2018.05,18810910000
2014-11-07,2031.92,18652340000
2014-11-14,2039.82,16172310000
2014-11-21,2063.50,17004640000
2014-11-28,2067.56,11770900000
2014-12-05,2075.37,18286300000
2014-12-12,2002.33,19961180000
2014-12-19,2070.65,25431950000
2014-12-26,2088.77,9565680000
2015-01-02,2058.20,10207410000
2015-01-09,2044.81,19362860000
2015-01-16,2019.42,20275570000
2015-01-23,2051.82,15424020000
2015-01-30,1994.99,19558890000
2015-02-06,2055.47,20821110000
2015-02-13,2096.99,18132050000
2015-02-20,2110.30,13260470000
2015-02-27,2104.50,16561930000
2015-03-06,2071.26,17049500000
2015-03-13,2053.40,17328980000
2015-03-20,2108.10,19504990000
2015-03-27,2061.02,16498140000
2015-04-02,2066.96,12933470000
2015-04-10,2102.06,15962370000
2015-04-17,2081.18,17285170000
2015-04-24,2117.69,16604500000
2015-05-01,2108.29,18949060000
2015-05-08,2116.10,17753820000
2015-05-15,2122.73,15824270000
2015-05-22,2126.06,14852420000
2015-05-29,2107.39,13377830000
2015-06-05,2092.83,15604780000
2015-06-12,2094.11,15214050000
2015-06-19,2109.99,17173880000
2015-06-26,2101.49,17463770000
2015-07-02,2076.78,14481300000
2015-07-10,2076.62,18065680000
2015-07-17,2126.64,15950490000
2015-07-24,2079.65,17926480000
2015-07-31,2103.84,19254140000
2015-08-07,2077.57,18841050000
2015-08-14,2091.54,17509360000
2015-08-21,1970.89,18271310000
2015-08-28,1988.87,26089970000
2015-09-04,1921.22,18717360000
2015-09-11,1961.05,14045680000
2015-09-18,1958.03,20075770000
2015-09-25,1931.34,18081540000
2015-10-02,1951.36,21346290000
2015-10-09,2014.89,20849400000
2015-10-16,2033.11,17281480000
2015-10-23,2075.15,18785920000
2015-10-30,2079.36,20565930000
2015-11-06,2099.20,20531860000
2015-11-13,2023.04,19691320000
2015-11-20,2089.17,19652690000
2015-11-27,2090.11,11792690000
2015-12-04,2091.69,20459190000
2015-12-11,2012.37,20618850000
2015-12-18,2005.55,24611890000
2015-12-24,2060.99,12177090000
2015-12-31,2043.94,10057270000
2016-01-08,1922.03,22089690000
2016-01-15,1880.33,25291150000
2016-01-22,1906.90,21324990000
2016-01-29,1940.24,23703940000
2016-02-05,1880.05,24081930000
2016-02-12,1864.78,25488570000
2016-02-19,1917.78,18161550000
2016-02-26,1948.05,20729330000
2016-03-04,1999.99,25206170000
2016-03-11,2022.19,22103360000
2016-03-18,2049.58,22138770000
2016-03-24,2035.94,13842290000
2016-04-01,2072.78,17687000000
2016-04-08,2047.60,18552210000
2016-04-15,2080.73,19466730000
2016-04-22,2091.58,19364460000
2016-04-29,2065.30,19991600000
2016-05-06,2057.14,19877940000
2016-05-13,2046.61,18573070000
2016-05-20,2052.32,19066060000
2016-05-27,2099.06,16852120000
2016-06-03,2099.13,15300080000
2016-06-10,2096.07,17344140000
2016-06-17,2071.22,19277430000
2016-06-24,2037.41,20763870000
2016-07-01,2102.95,22140480000
2016-07-08,2129.90,14779810000
2016-07-15,2161.74,17441690000
2016-07-22,2175.03,15651690000
2016-07-29,2173.60,18198170000
2016-08-05,2182.87,18513540000
2016-08-12,2184.05,16340620000
2016-08-19,2183.87,16049210000
2016-08-26,2169.04,15278970000
2016-09-02,2179.98,15911210000
2016-09-09,2127.81,14728870000
2016-09-16,2139.16,20204330000
2016-09-23,2164.69,16758370000
2016-09-30,2168.27,18848810000
2016-10-07,2153.74,17730470000
2016-10-14,2132.98,15960480000
2016-10-21,2141.16,16166080000
2016-10-28,2126.41,19131940000
2016-11-04,2085.18,20488880000
2016-11-11,2164.45,25381600000
2016-11-18,2181.90,21162310000
2016-11-25,2213.35,12576460000
2016-12-02,2191.95,21612530000
2016-12-09,2259.53,20349620000
2016-12-16,2258.07,22426490000
2016-12-23,2263.79,14315870000
2016-12-30,2238.83,9402730000
2017-01-06,2276.98,14669060000
2017-01-13,2274.64,17042270000
2017-01-20,2271.31,13609860000
2017-01-27,2294.69,17570460000
2017-02-03,2297.42,19019690000
2017-02-10,2316.10,17355000000
2017-02-17,2351.16,17859010000
2017-02-24,2367.34,14914870000
2017-03-03,2383.12,19525470000
2017-03-10,2372.60,17745030000
2017-03-17,2378.25,18798600000
2017-03-24,2343.98,17156540000
2017-03-31,2362.72,16235510000
2017-04-07,2355.54,16665670000
2017-04-13,2328.95,12261150000
2017-04-21,2348.69,16793410000
2017-04-28,2384.20,19649630000
2017-05-05,2399.29,18870720000
2017-05-12,2390.90,17769530000
2017-05-19,2381.73,19227790000
2017-05-26,2415.82,16127520000
2017-06-02,2439.07,15050020000
2017-06-09,2431.77,17635530000
2017-06-16,2433.15,19540080000
2017-06-23,2438.30,19053080000
2017-06-30,2423.41,17524000000
2017-07-07,2425.18,11567730000
2017-07-14,2459.27,15102550000
2017-07-21,2472.54,15129180000
2017-07-28,2472.10,18072700000
2017-08-04,2476.83,17335730000
2017-08-11,2441.32,16391220000
2017-08-18,2425.55,15295240000
2017-08-25,2443.05,13824620000
2017-09-01,2476.55,14126800000
2017-09-08,2461.43,13576530000
2017-09-15,2500.23,18184550000
2017-09-22,2502.22,15886600000
2017-09-29,2519.36,16263660000
2017-10-06,2549.33,15278620000
2017-10-13,2553.17,14748620000
2017-10-20,2575.21,15233210000
2017-10-27,2581.07,18323450000
2017-11-03,2587.84,18964700000
2017-11-10,2582.30,18589450000
2017-11-17,2578.85,17274900000
2017-11-24,2602.42,10525170000
2017-12-01,2642.22,19518320000
2017-12-08,2651.50,17250300000
2017-12-15,2675.81,19458420000
2017-12-22,2683.34,16075840000
2017-12-29,2673.61,8796210000
2018-01-05,2743.15,13878080000
2018-01-12,2786.24,17526430000
2018-01-19,2810.30,15580750000
2018-01-26,2872.87,18457670000
2018-02-02,2762.13,20193360000
2018-02-09,2619.55,26898440000
2018-02-16,2732.22,18927760000
2018-02-23,2747.30,14356940000
2018-03-02,2691.25,19838970000
2018-03-09,2786.57,17112270000
2018-03-16,2752.01,18908730000
2018-03-23,2588.26,17629670000
2018-03-29,2640.87,14747480000
2018-04-06,2604.47,16943670000
2018-04-13,2656.30,15743660000
2018-04-20,2670.14,16522340000
2018-04-27,2669.91,17235520000
2018-05-04,2663.42,18562140000
2018-05-11,2727.72,17181050000
2018-05-18,2712.97,16395450000
2018-05-25,2721.33,16071790000
2018-06-01,2734.62,15245210000
2018-06-08,2779.03,17477350000
2018-06-15,2779.66,19511520000
2018-06-22,2754.88,19124110000
2018-06-29,2718.37,18084070000
2018-07-06,2759.82,10576910000
2018-07-13,2801.31,14590400000
2018-07-20,2801.83,15517950000
2018-07-27,2818.82,17044960000
2018-08-03,2840.35,17214500000
2018-08-10,2833.28,15374300000
2018-08-17,2850.13,16086450000
2018-08-24,2874.69,13959870000
2018-08-31,2901.52,14056030000
2018-09-07,2871.68,12457020000
2018-09-14,2904.98,15450380000
2018-09-21,2929.67,18420620000
2018-09-28,2913.98,16703490000
2018-10-05,2885.57,17285210000
2018-10-12,2767.13,20405870000
2018-10-19,2767.78,17367750000
2018-10-26,2658.69,21911910000
2018-11-02,2723.06,23951720000
2018-11-09,2781.01,18826370000
2018-11-16,2736.27,20465380000
2018-11-23,2632.56,13066840000
2018-11-30,2760.17,19269950000
2018-12-07,2633.08,18159960000
2018-12-14,2599.95,20198330000
2018-12-21,2416.62,27611110000
2018-12-28,2485.74,14730860000
2019-01-04,2531.94,15288050000
2019-01-11,2596.26,19510680000
2019-01-18,2670.71,18984150000
2019-01-25,2664.76,14552950000
2019-02-01,2706.53,19768450000
2019-02-08,2707.88,18217210000
2019-02-15,2775.60,18417330000
2019-02-22,2792.67,14467710000
2019-03-01,2803.69,19748980000
2019-03-08,2743.07,18737740000
2019-03-15,2822.48,20454890000
2019-03-22,2800.71,18917020000
2019-03-29,2834.40,17055060000
2019-04-05,2892.74,16592010000
2019-04-12,2907.41,15877870000
2019-04-18,2905.03,13672850000
2019-04-26,2939.88,16857490000
2019-05-03,2945.64,17918950000
2019-05-10,2881.40,17765260000
2019-05-17,2859.53,17050540000
2019-05-24,2826.06,16499350000
2019-05-31,2752.06,15106790000
2019-06-07,2873.34,18026770000
2019-06-14,2886.98,15894210000
2019-06-21,2950.46,18516760000
2019-06-28,2941.76,18812890000
2019-07-05,2990.41,11147600000
2019-07-12,3013.77,15253340000
2019-07-19,2976.61,16014490000
2019-07-26,3025.86,16700450000
2019-08-02,2932.05,20160210000
2019-08-09,2918.65,20687590000
2019-08-16,2888.68,19076710000
2019-08-23,2847.11,16141480000
2019-08-30,2926.46,15686820000
2019-09-06,2978.71,13707670000
2019-09-13,3007.39,19712530000
2019-09-20,2992.07,20787010000
2019-09-27,2961.79,16722640000
2019-10-04,2952.01,17244790000
2019-10-11,2970.27,15880820000
2019-10-18,2986.20,15507120000
2019-10-25,3022.55,17288670000
2019-11-01,3066.91,19004660000
2019-11-08,3093.08,20794290000
2019-11-15,3120.46,16692290000
2019-11-22,3110.29,18074100000
2019-11-29,3140.98,12893650000
2019-12-06,3145.91,17504100000
2019-12-13,3168.80,17765280000
2019-12-20,3221.22,22184930000
2019-12-27,3240.02,8954750000
2020-01-03,3234.85,12861110000
2020-01-10,3265.35,17721020000
2020-01-17,3329.62,18135300000
2020-01-24,3295.47,15204110000
2020-01-31,3225.52,19282920000
2020-02-07,3327.71,19500010000
2020-02-14,3380.16,18077170000
2020-02-21,3337.75,15292560000
2020-02-28,2954.22,31566850000
2020-03-06,2972.37,29965390000
2020-03-13,2711.02,40664410000
2020-03-20,2304.92,41985050000
2020-03-27,2541.47,37243200000
2020-04-03,2488.65,30852490000
2020-04-09,2789.82,27229510000
2020-04-17,2874.56,27176880000
2020-04-24,2836.74,26590900000
2020-05-01,2830.71,28845520000
2020-05-08,2929.80,24823610000
2020-05-15,2863.70,27249840000
2020-05-22,2955.45,25310860000
2020-05-29,3044.31,24991070000
2020-06-05,3193.93,30977470000
2020-06-12,3041.31,34390750000
2020-06-19,3097.74,28959080000
2020-06-26,3009.05,27951760000
2020-07-02,3130.01,17826770000
2020-07-10,3185.04,23635640000
2020-07-17,3224.73,22082120000
2020-07-24,3215.63,20789280000
2020-07-31,3271.12,21774140000
2020-08-07,3351.28,21777340000
2020-08-14,3372.85,19619500000
2020-08-21,3397.16,17745410000
2020-08-28,3508.01,18975990000
2020-09-04,3426.96,22095960000
2020-09-11,3340.97,16545570000
2020-09-18,3319.47,24071910000
2020-09-25,3298.46,21594480000
2020-10-02,3348.42,20402660000
2020-10-09,3477.14,19772590000
2020-10-16,3483.81,19317950000
2020-10-23,3465.39,19936550000
2020-10-30,3269.96,22860370000
2020-11-06,3509.44,23047080000
2020-11-13,3585.15,28872780000
2020-11-20,3557.54,23992240000
2020-11-27,3638.35,19026670000
2020-12-04,3699.12,26933100000
2020-12-11,3663.46,23655640000
2020-12-18,3709.41,24367880000
2020-12-24,3703.06,14464830000
2020-12-31,3756.07,13262640000
2021-01-08,3824.68,25542330000
2021-01-15,3768.25,24631190000
2021-01-22,3841.47,19193280000
2021-01-29,3714.24,36751000000
2021-02-05,3886.83,25573900000
2021-02-12,3934.83,22779770000
2021-02-19,3906.71,19428610000
2021-02-26,3811.15,31300040000
2021-03-05,3841.94,30870960000
2021-03-12,3943.34,27021810000
2021-03-19,3913.10,26950850000
2021-03-26,3974.54,24199790000
2021-04-01,4019.87,17489870000
2021-04-09,4128.80,19754600000
2021-04-16,4185.47,19506210000
2021-04-23,4180.17,19855210000
2021-04-30,4181.17,19845940000
2021-05-07,4232.60,21280680000
2021-05-14,4173.85,22952900000
2021-05-21,4155.86,20744780000
2021-05-28,4204.11,23343500000
2021-06-04,4229.89,20636100000
2021-06-11,4247.44,22073020000
2021-06-18,4166.45,24868180000
2021-06-25,4280.70,22845800000
2021-07-02,4352.34,19135150000
2021-07-09,4369.55,16225570000
2021-07-16,4327.16,18977190000
2021-07-23,4411.79,21304580000
2021-07-30,4395.26,20734210000
2021-08-06,4436.52,19171320000
2021-08-13,4468.00,17260230000
2021-08-20,4441.67,19014210000
2021-08-27,4509.37,17595630000
2021-09-03,4535.43,18470230000
2021-09-10,4458.58,14932410000
2021-09-17,4432.99,22890790000
2021-09-24,4455.48,20058800000
2021-10-01,4357.04,20646370000
2021-10-08,4391.34,19344290000
2021-10-15,4471.37,17878150000
2021-10-22,4544.90,18372450000
2021-10-29,4605.38,20648340000
2021-11-05,4697.53,21195930000
2021-11-12,4682.85,20545980000
2021-11-19,4697.96,19909710000
2021-11-26,4594.62,15654820000
2021-12-03,4538.43,26646380000
2021-12-10,4712.02,21271750000
2021-12-17,4620.64,26609380000
2021-12-23,4725.79,14940780000
2021-12-31,4766.18,14244290000
2022-01-07,4677.03,21878940000
2022-01-14,4662.85,21251840000
2022-01-21,4397.94,19444410000
2022-01-28,4431.85,27889090000
2022-02-04,4500.53,23505280000
2022-02-11,4418.64,23778810000
2022-02-18,4348.87,22562340000
2022-02-25,4384.65,21848520000
2022-03-04,4328.87,28092740000
2022-03-11,4204.31,29765730000
2022-03-18,4463.12,30540660000
2022-03-25,4543.06,22611740000
2022-04-01,4545.86,23169700000
2022-04-08,4488.28,23239490000
2022-04-14,4392.59,16329620000
2022-04-22,4271.78,21597890000
2022-04-29,4131.93,24637900000
2022-05-06,4123.34,25076170000
2022-05-13,4023.89,29126270000
2022-05-20,3901.36,24603940000
2022-05-27,4158.24,23231370000
2022-06-03,4108.54,19471340000
2022-06-10,3900.86,21764190000
2022-06-17,3674.84,30486930000
2022-06-24,3911.74,23570150000
2022-07-01,3825.33,21693690000
2022-07-08,3899.38,17073700000
2022-07-15,3863.16,19693570000
2022-07-22,3961.63,20385270000
2022-07-29,4130.29,20488830000
2022-08-05,4145.19,21651540000
2022-08-12,4280.15,21098400000
2022-08-19,4228.48,19013350000
2022-08-26,4057.66,18714200000
2022-09-02,3924.26,19592960000
2022-09-09,4067.36,15886450000
2022-09-16,3873.33,24728470000
2022-09-23,3693.23,21332100000
2022-09-30,3585.62,24475900000
2022-10-07,3639.66,22948200000
2022-10-14,3583.07,21864890000
2022-10-21,3752.75,22634960000
2022-10-28,3901.06,23555090000
2022-11-04,3770.55,24226300000
2022-11-11,3992.93,24968840000
2022-11-18,3965.34,21831700000
2022-11-25,4026.12,12724860000
2022-12-02,4071.70,22280580000
2022-12-09,3934.38,20662410000
2022-12-16,3852.36,25443390000
2022-12-23,3844.82,18506410000
2022-12-30,3839.50,12097370000
2023-01-06,3895.08,16190230000
2023-01-13,3999.09,20846120000
2023-01-20,3972.61,16539130000
2023-01-27,4070.56,18707010000
2023-02-03,4136.48,23657120000
2023-02-10,4090.46,20661640000
2023-02-17,4079.09,19642940000
2023-02-24,3970.04,16031550000
2023-03-03,4045.64,21459460000
2023-03-10,3861.59,21422390000
2023-03-17,3916.64,33867970000
2023-03-24,3970.99,24375960000
2023-03-31,4109.31,20849370000
2023-04-06,4105.02,15917210000
2023-04-14,4137.64,17894880000
2023-04-21,4133.52,18104210000
2023-04-28,4169.48,18944960000
2023-05-05,4136.25,21160370000
2023-05-12,4124.08,18795580000
2023-05-19,4191.98,19277850000
2023-05-26,4205.45,15747060000
2023-06-02,4282.37,19055240000
2023-06-09,4298.86,19960900000
2023-06-16,4409.59,23498470000
2023-06-23,4348.33,17329740000
2023-06-30,4450.38,18347970000
2023-07-07,4398.95,12829400000
2023-07-14,4505.42,18461090000
2023-07-21,4536.34,19075880000
2023-07-28,4582.23,20193230000
2023-08-04,4478.03,21109110000
2023-08-11,4464.05,19439590000
2023-08-18,4369.71,19366670000
2023-08-25,4405.71,18106530000
2023-09-01,4515.77,16568780000
2023-09-08,4457.49,13968150000
2023-09-15,4450.32,20916040000
2023-09-22,4320.06,17096470000
2023-09-29,4288.05,18256060000
2023-10-06,4308.50,19153590000
2023-10-13,4327.78,17576230000
2023-10-20,4224.16,18864600000
2023-10-27,4117.37,19764430000
2023-11-03,4358.34,21626250000
2023-11-10,4415.24,18742940000
2023-11-17,4514.02,20115520000
2023-11-24,4559.34,11838180000
2023-12-01,4594.63,21205410000
2023-12-08,4604.37,20051430000
2023-12-15,4719.19,27228260000
2023-12-22,4754.63,18766580000
2023-12-29,4769.83,11087280000
2024-01-05,4697.24,15253660000
2024-01-12,4783.83,18017190000
2024-01-19,4839.81,16495350000
2024-01-26,4890.97,19914270000
2024-02-02,4958.61,20417850000
2024-02-09,5026.61,21614960000
2024-02-16,5005.57,19924770000
2024-02-23,5088.80,15547770000
2024-03-01,5137.08,21367100000
2024-03-08,5123.69,22082750000
2024-03-15,5117.09,24701470000
2024-03-22,5234.18,19715260000
2024-03-28,5254.35,15051920000
2024-04-05,5204.34,18378230000
2024-04-12,5123.41,17997390000
2024-04-19,4967.23,19051050000
2024-04-26,5099.96,18790580000
2024-05-03,5127.79,20380740000
2024-05-10,5222.68,18858510000
2024-05-17,5303.27,20775690000
2024-05-24,5304.72,17804500000
2024-05-31,5277.51,16560200000
2024-06-07,5346.99,18649030000
2024-06-14,5431.60,18122180000
2024-06-21,5464.62,17613030000
2024-06-28,5460.48,21641380000
2024-07-05,5567.19,12251260000
2024-07-12,5615.35,17475920000
2024-07-19,5505.00,19676760000
2024-07-26,5459.10,19051830000
2024-08-02,5346.56,21564690000
2024-08-09,5344.16,22114930000
2024-08-16,5554.25,17470190000
2024-08-23,5634.61,15609610000
2024-08-30,5648.40,16042500000
2024-09-06,5408.42,14688940000
2024-09-13,5626.02,18669430000
2024-09-20,5702.55,22463850000
2024-09-27,5738.17,19316880000
2024-10-04,5751.07,19356810000
2024-10-11,5815.03,17099040000
2024-10-18,5864.67,17209100000
2024-10-25,5808.12,17326050000
2024-11-01,5728.80,19643610000
2024-11-08,5995.54,23292380000
2024-11-15,5870.62,21572110000
2024-11-22,5969.34,20164960000
2024-11-29,6032.38,15276080000
2024-12-06,6090.27,20647710000
2024-12-13,6051.09,20137790000
2024-12-20,5930.85,27302660000
2024-12-27,5970.84,11415140000
2025-01-03,5942.47,13850620000
2025-01-10,5827.04,18651120000
2025-01-17,5996.66,21760690000
2025-01-24,6101.24,17672460000
2025-01-31,6040.53,23266090000
2025-02-07,6025.99,23577640000
2025-02-14,6114.63,22510590000
2025-02-21,6013.13,19495560000
2025-02-28,5954.50,26733210000
2025-03-07,5770.20,27908150000
2025-03-14,5638.94,27732600000
2025-03-21,5667.56,28404010000
2025-03-28,5580.94,22085260000
2025-04-04,5074.08,29999550000
2025-04-11,5363.36,37869410000
2025-04-17,5282.70,18671180000
2025-04-25,5525.21,23198970000
2025-05-02,5686.67,24244170000
2025-05-09,5659.91,24335450000
2025-05-16,5958.38,26606460000
2025-05-23,5802.82,23634980000
2025-05-30,5911.69,20979720000
2025-06-06,6000.36,24073530000
2025-06-13,5976.97,24565200000
2025-06-20,5967.84,22625380000
2025-06-27,6173.07,29409290000
2025-07-03,6279.35,21082030000
2025-07-11,6259.75,25812670000
2025-07-18,6296.79,25730370000
2025-07-25,6388.64,26068830000
2025-08-01,6238.01,26921040000
2025-08-08,6389.45,25844550000
2025-08-15,6449.80,24020760000
2025-08-22,6466.91,22070540000
2025-08-29,6460.26,21589030000
2025-09-05,6481.50,18986250000
2025-09-12,6584.29,25330960000
2025-09-19,6664.36,30628230000
2025-09-26,6643.70,27713200000
2025-10-03,6715.79,28583160000
2025-10-10,6552.51,28515370000
2025-10-17,6664.01,28010240000
2025-10-24,6791.69,26251170000
2025-10-31,6840.20,29717690000
2025-11-07,6728.80,29722800000
2025-11-14,6734.11,26159530000
2025-11-21,6602.99,26911230000
2025-11-28,6849.09,18086610000
2025-12-05,6870.40,23685440000
2025-12-12,6827.41,24722970000
2025-12-19,6834.50,28736560000
2025-12-26,6929.94,12670410000
2026-01-02,6858.47,14297630000
2026-01-09,6966.28,26993190000
2026-01-16,6940.01,26112200000
2026-01-23,6915.61,21784530000
2026-01-30,6939.03,29382560000
2026-02-06,6932.30,33538260000
2026-02-13,6836.17,30258780000
2026-02-20,6909.51,21100810000
2026-02-27,6878.88,28787710000
2026-03-06,6740.02,29555750000
2026-03-13,6632.19,29794740000
2026-03-20,6506.48,31514370000
2026-03-27,6368.85,26385000000
2026-04-02,6582.69,22232740000
2026-04-10,6816.89,23672630000
2026-04-17,7126.06,26415780000
2026-04-24,7165.08,24656950000
2026-05-01,7230.12,25378680000
2026-05-08,7398.93,28614660000
2026-05-15,7408.50,28012420000
2026-05-22,7473.47,26707850000
2026-05-29,7580.06,24373460000
2026-06-05,7383.74,29232430000
2026-06-12,7431.46,26761320000
2026-06-18,7500.58,25905730000
2026-06-26,7354.02,32283490000
2026-07-02,7483.24,23078360000
2026-07-10,7575.39,23572040000
2026-07-17,7457.69,25472080000
2026-07-24,7411.98,25568160000
2026-07-31,7489.72,27450980000
2026-08-07,7757.64,27074850000
2026-08-14,7785.76,23186340000
2026-08-21,7674.37,23496310000
2026-08-28,7711.76,21421440000
2026-09-04,7718.60,23813150000
2026-09-11,7656.98,19479850000
2026-09-18,7650.50,29343160000
2026-09-25,7743.41,25040800000
2026-10-02,7722.72,25491080000
2026-10-09,7811.54,24699520000
